VEH_NO,PER_NO,ST_CASE,P1,P2,P3,P4,P5,P6,P7,P8,P9,P10
1,1,20016,0,0,0,0,0,0,0,0,0,0
2,1,20016,0,0,0,0,0,0,0,0,0,0
1,1,20017,0,0,0,0,0,0,0,0,0,0
2,1,20017,0,0,0,0,0,0,0,0,0,0
1,1,20018,0,0,0,0,0,0,0,0,0,0
2,1,20018,0,0,0,0,0,0,0,0,0,0
1,1,20019,18,32,13,15,16,26,31,17,28,19
1,1,20020,23,23,23,23,23,23,23,23,23,23
2,1,20020,0,0,0,0,0,0,0,0,0,0
1,1,20021,0,0,0,0,0,0,0,0,0,0
2,1,20021,0,0,0,0,0,0,0,0,0,0
3,1,20021,0,0,0,0,0,12,0,0,0,0
1,1,20022,22,22,22,22,22,22,22,22,22,22
1,1,20023,0,0,0,0,0,0,0,0,0,0
2,1,20023,0,0,0,0,0,0,0,0,0,0
3,1,20023,0,0,0,0,0,0,0,0,0,0
1,1,20024,0,0,0,0,0,0,0,0,0,0
2,1,20024,0,0,0,0,0,0,0,0,0,0
3,1,20024,0,0,0,0,0,0,0,0,0,0
1,1,20025,0,22,0,17,22,17,21,6,13,14
1,1,20026,0,0,0,0,0,0,0,0,0,0
1,1,20027,0,0,0,0,0,0,0,0,0,0
1,1,20028,1,1,1,1,1,1,1,1,1,1
1,1,20029,15,9,14,21,11,7,13,11,5,0
2,1,20029,0,0,0,0,0,0,0,0,0,0
1,1,20030,0,0,0,0,0,0,34,0,0,0
1,1,20031,0,0,0,0,0,0,0,0,0,0
2,1,20031,0,0,0,0,0,0,0,0,0,0
1,1,20032,0,0,0,0,0,0,0,0,0,0
1,1,20033,0,0,0,0,0,0,0,5,0,0
1,1,20034,0,35,17,5,0,9,0,24,0,0
1,1,20035,7,19,14,30,14,12,7,19,16,16
2,1,20035,0,0,0,0,0,0,0,0,0,15
0,1,20036,0,0,0,0,0,0,0,0,0,0
1,1,20036,24,24,24,24,24,24,24,24,24,24
1,1,20037,0,0,0,0,0,0,0,0,3,0
2,1,20037,0,0,0,0,0,0,0,0,0,0
1,1,20038,0,0,0,0,0,0,0,0,0,0
2,1,20038,0,0,0,0,0,0,0,0,0,0
1,1,20039,0,0,0,0,0,0,0,0,0,0
2,1,20039,0,0,0,0,0,0,0,0,0,0
1,1,20040,5,5,5,5,5,5,5,5,5,5
1,1,20041,0,0,0,0,0,0,0,0,0,0
1,1,20042,0,0,0,0,0,0,0,0,15,0
2,1,20042,0,0,0,5,0,0,0,4,5,0
1,1,20043,4,4,4,4,4,4,4,4,4,4
2,1,20043,0,0,0,0,0,0,0,0,0,0
0,1,20044,28,28,28,28,28,28,28,28,28,28
1,1,20044,0,0,0,0,0,0,0,0,0,0
1,1,20045,14,14,14,14,14,14,14,14,14,14
1,1,20046,24,19,11,11,19,22,22,14,11,24
2,1,20046,0,0,0,0,0,0,0,9,0,0
3,1,20046,0,0,0,0,0,0,0,8,0,0
1,1,20047,0,0,0,0,0,0,0,0,0,0
2,1,20047,0,0,0,0,0,0,0,0,0,0
1,1,20048,0,0,0,0,0,0,0,0,0,0
2,1,20048,0,0,0,0,0,0,0,0,0,0
1,1,20049,0,0,0,0,0,0,0,0,0,0
1,1,20050,1,1,1,1,1,1,1,1,1,1
1,1,20052,0,0,0,0,0,0,0,0,0,0
0,1,20053,0,0,0,5,0,0,9,0,0,0
1,1,20053,25,15,7,8,0,10,6,0,0,4
1,1,20054,6,18,8,11,19,17,11,19,15,13
1,1,20055,0,0,0,0,0,0,0,0,0,0
1,1,20056,18,0,11,25,29,22,25,11,0,13
2,1,20056,0,0,0,0,0,0,0,0,0,0
3,1,20056,0,0,0,0,0,0,0,0,0,0
1,1,20057,12,12,12,12,12,12,12,12,12,12
0,1,20058,0,0,0,0,0,0,0,0,0,0
1,1,20058,0,0,0,0,0,0,0,0,0,0
1,1,20059,21,21,21,21,21,21,21,21,21,21
2,1,20059,0,0,0,0,0,0,0,0,0,0
1,1,20061,13,0,0,12,13,0,17,15,0,0
2,1,20061,0,0,0,0,0,0,0,0,9,0
0,1,20062,0,0,0,0,0,0,0,0,32,0
1,1,20062,0,0,0,0,0,0,0,0,0,0
1,1,20063,4,4,4,4,4,4,4,4,4,4
1,1,20064,0,0,0,8,0,0,0,0,0,0
2,1,20064,0,0,0,0,23,0,0,0,0,4
3,1,20064,0,0,0,0,0,0,0,0,0,0
4,1,20064,0,0,0,0,0,0,0,0,0,0
1,1,20065,0,0,0,0,0,0,0,0,0,0
2,1,20065,0,0,0,0,0,0,0,0,0,0
1,1,20066,11,11,11,11,11,11,11,11,11,11
1,1,20067,0,0,0,0,0,0,0,0,0,0
2,1,20067,0,0,0,0,0,0,0,0,0,0
1,1,20068,0,0,10,0,0,0,0,0,0,0
1,1,20069,20,20,20,20,20,20,20,20,20,20
1,1,20070,0,0,0,0,0,0,0,0,0,0
2,1,20070,0,0,0,0,0,0,0,0,0,0
0,1,20071,0,0,0,0,0,0,0,0,0,0
1,1,20071,0,0,0,0,0,0,0,0,0,0
0,1,20072,34,29,38,19,34,9,24,31,15,22
1,1,20072,0,0,0,0,0,0,0,0,0,0
1,1,20073,0,0,0,0,0,0,0,0,0,0
1,1,20074,26,26,26,26,26,26,26,26,26,26
2,1,20074,0,0,0,0,0,0,0,0,0,0
0,1,20075,29,28,35,18,24,16,26,16,11,20
1,1,20075,0,0,0,0,0,0,0,0,0,0
1,1,20076,24,18,10,28,14,15,26,17,10,10
2,1,20076,0,0,0,0,0,0,0,0,0,0
1,1,20077,0,0,0,0,0,0,0,0,0,0
2,1,20077,0,0,0,0,0,0,0,0,0,0
1,1,40001,0,0,0,0,0,0,0,0,0,0
2,1,40001,0,9,0,0,0,13,0,0,0,0
3,1,40001,0,0,0,0,0,0,0,0,0,0
4,1,40001,0,0,0,0,0,0,0,0,0,0
0,1,40002,0,0,0,0,0,0,0,0,0,0
0,2,40002,0,0,0,0,0,0,0,0,0,0
1,1,40002,0,0,0,0,0,0,0,0,0,0
1,1,40003,7,7,7,7,7,7,7,7,7,7
2,1,40003,0,0,0,0,0,0,0,0,0,0
1,1,40004,6,6,6,6,6,6,6,6,6,6
0,1,40005,0,0,0,0,0,0,0,0,0,0
1,1,40005,0,0,0,0,0,0,0,0,0,0
1,1,40006,0,0,0,0,0,0,0,0,0,0
0,1,40007,0,0,0,0,0,0,0,0,0,0
1,1,40007,0,0,0,0,0,0,0,0,0,21
0,1,40008,0,0,0,0,0,0,0,0,0,0
1,1,40008,0,0,0,0,0,0,0,15,0,0
1,1,40009,25,25,25,25,25,25,25,25,25,25
2,1,40009,0,0,0,0,0,0,0,0,0,0
0,1,40010,0,0,0,0,0,0,0,0,0,0
1,1,40010,0,0,0,0,0,0,0,0,0,0
1,1,40011,0,0,0,0,0,0,0,0,0,0
1,1,40012,6,6,6,6,6,6,6,6,6,6
1,1,40013,0,0,0,0,0,0,0,0,0,16
1,1,40014,0,0,0,0,0,0,0,0,0,0
2,1,40014,0,0,0,0,0,0,0,0,0,0
3,1,40014,46,0,0,0,0,29,0,0,0,0
0,1,40015,0,0,0,0,0,0,0,0,0,0
1,1,40015,0,0,0,0,0,0,0,0,0,0
1,1,40016,11,11,11,11,11,11,11,11,11,11
1,1,40017,13,35,3,16,28,19,16,13,26,13
2,1,40017,7,7,7,7,7,7,7,7,7,7
3,1,40017,0,0,0,0,0,0,0,7,0,0
4,1,40017,0,0,0,0,0,0,0,0,0,0
1,1,40018,21,21,21,21,21,21,21,21,21,21
1,1,40019,17,17,17,17,17,17,17,17,17,17
1,1,40020,0,0,0,0,0,0,0,0,0,0
2,1,40020,0,0,0,0,0,0,0,0,0,0
3,1,40020,0,0,0,0,0,0,0,0,0,0
1,1,40021,0,0,0,0,0,0,0,0,0,0
1,1,40023,1,1,1,1,1,1,1,1,1,1
2,1,40023,0,0,0,0,4,0,0,0,0,0
3,1,40023,0,0,0,18,0,0,6,0,0,0
1,1,40024,18,18,18,18,18,18,18,18,18,18
2,1,40024,0,0,0,0,0,0,0,0,0,0
3,1,40024,0,0,0,6,0,0,0,0,0,0
1,1,40025,0,0,0,0,0,0,0,0,0,0
2,1,40025,0,0,0,0,0,0,0,0,0,0
0,1,40026,0,0,0,0,0,0,0,0,0,0
1,1,40026,0,0,0,0,0,0,0,0,0,0
1,1,40027,0,0,0,0,0,0,0,0,0,0
2,1,40027,0,0,0,0,0,0,0,0,0,0
0,1,40028,0,0,0,0,0,0,0,0,0,0
1,1,40028,0,17,0,0,0,0,24,5,12,30
1,1,40029,15,15,15,15,15,15,15,15,15,15
1,1,40030,0,0,0,0,0,0,0,0,0,0
2,1,40030,0,0,0,0,0,0,0,0,0,0
1,1,40031,0,0,0,0,0,0,0,0,0,0
1,1,40032,5,5,5,5,5,5,5,5,5,5
2,1,40032,0,0,0,0,0,0,0,0,0,0
1,1,40033,14,15,24,23,15,14,28,18,21,32
1,1,40034,13,0,30,18,11,22,0,20,0,29
1,1,40035,35,35,35,35,35,35,35,35,35,35
0,1,40036,0,0,0,0,0,0,0,0,0,0
1,1,40036,0,0,0,0,0,0,0,0,0,10
0,1,40037,0,0,0,0,0,0,0,0,0,0
1,1,40037,0,0,0,0,0,0,0,0,0,0
1,1,40038,0,0,0,0,0,0,0,0,0,0
2,1,40038,0,0,0,0,0,0,0,0,0,0
1,1,40039,0,0,0,0,0,0,0,0,0,0
2,1,40039,0,0,0,0,0,0,0,0,0,0
1,1,40040,17,17,17,17,17,17,17,17,17,17
1,1,40041,0,0,0,0,0,0,0,0,0,0
1,1,40042,0,0,0,0,0,0,0,0,0,0
2,1,40042,0,0,0,0,0,0,0,10,14,0
1,1,40043,0,0,0,0,0,0,0,0,0,0
2,1,40043,0,0,0,0,0,0,0,0,0,0
1,1,40044,0,0,0,0,0,0,0,0,0,0
2,1,40044,0,0,14,0,0,0,0,0,0,0
1,1,40045,19,19,19,19,19,19,19,19,19,19
1,1,40046,0,19,0,0,0,0,0,9,0,16
1,1,40047,0,0,15,0,0,0,0,0,0,0
2,1,40047,0,0,0,0,0,0,0,0,0,0
3,1,40047,0,0,0,0,0,0,0,0,0,0
4,1,40047,0,0,0,0,0,0,0,0,0,0
0,1,40048,0,0,0,0,0,0,0,0,0,0
1,1,40048,0,0,0,0,0,0,0,0,0,0
2,1,40048,0,0,0,0,0,0,0,0,0,0
1,1,40049,0,0,0,0,0,0,0,0,0,0
1,1,40050,0,0,0,0,0,0,0,0,0,0
1,1,40051,0,0,0,0,0,0,0,0,0,0
2,1,40051,0,0,0,0,0,0,0,0,0,0
0,1,40052,0,0,0,0,0,0,0,0,0,0
1,1,40052,0,0,12,0,0,0,0,0,0,0
1,1,40053,0,0,10,15,13,0,0,0,0,0
1,1,40054,0,0,0,0,0,0,0,0,0,0
1,1,40055,0,0,0,0,0,0,0,0,0,0
2,1,40055,0,0,0,0,0,0,0,0,0,0
1,1,40056,0,0,0,0,0,0,0,0,0,0
2,1,40056,0,0,0,0,0,0,0,0,0,0
1,1,40057,0,0,0,0,0,0,0,0,0,0
1,1,40058,0,0,0,0,0,0,0,0,0,0
2,1,40058,0,0,0,0,0,0,0,0,0,0
1,1,40059,0,0,0,0,0,0,0,0,0,0
1,1,40060,0,0,0,0,0,0,0,0,11,0
0,1,40061,35,35,35,35,35,35,35,35,35,35
1,1,40061,0,0,0,0,0,0,0,0,0,0
1,1,40062,15,15,15,15,15,15,15,15,15,15
1,1,40063,0,0,0,0,0,0,0,0,0,0
2,1,40063,0,0,0,0,0,0,0,0,0,0
1,1,40064,23,23,23,23,23,23,23,23,23,23
1,1,40065,0,0,0,0,0,0,0,0,0,0
2,1,40065,0,0,0,0,0,0,0,0,0,0
0,1,40066,0,0,0,0,0,0,0,0,0,0
1,1,40066,0,0,0,0,0,0,0,0,0,0
1,1,40067,24,24,24,24,24,24,24,24,24,24
1,1,40068,0,0,0,0,0,0,0,0,0,0
2,1,40068,0,0,0,0,0,0,0,0,0,0
0,1,40069,0,0,0,0,0,0,0,0,0,0
0,2,40069,0,0,0,0,0,0,0,0,0,0
1,1,40069,0,0,0,0,0,0,0,0,0,0
2,1,40069,0,0,0,0,0,0,0,0,0,0
0,1,40070,36,36,36,36,36,36,36,36,36,36
1,1,40070,0,0,0,0,0,0,0,0,0,0
1,1,40071,0,0,0,0,0,0,0,0,0,0
2,1,40071,0,0,0,0,0,0,0,0,0,0
1,1,40072,0,0,0,0,0,0,0,0,0,0
2,1,40072,12,12,12,12,12,12,12,12,12,12
1,1,40073,15,15,15,15,15,15,15,15,15,15
1,1,40074,0,0,0,0,0,0,0,0,0,0
1,1,40075,0,0,0,0,0,0,0,0,0,0
2,1,40075,0,0,0,0,0,0,0,0,0,0
1,1,40076,0,0,0,7,0,0,0,0,0,0
2,1,40076,0,0,0,0,0,0,0,0,0,0
3,1,40076,0,0,0,0,0,0,0,0,0,0
4,1,40076,0,0,0,0,0,0,0,0,0,0
0,1,40077,0,0,0,0,0,0,0,0,0,0
1,1,40077,0,0,0,0,0,0,0,0,0,0
1,1,40078,20,20,20,20,20,20,20,20,20,20
1,1,40079,13,13,13,13,13,13,13,13,13,13
1,1,40080,0,0,0,0,0,0,0,0,0,0
2,1,40080,0,0,0,0,0,0,0,0,0,0
1,1,40081,0,0,0,0,0,0,0,0,0,0
1,1,40082,0,0,0,0,0,0,0,0,0,0
1,1,40083,32,32,32,32,32,32,32,32,32,32
2,1,40083,0,0,0,0,0,0,0,0,0,0
0,1,40084,0,0,0,0,0,0,0,0,0,0
1,1,40084,0,18,0,0,5,0,0,0,0,0
1,1,40085,0,0,0,0,0,0,0,0,0,0
2,1,40085,0,0,0,0,0,0,0,0,0,0
1,1,40086,11,11,11,11,11,11,11,11,11,11
1,1,40087,0,0,0,0,0,0,0,0,0,0
1,1,40088,29,29,29,29,29,29,29,29,29,29
2,1,40088,0,0,0,0,0,0,0,0,0,0
0,1,40089,0,0,0,0,0,0,0,0,0,0
1,1,40089,0,0,0,0,0,0,0,0,0,0
1,10,40090,0,0,0,0,13,12,0,0,9,0
1,1,40091,28,28,28,28,28,28,28,28,28,28
1,1,40092,0,0,0,0,0,0,0,0,9,0
2,1,40092,0,0,0,0,0,0,0,0,0,0
1,1,40093,20,20,20,20,20,20,20,20,20,20
2,1,40093,0,0,0,0,0,0,8,0,0,0
3,1,40093,0,4,0,0,0,0,0,0,0,0
1,1,40094,0,0,0,0,0,0,0,0,0,0
1,1,40095,0,0,0,0,0,0,0,0,0,0
2,1,40095,0,0,0,0,0,0,0,0,0,0
3,1,40095,0,0,0,0,0,0,0,0,0,0
1,1,40096,0,8,6,0,0,0,0,0,0,0
0,1,40097,0,0,0,0,0,0,0,0,0,0
1,1,40097,0,0,0,0,0,0,0,0,0,0
0,1,40098,0,0,0,0,0,0,0,0,0,0
1,1,40098,0,21,0,0,0,0,0,0,0,0
1,1,40099,1,1,1,1,1,1,1,1,1,1
1,1,40100,21,21,21,21,21,21,21,21,21,21
2,1,40100,0,0,0,0,0,0,0,0,0,0
3,1,40100,0,0,0,0,0,0,0,0,0,0
1,1,40101,0,0,0,0,0,0,0,0,0,0
1,1,40102,23,23,23,23,23,23,23,23,23,23
2,1,40102,0,0,9,0,0,0,0,0,0,0
3,1,40102,0,0,0,0,0,0,0,0,0,0
0,1,40103,22,22,22,22,22,22,22,22,22,22
1,1,40103,0,0,0,0,0,0,0,0,0,0
1,1,40104,26,26,26,26,26,26,26,26,26,26
1,1,40105,0,0,0,0,0,0,0,0,0,0
1,1,40106,13,0,9,13,28,8,15,30,25,29
0,1,40107,18,0,24,7,10,0,0,2,0,30
1,1,40107,0,0,13,0,16,12,0,17,14,11
1,1,40108,0,0,0,0,0,0,0,0,0,0
2,1,40108,0,0,0,0,0,0,0,0,0,0
0,1,40109,17,17,17,17,17,17,17,17,17,17
1,1,40109,3,3,3,3,3,3,3,3,3,3
1,1,40110,12,0,14,17,0,5,23,18,22,0
0,1,40111,30,30,30,30,30,30,30,30,30,30
1,1,40111,0,0,0,0,0,0,0,0,0,0
1,1,40112,0,0,22,4,0,0,0,0,18,0
1,1,40113,0,0,0,0,0,0,0,0,0,0
1,1,40114,0,0,0,0,0,0,0,0,0,0
2,1,40114,0,0,0,0,0,0,0,0,0,0
1,1,40115,14,14,14,14,14,14,14,14,14,14
2,1,40115,2,2,2,2,2,2,2,2,2,2
1,1,40116,0,0,0,0,0,0,0,0,0,0
2,1,40116,0,0,0,0,0,0,0,0,0,0
1,1,40117,15,15,15,15,15,15,15,15,15,15
1,1,40118,0,0,23,0,0,0,0,6,0,0
1,1,40119,0,0,0,0,0,0,0,0,0,0
1,1,40120,32,32,32,32,32,32,32,32,32,32
2,1,40120,0,0,0,0,0,0,24,8,0,0
1,1,40121,0,15,0,38,8,0,0,20,22,0
1,1,40122,0,0,0,0,0,0,0,0,0,0
0,1,40123,0,0,0,0,0,0,0,0,0,0
1,1,40123,0,0,0,0,0,0,0,0,0,0
1,1,40124,21,21,21,21,21,21,21,21,21,21
1,1,40126,10,10,10,10,10,10,10,10,10,10
1,1,40127,21,21,21,21,21,21,21,21,21,21
1,1,40128,0,0,0,0,0,0,0,0,0,0
2,1,40128,0,0,0,0,0,0,0,0,0,0
3,1,40128,0,0,0,0,0,0,0,0,0,0
4,1,40128,0,12,0,0,0,0,0,0,0,3
1,1,40129,0,0,0,0,0,0,0,0,0,0
1,1,40130,0,0,0,0,0,0,0,0,0,0
2,1,40130,0,0,0,0,0,0,0,0,0,0
0,1,40131,0,0,0,0,0,0,0,0,0,0
1,1,40131,0,0,0,0,0,0,0,0,0,0
1,1,40132,18,18,18,18,18,18,18,18,18,18
1,1,40133,0,0,0,11,0,9,0,0,0,8
1,1,40134,0,0,0,0,0,0,0,0,0,0
1,1,40135,0,2,15,2,0,0,19,18,4,0
2,1,40136,0,0,0,0,0,0,0,0,0,0
1,1,40137,16,16,16,16,16,16,16,16,16,16
1,1,40138,0,0,0,0,0,0,0,0,0,0
2,1,40138,0,0,0,0,0,0,0,0,0,0
3,1,40138,0,0,0,0,0,0,0,0,0,0
1,1,40139,0,0,0,0,0,0,0,0,0,0
2,1,40139,0,0,0,0,8,0,0,0,0,0
1,1,40140,8,0,7,15,11,14,0,11,8,32
1,1,40141,0,0,0,0,0,0,0,0,0,0
0,1,40142,17,17,17,17,17,17,17,17,17,17
1,1,40142,0,0,0,0,0,0,0,0,0,0
1,1,40143,11,11,11,11,11,11,11,11,11,11
2,1,40143,0,0,0,0,0,0,0,0,0,0
1,1,40144,16,16,16,16,16,16,16,16,16,16
1,1,40145,28,28,28,28,28,28,28,28,28,28
1,1,40146,0,0,0,0,0,0,0,0,0,0
1,1,40147,0,0,0,0,0,0,0,0,0,0
2,1,40147,0,0,0,0,0,0,0,0,0,0
3,1,40147,0,0,0,0,0,0,0,0,0,0
1,1,40149,13,13,13,13,13,13,13,13,13,13
2,1,40149,0,0,0,0,0,0,0,0,0,0
1,1,40150,8,8,8,8,8,8,8,8,8,8
2,1,40150,0,0,0,0,0,0,0,0,0,0
1,1,40151,0,0,0,0,0,0,0,0,0,0
2,1,40151,0,0,0,0,0,0,0,0,0,0
1,1,40152,0,0,0,0,0,0,0,0,0,0
1,1,40153,0,0,12,0,8,0,0,0,22,0
1,1,40154,23,23,23,23,23,23,23,23,23,23
1,1,40155,13,13,13,13,13,13,13,13,13,13
1,1,40156,3,3,3,3,3,3,3,3,3,3
1,1,40157,0,0,0,0,0,0,0,0,0,0
2,1,40157,0,0,0,0,0,0,0,0,0,0
1,1,40158,0,0,0,0,0,0,0,0,0,0
1,1,40159,0,0,0,0,0,0,0,0,0,0
2,1,40159,0,0,0,0,0,0,0,0,0,0
1,1,40160,0,0,0,0,0,0,0,0,0,0
1,1,40161,19,19,19,19,19,19,19,19,19,19
2,1,40161,0,0,0,0,0,0,0,0,0,0
1,1,40162,13,13,13,13,13,13,13,13,13,13
2,1,40162,0,0,10,0,0,0,0,0,0,0
1,1,40163,0,0,28,12,13,11,0,22,22,26
1,1,40164,13,15,7,0,9,15,18,8,12,0
1,1,40165,1,1,1,1,1,1,1,1,1,1
0,1,40166,0,0,0,0,0,0,0,0,0,0
1,1,40166,22,0,0,0,0,0,0,0,0,0
1,1,40167,0,0,0,0,0,0,0,0,0,0
1,1,40168,0,0,0,0,0,0,0,0,0,0
1,1,40169,0,0,0,0,0,0,0,0,0,0
1,1,40170,15,0,0,15,26,9,18,0,0,7
1,1,40171,0,0,0,0,0,0,0,0,0,0
2,1,40171,0,0,0,0,0,0,0,0,0,0
3,1,40171,0,0,0,0,0,0,0,0,12,0
1,1,40172,28,28,28,28,28,28,28,28,28,28
0,1,40173,0,0,0,0,0,0,0,0,0,0
1,1,40173,0,0,0,0,0,0,0,0,0,0
2,1,40173,0,0,0,0,0,0,0,0,0,0
1,1,40174,0,0,0,0,0,0,0,0,0,0
2,1,40174,0,0,0,0,0,0,0,0,0,0
0,1,40175,18,0,0,0,0,12,24,0,0,0
1,1,40175,0,0,0,0,0,0,0,0,0,0
1,1,40176,0,0,0,7,9,20,0,0,2,0
1,1,40177,0,0,0,0,0,0,0,0,0,0
2,1,40177,0,0,0,0,0,0,0,0,0,0
3,1,40177,0,0,0,0,0,0,0,0,0,0
1,1,40178,15,15,15,15,15,15,15,15,15,15
1,1,40179,0,0,0,0,0,0,0,0,0,0
1,1,40180,0,0,0,0,0,0,0,0,0,0
2,1,40180,0,0,0,0,0,0,0,0,0,0
1,1,40181,0,0,0,0,0,0,0,0,0,0
2,1,40181,0,0,0,0,0,0,0,0,0,0
1,1,40182,0,0,0,0,0,0,0,0,0,0
2,1,40182,0,0,0,0,0,0,0,0,0,0
1,1,40183,0,0,0,0,0,0,0,0,0,0
1,1,40184,19,19,19,19,19,19,19,19,19,19
2,1,40184,0,0,0,0,0,0,0,0,0,0
1,1,40185,0,0,0,0,0,0,0,0,0,0
2,1,40185,0,0,0,0,0,0,0,8,0,0
3,1,40185,0,0,0,0,0,0,0,0,0,0
0,1,40186,15,15,15,15,15,15,15,15,15,15
1,1,40186,20,20,20,20,20,20,20,20,20,20
2,1,40186,0,0,0,0,0,0,0,0,0,0
1,1,40187,0,0,0,0,0,0,0,0,0,0
2,1,40187,0,0,0,0,0,0,0,0,0,0
1,1,40188,0,0,0,0,0,0,0,0,0,0
2,1,40188,0,0,0,0,0,0,0,0,0,0
3,1,40188,0,0,0,0,0,0,0,0,0,0
4,1,40188,0,0,0,0,0,0,0,0,0,0
1,1,40189,15,0,0,0,0,0,0,0,0,0
2,1,40189,0,0,0,15,0,0,0,0,0,0
1,1,40190,14,14,14,14,14,14,14,14,14,14
1,1,40191,0,0,0,0,0,0,0,0,0,0
2,1,40191,0,0,0,0,0,0,0,0,0,0
3,1,40191,0,0,0,0,0,0,0,0,0,0
4,1,40191,0,0,0,0,0,0,0,0,0,0
1,1,40192,0,11,28,5,11,0,0,0,0,0
1,1,40194,0,0,0,0,0,0,0,0,0,0
2,1,40194,0,0,0,0,0,0,0,0,0,0
0,1,40195,28,28,28,28,28,28,28,28,28,28
1,1,40195,0,18,17,2,1,8,0,3,4,10
1,1,40196,0,0,0,0,0,0,0,0,0,0
0,1,40197,0,0,0,0,0,0,0,0,0,0
1,1,40197,0,0,0,0,0,0,0,0,0,0
1,1,40198,9,9,10,10,17,20,28,12,11,7
0,1,40199,0,0,0,0,0,0,0,0,0,0
1,1,40199,0,0,0,0,0,0,0,0,0,0
0,1,40200,0,0,0,0,0,0,0,0,0,0
1,1,40200,10,0,0,0,0,0,0,0,0,12
0,1,40201,21,21,21,21,21,21,21,21,21,21
1,1,40201,0,0,0,0,0,0,0,0,0,0
1,1,40202,0,0,0,0,0,0,0,0,0,0
2,1,40202,0,0,0,0,0,0,0,0,0,0
0,1,40203,12,12,12,12,12,12,12,12,12,12
1,1,40203,0,0,12,0,0,0,13,0,0,0
0,1,40204,19,19,19,19,19,19,19,19,19,19
1,1,40204,0,0,0,0,0,0,0,0,0,0
1,1,40205,12,12,12,12,12,12,12,12,12,12
2,1,40205,0,0,0,0,0,0,0,0,0,0
0,1,40206,0,0,0,0,0,0,0,0,0,0
1,1,40206,0,0,0,0,0,0,0,0,0,0
2,1,40206,0,0,0,0,0,0,0,0,0,0
1,1,40207,27,0,0,0,0,18,0,0,0,0
0,1,40208,0,0,0,0,0,0,0,0,0,0
1,1,40208,0,0,0,0,0,0,0,0,0,0
1,1,40209,0,0,0,0,0,0,0,0,0,0
2,1,40209,0,0,0,0,0,0,0,0,0,0
1,1,40210,0,0,0,0,0,0,0,0,0,0
2,1,40210,0,0,0,0,0,0,0,0,0,0
1,1,40211,0,0,0,0,0,0,0,0,0,0
2,1,40211,0,0,0,0,0,0,0,0,0,0
0,1,40212,0,0,0,0,0,0,0,0,0,0
1,1,40212,0,0,0,0,0,0,0,0,0,0
0,1,40213,0,0,0,0,0,0,0,0,0,0
1,1,40213,0,0,0,0,0,0,0,0,0,0
2,1,40213,0,0,0,0,0,0,0,0,0,0
1,1,40214,10,10,10,10,10,10,10,10,10,10
2,1,40214,0,0,0,0,0,0,0,0,0,0
1,1,40215,20,20,20,20,20,20,20,20,20,20
1,1,40216,0,0,0,0,0,0,0,0,0,0
1,1,40217,0,0,0,0,0,0,0,9,0,0
0,1,40218,0,0,0,0,0,0,0,0,0,0
1,1,40218,0,0,0,0,0,0,0,0,0,0
1,1,40219,0,0,0,0,0,0,0,0,0,0
1,1,40220,0,0,0,0,0,0,0,0,0,0
2,1,40220,0,0,0,0,0,0,0,0,0,0
1,1,40221,0,0,0,0,0,0,0,0,0,0
2,1,40221,0,0,0,0,0,0,0,0,0,0
0,1,40222,0,0,29,0,0,0,0,0,0,0
1,1,40222,0,0,0,0,0,0,0,0,0,0
1,1,40223,0,0,0,0,0,0,0,0,0,0
2,1,40223,0,0,0,0,0,0,0,0,0,0
1,1,40224,0,0,0,0,0,0,0,0,0,0
2,1,40224,0,0,0,0,0,0,0,0,0,0
3,1,40224,16,16,16,16,16,16,16,16,16,16
1,1,40225,23,23,23,23,23,23,23,23,23,23
1,1,40226,27,27,27,27,27,27,27,27,27,27
1,1,40227,0,0,0,0,0,0,0,0,0,0
2,1,40227,4,4,4,4,4,4,4,4,4,4
1,1,40228,2,2,2,2,2,2,2,2,2,2
2,1,40228,0,0,0,0,0,0,0,0,0,0
0,1,40229,32,32,32,32,32,32,32,32,32,32
1,1,40229,0,0,0,0,0,0,0,0,0,0
0,1,40230,21,21,21,21,21,21,21,21,21,21
1,1,40230,0,0,0,0,0,0,0,0,0,0
1,1,40231,16,16,16,16,16,16,16,16,16,16
1,1,40232,21,21,21,21,21,21,21,21,21,21
1,1,40233,0,0,0,0,0,0,0,0,0,0
1,1,40234,0,0,0,0,0,0,0,0,0,0
2,1,40234,0,0,0,0,0,0,3,3,0,0
1,1,40235,0,0,0,0,0,0,0,0,0,0
1,1,40236,20,20,20,20,20,20,20,20,20,20
1,1,40237,0,0,0,0,0,0,0,0,0,0
1,1,40238,0,0,0,0,0,0,0,0,0,0
2,1,40238,0,0,0,0,0,0,0,0,0,0
1,1,40239,13,13,13,13,13,13,13,13,13,13
0,1,40240,0,12,0,0,0,0,0,18,0,0
1,1,40240,0,0,0,0,0,0,0,0,0,0
1,1,40241,16,16,16,16,16,16,16,16,16,16
1,1,40242,0,0,0,0,0,0,0,0,0,0
2,1,40242,0,0,0,0,0,0,0,0,0,0
1,1,40243,0,0,0,0,12,0,0,0,0,0
1,1,40244,0,0,0,0,0,0,0,0,0,0
2,1,40244,16,0,0,0,0,0,0,0,0,0
0,1,40245,0,0,0,0,0,0,0,0,0,0
1,1,40245,0,0,0,0,0,0,0,0,0,0
1,1,40246,0,0,0,0,0,0,0,0,0,0
2,1,40246,0,3,0,0,0,0,0,0,0,0
3,1,40246,0,0,0,0,0,0,0,0,0,0
1,1,40247,0,0,0,0,0,0,0,0,0,0
1,1,40248,0,0,0,0,0,0,0,0,0,0
2,1,40248,0,0,0,0,0,0,0,0,0,0
1,1,40249,19,19,19,19,19,19,19,19,19,19
1,1,40250,18,18,18,18,18,18,18,18,18,18
2,1,40250,0,0,0,0,0,0,0,0,0,0
3,1,40250,0,20,0,6,0,12,6,16,0,19
1,1,40251,7,11,8,9,9,17,11,0,11,4
1,1,40252,0,9,0,0,0,0,0,0,0,0
1,1,40253,0,0,0,0,0,0,0,0,0,0
1,1,40254,24,24,24,24,24,24,24,24,24,24
0,1,40255,15,15,15,15,15,15,15,15,15,15
1,1,40255,0,0,0,0,0,0,0,0,0,0