VEH_NO,PER_NO,ST_CASE,P1,P2,P3,P4,P5,P6,P7,P8,P9,P10
1,1,40256,0,0,0,0,0,0,0,0,0,0
2,1,40256,0,0,0,0,0,0,0,0,0,0
3,1,40256,0,0,0,0,0,0,0,0,0,0
4,1,40256,0,7,0,0,0,0,0,0,0,0
5,1,40256,0,0,0,0,0,0,0,0,0,0
6,1,40256,0,0,0,0,0,0,0,0,0,0
1,1,40257,0,0,0,0,0,0,0,0,0,0
2,1,40257,0,0,0,0,0,0,0,0,0,0
1,1,40258,0,0,0,0,0,0,0,0,0,0
1,1,40259,0,0,0,0,0,0,0,0,0,0
2,1,40259,0,0,0,0,0,0,0,0,0,0
1,1,40260,4,0,0,0,0,0,0,0,0,0
2,1,40260,12,0,0,0,0,2,16,17,0,0
1,1,40261,0,0,0,0,0,0,0,0,0,0
1,1,40262,0,0,0,0,0,0,0,0,0,0
2,1,40262,0,0,0,0,0,0,0,0,0,0
0,1,40263,0,0,0,0,0,0,0,0,0,0
1,1,40263,0,14,0,0,5,6,0,4,0,9
0,1,40264,0,0,0,0,7,0,0,0,0,0
1,1,40264,0,0,0,0,0,0,0,0,0,0
0,1,40265,38,30,21,8,36,21,23,12,25,32
1,1,40265,0,4,0,0,0,0,0,0,0,0
1,1,40266,0,0,0,0,0,0,0,0,0,0
1,1,40267,0,0,8,0,0,0,0,0,0,0
2,1,40267,0,0,0,0,0,0,0,0,0,0
1,1,40268,27,27,27,27,27,27,27,27,27,27
1,1,40269,21,21,21,21,21,21,21,21,21,21
1,1,40270,0,0,0,0,0,0,0,0,0,0
2,1,40270,0,0,0,0,0,0,0,0,0,0
1,1,40271,17,17,17,17,17,17,17,17,17,17
2,1,40271,0,0,0,0,0,0,0,0,0,0
1,1,40272,0,0,0,0,0,0,0,0,0,0
2,1,40272,0,0,0,0,0,0,0,0,0,0
0,1,40273,0,0,0,0,0,0,0,0,0,0
1,1,40273,7,7,7,7,7,7,7,7,7,7
2,1,40273,0,0,0,0,0,0,0,0,0,0
1,1,40274,0,0,0,0,0,0,0,0,0,0
1,1,40275,0,0,0,0,0,0,0,0,0,0
2,1,40275,0,24,0,0,0,0,0,0,0,0
1,1,40276,0,0,0,0,0,0,0,0,0,0
2,1,40276,0,0,0,0,0,0,0,0,0,0
1,1,40277,0,0,0,0,0,0,0,0,0,0
1,1,40278,0,0,0,0,0,0,0,0,0,0
1,1,40279,0,0,0,0,0,0,0,0,0,0
2,1,40279,0,0,0,0,0,0,0,0,0,0
3,1,40279,0,0,0,0,0,0,0,0,0,0
1,1,40280,0,0,0,0,0,0,0,0,0,0
2,1,40280,0,0,0,0,0,0,0,0,0,0
1,1,40281,0,0,0,0,0,0,0,0,0,0
1,1,40282,0,0,0,0,0,0,0,0,0,0
2,1,40282,0,0,0,0,0,0,0,0,0,0
1,1,40283,0,0,0,0,0,0,0,0,0,0
2,1,40283,0,0,0,0,0,0,0,7,0,0
3,1,40283,0,0,0,0,0,0,0,0,0,0
4,1,40283,0,0,0,0,0,0,0,0,0,0
5,1,40283,0,0,2,0,0,0,0,0,0,0
1,1,40284,0,0,0,0,0,0,0,0,0,0
1,1,40285,35,35,35,35,35,35,35,35,35,35
1,1,40286,0,0,0,0,0,0,0,0,0,0
2,1,40286,0,0,0,0,0,0,0,0,0,0
3,1,40286,0,0,0,0,0,0,0,0,0,2
1,1,40287,0,0,0,0,0,0,0,0,0,0
1,1,40288,0,0,0,0,0,0,0,0,0,0
0,1,40289,0,0,0,0,0,0,0,0,0,0
1,1,40289,0,0,0,0,0,0,0,0,0,0
1,1,40290,26,26,26,26,26,26,26,26,26,26
2,1,40290,0,0,0,0,0,0,0,0,0,0
1,1,40291,0,0,0,0,0,0,0,0,0,0
2,1,40291,0,0,0,0,0,0,0,0,0,0
1,1,40292,0,0,0,0,0,0,0,0,0,0
2,1,40292,0,0,0,0,0,0,0,0,0,0
3,1,40292,0,0,0,0,0,0,0,0,0,0
1,1,40293,0,0,0,0,0,0,0,0,0,0
1,1,40294,18,17,40,20,0,0,12,0,12,0
0,1,40295,0,0,0,0,0,0,0,0,0,0
1,1,40295,0,0,0,0,0,0,0,0,0,0
1,1,40296,24,24,24,24,24,24,24,24,24,24
1,1,40297,0,0,0,0,0,0,0,0,0,0
0,1,40298,16,16,16,16,16,16,16,16,16,16
1,1,40298,0,0,0,0,0,0,0,0,0,0
1,1,40299,0,0,0,0,0,0,0,0,0,0
1,1,40300,0,0,0,0,0,0,0,0,0,0
2,1,40300,0,0,0,0,0,0,0,0,0,0
1,1,40301,15,15,15,15,15,15,15,15,15,15
1,1,40302,18,0,0,17,0,0,15,0,0,0
1,1,40303,0,0,0,0,0,0,0,0,0,0
2,1,40303,0,0,0,0,0,0,0,0,0,0
1,1,40304,19,19,19,19,19,19,19,19,19,19
2,1,40304,0,0,0,0,0,0,0,0,0,0
1,1,40305,0,0,0,0,0,0,0,0,0,0
2,1,40305,0,0,0,0,0,0,0,0,0,0
1,1,40306,0,0,0,0,0,0,0,0,0,0
1,1,40307,0,0,0,0,0,0,0,0,0,0
2,1,40307,0,0,0,0,0,0,0,0,0,0
3,1,40307,0,0,0,0,0,0,0,0,0,0
1,1,40308,0,0,0,0,0,0,0,24,0,0
1,1,40309,13,13,13,13,13,13,13,13,13,13
2,1,40309,14,0,0,0,0,0,0,0,0,0
1,1,40310,0,0,0,0,0,0,0,0,0,0
1,1,40311,0,0,0,9,0,0,0,0,0,0
1,1,40312,0,0,0,0,0,0,0,0,0,0
2,1,40312,0,0,0,0,0,0,0,0,0,0
3,1,40312,0,0,0,0,0,0,0,0,0,0
4,1,40312,0,0,0,0,0,0,0,0,0,0
5,1,40312,0,0,0,0,0,0,0,0,0,0
1,1,40313,22,22,22,22,22,22,22,22,22,22
1,1,40314,21,21,21,21,21,21,21,21,21,21
2,1,40314,0,0,0,0,0,0,0,0,0,0
1,1,40315,7,7,7,7,7,7,7,7,7,7
1,1,40316,0,0,0,0,0,0,0,0,0,0
2,1,40316,0,0,0,0,0,0,0,0,0,0
0,1,40317,0,0,0,0,0,0,0,0,0,0
1,1,40317,0,0,0,0,0,0,0,0,0,0
1,1,40318,13,23,15,32,11,12,16,11,7,14
2,1,40318,0,0,0,0,0,0,0,0,0,0
1,1,40319,0,0,0,0,0,0,0,0,0,0
1,1,40320,0,0,0,0,0,0,0,0,0,0
2,1,40320,0,0,0,0,0,0,0,0,0,0
0,1,40321,0,0,0,0,0,0,0,0,0,0
1,1,40321,12,12,12,12,12,12,12,12,12,12
1,1,40322,24,24,24,24,24,24,24,24,24,24
1,1,40323,0,0,0,0,0,0,0,0,0,0
2,1,40323,0,0,0,0,0,18,0,0,0,0
0,1,40324,9,9,9,9,9,9,9,9,9,9
1,1,40324,0,7,0,0,0,0,0,0,0,0
1,1,40325,11,11,11,11,11,11,11,11,11,11
2,1,40325,0,0,0,0,0,0,0,31,22,8
1,1,40327,21,21,21,21,21,21,21,21,21,21
1,1,40328,0,0,0,0,0,0,0,0,0,0
1,1,40329,0,0,0,0,0,0,0,0,0,0
1,1,40330,0,0,0,0,0,6,0,0,0,0
2,1,40330,0,0,0,0,0,0,0,0,0,0
3,1,40330,0,0,0,0,0,0,0,0,0,0
4,1,40330,0,0,0,0,0,0,0,0,0,0
1,1,40331,17,17,17,17,17,17,17,17,17,17
1,1,40332,0,0,8,32,0,0,0,0,0,0
1,1,40333,0,0,0,0,0,0,3,0,0,10
2,1,40333,0,0,0,6,0,0,0,0,0,0
1,1,40334,0,0,0,0,0,0,0,0,0,0
0,1,40335,0,0,0,0,0,0,0,0,0,0
1,1,40335,0,0,0,0,0,0,0,0,0,0
1,1,40336,14,14,14,14,14,14,14,14,14,14
1,1,40337,6,6,6,6,6,6,6,6,6,6
2,1,40337,18,37,13,0,0,0,17,0,0,0
0,1,40338,0,0,0,0,0,0,0,0,0,0
1,1,40338,0,0,0,0,0,0,0,0,0,0
1,1,40339,0,0,0,0,0,0,0,0,0,0
1,1,40340,7,7,7,7,7,7,7,7,7,7
2,1,40340,0,0,0,0,0,0,0,0,12,0
1,1,40341,0,0,0,0,0,0,0,0,0,0
2,1,40341,0,0,0,0,0,0,0,7,0,0
1,1,40342,0,0,0,0,0,0,0,0,0,0
2,1,40342,0,0,0,0,0,0,0,0,0,0
1,1,40343,13,13,13,13,13,13,13,13,13,13
2,1,40343,0,0,9,0,0,0,0,0,0,0
1,1,40344,0,0,0,0,0,0,0,0,0,0
2,1,40344,0,0,16,0,0,15,0,0,0,0
1,1,40345,0,23,0,30,0,23,0,0,0,12
0,1,40346,39,3,43,26,24,9,9,9,24,29
1,1,40346,8,0,0,1,2,0,8,12,9,0
1,1,40347,4,4,0,0,0,0,0,0,0,0
1,1,40348,0,0,0,0,0,0,0,0,0,0
2,1,40348,0,0,0,0,0,0,0,0,0,0
1,1,40349,9,0,0,0,0,0,0,0,0,0
2,1,40349,0,0,0,0,0,0,0,0,0,0
1,1,40350,1,1,1,1,1,1,1,1,1,1
1,1,40351,0,0,0,0,0,0,0,0,0,0
2,1,40351,0,0,0,0,0,0,0,0,0,0
1,1,40352,23,23,23,23,23,23,23,23,23,23
2,1,40352,0,0,16,0,0,0,9,0,9,0
1,1,40353,0,0,0,0,0,0,0,0,0,0
1,1,40354,0,0,0,0,0,0,0,0,0,0
2,1,40354,0,0,0,0,0,0,0,0,0,0
1,1,40355,11,22,4,4,18,10,22,6,20,21
1,1,40356,17,11,10,14,15,15,0,0,6,20
0,1,40357,28,28,10,3,26,13,11,14,11,52
1,1,40357,0,0,0,0,0,0,0,0,0,0
1,1,40358,0,0,0,0,0,0,0,0,0,0
1,1,40359,0,0,0,0,0,0,0,0,0,0
1,1,40360,0,0,0,0,0,0,0,0,0,0
1,1,40361,0,0,0,0,0,0,0,0,0,0
2,1,40361,45,45,45,45,45,45,45,45,45,45
3,1,40361,0,0,0,0,0,0,0,0,0,0
1,1,40362,0,0,0,0,0,0,0,0,0,0
2,1,40362,0,0,0,0,0,0,0,0,0,0
3,1,40362,0,0,0,0,0,0,0,0,0,0
4,1,40362,0,0,0,9,0,0,0,0,0,0
5,1,40362,0,0,0,0,0,0,0,0,2,0
1,1,40363,19,19,19,19,19,19,19,19,19,19
0,1,40364,35,35,35,35,35,35,35,35,35,35
1,1,40364,9,13,9,8,10,0,5,27,0,7
1,1,40365,0,0,0,0,0,0,0,0,0,0
2,1,40365,0,0,0,0,0,0,0,0,0,0
1,1,40366,0,0,0,0,0,10,0,0,0,0
2,1,40366,21,21,21,21,21,21,21,21,21,21
1,1,40367,0,0,0,0,0,0,0,0,0,0
2,1,40367,0,0,0,0,0,0,0,0,0,0
1,1,40368,23,23,23,23,23,23,23,23,23,23
1,1,40369,13,18,22,9,9,3,9,0,7,13
1,1,40370,0,0,0,0,0,0,0,0,0,0
1,1,40371,18,18,18,18,18,18,18,18,18,18
1,1,40372,0,8,0,0,11,13,14,0,0,18
1,1,40373,11,0,0,0,0,19,0,0,11,0
2,1,40373,0,0,0,0,0,0,0,0,0,0
1,1,40374,31,31,31,31,31,31,31,31,31,31
2,1,40374,0,0,0,0,0,9,0,0,0,0
3,1,40374,0,0,0,10,0,0,0,0,0,0
0,1,40375,27,27,27,27,27,27,27,27,27,27
1,1,40375,0,0,0,0,0,0,0,0,0,0
1,1,40376,0,0,0,0,19,0,0,0,0,0
1,1,40377,0,0,0,0,0,0,0,0,0,0
2,1,40377,0,0,0,0,0,0,0,0,0,0
1,1,40378,0,0,0,0,0,0,0,0,0,0
2,1,40378,0,0,0,0,0,0,0,0,0,0
1,1,40379,39,39,39,39,39,39,39,39,39,39
1,1,40380,25,25,25,25,25,25,25,25,25,25
1,1,40381,0,0,0,0,0,0,0,0,0,0
2,1,40381,0,0,0,0,0,0,0,0,0,0
3,1,40381,0,0,0,3,8,0,0,0,0,0
1,1,40383,0,0,0,0,0,0,0,0,0,0
2,1,40383,0,0,0,0,0,0,0,0,0,0
1,1,40384,0,0,20,0,0,0,10,12,0,22
1,1,40385,0,0,0,0,0,0,0,0,0,0
2,1,40385,0,0,0,0,0,0,0,0,0,0
1,1,40386,0,0,0,0,0,0,0,0,0,0
1,1,40387,13,13,13,13,13,13,13,13,13,13
1,1,40388,11,11,11,11,11,11,11,11,11,11
1,1,40389,0,0,0,0,0,0,0,0,0,0
0,1,40390,23,23,23,23,23,23,23,23,23,23
1,1,40390,0,0,0,0,0,0,0,0,0,0
0,1,40391,0,0,0,0,0,0,0,0,0,0
1,1,40391,0,0,0,0,0,0,0,0,0,0
1,1,40392,0,0,0,0,0,0,0,0,0,0
1,1,40393,0,0,0,0,0,0,0,0,0,0
2,1,40393,0,0,0,0,0,0,0,0,0,0
3,1,40393,0,0,0,0,0,0,0,0,0,0
1,1,40394,0,0,0,0,0,0,0,0,0,0
2,1,40394,0,0,0,0,0,0,0,0,0,0
1,1,40395,0,0,0,0,0,0,0,0,0,0
1,1,40396,15,15,15,15,15,15,15,15,15,15
0,1,40397,20,20,20,20,20,20,20,20,20,20
1,1,40397,0,0,0,0,0,0,0,0,0,0
0,1,40398,0,0,0,0,0,0,0,0,0,0
1,1,40398,0,0,0,0,0,0,0,0,0,0
1,1,40399,11,11,11,11,11,11,11,11,11,11
2,1,40399,0,0,0,0,0,0,0,0,0,0
0,1,40400,0,0,0,0,0,0,0,0,0,0
1,1,40400,0,0,0,0,0,0,0,0,0,0
0,1,40401,0,0,0,0,0,0,0,0,0,0
1,1,40401,0,0,0,0,0,0,0,0,0,0
1,1,40402,20,20,20,20,20,20,20,20,20,20
1,1,40403,0,0,0,0,0,0,0,0,0,0
0,1,40404,0,18,0,14,0,0,0,17,0,11
1,1,40404,11,11,11,11,11,11,11,11,11,11
1,1,40405,12,12,12,12,12,12,12,12,12,12
2,1,40405,0,0,0,0,0,0,0,0,0,0
1,1,40406,4,4,4,4,4,4,4,4,4,4
1,1,40407,0,0,0,0,0,0,0,0,0,0
1,1,40408,0,0,0,0,0,0,0,0,0,0
0,1,40409,0,0,0,0,0,0,0,0,0,0
1,1,40409,0,0,0,0,0,0,0,0,0,0
1,1,40410,0,0,0,0,0,0,0,0,0,0
1,1,40411,13,13,13,13,13,13,13,13,13,13
2,1,40411,0,0,0,0,0,0,0,0,0,0
1,1,40412,14,14,14,14,14,14,14,14,14,14
2,1,40412,10,0,0,0,0,0,7,0,0,0
1,1,40413,0,0,0,0,0,0,0,0,0,0
2,1,40413,0,0,0,0,0,0,0,0,0,0
1,1,40414,27,27,27,27,27,27,27,27,27,27
1,1,40415,0,0,0,0,0,0,0,0,0,0
1,1,40416,0,0,0,0,0,0,0,0,0,0
1,1,40417,0,0,0,0,0,0,0,0,0,0
1,1,40418,0,0,0,0,0,0,0,5,4,0
2,1,40418,0,0,0,0,0,0,0,0,0,0
1,1,40419,21,21,21,21,21,21,21,21,21,21
1,1,40420,21,21,21,21,21,21,21,21,21,21
1,1,40421,0,0,0,0,0,0,0,0,0,0
2,1,40421,0,0,0,0,0,0,0,0,0,0
1,1,40422,15,15,15,15,15,15,15,15,15,15
2,1,40422,0,0,0,0,5,0,0,0,0,0
3,1,40422,0,0,5,0,0,0,0,0,0,0
4,1,40422,0,0,0,0,0,0,0,0,0,0
1,1,40423,10,10,10,10,10,10,10,10,10,10
1,1,40424,0,0,0,0,0,0,0,0,0,0
1,1,40425,10,10,10,10,10,10,10,10,10,10
2,1,40425,0,0,9,0,0,11,26,0,0,0
3,1,40425,0,0,0,0,0,0,0,0,0,0
1,1,40426,0,0,0,0,0,0,0,0,7,0
2,1,40426,0,0,0,0,0,0,0,0,0,0
1,1,40427,0,0,0,0,0,0,0,0,0,0
2,1,40427,0,0,0,0,0,0,0,0,0,0
1,1,40428,12,12,12,12,12,12,12,12,12,12
1,1,40429,0,0,0,0,0,0,0,0,0,0
2,1,40429,0,0,0,0,0,0,0,0,0,0
3,1,40429,0,0,0,0,0,0,0,0,0,0
1,1,40430,0,0,0,0,0,0,0,0,0,0
2,1,40430,0,0,0,0,0,5,0,0,21,32
3,1,40430,0,0,0,0,0,0,0,0,0,0
4,1,40430,0,0,0,0,0,0,15,0,0,0
1,1,40431,8,8,8,8,8,8,8,8,8,8
2,1,40431,3,3,3,3,3,3,3,3,3,3
3,1,40431,0,0,0,0,0,0,0,0,0,0
1,1,40432,0,0,0,0,0,0,0,0,0,0
2,1,40432,0,0,0,0,0,0,0,0,0,0
1,1,40433,10,10,10,10,10,10,10,10,10,10
2,1,40433,0,0,0,0,0,0,0,0,0,0
1,4,40434,0,2,0,23,19,0,0,4,5,0
1,1,40435,0,0,0,0,0,0,0,0,0,0
1,1,40436,27,27,27,27,27,27,27,27,27,27
1,1,40437,0,0,0,0,0,0,0,0,0,0
1,1,40438,0,0,0,0,0,0,0,0,0,0
2,1,40438,0,0,0,0,0,0,5,0,0,0
1,2,40439,0,0,0,0,0,0,16,0,0,0
1,1,40440,0,0,0,0,0,0,0,0,0,0
2,1,40440,0,0,0,0,0,0,0,0,0,0
1,2,40441,12,13,0,11,0,0,0,0,9,20
1,2,40443,0,0,0,0,0,0,0,0,0,0
1,1,40444,24,11,27,31,37,31,21,18,13,12
1,1,40445,16,16,16,16,16,16,16,16,16,16
2,1,40445,0,18,0,0,0,0,0,0,0,0
1,1,40446,0,0,0,0,0,0,0,0,0,0
1,1,40448,10,3,12,0,24,46,15,21,33,26
1,1,40449,18,20,9,8,22,9,0,0,28,12
1,1,40450,19,19,19,19,19,19,19,19,19,19
1,1,40451,20,20,20,20,20,20,20,20,20,20
0,1,40452,28,28,28,28,28,28,28,28,28,28
1,1,40452,0,0,0,0,0,0,0,0,0,0
1,1,40453,0,0,0,0,0,0,0,0,0,0
2,1,40453,0,0,0,0,0,0,0,0,0,0
3,1,40453,0,0,0,0,0,0,0,0,0,0
1,1,40454,0,8,0,0,0,0,0,0,0,0
2,1,40454,0,0,0,0,0,0,0,0,0,6
0,1,40455,39,39,39,39,39,39,39,39,39,39
1,1,40455,0,0,14,8,10,5,9,0,8,0
1,1,40456,0,0,19,0,8,0,8,8,0,15
2,1,40456,0,0,0,0,0,0,0,0,0,0
1,1,40457,0,0,0,0,0,0,0,0,0,0
2,1,40457,0,0,0,0,0,0,0,0,0,0
0,1,40458,31,19,23,34,26,12,21,28,46,29
1,1,40458,0,0,0,0,0,0,0,0,0,0
0,1,40459,0,0,5,16,37,32,0,28,37,0
1,1,40459,0,0,0,0,0,0,0,0,0,0
0,1,40460,0,0,0,0,0,0,0,0,0,0
1,1,40460,0,0,0,0,0,0,0,0,0,0
1,1,40461,0,0,0,0,0,0,0,0,0,0
2,1,40461,0,0,0,0,0,0,0,0,0,0
1,1,40462,18,18,18,18,18,18,18,18,18,18
1,1,40463,0,0,0,0,0,0,0,0,0,0
0,1,40464,0,0,0,0,0,0,0,0,0,0
0,2,40464,0,0,0,0,0,0,0,0,0,0
0,3,40464,0,0,0,0,0,0,0,0,0,0
1,1,40464,0,0,0,0,0,0,0,0,0,0
2,1,40464,0,0,0,0,0,0,0,0,0,0
1,1,40465,3,3,3,3,3,3,3,3,3,3
1,1,40466,0,0,0,0,0,0,0,0,0,0
2,1,40466,0,0,0,0,0,0,0,0,0,0
1,1,40467,0,0,0,0,0,0,0,0,0,0
2,1,40467,0,0,0,0,0,0,0,0,0,0
1,1,40468,2,2,2,2,2,2,2,2,2,2
2,1,40468,0,0,0,0,8,0,27,0,0,0
1,1,40469,0,0,0,0,0,0,0,0,0,0
2,1,40469,0,0,0,0,0,0,0,0,0,0
1,1,40470,20,20,20,20,20,20,20,20,20,20
2,1,40470,0,0,0,0,0,10,0,0,0,0
0,1,40471,25,25,25,25,25,25,25,25,25,25
1,1,40471,0,0,0,0,0,0,0,0,0,0
1,1,40472,0,0,0,0,0,0,0,0,0,0
2,1,40472,0,0,0,0,0,0,0,0,0,0
1,1,40473,0,0,0,0,0,15,7,0,0,8
1,1,40474,0,0,0,0,0,0,0,0,0,0
2,1,40474,0,0,0,0,0,0,0,0,0,0
1,1,40475,17,17,17,17,17,17,17,17,17,17
2,1,40475,0,0,0,0,0,0,0,0,0,0
1,1,40476,0,0,0,0,0,0,0,0,0,0
1,1,40477,0,0,0,0,0,0,0,0,0,0
2,1,40477,0,0,0,0,0,0,0,0,0,0
3,1,40477,0,0,0,0,0,0,0,0,0,0
1,1,40478,1,1,1,1,1,1,1,1,1,1
1,1,40479,0,0,0,0,0,0,0,0,0,0
2,1,40479,0,0,0,0,0,0,0,0,0,0
1,1,40480,0,0,0,0,0,0,0,0,0,0
2,1,40480,0,0,0,0,0,0,0,0,0,0
1,1,40481,0,0,0,0,0,0,0,0,0,0
2,1,40481,0,0,0,0,0,0,0,0,0,0
0,1,40482,27,27,27,27,27,27,27,27,27,27
1,1,40482,18,0,12,21,0,0,0,0,0,0
1,1,40483,19,19,19,19,19,19,19,19,19,19
2,1,40483,0,0,0,0,0,0,0,0,0,0
3,1,40483,0,0,0,0,0,0,0,0,0,0
1,1,40484,0,0,0,0,0,0,0,0,0,0
1,1,40485,13,13,13,13,13,13,13,13,13,13
0,1,40486,0,0,0,0,0,0,0,0,0,0
1,1,40486,0,0,0,0,0,0,0,0,0,0
1,1,40487,12,12,12,12,12,12,12,12,12,12
2,1,40487,0,0,4,0,0,0,0,0,0,0
1,1,40488,15,15,15,15,15,15,15,15,15,15
1,1,40489,16,16,16,16,16,16,16,16,16,16
1,1,40490,61,61,61,61,61,61,61,61,61,61
1,1,40491,0,0,0,0,0,0,0,0,0,0
2,1,40491,0,0,0,0,0,0,0,0,0,0
0,1,40492,0,0,0,0,0,0,0,0,0,0
1,1,40492,7,7,7,7,7,7,7,7,7,7
1,1,40493,0,0,0,0,0,0,0,0,0,0
2,1,40493,0,0,0,0,0,0,0,0,0,0
1,1,40494,0,0,0,0,0,0,0,0,0,0
2,1,40494,2,2,2,2,2,2,2,2,2,2
1,1,40495,18,18,18,18,18,18,18,18,18,18
2,1,40495,4,4,4,4,4,4,4,4,4,4
1,1,40496,0,0,0,0,0,0,0,0,0,0
2,1,40496,0,0,0,0,0,0,0,0,0,0
1,1,40497,0,0,0,0,0,0,0,0,0,0
2,1,40497,0,0,0,0,0,14,0,0,0,0
3,1,40497,0,0,0,0,0,0,0,0,0,0
1,1,40498,0,0,0,0,0,0,0,0,0,0
2,1,40498,0,0,0,0,0,0,0,0,0,0
1,1,40499,19,11,0,0,0,0,0,0,0,0
1,1,40501,0,0,0,0,0,0,0,0,0,0
2,1,40501,0,0,0,0,0,0,0,0,0,0
0,1,40502,0,0,0,0,0,0,0,0,0,0
1,1,40502,0,0,0,0,0,0,0,0,0,0
1,1,40503,12,12,12,12,12,12,12,12,12,12
0,1,40504,0,0,0,0,0,0,0,0,0,0
1,1,40504,0,0,0,0,0,0,0,0,0,0
1,1,40505,19,0,19,8,17,7,0,21,0,12
1,1,40506,0,0,0,0,0,0,0,0,0,0
2,1,40506,0,0,0,0,0,0,0,0,0,0
1,1,40507,8,8,8,8,8,8,8,8,8,8
1,1,40508,9,9,9,9,9,9,9,9,9,9
1,1,40509,12,12,12,12,12,12,12,12,12,12
2,1,40509,15,15,15,15,15,15,15,15,15,15
1,1,40510,15,15,15,15,15,15,15,15,15,15
2,1,40510,26,14,0,9,4,0,0,0,0,8
0,1,40511,0,0,0,0,0,0,0,0,0,0
1,1,40511,0,0,0,14,0,0,0,0,0,0
1,1,40512,24,24,24,24,24,24,24,24,24,24
2,1,40512,0,6,0,0,0,0,0,0,0,0
1,1,40513,0,0,0,0,0,0,0,0,0,0
1,1,40514,0,0,0,0,0,0,0,0,0,0
0,1,40515,8,8,8,8,8,8,8,8,8,8
1,1,40515,0,0,0,0,0,0,0,0,0,0
1,1,40516,20,20,20,20,20,20,20,20,20,20
1,1,40517,0,0,0,0,0,0,0,0,0,0
1,1,40519,0,0,0,0,0,0,0,0,0,0
2,1,40519,0,0,0,0,0,0,0,0,0,0
3,1,40519,0,0,0,0,0,0,0,0,0,0
4,1,40519,0,0,0,0,0,0,12,0,0,0
1,1,40520,0,0,0,0,0,0,0,0,0,0
2,1,40520,0,0,0,0,0,0,0,0,0,0
0,1,40522,16,42,0,0,10,0,0,0,10,0
1,1,40522,0,0,0,0,0,0,0,0,0,0
1,1,40523,0,0,0,0,0,0,0,0,0,0
2,1,40523,0,0,0,0,0,0,0,0,0,0
3,1,40523,0,0,0,0,0,0,0,0,0,0
4,1,40523,0,0,0,0,0,0,0,0,0,0
5,1,40523,0,0,0,0,0,0,0,0,0,0
6,1,40523,0,0,0,0,0,0,0,0,0,0
1,1,40524,7,0,0,0,0,0,0,0,0,0
2,1,40524,0,0,0,0,0,0,0,0,0,0
1,1,40526,23,23,23,23,23,23,23,23,23,23
0,1,40527,0,0,0,0,0,0,0,0,0,0
1,1,40527,0,0,0,0,0,0,0,0,0,0
1,1,40528,0,0,0,0,0,0,0,0,0,6
1,1,40529,0,0,0,0,0,0,0,0,0,0
2,1,40529,0,0,0,0,0,0,0,0,0,0
1,1,40530,26,26,26,26,26,26,26,26,26,26
2,1,40530,0,0,0,0,0,0,0,0,0,17
1,1,40531,0,0,0,0,0,0,0,0,0,0
1,1,40532,10,10,10,10,10,10,10,10,10,10
1,1,40533,0,0,0,0,0,0,0,0,0,0
1,1,40534,0,0,0,0,0,0,0,0,0,0
1,1,40535,24,24,24,24,24,24,24,24,24,24
1,1,40536,0,0,0,0,0,0,0,0,0,0
1,1,40537,0,0,0,0,0,0,5,0,0,0
1,1,40538,0,0,0,0,0,0,0,0,0,0
2,1,40538,0,0,0,0,0,0,0,0,0,0
1,1,40539,11,11,11,11,11,11,11,11,11,11
1,1,40540,0,0,0,0,0,0,0,0,0,0
2,1,40540,0,0,0,0,0,0,0,0,0,0
1,1,40541,22,22,22,22,22,22,22,22,22,22
1,1,40542,0,0,0,0,0,0,0,0,0,0
1,1,40543,0,0,0,4,25,0,10,25,7,17
1,1,40544,10,10,10,10,10,10,10,10,10,10
1,1,40545,0,0,0,0,0,0,0,0,0,0
2,1,40545,0,0,0,0,0,0,0,0,0,0
3,1,40545,0,0,0,0,0,0,0,0,0,0
1,1,40546,8,8,8,8,8,8,8,8,8,8
1,1,40547,0,0,0,0,0,0,0,0,0,0
2,1,40547,0,0,0,0,0,0,0,0,0,0
1,1,40548,0,14,0,0,0,0,0,0,0,0
2,1,40548,0,0,0,0,0,0,0,0,0,0
0,1,40549,0,0,0,0,0,0,0,0,0,0
1,1,40549,0,0,0,0,0,0,0,0,0,0
0,1,40550,14,14,14,14,14,14,14,14,14,14
1,1,40550,14,15,6,4,9,7,0,15,14,0
0,1,40551,30,25,15,35,24,41,11,30,16,38
1,1,40551,0,6,0,0,1,0,12,0,0,10
1,1,40552,17,17,17,17,17,17,17,17,17,17
1,1,40553,0,0,0,0,0,0,0,0,0,0
2,1,40553,0,0,0,0,0,0,0,0,0,0
1,1,40554,0,0,0,0,0,0,0,0,0,0
1,1,40555,0,0,0,0,0,0,0,0,0,0
2,1,40555,0,0,0,0,0,0,0,0,0,0
1,1,40556,0,0,0,0,0,0,3,0,0,0
2,1,40556,0,2,0,8,0,0,0,0,0,0
1,1,40557,0,0,0,0,6,0,0,0,0,0
1,1,40558,0,0,0,0,0,0,0,0,3,0
2,1,40558,0,0,0,0,0,0,0,0,0,0
0,1,40560,0,0,0,0,0,0,0,0,0,0
1,1,40560,0,0,0,0,0,0,0,0,0,0
0,1,40561,0,0,0,0,0,0,0,0,0,0
0,2,40561,0,3,0,0,0,0,0,0,0,0
1,1,40561,0,0,0,0,0,0,0,0,0,0
1,1,40563,0,0,0,0,0,0,0,0,0,0
2,1,40563,8,8,8,8,8,8,8,8,8,8
1,1,40564,27,27,27,27,27,27,27,27,27,27
0,1,40565,0,0,0,0,0,0,0,0,0,0
1,1,40565,12,12,12,12,12,12,12,12,12,12
1,1,40566,0,0,0,0,0,0,0,0,0,13
0,1,40567,0,0,0,0,0,0,0,0,0,0
1,1,40567,0,0,0,0,0,0,0,0,0,0
1,1,40568,0,0,0,0,0,0,0,0,0,0
1,1,40569,0,0,0,0,0,0,0,0,0,0
2,1,40569,0,0,0,0,0,0,0,0,0,0
1,1,40570,0,0,0,0,0,0,0,0,0,0
2,1,40570,0,0,0,0,0,0,0,0,0,0
1,1,40571,7,7,7,7,7,7,7,7,7,7
2,1,40571,2,2,2,2,2,2,2,2,2,2
1,1,40572,0,0,0,0,0,0,0,0,0,0
1,1,40573,0,0,0,0,0,0,0,0,0,0
2,1,40573,0,0,0,0,0,0,0,0,0,0
1,1,40574,16,16,16,16,16,16,16,16,16,16