VEH_NO,PER_NO,ST_CASE,P1,P2,P3,P4,P5,P6,P7,P8,P9,P10
1,1,40575,0,0,0,0,0,0,0,0,0,0
1,1,40576,8,8,8,8,8,8,8,8,8,8
2,1,40576,0,0,0,0,0,0,0,0,0,0
1,1,40577,0,0,0,0,0,0,0,0,0,0
1,1,40578,0,0,0,0,0,0,0,0,0,0
2,1,40578,0,0,7,0,0,0,0,0,0,0
1,1,40580,11,0,12,15,13,0,16,0,13,22
1,1,40581,0,0,0,8,0,0,0,0,0,0
1,1,40582,0,0,0,0,0,0,0,0,0,0
2,1,40582,0,0,0,0,0,0,0,0,0,0
1,1,40583,22,22,22,22,22,22,22,22,22,22
1,1,40584,14,6,5,17,0,13,32,18,14,23
2,1,40584,0,0,0,0,0,0,0,0,0,0
1,1,40585,0,12,9,11,12,0,20,0,16,0
1,1,40587,13,21,11,10,21,5,0,21,20,0
2,1,40587,0,11,0,0,0,0,0,0,0,0
3,1,40587,0,0,0,0,0,0,0,0,0,0
1,1,40588,0,0,0,0,0,6,11,11,0,15
1,13,40589,0,0,10,0,0,0,7,0,0,0
1,1,40590,0,0,0,0,0,0,0,0,0,0
1,1,40591,0,0,0,0,0,0,0,0,0,0
0,1,40592,0,0,0,0,0,0,0,0,0,0
1,1,40592,0,0,0,0,0,0,0,0,0,0
0,1,40593,0,0,0,0,0,0,0,0,0,0
0,2,40593,0,0,0,0,0,0,0,0,0,0
1,1,40593,0,0,0,0,0,0,0,23,0,0
1,1,40594,31,31,31,31,31,31,31,31,31,31
2,1,40594,0,0,0,0,0,0,0,0,0,0
1,1,40595,0,0,0,0,0,0,0,0,0,0
2,1,40595,0,0,0,0,0,0,0,0,0,0
1,1,40596,15,15,4,17,32,24,6,14,12,19
1,1,40597,0,0,0,0,0,0,0,0,0,0
1,1,40598,0,0,0,0,0,0,0,0,0,0
2,1,40598,0,0,0,0,5,0,0,0,6,0
0,1,40599,25,25,25,25,25,25,25,25,25,25
1,1,40599,3,3,3,3,3,3,3,3,3,3
0,1,40600,8,25,6,36,0,25,0,24,29,10
1,1,40600,0,0,0,0,0,0,0,0,0,0
1,1,40601,0,0,0,0,0,0,0,0,0,0
0,1,40602,0,0,0,0,0,0,0,0,0,0
1,1,40602,13,0,0,0,0,0,0,0,21,0
0,1,40603,0,0,0,0,0,0,0,0,0,0
1,1,40603,12,12,12,12,12,12,12,12,12,12
0,1,40604,22,22,22,22,22,22,22,22,22,22
1,1,40604,0,0,0,0,0,0,0,0,0,0
1,1,40605,10,10,10,10,10,10,10,10,10,10
2,1,40605,0,0,0,0,0,0,0,0,0,9
1,1,40606,0,0,0,0,0,0,0,0,0,0
2,1,40606,0,0,0,0,0,0,0,0,0,0
1,1,40607,0,0,0,0,0,0,0,0,0,0
2,1,40607,0,0,0,0,0,0,11,0,0,0
1,1,40608,0,0,0,0,0,0,0,0,0,0
2,1,40608,0,0,0,0,0,0,0,0,0,0
1,1,40609,15,15,15,15,15,15,15,15,15,15
0,1,40610,16,16,16,16,16,16,16,16,16,16
1,1,40610,0,0,0,0,0,0,0,0,0,0
1,1,40611,0,0,0,0,0,0,0,0,0,0
1,1,40612,0,0,0,0,0,0,0,0,0,0
2,1,40612,6,6,6,6,6,6,6,6,6,6
1,1,40613,0,0,0,0,0,0,0,0,0,0
2,1,40613,0,0,0,0,0,0,0,0,10,0
3,1,40613,0,0,0,0,0,0,0,0,0,0
0,1,40614,12,12,12,12,12,12,12,12,12,12
1,1,40614,10,10,10,10,10,10,10,10,10,10
1,1,40615,0,0,0,0,0,0,0,0,0,0
0,1,40616,34,34,34,34,34,34,34,34,34,34
1,1,40616,0,22,0,0,16,0,0,0,6,0
1,1,40617,0,0,0,0,0,0,0,0,0,0
2,1,40617,0,0,0,0,0,0,0,0,0,0
1,1,40618,16,16,16,16,16,16,16,16,16,16
1,1,40619,4,4,4,4,4,4,4,4,4,4
2,1,40619,17,17,0,0,0,0,0,0,22,35
1,1,40620,0,0,0,0,0,0,0,0,0,0
0,1,40621,11,11,11,11,11,11,11,11,11,11
1,1,40621,0,0,0,0,0,0,0,0,0,0
1,1,40622,19,19,19,19,19,19,19,19,19,19
0,1,40623,27,0,36,13,15,16,18,12,22,21
1,1,40623,4,4,4,4,4,4,4,4,4,4
1,1,40624,0,0,0,0,0,0,0,0,0,0
2,1,40624,0,0,0,0,0,0,0,0,0,0
1,1,40625,0,0,14,0,25,0,0,0,0,0
2,1,40625,0,0,0,0,0,0,0,0,0,0
1,1,40626,0,7,11,7,0,0,0,0,16,0
0,1,40627,0,0,0,0,0,0,0,0,0,0
2,1,40627,0,0,0,0,0,0,0,0,0,0
1,1,40628,16,16,16,16,16,16,16,16,16,16
2,1,40628,16,16,16,16,16,16,16,16,16,16
1,1,40629,14,14,14,14,14,14,14,14,14,14
1,1,40630,0,0,0,0,0,0,0,0,0,0
2,1,40630,19,19,19,19,19,19,19,19,19,19
0,1,40631,0,0,0,0,0,0,0,0,0,0
1,1,40631,0,0,0,0,0,0,30,0,0,0
1,1,40632,25,25,25,25,25,25,25,25,25,25
2,1,40632,0,0,0,0,0,0,0,0,0,0
0,1,40633,0,0,0,0,0,0,0,0,0,0
1,1,40633,21,8,0,3,0,5,2,0,0,0
0,1,40634,0,0,0,0,0,0,0,0,0,0
1,1,40634,0,0,0,0,0,0,0,0,0,0
1,1,40635,0,0,0,0,0,0,0,0,0,0
2,1,40635,0,0,0,0,0,0,0,0,0,0
0,1,40636,0,0,0,0,0,0,0,0,0,0
1,1,40636,0,0,0,0,0,0,0,0,0,0
1,1,40637,14,14,14,14,14,14,14,14,14,14
1,1,40638,0,0,0,0,0,0,0,0,0,0
2,1,40638,0,0,0,0,0,0,0,0,0,0
3,1,40638,0,0,0,0,0,0,0,0,0,0
0,1,40639,0,0,0,0,0,0,0,0,0,0
1,1,40639,0,0,0,0,0,0,0,0,0,0
1,1,40640,2,2,2,2,2,2,2,2,2,2
2,1,40640,0,0,0,0,0,0,31,0,0,0
1,1,40641,0,0,14,0,0,0,15,23,0,0
1,1,40642,10,0,0,0,0,0,0,0,0,0
2,1,40642,0,0,0,0,0,0,0,0,0,0
1,1,40643,20,20,20,20,20,20,20,20,20,20
1,1,40644,4,6,0,0,0,0,0,0,0,0
2,1,40644,0,0,3,0,0,0,0,0,0,0
1,1,40645,0,0,0,0,0,0,0,0,0,0
2,1,40645,0,0,0,0,0,0,0,0,0,0
1,1,40646,0,0,0,0,0,0,0,0,0,0
2,1,40646,0,0,0,0,0,0,0,0,0,0
0,1,40647,14,14,14,14,14,14,14,14,14,14
1,1,40647,0,0,0,0,0,0,0,0,0,0
1,1,40648,24,24,24,24,24,24,24,24,24,24
2,1,40648,0,0,0,0,0,0,0,0,0,0
0,1,40649,0,0,0,0,0,0,0,0,0,0
0,2,40649,0,0,0,0,0,0,0,0,0,0
1,1,40649,0,0,0,0,0,0,0,0,0,0
1,1,40650,0,0,0,0,0,0,0,0,0,0
2,1,40650,0,0,0,0,0,0,0,0,0,0
1,1,40651,0,0,0,0,0,0,0,0,0,0
2,1,40651,0,0,0,0,0,0,0,0,0,0
1,1,40652,35,35,35,35,35,35,35,35,35,35
2,1,40652,2,2,2,2,2,2,2,2,2,2
1,1,40653,0,0,0,0,0,0,0,0,0,0
0,1,40654,13,0,0,0,0,8,0,14,0,0
1,1,40654,0,0,0,0,0,0,0,0,0,0
1,1,40655,0,0,0,0,0,0,0,0,0,0
2,1,40655,0,0,0,0,0,0,0,0,0,0
0,1,40656,29,29,29,29,29,29,29,29,29,29
0,2,40656,29,24,22,43,11,17,15,18,33,20
1,1,40656,16,16,16,16,16,16,16,16,16,16
1,1,40657,0,0,0,0,0,0,0,0,0,0
2,1,40657,0,0,0,0,0,0,0,0,0,0
1,1,40658,0,0,0,0,0,0,0,0,0,0
0,1,40659,0,0,0,0,0,0,0,0,0,0
1,1,40659,0,0,0,0,0,0,0,0,0,0
1,1,40660,0,0,0,0,0,0,0,0,0,0
2,1,40660,10,10,10,10,10,10,10,10,10,10
3,1,40660,0,0,0,0,0,0,2,0,0,0
4,1,40660,4,0,0,0,0,0,0,0,0,0
5,1,40660,0,0,0,0,0,0,0,0,0,0
6,1,40660,0,0,0,0,0,0,0,0,0,0
7,1,40660,0,0,0,0,0,0,0,0,0,0
8,1,40660,0,0,0,0,14,0,0,0,0,0
9,1,40660,0,0,0,0,0,0,0,0,0,0
10,1,40660,0,0,7,0,0,0,0,0,0,0
11,1,40660,0,0,0,0,0,0,0,0,0,0
12,1,40660,0,0,0,0,0,0,0,0,0,0
1,1,40661,0,0,0,0,0,0,0,0,0,0
1,1,40662,0,0,0,0,0,0,0,0,0,0
0,1,40663,0,0,0,0,0,0,0,0,0,0
1,1,40663,0,0,0,0,0,0,0,0,0,0
1,1,40664,0,31,0,0,16,0,8,0,0,0
2,1,40664,0,0,0,0,0,6,0,0,0,0
0,1,40665,0,0,0,0,0,0,0,0,0,0
1,1,40665,0,0,0,0,0,0,0,0,0,0
0,1,40666,0,0,0,0,0,0,0,0,0,0
2,1,40666,0,0,0,0,0,0,0,0,0,0
3,1,40666,0,0,0,0,0,0,0,0,0,0
1,1,40667,0,0,0,0,2,0,0,0,0,0
2,1,40667,45,0,0,0,15,0,0,0,0,0
1,1,40668,0,0,0,0,0,0,0,0,0,0
2,1,40668,0,0,0,0,0,0,0,0,0,0
0,1,40669,0,32,18,14,0,0,31,0,0,25
1,1,40669,0,0,0,0,0,0,0,0,0,0
1,1,40670,0,0,0,0,0,0,0,0,0,0
1,1,40671,10,10,10,10,10,10,10,10,10,10
0,1,40672,17,38,14,19,14,0,20,31,30,31
1,1,40672,0,5,0,0,0,0,0,15,0,0
1,1,40673,0,0,4,0,0,0,0,0,0,10
2,1,40673,2,2,2,2,2,2,2,2,2,2
1,1,40674,0,0,0,0,0,0,0,0,0,7
2,1,40674,0,0,0,0,0,0,0,0,0,0
1,1,40675,0,0,0,0,0,0,0,0,0,0
2,1,40675,0,0,0,0,0,0,0,0,0,0
1,1,40676,0,0,0,0,0,0,0,0,0,0
1,1,40677,18,18,18,18,18,18,18,18,18,18
1,1,40678,9,9,9,9,9,9,9,9,9,9
2,1,40678,0,0,0,0,0,0,0,0,0,0
3,1,40678,0,0,0,0,0,0,0,0,0,0
1,1,40679,0,0,0,12,9,0,0,0,0,0
1,1,40680,15,15,15,15,15,15,15,15,15,15
1,1,40682,14,14,14,14,14,14,14,14,14,14
1,1,40683,14,14,14,14,14,14,14,14,14,14
0,1,40684,0,0,0,0,17,0,16,12,0,0
0,2,40684,0,0,0,0,0,13,0,0,0,0
0,3,40684,0,22,0,0,0,0,0,0,0,0
2,1,40684,0,0,0,0,0,0,0,0,0,0
1,1,40685,0,0,0,0,0,0,0,0,0,0
2,1,40685,0,0,0,0,0,0,0,0,0,0
1,1,40686,19,19,19,19,19,19,19,19,19,19
2,1,40686,0,0,0,0,0,0,0,0,0,0
1,1,40687,0,0,0,0,0,0,0,0,0,0
1,1,40688,15,15,15,15,15,15,15,15,15,15
1,1,40689,0,0,0,0,0,0,0,0,0,0
2,1,40689,0,0,0,0,0,0,0,0,0,0
3,1,40689,0,0,0,0,0,10,0,0,0,0
1,1,40690,6,6,6,6,6,6,6,6,6,6
2,1,40690,0,0,0,0,0,0,0,0,0,0
3,1,40690,0,0,0,0,0,0,0,0,0,0
1,1,40691,0,0,0,12,0,0,0,0,0,0
2,1,40691,0,0,0,0,0,0,0,0,0,0
1,1,40692,0,0,0,0,0,0,0,0,0,0
1,1,40693,26,26,26,26,26,26,26,26,26,26
1,1,40694,0,0,0,0,0,0,0,0,0,0
2,1,40694,0,0,0,0,0,0,0,0,0,0
3,1,40694,0,0,0,0,0,0,0,0,0,0
0,1,40695,0,0,13,0,0,13,0,15,5,11
1,1,40695,12,0,14,0,2,8,8,0,0,0
1,1,40696,0,0,0,0,0,0,0,0,0,0
2,1,40696,0,0,0,0,0,0,0,0,0,0
1,1,40697,7,9,9,19,24,27,27,8,4,17
2,1,40697,0,0,0,0,0,0,0,0,0,0
1,1,40698,0,0,0,0,0,0,0,0,0,0
2,1,40698,0,0,0,0,0,0,0,0,0,0
1,1,40699,14,14,21,21,11,16,21,11,13,17
1,1,40700,0,0,0,0,0,0,0,9,0,0
1,1,40701,0,0,0,0,0,0,0,0,0,0
2,1,40701,35,0,26,0,0,10,0,8,0,0
1,1,40702,0,0,0,0,0,0,0,0,0,0
2,1,40702,0,0,0,0,0,0,0,0,0,0
1,1,40703,0,0,0,0,0,0,0,0,0,0
2,1,40703,0,0,0,0,0,0,0,0,0,0
1,1,40704,13,13,13,13,13,13,13,13,13,13
1,1,40705,0,0,0,0,0,0,0,0,0,0
2,1,40705,0,0,0,0,0,0,0,0,0,0
1,1,40706,0,0,0,0,0,0,0,0,0,0
2,1,40706,0,0,0,0,0,0,0,7,0,0
3,1,40706,0,0,0,0,0,0,0,0,0,0
4,1,40706,0,0,0,0,0,0,0,0,0,0
1,1,40707,7,13,0,21,10,27,4,0,20,20
1,1,40708,17,17,17,17,17,17,17,17,17,17
2,1,40708,0,0,0,0,0,0,0,0,0,0
3,1,40708,0,0,10,0,0,0,0,0,0,0
1,1,40709,0,0,0,0,0,0,0,0,0,0
2,1,40709,0,0,0,0,0,0,0,0,0,0
1,1,40710,30,18,22,22,38,10,23,21,19,39
1,1,40711,0,0,0,0,0,0,0,22,0,9
0,1,40712,0,0,15,0,16,10,0,11,0,0
1,1,40712,0,0,4,0,0,0,0,0,0,0
2,1,40712,0,0,0,0,0,0,0,0,0,0
1,1,40713,0,0,0,0,0,0,0,0,0,0
2,1,40713,16,0,0,0,10,0,0,0,0,0
1,1,40716,16,16,16,16,16,16,16,16,16,16
1,1,40717,0,0,0,0,0,0,0,0,0,0
1,1,40718,40,40,40,40,40,40,40,40,40,40
1,1,40719,21,21,21,21,21,21,21,21,21,21
2,1,40719,11,11,11,11,11,11,11,11,11,11
1,1,40720,7,7,7,7,7,7,7,7,7,7
1,1,40721,0,0,0,0,0,0,0,0,0,0
2,1,40721,0,0,0,0,0,0,0,0,0,0
1,1,40722,0,0,0,0,0,0,0,0,0,0
2,1,40722,0,0,0,0,0,0,0,0,0,0
0,1,40723,26,26,26,26,26,26,26,26,26,26
1,1,40723,0,0,0,0,14,0,0,0,0,0
1,1,40724,0,0,0,0,0,0,0,0,0,0
2,1,40724,0,0,0,0,0,0,0,0,0,0
1,1,40725,0,0,0,0,0,0,0,0,0,0
1,1,40726,0,0,0,0,0,0,0,0,0,0
2,1,40726,0,0,0,0,0,0,0,0,0,0
1,1,40727,0,12,0,0,9,0,25,0,0,16
2,1,40727,10,0,0,0,0,0,0,0,7,0
1,1,40728,0,0,0,0,0,0,0,0,0,0
2,1,40728,0,0,0,0,0,0,0,0,0,0
3,1,40728,0,0,0,0,0,0,0,0,0,9
1,1,40729,0,0,0,0,0,0,0,0,0,0
1,1,40730,17,17,17,17,17,17,17,17,17,17
1,1,40731,0,0,0,0,0,0,0,0,0,0
2,1,40731,0,0,0,0,0,0,0,0,0,0
1,1,40732,0,0,0,0,0,0,0,0,0,0
2,1,40732,0,0,0,0,0,0,0,0,0,0
1,1,40733,17,17,17,17,17,17,17,17,17,17
0,1,40734,8,23,17,16,14,19,17,15,29,12
1,1,40734,8,19,16,13,3,5,7,13,37,0
0,1,40735,0,0,0,0,0,0,0,0,0,0
1,1,40735,0,0,0,0,0,0,0,0,0,0
1,1,40736,16,16,16,16,16,16,16,16,16,16
2,1,40736,0,0,0,0,0,0,0,0,0,0
1,1,40737,0,0,0,0,0,0,0,0,0,0
2,1,40737,0,0,0,0,0,0,0,0,0,0
1,1,40738,15,15,15,15,15,15,15,15,15,15
1,1,40739,24,24,24,24,24,24,24,24,24,24
2,1,40739,0,0,0,0,0,0,0,0,0,0
0,1,40740,0,0,0,0,0,0,0,0,0,0
1,1,40740,0,0,0,0,0,0,0,0,0,0
1,1,40741,20,20,20,20,20,20,20,20,20,20
0,1,40742,24,24,24,24,24,24,24,24,24,24
1,1,40742,1,1,1,1,1,1,1,1,1,1
0,1,40743,13,13,13,13,13,13,13,13,13,13
1,1,40743,9,9,9,9,9,9,9,9,9,9
0,1,40744,0,0,0,0,0,0,0,0,0,0
1,1,40744,0,0,7,0,0,0,0,0,11,0
0,1,40745,0,0,0,0,0,0,0,0,0,0
2,1,40745,0,0,0,0,0,0,0,0,0,0
3,1,40745,0,0,0,0,0,0,0,0,0,0
4,1,40745,0,0,7,0,0,0,6,0,0,0
5,1,40745,0,0,0,0,0,0,0,0,0,0
6,1,40745,0,0,0,0,0,0,0,0,0,0
1,1,40746,15,0,0,0,0,0,0,0,0,0
1,1,40748,0,23,0,22,16,0,0,0,6,8
2,1,40748,0,0,0,0,0,0,0,0,0,0
1,1,40749,0,0,0,0,0,0,0,0,0,0
2,1,40749,0,0,0,0,0,0,0,4,0,0
0,1,40750,57,57,57,57,57,57,57,57,57,57
1,1,40750,0,0,0,0,0,0,0,0,0,0
1,1,40751,0,0,0,0,0,0,0,9,0,0
2,1,40751,0,0,0,0,0,0,0,0,0,0
1,1,40752,10,0,10,0,0,0,0,0,0,0
2,1,40752,0,0,0,0,0,0,0,0,0,0
0,1,40753,0,0,0,0,7,0,0,0,0,17
1,1,40753,0,0,0,0,0,0,0,0,0,0
1,1,40754,23,23,23,23,23,23,23,23,23,23
1,1,40755,22,22,22,22,22,22,22,22,22,22
1,1,40756,0,0,0,0,0,0,0,0,0,0
2,1,40756,0,0,0,0,0,0,0,0,0,0
3,1,40756,0,0,0,0,0,0,0,0,0,0
1,1,40757,20,20,20,20,20,20,20,20,20,20
1,1,40758,0,0,5,9,0,0,0,0,0,0
0,1,40759,32,32,32,32,32,32,32,32,32,32
1,1,40759,0,0,0,0,15,12,0,0,0,0
0,1,40760,27,27,27,27,27,27,27,27,27,27
1,1,40761,22,22,22,22,22,22,22,22,22,22
2,1,40761,0,0,0,0,0,0,0,0,0,0
0,1,40762,0,0,0,0,0,0,0,0,0,0
1,1,40762,0,0,0,0,0,0,0,0,0,0
1,1,40763,0,0,0,0,0,0,0,0,0,0
2,1,40763,0,0,0,0,0,0,0,0,0,0
1,1,40764,0,0,0,0,0,0,0,0,0,0
1,1,40765,0,0,0,0,0,0,0,0,0,0
1,1,40766,13,13,13,13,13,13,13,13,13,13
1,1,40767,0,0,0,16,0,0,0,0,0,0
2,1,40767,0,0,0,0,0,0,0,0,0,0
1,1,40768,1,1,1,1,1,1,1,1,1,1
2,1,40768,9,9,9,9,9,9,9,9,9,9
1,1,40769,0,0,0,0,0,0,0,0,0,0
2,1,40769,0,0,0,0,0,0,0,0,0,0
0,1,40770,20,20,20,20,20,20,20,20,20,20
1,1,40771,30,30,30,30,30,30,30,30,30,30
2,1,40771,0,0,0,0,0,0,0,0,0,0
3,1,40771,0,0,0,0,0,0,0,0,0,0
1,2,40772,0,0,0,0,0,0,0,0,0,0
2,1,40772,0,0,0,0,7,0,0,0,0,0
1,1,40773,8,8,8,8,8,8,8,8,8,8
1,1,40774,29,15,25,21,39,17,0,37,11,18
1,1,40775,0,0,0,0,0,0,0,0,0,0
2,1,40775,0,0,0,0,0,0,0,0,0,0
1,1,40776,18,18,18,18,18,18,18,18,18,18
0,1,40777,9,9,9,9,9,9,9,9,9,9
1,1,40777,10,10,10,10,10,10,10,10,10,10
1,1,40778,0,0,0,0,0,0,0,0,0,0
2,1,40778,0,0,0,0,0,0,0,0,0,0
0,1,40779,3,3,3,3,3,3,3,3,3,3
1,1,40779,0,0,0,0,0,0,0,0,0,0
1,1,40780,0,0,0,0,0,0,0,0,0,0
2,1,40780,0,0,0,0,0,0,0,0,0,0
1,1,40781,0,0,0,0,0,0,0,0,0,0
2,1,40781,0,3,0,0,0,0,0,0,0,0
3,1,40781,0,0,0,0,0,0,0,0,0,0
0,1,40782,22,22,22,22,22,22,22,22,22,22
1,1,40782,0,0,0,0,0,0,0,0,0,0
2,1,40782,4,8,0,0,2,0,0,7,0,0
0,1,40783,15,15,15,15,15,15,15,15,15,15
1,1,40783,0,0,0,0,0,0,0,0,0,0
1,1,40784,0,0,0,0,0,0,0,0,0,0
2,1,40784,0,0,0,0,0,0,0,0,0,0
1,1,40785,6,6,6,6,6,6,6,6,6,6
2,1,40785,0,0,0,0,0,0,0,0,0,0
3,1,40785,0,0,0,0,0,0,0,0,0,0
4,1,40785,0,0,0,0,0,0,0,0,0,0
1,1,40786,0,0,20,0,0,0,0,0,0,0
1,1,40787,0,0,0,0,0,0,0,0,0,0
2,1,40787,0,0,0,0,0,0,0,0,0,0
1,1,40788,11,11,11,11,11,11,11,11,11,11
1,1,40789,0,0,0,0,0,0,0,0,0,0
1,1,40790,0,0,0,0,0,0,0,0,0,0
1,1,40791,0,0,0,0,0,0,0,0,0,0
1,1,40792,0,20,0,0,0,0,0,0,0,0
1,1,40793,0,0,0,0,0,0,0,0,0,0
1,1,40794,0,0,0,0,0,0,0,0,0,0
2,1,40794,0,0,0,0,0,0,0,0,0,0
1,1,40795,0,0,0,17,0,2,0,0,0,0
1,1,40796,0,0,0,0,0,0,0,0,0,0
2,1,40796,0,0,0,0,0,0,0,0,0,0
1,1,40797,0,0,0,0,0,0,0,0,0,0
1,1,40798,0,0,0,0,0,0,0,0,0,0
2,1,40798,0,0,0,0,0,0,0,0,0,0
1,1,40799,20,37,10,17,17,17,9,12,9,26
0,1,40800,29,29,29,29,29,29,29,29,29,29
1,1,40800,1,1,1,1,1,1,1,1,1,1
1,1,40801,16,16,16,16,16,16,16,16,16,16
1,1,40802,0,0,0,0,0,0,0,0,3,0
2,1,40802,0,0,0,0,0,0,0,0,0,0
1,1,40803,22,0,0,0,22,0,0,3,5,11
1,1,40804,0,0,0,0,0,0,0,0,0,0
2,1,40804,0,0,0,0,0,0,0,0,0,0
0,1,40805,0,0,0,0,0,0,0,0,0,0
1,1,40805,21,21,21,21,21,21,21,21,21,21
1,1,40806,0,0,0,0,0,0,0,0,0,0
2,1,40806,0,0,0,0,0,0,0,0,0,0
0,1,40807,23,23,23,23,23,23,23,23,23,23
1,1,40807,0,0,0,0,0,0,0,0,0,0
0,1,40808,4,4,4,4,4,4,4,4,4,4
1,1,40808,0,0,0,0,0,8,0,0,0,0
1,1,40809,0,0,0,0,0,0,0,0,0,0
1,1,40810,0,0,0,0,0,0,0,0,0,0
1,1,40811,0,0,0,0,0,0,0,0,0,0
2,1,40811,0,0,0,0,0,0,0,9,0,0
3,1,40811,0,0,0,0,0,0,0,0,0,0
1,1,40812,0,0,0,0,0,0,0,0,0,0
0,1,40813,0,0,0,0,0,0,0,0,0,0
1,1,40813,0,0,0,0,0,0,0,0,0,0
1,1,40815,0,7,0,0,0,0,0,0,0,0
2,1,40815,0,0,0,0,0,0,0,0,0,0
0,1,40816,20,20,20,20,20,20,20,20,20,20
1,1,40816,0,0,0,0,0,0,0,0,0,0
1,1,40817,0,0,0,0,0,0,0,0,0,0
2,1,40817,0,0,0,0,0,0,0,0,0,0
3,1,40817,0,0,0,0,0,0,0,0,0,0
1,1,40818,16,16,16,16,16,16,16,16,16,16
1,1,40819,23,14,36,22,20,12,15,14,11,22
0,1,40820,42,26,28,26,33,20,24,11,33,0
1,1,40820,0,0,0,0,0,0,0,0,0,0
0,1,40821,21,21,21,21,21,21,21,21,21,21
1,1,40821,0,10,0,0,0,0,9,18,13,0
1,1,40822,0,0,0,0,0,0,0,0,0,0
1,1,40823,22,22,22,22,22,22,22,22,22,22
2,1,40823,0,0,0,0,0,0,0,0,0,0
0,1,40824,0,0,0,0,0,0,0,0,0,0
1,1,40824,0,0,0,0,0,0,0,0,0,0
0,1,40825,37,0,0,0,8,12,0,0,0,0
1,1,40825,0,33,7,0,0,6,11,0,0,0
1,1,40826,27,27,27,27,27,27,27,27,27,27
1,1,40827,1,1,1,1,1,1,1,1,1,1
2,1,40827,0,0,0,0,0,0,0,0,0,0
1,1,40828,14,14,14,14,14,14,14,14,14,14
0,1,40829,0,0,0,0,0,0,0,0,0,0
1,1,40829,0,0,0,0,0,0,0,0,0,0
1,1,40830,0,23,22,18,15,11,0,30,19,8
1,1,40831,0,0,0,0,0,0,0,0,0,0
2,1,40831,0,0,0,0,0,0,0,0,0,0
1,1,40832,0,0,0,0,0,0,0,0,0,0
2,1,40832,0,0,0,0,0,0,0,0,0,0
0,1,40833,0,0,0,0,0,0,0,0,0,0
1,1,40833,0,0,0,0,0,0,0,0,0,0
1,1,40834,0,0,6,0,0,22,0,6,29,0
1,1,40835,0,0,0,0,0,0,0,0,0,0
2,1,40835,0,0,0,0,18,0,0,0,0,0
1,1,40836,0,0,0,0,0,0,0,0,0,0
2,1,40836,0,0,0,0,0,0,0,0,0,0
3,1,40836,0,0,0,0,0,0,0,0,0,0
4,1,40836,0,0,0,0,0,0,0,0,0,0
1,1,40837,0,0,0,0,0,0,0,0,0,12
1,1,40838,0,0,0,0,0,0,0,0,0,0
2,1,40838,0,0,0,0,0,0,0,0,0,0
1,1,40839,0,0,0,0,0,0,0,0,0,0
2,1,40839,0,0,0,0,0,0,0,0,0,0
0,1,40840,0,0,0,11,36,13,0,0,23,0
1,1,40840,0,0,0,0,0,0,0,0,0,0
0,1,40841,0,0,0,0,0,0,0,0,0,0
1,1,40841,16,16,16,16,16,16,16,16,16,16
1,1,40842,0,0,0,0,0,0,0,0,0,0
2,1,40842,0,0,0,0,0,5,0,0,4,0
3,1,40842,17,0,0,0,0,0,0,0,0,0
1,1,40843,0,0,24,0,24,0,0,23,0,0
1,1,40844,23,23,23,23,23,23,23,23,23,23
2,1,40844,0,0,0,0,0,0,0,0,0,0
1,1,40845,38,38,38,38,38,38,38,38,38,38
1,1,40846,0,0,0,0,0,0,0,0,0,0
2,1,40846,0,0,0,0,5,0,0,0,0,0
1,1,40847,0,0,18,0,0,0,0,0,0,0
2,1,40847,0,0,0,0,0,0,0,0,0,0
1,1,40848,36,36,36,36,36,36,36,36,36,36
1,1,40849,22,22,22,22,22,22,22,22,22,22
2,1,40849,0,0,0,0,0,0,0,0,0,0
3,1,40849,0,0,0,0,0,0,0,0,0,0
1,1,40850,0,0,0,0,0,0,0,0,0,0
2,1,40850,0,0,0,0,0,0,0,0,0,0
1,1,40851,22,22,22,22,22,22,22,22,22,22
1,1,40852,0,0,0,0,0,0,0,0,0,0
1,1,40853,19,19,31,19,25,11,23,20,17,11
1,1,40854,0,0,0,0,0,0,0,0,0,8
1,1,40855,14,14,14,14,14,14,14,14,14,14
1,1,40856,18,27,25,12,11,20,15,14,10,11
1,1,40857,0,0,22,0,0,0,0,0,0,12
1,1,40858,0,5,0,0,0,0,0,8,0,0
1,1,40859,0,0,0,0,0,0,0,0,0,0
1,1,40860,20,20,20,20,20,20,20,20,20,20
0,1,40861,0,0,0,0,0,0,0,0,0,0
1,1,40861,0,0,0,0,0,0,0,0,0,0
1,1,40862,0,0,0,0,0,0,0,0,0,0
1,1,40863,14,14,14,14,14,14,14,14,14,14
1,1,40864,19,23,18,18,18,6,18,27,32,30
0,1,40865,0,0,0,0,0,17,39,30,22,0
1,1,40865,22,22,22,22,22,22,22,22,22,22
1,2,40866,0,3,5,0,3,9,20,12,0,0
1,1,40867,0,16,8,0,5,0,0,0,0,0
1,1,40868,20,20,20,20,20,20,20,20,20,20
1,1,40869,15,38,0,0,0,22,0,0,0,0
1,1,40870,0,0,0,0,0,0,0,0,0,0
2,1,40870,0,0,0,0,0,0,0,0,0,0
1,2,40871,7,0,0,0,0,0,0,0,4,0
1,1,40872,0,0,0,0,3,16,17,0,0,0
2,1,40872,0,0,0,0,0,0,0,0,0,0
1,1,40873,27,27,27,27,27,27,27,27,27,27
1,1,40874,0,0,0,0,0,0,0,0,0,0
2,1,40874,0,0,0,0,0,0,0,0,0,0
3,1,40874,0,0,0,0,0,0,0,0,0,0
1,1,40875,7,7,7,7,7,7,7,7,7,7
1,1,40876,11,11,11,11,11,11,11,11,11,11
1,1,40877,0,0,0,0,0,0,0,0,0,0
2,1,40877,0,0,0,0,0,0,2,5,0,0
1,1,40878,0,0,0,0,0,0,0,0,0,0
0,1,40879,22,22,22,22,22,22,22,22,22,22
1,1,40879,0,0,23,5,0,0,0,0,0,0
0,1,40880,23,23,23,23,23,23,23,23,23,23
1,1,40880,0,0,0,0,0,0,0,0,0,0