VEH_NO,PER_NO,ST_CASE,P1,P2,P3,P4,P5,P6,P7,P8,P9,P10
1,1,40881,3,9,0,5,16,8,26,0,0,0
0,1,40882,0,0,0,0,0,0,0,0,0,0
0,2,40882,0,21,0,0,0,31,0,0,0,21
1,1,40882,6,0,0,0,0,0,15,0,0,0
1,1,40883,20,20,20,20,20,20,20,20,20,20
2,1,40883,0,0,0,0,0,0,0,0,7,0
1,1,40884,23,23,23,23,23,23,23,23,23,23
2,1,40884,4,4,4,4,4,4,4,4,4,4
1,1,40885,8,21,16,12,11,12,9,19,9,15
2,1,40885,0,0,0,0,0,0,0,0,0,0
1,1,40886,0,0,0,0,0,0,0,0,0,0
2,1,40886,0,0,0,0,0,10,0,0,0,0
1,1,40888,21,25,12,30,34,23,6,10,7,12
1,1,40889,20,20,20,20,20,20,20,20,20,20
2,1,40889,2,2,2,2,2,2,2,2,2,2
1,1,40890,17,17,17,17,17,17,17,17,17,17
1,1,40891,5,19,11,15,0,0,21,0,0,0
1,1,40892,0,0,15,0,0,0,0,0,0,20
2,1,40892,0,0,0,16,0,0,16,0,5,0
0,1,40893,9,9,9,9,9,9,9,9,9,9
1,1,40893,0,0,0,0,0,14,0,0,0,0
0,1,40894,0,8,26,22,13,0,10,0,11,25
1,1,40894,0,0,0,0,0,0,0,0,8,0
0,1,40895,18,18,18,18,18,18,18,18,18,18
1,1,40895,0,0,0,2,10,0,6,0,0,12
1,1,40896,0,0,0,0,0,0,0,0,0,0
0,1,40897,20,25,15,20,0,0,0,0,9,0
1,1,40897,0,10,3,0,3,0,0,6,42,7
1,2,40898,24,0,0,0,0,0,12,13,17,0
1,1,40899,0,0,0,0,0,0,0,0,0,0
2,1,40899,0,0,0,0,0,0,0,0,0,0
3,1,40899,0,0,0,0,0,0,0,0,0,0
1,1,40900,0,0,18,13,0,7,3,18,2,30
2,1,40900,13,0,12,14,16,24,0,9,0,10
0,1,40901,6,6,6,6,6,6,6,6,6,6
1,1,40901,6,6,6,6,6,6,6,6,6,6
1,2,40902,9,0,10,7,0,33,7,0,24,0
1,1,40904,32,14,19,19,5,15,12,0,14,17
0,1,40905,12,12,12,12,12,12,12,12,12,12
0,2,40905,0,0,0,0,0,0,0,12,15,9
1,1,40905,9,6,0,0,0,0,0,0,0,0
1,1,40906,14,30,25,13,0,4,20,30,6,24
1,1,40908,0,0,0,0,0,0,0,0,0,0
2,1,40908,4,4,4,4,4,4,4,4,4,4
1,1,40909,0,0,0,0,0,0,0,0,0,0
1,1,40910,6,0,17,13,0,7,13,25,9,15
2,1,40910,0,0,0,0,0,0,0,0,0,0
1,1,40911,22,22,22,22,22,22,22,22,22,22
1,1,40912,27,27,27,27,27,27,27,27,27,27
1,1,40913,0,7,0,0,0,0,0,0,0,24
2,1,40913,0,0,0,0,0,0,0,0,0,0
0,1,40915,50,0,16,19,31,0,14,22,4,12
1,1,40915,0,0,4,0,15,0,0,8,14,5
1,1,40916,0,0,0,0,0,0,0,0,0,0
2,1,40916,0,0,0,0,0,13,6,0,0,0
1,1,40917,15,15,15,15,15,15,15,15,15,15
1,1,40918,0,0,0,0,7,22,0,19,0,18
2,1,40918,12,12,12,12,12,12,12,12,12,12
1,1,40919,0,0,0,0,0,0,0,0,0,0
1,1,40920,0,0,0,0,0,0,0,0,0,0
2,1,40920,0,0,0,0,0,0,0,0,0,0
1,1,40921,0,0,0,0,0,0,0,0,0,0
2,1,40921,0,0,0,0,0,0,0,0,0,0
1,1,40922,0,0,0,0,0,0,0,0,0,0
1,1,40923,13,13,13,13,13,13,13,13,13,13
2,1,40923,16,0,0,0,0,0,0,0,0,0
3,1,40923,0,0,0,0,0,0,0,11,0,0
1,1,40924,30,30,30,30,30,30,30,30,30,30
1,1,40925,0,0,0,0,0,0,0,0,0,0
1,1,40926,5,5,5,5,5,5,5,5,5,5
1,1,40927,0,0,0,0,0,0,0,0,0,0
2,1,40927,0,0,0,0,0,0,0,0,0,0
1,1,40928,2,0,7,0,0,0,0,0,0,0
2,1,40928,0,0,0,0,4,0,0,0,0,0
3,1,40928,0,0,0,0,0,0,15,0,9,0
1,1,40929,12,0,0,0,0,30,0,0,0,6
1,1,40930,0,0,0,0,0,0,0,0,0,0
2,1,40930,0,0,0,0,0,0,0,0,0,0
1,1,40931,0,0,0,0,0,0,0,0,0,0
2,1,40931,0,0,0,0,0,0,0,0,0,7
1,1,40932,19,19,19,19,19,19,19,19,19,19
2,1,40932,0,0,0,0,0,0,0,0,0,0
1,1,40933,0,0,0,0,0,0,0,0,0,0
2,1,40933,0,0,0,0,0,0,0,0,0,0
1,1,40934,0,0,0,0,0,0,0,0,0,0
2,1,40934,0,0,0,0,0,0,0,0,0,0
1,1,40935,0,0,0,0,0,0,0,0,0,0
0,1,40936,0,0,0,0,0,0,0,0,0,0
1,1,40936,0,0,0,0,0,0,0,0,7,0
0,1,40937,6,0,0,0,0,0,0,0,0,14
1,1,40937,11,14,0,0,0,0,0,0,0,8
1,1,40938,22,22,22,22,22,22,22,22,22,22
2,1,40938,0,0,0,0,0,0,0,0,12,0
1,1,40939,0,0,0,0,0,0,0,0,0,0
2,1,40939,0,0,0,0,0,0,0,0,0,0
0,1,40940,0,0,0,0,0,0,0,0,0,0
1,1,40940,0,0,0,0,0,0,0,0,0,0
1,1,40941,0,0,25,0,0,0,0,0,0,0
2,1,40941,0,0,0,0,0,0,0,0,0,0
3,1,40941,0,0,0,0,0,0,0,0,0,0
1,1,40942,0,0,0,0,0,0,0,0,0,0
2,1,40942,0,0,0,0,0,0,0,0,0,0
1,1,40943,0,0,0,0,0,0,0,0,0,0
1,2,40944,14,11,0,13,0,0,0,13,12,3
1,1,40945,16,16,16,16,16,16,16,16,16,16
1,1,40946,0,0,0,0,0,8,0,0,0,0
2,1,40946,0,0,0,0,0,0,0,0,0,7
1,1,40947,14,14,14,14,14,14,14,14,14,14
2,1,40947,0,0,0,0,0,0,0,0,0,0
3,1,40947,0,0,0,0,0,0,0,0,0,0
1,2,40948,0,16,0,0,0,0,0,0,18,0
1,1,40949,21,21,21,21,21,21,21,21,21,21
1,1,40950,0,0,0,0,0,0,0,0,0,0
2,1,40950,0,0,0,0,0,0,0,0,0,0
1,1,40951,0,0,0,14,0,0,0,0,0,0
0,1,40952,0,0,0,0,0,0,0,0,0,0
1,1,40952,0,0,0,0,0,0,0,0,0,0
1,1,40953,0,0,0,18,14,0,0,0,0,25
2,1,40953,0,0,0,0,0,0,0,0,0,0
1,2,40954,9,14,5,5,4,12,5,6,9,5
1,1,40955,0,0,0,0,0,0,0,0,0,0
2,1,40955,0,0,0,0,0,0,0,0,0,0
1,1,40956,12,12,12,12,12,12,12,12,12,12
1,1,40957,24,24,24,24,24,24,24,24,24,24
2,1,40957,0,0,0,0,0,0,0,0,0,0
1,1,40958,6,6,6,6,6,6,6,6,6,6
2,1,40958,0,0,0,0,0,0,0,0,0,0
3,1,40958,0,0,0,0,0,0,0,0,0,0
1,1,40959,0,0,0,0,0,0,0,0,0,0
2,1,40959,0,0,0,0,0,0,0,0,0,0
1,1,40960,16,16,16,16,16,16,16,16,16,16
1,1,40961,12,12,12,12,12,12,12,12,12,12
2,1,40961,0,0,0,0,0,0,0,0,0,0
1,1,40962,19,19,19,19,19,19,19,19,19,19
2,1,40962,0,0,0,0,0,0,0,0,0,0
1,1,40963,11,3,7,7,6,14,0,15,9,14
1,1,40964,0,0,0,0,0,0,0,0,0,0
1,1,40967,14,0,25,9,0,0,0,0,0,6
1,1,40968,0,0,8,13,0,0,0,0,0,3
1,2,40970,16,0,0,9,14,11,0,0,6,12
1,1,40971,0,0,14,0,0,0,0,0,0,0
0,1,40972,21,29,16,9,23,27,22,28,8,18
1,1,40972,0,0,0,0,0,0,0,0,0,0
0,1,40973,2,28,26,9,0,15,7,13,27,0
1,1,40973,0,26,5,0,0,2,16,17,10,20
1,2,40974,0,5,0,19,3,16,5,0,16,0
1,2,40975,20,20,0,25,18,12,7,14,18,20
0,1,40976,0,0,12,0,15,0,0,0,0,11
1,1,40976,6,11,15,7,0,0,0,0,0,0
0,1,40977,18,0,11,0,11,22,0,0,0,0
1,1,40977,0,15,0,0,0,0,0,0,0,0
1,1,40978,3,29,15,6,10,19,17,30,24,6
1,2,40979,13,9,3,30,0,0,0,3,4,0
1,3,40980,0,10,0,0,0,28,20,26,0,16
1,1,50001,18,18,18,18,18,18,18,18,18,18
2,1,50001,0,0,0,0,0,0,0,19,0,0
1,1,50002,16,16,16,16,16,16,16,16,16,16
1,1,50003,0,0,0,0,0,0,0,0,0,0
1,1,50004,0,0,0,0,0,0,0,0,0,0
2,1,50004,12,12,12,12,12,12,12,12,12,12
1,1,50006,0,24,0,15,15,14,19,44,20,20
1,1,50007,0,0,0,0,0,0,0,0,0,0
1,1,50008,0,0,0,0,0,0,0,0,0,0
1,1,50009,23,23,15,25,30,36,11,14,20,10
1,1,50010,0,0,0,0,0,0,0,0,0,0
2,1,50010,0,0,0,0,0,0,0,0,0,0
0,1,50011,0,0,0,0,0,0,0,0,0,0
1,1,50011,0,0,0,0,0,0,0,0,0,0
1,1,50012,0,0,0,0,0,0,0,0,0,0
2,1,50012,0,0,0,0,0,0,0,0,0,0
1,1,50013,31,31,31,31,31,31,31,31,31,31
1,1,50014,22,22,22,22,22,22,22,22,22,22
0,1,50015,7,17,0,0,18,0,0,0,0,0
1,1,50015,0,0,0,0,0,14,0,0,0,0
1,1,50016,0,0,0,0,0,0,0,0,0,0
2,1,50016,0,0,0,0,0,0,0,0,0,0
1,1,50017,23,23,23,23,23,23,23,23,23,23
0,1,50018,0,0,0,0,0,0,0,0,0,0
1,1,50018,27,27,27,27,27,27,27,27,27,27
1,1,50019,0,0,0,0,0,0,0,0,3,0
1,1,50020,0,0,0,0,0,0,0,0,0,0
1,1,50021,32,32,32,32,32,32,32,32,32,32
1,1,50022,0,0,0,0,0,0,0,0,0,0
1,1,50023,0,0,0,0,0,0,0,0,0,0
2,1,50023,0,0,0,0,0,0,0,0,0,0
1,1,50024,0,0,0,0,0,0,0,0,0,0
1,1,50025,0,0,0,0,0,0,0,0,0,0
2,1,50025,0,0,0,0,0,0,0,0,0,0
0,1,50026,0,0,0,0,0,0,0,0,0,0
2,1,50026,0,0,0,0,0,0,0,0,0,0
1,1,50027,0,0,0,0,0,0,0,0,0,0
2,1,50027,27,27,27,27,27,27,27,27,27,27
1,1,50028,0,0,0,0,0,0,0,0,0,0
2,1,50028,0,0,0,0,0,0,0,0,0,0
1,1,50029,0,0,0,0,0,0,0,0,0,0
2,1,50029,0,0,0,0,0,0,0,0,0,0
1,1,50030,35,35,35,35,35,35,35,35,35,35
1,1,50031,0,0,0,0,0,0,0,0,0,0
1,1,50032,0,0,0,0,0,0,0,0,0,0
2,1,50032,0,0,0,6,0,0,0,0,0,0
1,1,50033,27,27,27,27,27,27,27,27,27,27
1,1,50034,0,0,0,0,0,0,0,0,0,0
1,1,50035,0,0,0,0,0,0,0,0,0,0
2,1,50035,0,0,0,0,0,0,0,0,0,0
1,1,50036,0,0,0,0,0,0,0,0,0,0
1,1,50037,34,17,9,19,20,0,14,20,26,19
2,1,50038,8,38,0,0,0,0,0,0,0,0
0,1,50039,0,0,0,0,0,0,0,0,0,0
1,1,50039,0,0,0,0,0,0,0,0,0,0
1,1,50040,0,0,0,0,0,0,0,0,0,0
2,1,50040,0,0,0,0,0,0,0,0,0,0
1,1,50041,0,0,0,0,0,0,0,0,0,0
2,1,50041,0,9,0,0,0,0,0,0,0,0
1,1,50042,22,22,22,22,22,22,22,22,22,22
2,1,50042,0,0,0,0,20,0,0,30,0,0
1,1,50043,11,16,0,0,21,14,0,23,0,14
1,1,50044,24,24,24,24,24,24,24,24,24,24
1,1,50045,0,0,0,0,0,0,0,0,0,0
1,1,50046,24,16,14,0,14,6,31,23,9,13
1,1,50047,0,0,0,0,0,0,0,0,0,0
2,1,50047,0,0,0,0,0,0,0,0,0,0
1,1,50048,0,0,0,0,0,0,0,0,0,0
2,1,50048,0,0,0,0,0,0,0,0,0,0
1,1,50049,0,0,0,0,0,0,0,0,0,0
1,1,50050,0,0,0,0,0,0,0,0,6,0
2,1,50050,0,5,0,0,0,0,0,0,0,0
1,1,50051,0,0,0,0,0,0,0,0,0,0
2,1,50051,0,0,0,0,0,0,0,0,0,0
3,1,50051,0,0,0,0,0,0,0,0,0,0
1,1,50052,0,0,0,0,0,0,0,0,0,0
1,1,50053,0,0,0,0,0,0,0,0,0,0
2,1,50053,0,0,0,0,0,0,0,0,0,0
1,1,50054,0,0,0,0,0,0,0,0,0,0
2,1,50054,0,0,0,0,0,0,0,0,0,0
1,1,50055,0,0,0,0,0,0,0,0,0,0
2,1,50055,23,23,23,23,23,23,23,23,23,23
3,1,50055,0,0,0,0,0,0,0,0,0,0
4,1,50055,0,0,0,0,32,0,0,0,0,0
1,1,50056,0,0,3,0,0,0,0,0,0,0
1,1,50057,0,0,0,0,0,0,0,0,0,0
1,1,50058,0,0,0,0,0,0,0,0,0,0
2,1,50058,0,0,0,0,0,0,0,0,0,0
1,1,50059,0,0,0,0,0,0,0,0,0,0
2,1,50059,0,0,0,0,0,0,0,0,0,0
1,1,50060,0,0,0,0,0,0,0,0,0,0
2,1,50060,8,8,8,8,8,8,8,8,8,8
1,1,50061,29,29,29,29,29,29,29,29,29,29
1,1,50062,7,7,7,7,7,7,7,7,7,7
2,1,50062,0,0,0,0,0,0,0,0,0,0
1,1,50063,0,0,0,0,0,0,10,0,0,0
2,1,50063,9,0,0,0,0,0,0,0,0,0
1,1,50064,0,0,0,0,0,0,0,0,0,0
1,1,50065,0,0,0,0,0,0,0,0,0,0
2,1,50065,16,16,16,16,16,16,16,16,16,16
1,1,50066,0,0,0,0,0,0,0,0,0,0
2,1,50066,0,0,0,0,0,0,0,0,0,0
0,1,50067,0,0,0,0,0,0,0,0,0,0
1,1,50067,0,0,0,0,21,0,0,0,0,0
1,1,50068,0,0,0,0,0,0,0,0,0,0
1,1,50069,0,0,0,0,0,0,0,0,0,0
2,1,50069,0,0,0,0,0,0,0,0,0,0
1,1,50070,0,0,0,0,0,0,0,0,0,0
1,1,50071,0,0,0,0,0,0,0,0,0,0
2,1,50071,0,0,0,0,0,0,0,0,0,0
1,1,50072,0,0,0,0,0,0,0,0,0,0
2,1,50072,0,0,0,0,0,0,0,0,0,0
1,1,50073,21,21,21,21,21,21,21,21,21,21
1,1,50074,0,0,0,0,0,0,0,0,0,0
2,1,50074,0,0,0,0,0,0,0,0,0,0
1,1,50075,0,0,0,0,0,0,0,0,0,0
2,1,50075,0,0,0,0,0,0,0,0,0,0
1,1,50076,0,0,0,0,0,0,0,0,0,0
0,1,50077,17,28,43,23,35,0,21,0,20,18
1,1,50077,0,0,0,0,0,0,0,12,11,0
1,1,50078,0,0,0,0,0,0,0,0,0,0
1,1,50079,0,0,0,0,0,0,0,0,0,0
1,1,50080,0,0,0,0,0,0,0,0,0,0
2,1,50080,0,0,0,0,0,0,0,0,0,0
0,1,50081,13,13,13,13,13,13,13,13,13,13
1,1,50081,0,0,0,0,0,0,0,0,0,0
1,1,50082,1,1,1,1,1,1,1,1,1,1
1,1,50083,11,11,11,11,11,11,11,11,11,11
0,1,50084,0,0,0,0,0,0,0,0,0,0
1,1,50084,0,0,0,0,0,0,0,0,0,0
1,1,50085,8,8,8,8,8,8,8,8,8,8
1,1,50086,12,12,12,12,12,12,12,12,12,12
1,1,50087,0,0,0,0,0,0,0,0,0,0
2,1,50087,0,0,0,0,0,0,0,0,0,0
1,1,50088,0,0,0,0,0,0,0,0,11,2
2,1,50088,0,0,0,0,0,0,0,0,0,0
1,1,50089,0,0,0,0,0,0,18,0,0,0
2,1,50089,14,0,0,0,0,0,0,0,0,0
1,1,50090,0,0,0,0,0,0,0,0,0,0
2,1,50090,0,0,0,0,0,0,0,0,0,0
0,1,50091,16,16,16,16,16,16,16,16,16,16
1,1,50091,0,0,0,0,0,0,0,0,0,0
1,1,50092,0,0,0,16,0,0,0,0,0,0
1,1,50093,0,0,0,0,0,0,0,0,0,0
2,1,50093,0,0,0,0,0,0,0,0,0,0
1,1,50094,0,0,0,0,0,0,0,0,0,0
1,1,50095,3,3,3,3,3,3,3,3,3,3
1,1,50096,1,1,1,1,1,1,1,1,1,1
1,1,50097,14,14,14,14,14,14,14,14,14,14
2,1,50097,0,0,0,0,0,0,0,0,0,0
3,1,50097,0,0,0,0,0,0,0,0,0,0
1,1,50098,0,0,0,0,0,0,0,0,0,0
2,1,50098,0,0,0,0,0,0,0,0,0,0
1,1,50099,4,4,4,4,4,4,4,4,4,4
1,1,50100,0,0,0,0,0,0,0,0,0,0
2,1,50100,0,0,0,0,0,0,0,0,0,0
1,1,50101,0,0,0,0,0,0,16,0,0,0
1,1,50102,0,0,0,0,0,0,0,0,0,0
2,1,50102,0,0,0,0,0,0,0,0,0,0
1,1,50103,0,0,0,0,0,0,0,0,0,0
2,1,50103,0,0,0,0,0,0,0,0,0,0
1,1,50104,0,0,0,0,0,0,0,0,0,0
2,1,50104,0,0,0,0,0,0,0,0,0,0
1,1,50105,38,38,38,38,38,38,38,38,38,38
1,1,50106,0,0,0,0,0,0,0,0,0,0
2,1,50106,0,0,0,0,0,0,0,0,0,0
1,1,50107,0,0,0,0,0,0,0,0,0,0
2,1,50107,0,0,0,0,0,0,0,0,0,0
0,1,50108,0,0,0,0,0,0,0,0,0,0
1,1,50108,0,0,0,0,0,0,0,0,0,0
1,1,50109,0,0,0,0,0,0,0,0,0,0
1,1,50110,19,19,19,19,19,19,19,19,19,19
1,1,50111,0,0,0,0,0,0,0,0,0,0
1,1,50112,0,0,0,0,0,0,0,0,0,0
1,1,50113,0,0,0,0,0,0,0,0,0,0
1,1,50114,13,13,13,13,13,13,13,13,13,13
1,1,50115,10,10,10,10,10,10,10,10,10,10
2,1,50115,0,0,0,0,0,0,0,0,0,0
1,1,50116,1,1,1,1,1,1,1,1,1,1
1,1,50117,0,0,0,0,0,0,0,0,0,0
1,1,50118,0,5,0,0,9,17,0,0,14,0
1,1,50119,0,0,0,0,0,0,0,0,0,0
1,1,50120,0,0,0,0,0,0,0,0,0,0
1,1,50121,19,19,19,19,19,19,19,19,19,19
1,1,50122,0,0,0,0,0,0,0,0,0,0
1,1,50123,0,0,4,0,0,0,0,0,0,0
1,1,50124,0,0,0,0,0,0,0,0,0,0
2,1,50124,0,0,0,0,0,0,0,0,0,0
1,1,50125,0,0,0,0,0,0,0,0,0,0
1,1,50126,13,13,13,13,13,13,13,13,13,13
2,1,50126,3,3,3,3,3,3,3,3,3,3
3,1,50126,0,0,0,0,0,0,12,0,0,0
1,1,50127,0,0,0,0,0,0,0,0,0,0
1,1,50128,0,0,0,0,0,0,0,0,0,0
1,1,50129,0,0,0,0,0,0,0,0,0,0
2,1,50129,0,0,0,0,0,0,0,0,0,0
1,1,50130,32,32,32,32,32,32,32,32,32,32
1,1,50131,26,26,26,26,26,26,26,26,26,26
0,1,50132,0,0,0,0,0,0,0,0,0,0
1,1,50132,0,0,0,0,0,0,0,0,0,0
2,1,50132,0,0,0,0,0,0,0,0,0,0
3,1,50132,0,0,0,0,0,0,0,0,0,0
0,1,50133,0,0,0,0,0,0,0,0,0,0
1,1,50133,0,0,0,0,0,0,0,0,0,0
0,1,50134,21,21,21,21,21,21,21,21,21,21
1,1,50134,0,0,0,0,0,0,0,0,0,0
1,1,50135,0,7,0,0,0,0,0,0,0,0
2,1,50135,0,0,0,0,0,0,0,0,0,0
3,1,50135,0,0,0,0,0,0,0,0,0,0
4,1,50135,0,0,0,0,0,0,0,0,0,0
1,1,50136,0,0,0,0,0,0,0,0,0,0
1,1,50137,23,23,23,23,23,23,23,23,23,23
2,1,50137,0,0,0,0,0,0,0,0,0,0
1,1,50138,20,20,20,20,20,20,20,20,20,20
2,1,50138,0,0,0,0,0,0,0,0,0,0
1,1,50139,4,0,0,0,0,0,0,0,0,0
2,1,50139,0,0,0,0,0,0,0,0,0,0
1,1,50140,0,0,0,0,0,0,0,0,0,0
1,1,50141,9,9,9,9,9,9,9,9,9,9
1,1,50142,0,0,0,0,0,0,0,0,0,0
2,1,50142,0,0,0,0,0,0,0,0,0,0
1,1,50143,0,15,0,0,0,6,0,0,0,0
2,1,50143,0,0,0,0,0,0,0,0,0,0
1,1,50144,0,0,0,0,0,0,0,0,0,0
2,1,50144,0,0,0,0,0,0,0,0,0,0
1,1,50145,0,0,0,0,0,0,0,0,0,13
1,1,50146,0,0,0,0,0,0,0,0,0,0
1,1,50147,7,7,7,7,7,7,7,7,7,7
0,1,50148,0,0,0,0,0,0,0,0,0,0
1,1,50148,0,0,0,0,0,0,0,0,0,0
1,1,50149,0,0,0,0,0,0,0,0,0,0
2,1,50149,0,0,0,0,0,0,0,0,0,0
3,1,50149,0,0,0,0,0,0,0,0,0,0
1,1,50150,0,0,0,0,0,0,0,0,0,0
1,1,50151,0,0,0,0,0,0,0,7,12,0
1,1,50152,0,0,0,0,0,0,0,0,0,0
2,1,50152,25,25,25,25,25,25,25,25,25,25
1,1,50153,19,19,19,19,19,19,19,19,19,19
1,1,50154,0,0,0,0,0,0,0,0,0,0
2,1,50154,0,0,0,0,0,0,0,0,0,0
1,1,50155,5,5,5,5,5,5,5,5,5,5
0,1,50156,24,24,24,24,24,24,24,24,24,24
1,1,50156,0,0,0,0,0,0,0,0,0,0
1,1,50157,16,18,36,6,0,0,40,0,32,25
1,1,50158,0,0,0,0,0,0,0,0,0,0
1,1,50159,0,0,0,0,0,0,0,0,0,0
2,1,50159,0,0,0,0,0,0,0,0,0,0
1,1,50160,0,0,0,0,0,0,0,0,0,0
2,1,50160,0,0,0,0,0,0,0,0,0,0
1,1,50161,0,0,0,0,0,0,0,0,0,0
1,1,50162,29,29,29,29,29,29,29,29,29,29
1,1,50163,9,9,9,9,9,9,9,9,9,9
1,1,50164,0,0,0,0,0,0,0,0,0,0
2,1,50164,0,0,0,0,0,0,0,0,0,0
1,1,50165,23,23,23,23,23,23,23,23,23,23
1,1,50166,22,22,22,22,22,22,22,22,22,22
1,1,50167,3,3,3,3,3,3,3,3,3,3
1,1,50168,0,0,0,0,0,0,0,0,0,0
1,1,50169,0,0,0,0,0,0,0,0,0,0
1,1,50170,0,0,0,0,0,0,0,0,0,0
1,1,50171,12,0,0,0,0,16,0,0,0,0
2,1,50171,0,0,0,0,0,0,0,0,0,0
1,1,50172,0,0,0,0,0,0,0,0,0,0
2,1,50172,0,0,0,0,0,0,0,0,0,0
1,1,50173,11,11,11,11,11,11,11,11,11,11
1,1,50174,23,23,23,23,23,23,23,23,23,23
1,1,50175,0,0,0,0,0,0,0,0,0,0
2,1,50175,0,0,0,0,0,0,0,0,0,0
1,1,50176,0,0,0,0,0,0,0,0,0,0
1,1,50177,0,0,0,0,0,0,0,0,0,0
2,1,50177,0,0,0,0,0,0,0,0,0,0
1,1,50178,18,18,18,18,18,18,18,18,18,18
1,1,50179,0,0,0,0,0,0,0,0,0,0
2,1,50179,0,0,0,0,0,0,0,0,0,0
3,1,50179,0,0,0,0,0,0,0,0,0,0
4,1,50179,0,0,0,0,0,0,0,0,0,0
1,1,50180,12,0,0,0,0,0,0,0,0,0
2,1,50180,0,0,0,0,0,0,0,0,0,0
1,1,50181,0,0,0,0,0,0,0,0,0,0
2,1,50181,14,14,14,14,14,14,14,14,14,14
1,1,50182,0,0,0,0,0,0,0,0,0,0
2,1,50182,0,0,0,0,0,0,0,0,0,0
1,1,50183,0,0,4,0,0,0,12,0,0,0
2,1,50183,0,0,10,0,0,0,0,0,0,0
1,1,50184,19,16,11,15,17,27,22,13,21,8
1,1,50185,14,14,14,14,14,14,14,14,14,14
1,1,50186,0,0,0,0,0,0,0,0,0,0
2,1,50186,0,0,0,0,0,0,3,0,17,0
0,1,50187,0,0,0,0,0,0,0,0,0,0
1,1,50187,14,14,14,14,14,14,14,14,14,14
1,1,50188,18,18,18,18,18,18,18,18,18,18
1,1,50189,21,21,21,21,21,21,21,21,21,21
1,1,50190,16,16,16,16,16,16,16,16,16,16
1,1,50191,8,8,8,8,8,8,8,8,8,8
1,1,50192,0,0,0,0,0,0,0,0,0,0
2,1,50192,0,0,0,0,0,0,0,0,0,0
1,1,50193,0,0,0,0,0,8,0,0,0,0
2,1,50193,0,0,0,0,0,0,0,0,0,0
1,1,50194,0,0,0,0,0,0,0,0,0,0
2,1,50194,0,0,0,0,0,0,0,0,0,0
1,1,50195,0,0,0,0,0,0,0,0,0,0
2,1,50195,0,0,0,0,0,0,0,0,0,0
1,1,50196,0,0,0,0,0,0,0,0,0,0
2,1,50196,0,0,0,0,0,0,0,0,0,0
1,1,50197,0,0,0,0,0,0,0,0,0,0
2,1,50197,0,0,0,0,0,0,0,0,0,0
1,1,50198,0,0,0,0,0,0,0,0,0,0
1,1,50199,0,0,0,0,0,0,0,0,0,0
2,1,50199,0,0,0,0,0,0,0,0,0,0
1,1,50200,0,0,0,0,0,0,0,0,0,10
1,1,50201,0,0,0,0,0,0,0,0,0,0
1,1,50202,0,0,0,0,0,0,0,0,0,0
2,1,50202,0,0,0,0,0,0,0,0,0,0
1,1,50203,4,4,4,4,4,4,4,4,4,4
1,1,50204,0,0,0,0,0,0,0,0,0,0
2,1,50204,0,0,0,0,0,0,0,0,0,0
1,1,50205,16,16,16,16,16,16,16,16,16,16
1,1,50206,0,0,0,0,0,0,0,0,0,0
1,1,50207,0,0,0,0,0,0,0,0,0,0
2,1,50207,0,0,0,0,0,0,0,0,0,0
1,1,50208,0,0,0,0,0,0,0,0,0,0
1,1,50209,0,0,0,0,0,10,0,0,0,0
2,1,50209,0,0,0,0,0,0,0,0,0,0
1,1,50210,0,0,0,0,0,0,0,0,0,0
2,1,50210,10,10,10,10,10,10,10,10,10,10
1,1,50211,0,0,0,0,0,0,0,0,0,0
2,1,50211,0,0,0,0,0,0,0,0,0,0
1,1,50212,5,5,5,5,5,5,5,5,5,5
2,1,50212,0,0,0,0,0,0,0,0,0,0
3,1,50212,0,0,0,0,0,0,0,0,0,0
1,1,50213,0,0,0,0,0,0,0,0,0,0
2,1,50213,19,0,0,0,0,20,9,5,12,0
1,1,50214,0,0,0,0,0,0,0,0,0,0
2,1,50214,21,0,18,8,26,16,21,15,9,19
1,1,50215,0,0,0,0,0,0,0,0,0,0
2,1,50215,0,0,0,0,0,0,0,0,0,0
1,1,50216,0,0,0,0,0,0,0,0,0,0
2,1,50216,0,0,0,0,0,0,0,0,0,0
3,1,50216,0,0,0,0,0,0,0,0,0,0
4,1,50216,0,0,0,0,0,0,0,0,0,0
1,1,50217,0,0,0,0,0,0,0,0,0,0
1,1,50218,0,0,0,0,0,0,0,0,0,0
2,1,50218,0,0,0,0,0,0,0,0,0,0
1,1,50219,19,19,19,19,19,19,19,19,19,19
1,1,50220,29,29,29,29,29,29,29,29,29,29
1,1,50221,23,23,23,23,23,23,23,23,23,23
1,1,50222,0,0,0,0,0,0,0,0,0,0
1,1,50223,0,0,0,0,0,0,0,0,34,0
1,1,50224,0,0,0,0,0,0,0,0,0,0
2,1,50224,0,0,0,0,0,0,0,0,0,0
0,1,50225,0,0,0,22,0,0,0,0,0,0
1,1,50225,0,0,0,0,0,0,0,0,0,0
1,1,50226,0,0,0,0,0,0,0,0,0,0
1,1,50227,0,0,0,0,0,0,0,0,0,0
2,1,50227,12,12,12,12,12,12,12,12,12,12
1,1,50228,0,0,0,0,0,0,0,0,0,0
2,1,50228,0,0,0,0,0,0,0,0,0,0
1,1,50229,5,5,5,5,5,5,5,5,5,5
1,1,50230,0,0,0,0,0,0,0,0,0,0
1,1,50231,24,24,24,24,24,24,24,24,24,24
2,1,50231,0,0,0,0,0,0,0,0,0,0
1,1,50232,15,15,15,15,15,15,15,15,15,15
1,1,50233,0,0,0,0,0,0,0,0,0,0
1,1,50234,0,0,0,0,0,0,0,0,0,0
1,1,50235,0,0,0,0,0,0,0,0,0,0
1,1,50236,38,19,0,0,0,28,42,0,18,27
1,1,50237,0,0,0,0,0,0,0,0,0,0
2,1,50237,0,0,0,0,0,0,0,0,0,0
1,1,50238,0,0,0,0,0,0,0,0,0,0
1,1,50239,0,0,0,0,0,0,0,0,0,0
1,1,50240,0,0,0,0,0,0,0,0,0,0
2,1,50240,0,0,0,0,0,0,0,0,0,0
1,1,50241,0,0,0,0,0,0,0,0,0,0
1,1,50242,0,0,0,0,0,0,0,0,0,0
2,1,50242,0,0,0,0,0,0,0,0,0,0
3,1,50242,0,0,0,0,0,0,0,0,0,0