VEH_NO,PER_NO,ST_CASE,P1,P2,P3,P4,P5,P6,P7,P8,P9,P10
1,1,50243,0,0,0,0,0,0,0,0,0,0
1,1,50244,0,0,0,0,0,0,0,0,0,0
2,1,50244,17,17,17,17,17,17,17,17,17,17
3,1,50244,0,0,0,0,0,0,0,0,0,0
1,1,50245,9,9,9,9,9,9,9,9,9,9
2,1,50245,5,5,5,5,5,5,5,5,5,5
1,1,50246,0,0,0,0,0,0,0,0,0,0
2,1,50246,0,0,0,0,0,0,0,0,0,0
1,1,50247,0,0,0,0,0,0,0,0,0,0
1,1,50248,0,0,0,0,0,0,0,0,0,0
1,1,50249,0,0,0,0,0,0,0,0,0,0
1,1,50250,0,0,0,0,0,0,0,0,0,0
2,1,50250,0,0,0,0,0,0,0,0,0,0
1,1,50251,17,17,17,17,17,17,17,17,17,17
1,1,50252,0,0,0,0,0,0,0,0,0,0
1,1,50253,0,0,0,0,0,0,0,0,0,0
2,1,50253,0,0,0,0,0,0,0,0,0,0
0,1,50254,2,2,2,2,2,2,2,2,2,2
1,1,50254,25,25,25,25,25,25,25,25,25,25
1,1,50255,0,0,25,0,12,0,0,0,0,0
1,1,50256,0,0,0,17,4,0,0,0,0,0
1,1,50257,20,20,20,20,20,20,20,20,20,20
1,1,50258,0,0,0,0,0,13,0,0,0,0
1,1,50259,0,0,0,0,0,0,0,0,0,0
1,1,50260,0,0,0,0,0,0,0,0,0,0
1,1,50261,0,0,0,0,0,0,0,0,0,0
2,1,50261,0,0,0,0,0,0,0,0,0,0
1,1,50262,0,0,0,0,0,0,0,0,0,0
1,1,50263,21,21,21,21,21,21,21,21,21,21
1,1,50264,0,0,0,0,0,0,0,0,0,0
3,1,50264,0,0,0,0,0,0,0,0,0,0
1,1,50265,0,0,0,0,0,0,0,0,0,0
1,1,50266,0,0,0,0,0,0,0,0,0,0
2,1,50266,0,0,0,0,0,0,0,0,0,0
1,1,50267,0,0,0,0,0,0,0,0,0,0
1,1,50268,0,0,0,0,0,0,0,0,0,0
2,1,50268,0,0,0,0,0,0,0,0,0,0
1,1,50269,0,0,0,0,0,0,0,0,0,0
1,1,50270,0,0,0,0,0,0,0,0,0,0
2,1,50270,0,0,0,0,0,0,0,0,0,0
1,1,50271,0,0,3,0,0,10,12,0,0,0
1,1,50272,17,17,17,17,17,17,17,17,17,17
0,1,50273,0,0,0,0,0,0,0,0,0,0
1,1,50273,0,0,0,0,0,0,0,0,0,0
1,1,50274,0,0,0,0,0,0,0,0,0,0
1,1,50275,0,0,0,0,0,0,0,0,0,0
2,1,50275,0,0,0,0,0,0,0,0,0,0
1,1,50276,12,12,12,12,12,12,12,12,12,12
1,1,50277,18,18,18,18,18,18,18,18,18,18
1,1,50278,15,15,15,15,15,15,15,15,15,15
2,1,50278,0,0,0,0,0,0,0,0,0,0
1,1,50279,0,0,0,0,0,0,0,0,0,0
2,1,50279,0,0,0,0,0,0,0,0,0,0
1,1,50280,0,0,0,0,0,0,0,0,0,0
2,1,50280,0,0,0,0,0,0,0,0,0,0
1,1,50281,12,0,0,0,0,0,0,13,26,0
1,1,50282,13,0,0,0,0,0,0,0,0,0
2,1,50282,0,0,0,0,0,0,0,0,0,0
1,1,50283,0,0,0,0,0,0,0,0,0,0
2,1,50283,0,0,0,0,0,0,0,0,0,0
1,1,50284,0,0,0,0,0,0,0,0,0,0
2,1,50284,0,0,0,0,0,0,0,0,0,0
1,1,50285,0,0,0,0,0,41,0,0,0,0
2,1,50285,0,0,0,0,0,0,0,0,0,0
1,1,50286,0,0,0,0,0,0,0,0,0,0
2,1,50286,0,0,0,0,0,0,0,0,0,0
1,1,50287,2,2,2,2,2,2,2,2,2,2
1,1,50288,16,16,16,16,16,16,16,16,16,16
2,1,50288,0,0,0,0,6,0,0,0,0,0
1,1,50289,0,0,0,0,0,0,0,0,0,0
2,1,50289,0,0,0,0,0,0,0,0,0,0
1,1,50290,0,0,0,0,0,0,0,0,0,0
1,1,50291,0,0,0,0,0,0,0,0,0,0
2,1,50291,0,0,0,0,0,0,0,0,0,0
1,1,50292,0,0,0,0,0,0,0,0,0,0
2,1,50292,0,0,0,0,0,0,0,0,0,0
1,1,50293,0,0,0,0,4,0,0,0,0,0
2,1,50293,0,0,0,0,0,0,0,0,0,0
1,1,50294,0,0,0,0,0,0,0,0,0,0
2,1,50294,18,18,18,18,18,18,18,18,18,18
1,1,50295,16,16,16,16,16,16,16,16,16,16
0,1,50296,0,0,0,0,0,21,0,0,0,0
1,1,50296,24,24,24,24,24,24,24,24,24,24
1,1,50297,13,13,13,13,13,13,13,13,13,13
1,1,50298,0,0,0,0,0,0,0,0,0,0
1,1,50299,0,0,0,0,0,0,0,0,0,0
1,1,50300,0,0,0,0,0,0,0,0,0,0
2,1,50300,0,0,0,0,0,0,0,0,0,0
1,1,50301,15,15,15,15,15,15,15,15,15,15
1,1,50302,0,0,0,0,0,0,0,0,0,0
1,1,50303,0,0,0,0,0,0,0,0,0,0
0,1,50304,0,0,0,0,0,0,0,0,0,0
1,1,50304,0,0,0,0,0,0,0,0,0,0
1,1,50305,21,21,21,21,21,21,21,21,21,21
1,1,50306,0,0,0,0,0,0,0,0,0,0
1,1,50307,0,0,0,0,0,0,0,0,0,0
2,1,50307,0,0,0,0,0,0,0,0,0,0
3,1,50307,0,0,0,0,0,0,0,0,0,0
1,1,50308,0,0,0,0,0,0,0,0,0,0
2,1,50308,0,0,0,0,0,0,0,0,0,0
1,1,50309,9,0,16,4,22,23,12,10,12,20
2,1,50309,0,0,0,0,0,0,0,8,0,0
1,1,50310,5,5,5,5,5,5,5,5,5,5
0,1,50311,0,0,0,0,0,0,0,0,0,0
1,1,50311,0,0,0,0,0,0,0,0,0,0
1,1,50312,3,3,3,3,3,3,3,3,3,3
1,1,50313,0,0,0,0,0,0,0,0,0,0
1,1,50314,0,0,0,0,0,0,0,0,0,0
1,1,50315,0,0,0,0,0,0,0,0,0,0
1,1,50316,19,19,19,19,19,19,19,19,19,19
1,1,50317,0,0,0,0,0,0,0,0,0,0
2,1,50317,0,0,0,0,0,0,0,0,0,0
3,1,50317,0,0,0,0,0,0,0,0,0,0
1,1,50318,0,0,0,0,0,0,0,0,0,0
2,1,50318,0,0,0,0,0,0,0,0,0,0
1,1,50319,29,29,29,29,29,29,29,29,29,29
1,1,50320,7,15,22,7,22,13,0,29,25,0
1,1,50321,9,9,9,9,9,9,9,9,9,9
1,1,50322,0,0,11,0,0,0,0,0,0,0
0,1,50323,39,39,39,39,39,39,39,39,39,39
1,1,50323,0,0,0,0,0,0,0,0,0,0
1,1,50324,19,19,19,19,19,19,19,19,19,19
1,1,50325,0,0,0,0,0,0,0,0,0,0
1,1,50326,29,29,29,29,29,29,29,29,29,29
1,1,50327,0,0,0,0,0,0,0,0,0,0
1,1,50328,0,0,0,0,0,0,0,0,0,0
1,1,50329,0,0,0,0,0,0,0,0,0,0
2,1,50329,0,0,0,0,0,7,0,0,0,0
1,1,50330,0,0,0,0,0,0,0,0,0,0
2,1,50330,0,0,0,0,0,0,0,0,0,0
1,1,50331,16,16,16,16,16,16,16,16,16,16
1,1,50332,15,15,15,15,15,15,15,15,15,15
0,1,50333,37,37,37,37,37,37,37,37,37,37
1,1,50333,0,0,0,0,0,0,0,0,0,0
1,1,50334,0,0,0,0,0,0,0,0,0,0
2,1,50334,0,0,0,0,0,0,0,0,0,0
1,1,50335,0,0,0,0,0,0,0,0,0,0
1,1,50336,27,27,27,27,27,27,27,27,27,27
1,1,50337,0,0,0,0,0,0,0,0,0,0
1,1,50338,0,0,0,0,0,0,0,0,0,0
2,1,50338,0,0,0,0,0,0,0,0,0,0
1,1,50339,3,3,3,3,3,3,3,3,3,3
2,1,50339,0,0,0,0,0,0,0,0,0,0
1,1,50340,22,22,22,22,22,22,22,22,22,22
1,1,50341,26,26,26,26,26,26,26,26,26,26
1,1,50342,0,0,0,0,0,0,0,0,0,0
1,1,50343,0,0,0,0,0,0,0,0,0,0
2,1,50343,0,0,0,0,0,0,0,0,0,0
0,1,50344,21,0,29,35,0,24,0,5,0,0
1,1,50344,7,12,0,0,0,0,15,0,21,10
1,1,50345,0,0,0,0,0,0,0,0,0,0
2,1,50345,0,0,0,0,0,0,0,0,0,0
1,1,50346,13,0,0,21,27,22,22,35,13,11
0,1,50347,26,26,26,26,26,26,26,26,26,26
1,1,50347,0,0,0,0,0,0,0,0,0,0
1,1,50348,14,14,14,14,14,14,14,14,14,14
1,1,50349,0,0,0,0,0,0,0,0,0,0
1,1,50350,0,0,0,0,0,0,0,0,0,0
2,1,50350,12,12,12,12,12,12,12,12,12,12
1,1,50351,14,14,14,14,14,14,14,14,14,14
1,1,50352,0,0,0,0,0,0,0,0,0,0
1,1,50353,0,0,0,0,0,0,0,0,0,0
2,1,50353,0,0,0,0,0,0,0,0,0,0
1,1,50354,0,0,0,0,0,0,0,0,0,0
1,1,50355,9,9,9,9,9,9,9,9,9,9
1,1,50356,0,0,0,0,0,0,0,0,0,0
1,1,50357,1,1,1,1,1,1,1,1,1,1
1,1,50358,0,0,16,19,9,12,0,0,22,0
1,1,50359,14,14,14,14,14,14,14,14,14,14
1,1,50360,4,0,0,0,0,0,0,0,0,0
2,1,50360,0,0,0,0,0,0,0,0,0,0
1,1,50361,0,0,0,0,0,0,0,0,0,0
1,1,50362,0,0,0,0,0,0,0,0,0,0
2,1,50362,0,0,0,0,0,0,0,0,0,0
1,1,50363,0,0,0,0,0,0,0,0,0,0
2,1,50363,0,0,0,0,0,0,0,0,0,0
1,1,50364,5,5,5,5,5,5,5,5,5,5
1,1,50365,24,24,24,24,24,24,24,24,24,24
1,1,50366,0,0,0,0,0,0,0,0,0,0
2,1,50366,0,0,0,0,0,0,0,0,0,0
1,1,50367,4,0,20,0,0,0,0,0,0,38
1,1,50368,0,0,0,0,0,0,0,0,0,0
2,1,50368,4,4,4,4,4,4,4,4,4,4
1,1,50369,21,21,21,21,21,21,21,21,21,21
1,1,50370,0,0,0,0,0,0,0,0,0,0
2,1,50370,28,28,28,28,28,28,28,28,28,28
1,1,50371,6,6,6,6,6,6,6,6,6,6
1,1,50372,0,0,0,0,0,0,0,0,19,0
1,1,50373,12,12,12,12,12,12,12,12,12,12
1,1,50374,0,0,0,0,0,0,0,0,0,0
1,1,50375,22,19,0,4,22,10,13,0,0,15
1,1,50376,13,13,13,13,13,13,13,13,13,13
1,1,50377,0,0,0,0,0,0,0,0,0,0
2,1,50377,0,0,0,0,0,0,0,0,0,0
1,1,50378,34,34,34,34,34,34,34,34,34,34
1,1,50379,0,0,0,0,0,0,0,0,0,0
1,1,50380,0,0,0,0,0,0,0,0,0,0
2,1,50380,19,13,18,0,13,8,9,10,13,3
1,1,50381,0,0,0,0,0,0,0,0,0,0
1,1,50382,0,10,18,20,0,0,8,0,0,0
1,1,50383,0,0,0,0,0,0,0,0,0,0
1,1,50384,0,0,0,0,0,0,0,0,0,0
2,1,50384,0,0,0,0,0,0,0,0,0,0
1,1,50385,0,0,0,0,0,0,0,0,0,0
1,1,50386,0,0,0,0,0,0,0,0,0,0
2,1,50386,0,0,0,0,0,0,0,0,0,0
1,1,50387,0,0,0,0,0,0,0,0,0,0
2,1,50387,0,0,0,0,0,0,0,0,0,0
1,1,50388,0,0,0,0,0,0,0,0,0,0
1,1,50389,0,0,0,0,0,0,0,0,0,0
2,1,50389,0,0,0,0,0,0,0,0,0,0
1,1,50390,0,0,0,0,0,0,0,0,0,0
2,1,50390,0,0,0,0,0,0,0,0,0,0
1,1,50391,0,0,0,0,0,0,0,0,0,0
1,1,50392,0,0,0,0,0,0,0,0,0,0
2,1,50392,0,0,0,0,0,0,0,0,0,0
1,1,50393,21,21,21,21,21,21,21,21,21,21
2,1,50393,0,0,0,0,0,0,0,0,0,0
3,1,50393,0,0,0,0,0,0,0,0,0,0
1,1,50394,0,0,0,0,0,0,0,0,0,0
2,1,50394,0,0,0,0,0,0,0,0,0,0
1,1,50395,0,0,0,0,6,0,0,0,0,0
2,1,50395,0,0,0,0,0,0,0,0,0,0
3,1,50395,0,0,0,0,0,0,0,0,0,0
1,1,50396,0,0,0,0,0,0,0,0,0,0
2,1,50396,35,35,35,35,35,35,35,35,35,35
0,1,50397,0,0,0,0,0,0,0,0,0,0
1,1,50397,0,0,0,0,0,0,0,0,0,0
1,1,50398,0,0,0,0,29,26,0,10,0,0
1,1,50399,3,3,3,3,3,3,3,3,3,3
1,1,50400,0,0,0,0,0,0,22,0,0,25
1,1,50401,0,0,0,0,0,0,0,0,0,0
2,1,50401,11,0,0,6,0,0,0,0,0,0
1,1,50402,0,0,0,0,0,0,0,0,0,0
2,1,50402,1,1,1,1,1,1,1,1,1,1
1,1,50403,0,0,0,0,8,0,0,0,0,0
2,1,50403,1,1,1,1,1,1,1,1,1,1
1,1,50404,0,0,0,0,0,0,0,0,0,0
2,1,50404,0,0,0,0,0,0,0,0,0,0
3,1,50404,0,0,0,0,0,0,0,0,0,0
1,1,50405,0,0,0,0,0,0,0,0,0,0
1,1,50406,25,25,25,25,25,25,25,25,25,25
1,1,50407,5,0,0,0,0,0,0,0,0,7
2,1,50407,0,0,0,0,0,0,0,0,0,0
1,1,50408,0,0,0,0,0,0,0,0,0,0
1,1,50409,0,0,0,0,0,0,0,0,0,0
2,1,50409,0,0,0,0,0,0,0,0,0,0
1,1,50410,3,3,3,3,3,3,3,3,3,3
2,1,50410,0,0,0,0,0,0,0,0,0,0
1,1,50411,0,0,0,0,0,0,0,0,0,0
1,1,50412,0,0,0,0,0,0,0,0,0,0
2,1,50412,0,0,0,0,0,0,0,0,0,0
1,1,50413,25,25,25,25,25,25,25,25,25,25
2,1,50413,0,0,0,0,0,0,0,0,0,0
3,1,50413,0,0,0,0,0,0,0,0,0,0
1,1,50414,0,0,0,0,0,0,0,0,0,0
2,1,50414,0,0,0,0,0,0,0,0,0,0
3,1,50414,0,0,0,0,0,0,0,0,0,0
1,1,50415,0,0,0,0,0,0,0,0,0,0
1,1,50416,6,6,6,6,6,6,6,6,6,6
1,1,50417,0,0,0,0,0,0,0,0,0,0
2,1,50417,0,0,0,0,0,0,0,0,0,0
1,1,50418,0,0,0,0,0,0,0,0,0,0
2,1,50418,0,0,0,0,0,0,0,0,0,0
1,1,50419,0,0,0,0,0,0,0,0,0,0
1,1,50420,15,15,15,15,15,15,15,15,15,15
2,1,50420,0,0,0,0,0,0,0,0,0,0
0,1,50421,0,0,0,0,0,11,0,0,0,0
0,2,50421,0,0,0,0,0,0,0,0,0,0
0,3,50421,0,0,0,0,0,0,0,0,0,0
1,1,50421,0,0,0,0,0,0,0,0,0,0
1,1,50422,0,0,0,0,0,0,0,0,0,0
2,1,50422,0,0,0,0,0,0,0,0,0,0
1,1,50424,0,0,0,0,0,0,0,0,0,0
2,1,50424,0,0,0,0,0,0,0,0,0,0
1,1,50425,0,0,0,0,0,0,0,0,0,0
1,1,50426,0,0,0,0,0,0,0,0,0,0
1,1,50427,5,5,5,5,5,5,5,5,5,5
1,1,50428,4,4,4,4,4,4,4,4,4,4
0,1,50429,0,0,0,0,0,0,0,0,0,0
1,1,50429,0,0,0,0,0,0,0,0,0,0
2,1,50429,0,0,0,0,0,0,0,0,0,0
1,1,50430,17,17,17,17,17,17,17,17,17,17
1,1,50431,20,20,20,20,20,20,20,20,20,20
1,1,50432,1,1,1,1,1,1,1,1,1,1
2,1,50432,0,0,0,0,0,0,0,0,0,0
1,1,50433,0,0,0,0,0,0,0,0,0,0
1,1,50434,0,0,0,0,0,0,0,0,0,0
2,1,50434,13,13,13,13,13,13,13,13,13,13
1,1,50435,0,0,0,0,0,0,0,0,0,0
0,1,50436,38,38,38,38,38,38,38,38,38,38
1,1,50436,0,0,0,0,0,0,0,0,0,0
1,1,50437,0,0,0,0,0,0,0,0,0,0
1,1,50438,0,0,0,11,0,18,8,17,0,15
2,1,50438,2,2,2,2,2,2,2,2,2,2
3,1,50438,0,0,0,0,0,0,0,0,0,0
0,1,50439,0,14,20,0,0,18,0,0,7,24
1,1,50439,7,7,7,7,7,7,7,7,7,7
1,1,50440,0,0,0,0,0,0,0,0,0,0
2,1,50440,0,0,0,0,0,0,0,0,0,0
1,1,50441,0,0,0,0,0,0,0,0,0,0
2,1,50441,0,0,0,0,0,0,0,0,0,0
1,1,50442,0,0,0,0,0,0,0,0,0,0
1,1,50443,0,0,0,0,0,0,0,0,0,0
0,1,50444,0,0,0,0,0,0,0,0,0,0
1,1,50444,0,0,0,0,0,0,0,0,0,0
2,1,50444,0,0,0,0,0,0,0,0,0,0
1,1,50445,0,0,0,0,0,0,0,0,0,0
1,1,50446,0,0,0,0,0,0,0,0,0,0
2,1,50446,0,0,0,0,0,0,0,0,0,0
1,1,50447,18,18,18,18,18,18,18,18,18,18
1,1,50448,12,12,12,12,12,12,12,12,12,12
1,1,50449,0,0,0,0,0,0,0,0,0,0
2,1,50449,0,0,0,0,0,0,0,0,0,0
1,1,50450,15,0,0,0,0,0,0,0,0,0
1,1,50451,0,0,0,0,0,0,0,0,0,0
2,1,50451,3,3,3,3,3,3,3,3,3,3
1,1,50452,0,0,0,0,0,0,5,0,0,0
2,1,50452,0,0,0,0,0,0,0,0,0,0
1,1,50453,1,1,1,1,1,1,1,1,1,1
1,1,50454,0,0,0,0,0,0,0,0,0,0
1,1,50455,0,0,0,0,0,0,0,0,0,0
1,1,50456,0,0,0,0,0,0,0,0,0,0
2,1,50456,0,0,0,0,0,0,0,0,0,0
1,1,50457,0,0,0,0,0,0,0,0,0,0
2,1,50457,0,0,0,0,0,0,0,0,0,0
1,1,50458,0,0,0,0,18,0,0,0,0,0
2,1,50458,0,0,0,0,0,0,0,16,0,0
1,1,50459,0,0,0,0,0,0,0,0,0,0
1,1,50460,0,0,0,0,0,0,0,0,24,0
1,1,50461,0,0,0,0,0,0,0,0,0,0
2,1,50461,0,0,0,0,0,0,0,0,0,0
1,1,50462,0,0,0,0,0,0,0,0,0,0
1,1,50463,0,0,0,0,0,0,0,0,0,0
2,1,50463,0,0,0,0,0,0,0,0,0,0
1,1,50464,0,0,0,0,0,0,29,0,0,11
1,1,50465,0,0,0,0,0,0,0,0,0,0
2,1,50465,0,0,0,0,0,0,0,0,0,0
0,1,50466,0,0,18,0,13,0,0,0,0,0
1,1,50466,0,0,0,0,0,0,0,9,0,0
1,1,50467,41,41,41,41,41,41,41,41,41,41
1,1,50468,0,0,0,0,0,0,0,0,0,0
2,1,50468,0,0,0,0,0,0,0,0,0,0
1,1,50469,0,0,0,0,0,0,0,0,0,0
2,1,50469,26,26,26,26,26,26,26,26,26,26
1,1,50470,0,0,0,0,0,0,0,0,0,0
1,1,50471,15,15,15,15,15,15,15,15,15,15
2,1,50471,0,0,0,0,0,0,0,0,0,0
1,1,50472,0,0,0,0,0,0,0,0,0,0
0,1,50473,0,0,0,0,0,0,0,0,0,0
1,1,50473,0,0,0,0,0,0,0,0,0,0
1,1,50474,0,0,0,0,0,0,0,0,0,0
2,1,50474,0,0,0,0,0,0,0,0,16,0
1,1,50475,0,0,0,0,0,0,0,9,0,0
1,1,50476,0,0,0,0,0,0,0,0,0,0
2,1,50476,0,0,0,0,0,0,0,0,0,0
3,1,50476,0,0,0,0,0,0,0,0,0,0
4,1,50476,0,0,0,0,0,0,0,0,0,0
1,1,50477,0,0,0,0,0,0,0,0,0,0
2,1,50477,13,26,25,10,29,14,18,24,17,34
1,1,50478,0,0,0,0,0,0,0,0,0,0
2,1,50478,0,0,0,0,0,0,0,0,0,0
1,1,50479,0,0,0,0,0,0,0,0,0,0
2,1,50479,0,0,0,0,0,0,0,0,0,0
1,1,50480,0,0,0,0,0,0,0,0,0,0
2,1,50480,0,0,0,0,0,0,0,0,0,0
1,1,50481,0,0,0,0,0,0,0,0,0,0
2,1,50481,0,0,0,0,0,0,0,0,0,0
1,1,50482,1,1,1,1,1,1,1,1,1,1
2,1,50482,0,0,0,0,0,0,0,0,0,0
1,1,50483,23,23,23,23,23,23,23,23,23,23
2,1,50483,0,0,0,0,0,0,0,0,0,0
1,1,50484,0,0,0,0,0,0,0,0,0,0
2,1,50484,0,0,0,0,0,0,0,0,0,0
1,1,50485,6,6,6,6,6,6,6,6,6,6
2,1,50485,0,0,0,0,0,0,0,0,0,0
1,1,50486,0,0,0,0,0,0,0,0,0,0
2,1,50486,0,0,0,0,0,0,0,0,0,0
1,1,50487,0,0,0,0,0,0,0,0,0,0
2,1,50487,0,0,0,0,0,0,0,0,0,0
1,1,50488,10,10,10,10,10,10,10,10,10,10
1,1,50489,0,0,0,0,0,0,0,0,0,0
1,1,50490,0,0,0,0,0,0,0,0,0,0
2,1,50490,0,0,0,0,0,0,0,0,0,0
3,1,50490,0,0,0,0,0,0,0,0,0,0
1,1,50491,0,0,0,0,0,0,0,0,0,0
2,1,50491,17,17,17,17,17,17,17,17,17,17
3,1,50491,0,0,0,0,0,0,0,0,0,0
4,1,50491,0,0,0,0,0,0,0,0,0,0
5,1,50491,0,0,0,0,0,0,0,0,0,0
1,1,50492,4,4,4,4,4,4,4,4,4,4
1,1,50493,0,0,0,0,0,0,0,0,0,0
2,1,50493,16,16,16,16,16,16,16,16,16,16
1,1,50494,9,9,9,9,9,9,9,9,9,9
1,1,50495,14,14,14,14,14,14,14,14,14,14
1,1,50496,0,0,0,0,0,0,4,0,0,0
1,1,50497,0,0,0,0,0,0,0,0,0,2
1,1,50498,0,0,0,0,0,0,0,0,0,0
1,1,50499,0,0,0,0,0,0,0,0,0,0
2,1,50499,0,0,0,0,0,0,0,0,0,0
1,1,50500,0,0,0,0,0,0,0,0,0,0
2,1,50500,0,0,0,0,0,0,0,0,0,0
1,1,50501,16,16,16,16,16,16,16,16,16,16
1,1,50502,16,16,16,16,16,16,16,16,16,16
1,1,50503,0,0,0,0,0,0,0,0,0,0
0,1,50504,9,9,9,9,9,9,9,9,9,9
1,1,50504,0,0,0,0,0,0,0,0,0,0
0,1,50505,43,43,43,43,43,43,43,43,43,43
1,1,50505,0,0,0,0,0,0,0,0,0,0
1,1,50506,0,0,0,0,0,0,0,0,0,0
2,1,50506,0,0,0,0,0,0,0,0,0,0
1,1,50507,0,0,0,0,0,0,0,0,0,0
1,1,50508,0,0,0,0,0,0,0,0,0,0
1,1,50509,0,0,0,0,0,0,0,0,0,0
1,1,50510,0,0,0,0,0,0,0,0,0,0
2,1,50510,0,0,0,0,0,0,0,0,0,0
1,1,50511,27,27,27,27,27,27,27,27,27,27
0,1,50512,6,6,6,6,6,6,6,6,6,6
1,1,50512,0,0,0,0,0,0,0,0,0,0
1,1,50513,0,0,0,0,0,0,0,0,0,0
1,1,50514,26,26,26,26,26,26,26,26,26,26
1,1,50515,0,0,0,0,0,0,0,0,0,0
2,1,50515,0,12,0,0,0,0,0,0,0,0
1,1,50516,0,0,0,0,0,0,0,0,0,0
2,1,50516,0,0,0,0,0,0,0,0,0,0
1,1,50517,0,0,0,0,0,0,0,0,0,0
1,1,50518,22,22,22,22,22,22,22,22,22,22
1,1,50519,24,24,24,24,24,24,24,24,24,24
1,1,50520,8,0,0,0,0,0,0,13,0,0
1,1,50521,27,27,27,27,27,27,27,27,27,27
2,1,50521,0,0,0,0,0,0,0,0,0,0
1,1,50522,0,0,0,0,0,0,0,0,0,0
2,1,50522,27,27,27,27,27,27,27,27,27,27
1,1,50523,0,26,0,0,0,0,0,0,0,0
1,1,50524,0,0,0,0,0,0,0,0,0,0
2,1,50524,0,0,0,0,0,0,0,0,0,0
1,1,50526,0,0,0,0,0,0,0,0,0,0
0,1,50527,0,0,0,0,0,0,0,0,0,0
1,1,50527,0,0,0,0,0,0,0,0,0,0
1,1,50528,30,30,30,30,30,30,30,30,30,30
1,1,50529,0,0,0,0,0,0,0,0,0,0
2,1,50529,0,0,0,0,0,0,0,0,0,0
1,1,50530,0,0,0,0,0,0,0,0,0,0
2,1,50530,0,0,0,0,0,0,0,0,0,0
3,1,50530,0,0,0,0,0,0,0,0,0,0
1,1,50531,0,0,0,0,0,0,0,0,0,0
1,1,50532,0,30,0,21,0,0,15,0,18,0
1,1,50533,0,16,0,0,0,0,0,0,0,0
1,1,50534,20,20,20,20,20,20,20,20,20,20
1,1,50535,0,4,0,0,0,9,0,0,10,0
2,1,50535,0,7,0,0,0,3,0,0,8,0
3,1,50535,8,14,5,5,3,5,3,6,10,7
0,1,50536,31,31,31,31,31,31,31,31,31,31
1,1,50536,0,0,0,0,0,0,0,0,0,0
1,1,50537,18,18,18,18,18,18,18,18,18,18
2,1,50537,30,30,30,30,30,30,30,30,30,30
1,1,50538,19,19,19,19,19,19,19,19,19,19
0,1,50539,0,0,0,0,0,0,0,0,0,0
1,1,50539,0,0,0,0,0,0,0,0,0,0
1,1,50540,0,0,0,0,0,0,0,0,0,0
1,1,50541,0,0,0,0,0,0,0,0,0,0
2,1,50541,0,0,0,0,0,0,0,0,0,0
1,1,50542,0,23,15,18,15,16,0,0,19,17
1,1,50543,0,0,0,0,0,0,0,0,0,0
1,1,50544,0,0,14,0,16,21,0,25,6,0
1,1,50545,0,0,0,0,0,0,0,0,0,0
1,1,50546,19,19,19,19,19,19,19,19,19,19
1,1,50547,0,0,0,0,0,0,0,0,0,0
0,1,50548,0,0,0,0,0,0,13,0,0,0
1,1,50548,0,0,0,0,0,0,0,0,0,0
1,1,50549,0,0,0,0,0,13,0,0,0,0
1,1,50550,0,0,0,0,0,0,0,0,0,0
2,1,50550,0,0,0,0,0,0,0,0,0,0
0,1,50551,0,18,24,0,0,0,0,0,0,0
1,1,50551,0,0,0,0,0,0,0,0,0,0
1,1,50552,29,29,29,29,29,29,29,29,29,29
1,1,50553,0,0,0,0,0,0,0,0,0,0
2,1,50553,0,0,0,0,0,0,0,0,0,0
3,1,50553,0,0,0,0,0,0,0,0,0,0
4,1,50553,0,0,0,0,0,0,0,0,0,0
5,1,50553,0,0,0,0,0,0,0,0,0,0
0,1,50554,0,0,0,0,0,29,0,0,0,0
1,1,50554,0,0,0,0,0,0,0,0,0,0
2,1,50554,0,0,0,0,0,0,0,0,0,0
1,1,50555,0,0,0,0,0,0,0,0,0,0
2,1,50555,29,29,29,29,29,29,29,29,29,29
1,1,50556,19,8,32,16,1,0,19,30,0,9
1,1,50557,0,0,0,0,0,0,0,0,0,0
2,1,50557,19,19,19,19,19,19,19,19,19,19
1,1,50558,0,0,0,0,0,0,0,0,0,0
2,1,50558,0,0,0,0,0,0,0,0,0,0
1,1,50559,3,3,3,3,3,3,3,3,3,3
1,1,50560,0,17,0,0,26,0,18,11,0,31
0,1,50561,10,0,0,29,0,0,0,0,11,32
1,1,50561,0,0,0,0,0,0,0,0,0,0
1,1,50562,19,19,19,19,19,19,19,19,19,19
2,1,50562,0,0,0,0,0,0,0,0,0,0
1,1,50563,23,23,23,23,23,23,23,23,23,23
1,1,50564,0,0,0,0,0,0,0,0,0,0
1,1,50565,0,0,0,0,0,0,0,0,0,0
2,1,50565,0,0,0,0,0,0,0,0,0,0
1,1,50566,12,12,12,12,12,12,12,12,12,12
1,1,50567,0,0,0,0,0,0,0,0,0,0
1,1,50568,0,0,0,0,0,0,0,0,0,0
2,1,50568,0,0,0,0,0,0,0,0,0,0
3,1,50568,0,0,0,0,0,0,0,0,0,0
1,1,50569,13,13,13,13,13,13,13,13,13,13
1,1,50570,20,20,20,20,20,20,20,20,20,20
1,1,50571,12,0,0,0,19,0,0,0,0,0
0,1,50572,0,16,5,0,0,0,11,0,0,0
1,1,50572,10,10,10,10,10,10,10,10,10,10
1,1,50573,0,0,0,0,0,0,0,19,0,0
2,1,50573,0,0,0,0,0,0,0,0,0,0
0,1,50574,20,18,11,0,0,0,0,24,0,0
1,1,50574,6,3,2,0,3,0,0,9,4,5
1,1,50576,25,25,25,25,25,25,25,25,25,25
1,1,50577,0,0,0,0,0,0,0,0,0,0
2,1,50577,0,0,0,0,0,0,0,0,0,0
1,1,50578,0,0,0,0,0,0,0,0,0,0
1,1,50579,9,9,9,9,9,9,9,9,9,9
0,1,50580,0,0,0,0,0,0,0,0,0,0
1,1,50580,0,0,0,0,0,0,0,0,0,0
1,1,50581,26,26,26,26,26,26,26,26,26,26
2,1,50581,0,0,0,0,0,0,0,0,0,0
1,1,50582,0,19,3,15,20,20,10,18,0,22
0,1,50583,0,0,0,0,0,0,0,0,0,0
1,1,50583,0,0,0,0,0,0,0,0,0,0
1,1,50584,0,0,0,0,0,0,0,0,0,0
2,1,50584,0,0,0,0,0,0,15,0,0,0
1,1,50585,0,18,0,13,0,0,0,6,7,0
1,1,50586,0,0,0,0,0,15,0,0,0,0
1,1,50587,0,0,0,0,0,0,16,0,0,0
0,1,80001,34,38,32,22,20,24,19,12,22,12