VEH_NO,PER_NO,ST_CASE,P1,P2,P3,P4,P5,P6,P7,P8,P9,P10
1,1,90121,0,0,0,0,0,0,0,0,0,0
2,1,90121,0,0,0,0,0,0,0,0,0,0
1,1,90122,0,0,0,0,0,0,0,0,0,0
2,1,90122,0,0,0,0,16,0,0,0,0,0
1,1,90123,0,0,0,0,0,0,0,0,0,0
1,1,90124,0,0,0,0,0,0,0,0,0,0
2,1,90124,0,0,0,0,0,0,0,0,0,0
1,1,90125,0,11,15,23,0,18,0,0,0,0
1,1,90126,0,0,0,0,0,0,0,0,0,0
2,1,90126,0,0,0,0,0,0,0,0,0,0
0,1,90127,0,0,0,0,0,0,0,0,0,0
1,1,90127,0,0,0,0,0,0,0,0,0,0
0,1,90128,0,0,0,0,0,0,0,0,0,0
1,1,90128,0,0,0,0,0,0,0,0,0,0
1,1,90129,9,9,9,9,9,9,9,9,9,9
1,1,90130,0,0,0,0,0,0,0,0,0,0
2,1,90130,0,0,0,0,0,0,0,0,0,0
1,1,90131,0,2,13,15,21,0,20,12,5,7
1,1,90132,5,5,5,5,5,5,5,5,5,5
2,1,90132,26,26,26,26,26,26,26,26,26,26
1,1,90133,37,17,24,8,18,17,14,15,8,5
0,1,90134,0,0,0,0,0,0,0,0,0,0
1,1,90134,28,28,28,28,28,28,28,28,28,28
1,1,90135,22,22,22,22,22,22,22,22,22,22
1,1,90136,0,0,0,0,0,0,0,0,0,0
1,1,90137,0,0,0,0,0,0,0,0,0,0
2,1,90137,10,10,10,10,10,10,10,10,10,10
1,1,90138,0,0,0,0,0,0,0,0,0,0
2,1,90138,0,0,0,0,0,0,0,0,0,0
1,1,90139,19,0,0,0,0,15,0,0,0,0
1,1,90140,0,0,0,0,0,0,0,0,0,0
2,1,90140,0,20,0,0,0,21,0,0,13,0
1,1,90141,13,13,13,13,13,13,13,13,13,13
1,1,90142,0,0,0,0,0,0,0,0,0,0
2,1,90142,0,0,0,0,0,0,0,0,0,0
1,1,90143,0,0,2,0,15,0,0,2,0,0
2,1,90143,0,0,0,0,0,0,0,0,0,0
1,1,90144,0,0,0,0,0,0,0,0,0,8
0,1,90145,0,0,0,0,0,0,0,0,0,0
1,1,90145,0,0,0,0,0,0,0,0,0,0
1,1,90146,0,0,0,0,0,0,0,0,12,0
2,1,90146,0,0,0,0,0,0,0,0,0,0
3,1,90146,0,0,0,0,0,0,0,0,0,0
4,1,90146,0,6,0,0,0,10,0,0,0,0
1,1,90147,6,6,6,6,6,6,6,6,6,6
2,1,90147,0,0,0,0,0,0,0,0,23,0
1,1,90148,0,0,0,0,0,0,0,0,0,0
2,1,90148,0,0,0,0,0,0,0,0,0,0
1,1,90149,17,17,17,17,17,17,17,17,17,17
1,1,90150,0,0,0,0,0,0,0,0,0,0
2,1,90150,0,0,0,0,0,0,0,0,0,0
1,1,90151,0,0,0,0,0,0,0,0,0,0
1,1,90152,19,19,19,19,19,19,19,19,19,19
0,1,90153,0,0,0,0,0,0,0,0,0,0
1,1,90153,0,0,0,0,0,24,0,0,0,18
1,1,90154,4,4,4,4,4,4,4,4,4,4
1,1,90155,0,0,0,0,0,0,0,0,0,0
1,1,90156,22,22,22,22,22,22,22,22,22,22
1,1,90157,0,0,0,0,0,0,0,0,0,0
2,1,90157,0,0,0,0,0,0,0,0,0,0
1,1,90158,0,0,0,0,0,0,0,0,0,0
2,1,90158,0,0,0,0,0,0,0,0,0,0
1,1,90159,24,24,24,24,24,24,24,24,24,24
1,1,90160,0,0,0,0,0,0,0,0,0,0
2,1,90160,0,0,0,0,0,0,0,0,0,0
1,1,90161,0,0,0,0,0,0,0,0,0,0
2,1,90161,13,0,0,0,0,21,0,0,0,0
1,1,90162,0,0,0,0,0,0,0,0,0,0
1,1,90163,0,0,0,0,0,0,0,0,0,0
2,1,90163,0,0,0,0,0,0,0,0,0,0
3,1,90163,0,0,0,0,0,0,0,0,0,0
1,1,90164,0,20,0,0,0,0,0,0,0,0
1,1,90165,0,0,0,0,0,0,0,0,0,0
2,1,90165,0,0,0,0,0,0,0,0,0,0
1,1,90166,4,4,4,4,4,4,4,4,4,4
2,1,90166,0,0,0,0,0,0,0,0,0,0
1,1,90167,0,0,0,0,0,0,0,0,0,0
2,1,90167,0,0,0,0,0,0,0,0,0,0
0,1,90168,0,0,16,0,0,20,0,0,22,0
1,1,90168,0,0,0,0,0,0,0,0,0,0
1,1,90169,16,0,7,0,0,16,0,0,0,15
0,1,90170,0,0,0,0,0,0,0,0,12,0
1,1,90170,0,0,0,0,0,0,0,0,19,0
1,1,90171,15,15,15,15,15,15,15,15,15,15
1,1,90173,14,14,14,14,14,14,14,14,14,14
1,1,90174,13,13,13,13,13,13,13,13,13,13
1,1,90175,8,8,8,8,8,8,8,8,8,8
1,1,90176,19,19,19,19,19,19,19,19,19,19
1,1,90177,0,0,0,0,0,0,0,0,0,0
2,1,90177,0,0,0,0,0,0,0,0,0,0
3,1,90177,1,1,1,1,1,1,1,1,1,1
1,1,90178,16,16,16,16,16,16,16,16,16,16
1,1,90179,18,18,18,18,18,18,18,18,18,18
1,1,90180,0,0,0,0,0,0,0,0,0,0
1,1,90181,0,0,0,0,0,0,0,0,0,0
2,1,90181,0,0,0,0,0,0,0,0,0,0
3,1,90181,0,0,0,0,0,0,8,0,0,0
4,1,90181,0,0,0,0,0,0,0,0,0,0
5,1,90181,0,0,0,0,0,0,0,0,0,0
1,1,90182,0,0,0,0,0,0,0,0,0,0
2,1,90183,0,0,0,0,0,0,0,0,0,0
1,1,90184,10,10,10,10,10,10,10,10,10,10
1,1,90185,0,0,0,0,0,0,0,0,0,0
1,1,90186,20,20,20,20,20,20,20,20,20,20
1,1,90187,0,0,0,0,0,0,0,0,0,0
2,1,90187,0,0,0,0,0,0,0,0,0,0
1,1,90188,0,0,0,0,0,0,0,0,0,0
2,1,90188,0,0,0,8,0,0,0,0,0,0
0,1,90189,0,0,0,0,0,0,0,0,0,0
1,1,90189,0,0,0,0,0,0,0,0,0,0
1,1,90190,0,0,0,0,0,0,0,0,0,0
2,1,90190,0,0,0,0,0,0,0,0,0,0
3,1,90190,0,0,0,0,0,0,0,0,0,0
4,1,90190,0,0,0,0,0,0,0,0,0,0
5,1,90190,0,0,0,0,0,0,0,0,0,0
6,1,90190,0,0,0,0,0,0,0,0,0,0
0,1,90191,11,11,11,11,11,11,11,11,11,11
1,1,90191,0,14,0,0,0,0,0,0,0,16
0,1,90192,12,8,13,37,25,6,0,20,0,0
1,1,90192,0,0,0,0,0,12,0,0,0,0
1,1,90193,0,0,0,0,0,0,0,0,0,0
2,1,90193,15,15,15,15,15,15,15,15,15,15
1,1,90194,0,20,0,0,0,0,0,0,0,14
2,1,90194,0,0,0,0,0,0,0,0,0,0
1,1,90195,0,0,0,0,0,0,0,0,0,0
0,1,90196,0,0,0,0,0,0,0,0,0,0
1,1,90196,0,0,12,0,6,0,0,0,17,0
1,1,90197,0,0,0,0,0,0,0,0,0,0
2,1,90197,0,0,0,0,0,0,0,0,0,0
0,1,90198,15,15,15,15,15,15,15,15,15,15
1,1,90198,0,0,0,0,0,0,0,0,0,0
0,1,90199,0,0,5,0,0,0,0,0,0,0
1,1,90199,0,0,11,0,0,0,0,0,0,0
1,1,90200,0,0,0,0,8,0,13,0,0,0
1,1,90201,9,17,10,9,15,22,8,14,14,11
1,1,90202,0,0,0,0,0,0,0,0,0,0
2,1,90202,0,0,0,0,0,0,0,0,0,0
1,1,90203,13,13,13,13,13,13,13,13,13,13
1,1,90204,0,0,0,0,0,0,0,0,0,0
0,1,90205,0,0,0,0,0,0,0,0,0,0
1,1,90205,0,0,0,0,0,0,0,0,0,0
1,1,90206,10,16,18,18,11,11,10,21,7,15
1,1,90207,23,23,23,23,23,23,23,23,23,23
0,1,90208,14,0,0,0,0,0,0,0,0,0
2,1,90209,0,0,0,0,0,0,0,0,0,0
0,1,90210,10,0,0,0,0,0,0,0,19,12
0,2,90210,4,4,4,4,4,4,4,4,4,4
0,3,90210,9,9,9,9,9,9,9,9,9,9
3,1,90210,0,0,0,0,0,0,0,0,0,6
1,1,90211,10,19,19,22,11,21,0,19,0,23
1,1,90212,0,17,0,0,0,0,0,0,0,0
2,1,90212,0,0,0,0,0,0,0,0,0,0
2,1,90213,0,0,5,0,0,0,0,13,0,0
1,1,90214,7,0,0,0,0,0,0,0,0,0
2,1,90214,0,0,0,0,0,0,0,0,0,0
1,1,90215,0,0,0,9,20,0,0,0,10,0
0,1,90216,12,0,0,0,0,0,8,0,0,0
1,1,90216,0,0,0,0,0,0,0,0,0,0
0,1,90217,16,16,16,16,16,16,16,16,16,16
1,1,90217,0,0,0,0,0,0,0,0,0,0
1,1,90218,15,16,13,26,21,26,16,27,19,16
0,1,90219,0,0,6,0,0,15,5,0,0,0
0,2,90219,14,15,0,0,0,0,0,0,0,0
1,1,90219,0,0,0,0,0,0,0,0,0,8
1,1,90220,0,0,0,0,0,0,8,0,0,0
2,1,90220,0,0,0,0,0,0,0,0,0,0
1,1,90221,0,0,0,0,0,0,0,0,0,0
2,1,90221,0,0,0,0,0,0,0,0,0,0
0,1,90222,6,6,6,6,6,6,6,6,6,6
1,1,90222,0,0,0,0,0,0,0,0,0,0
1,1,90223,0,0,0,0,0,0,0,0,0,0
2,1,90223,0,0,0,0,0,0,0,0,0,0
1,1,90224,18,27,18,11,13,10,0,0,0,0
1,1,90225,0,0,0,0,0,0,0,0,0,0
1,1,90226,0,0,0,0,0,0,0,0,0,0
1,1,90227,0,3,0,0,16,0,0,21,0,0
2,1,90227,0,0,0,0,0,8,23,2,0,0
3,1,90227,26,26,26,26,26,26,26,26,26,26
1,1,90228,20,20,20,20,20,20,20,20,20,20
1,1,90229,1,1,1,1,1,1,1,1,1,1
2,1,90229,11,11,11,11,11,11,11,11,11,11
1,1,90230,0,0,0,0,0,19,3,0,0,14
2,1,90230,0,0,0,0,0,0,0,0,0,0
1,1,90231,0,0,0,0,0,0,0,0,0,0
2,1,90231,0,0,0,0,0,0,0,0,0,0
1,1,90232,0,0,0,0,11,0,0,0,22,0
2,1,90232,0,0,0,0,0,0,0,0,6,0
1,1,90233,0,0,0,0,0,0,0,0,0,0
2,1,90233,0,0,0,0,0,0,0,0,0,0
1,1,90234,7,7,7,7,7,7,7,7,7,7
1,1,90235,23,23,23,23,23,23,23,23,23,23
1,1,90236,0,0,0,0,0,0,0,0,0,0
0,1,90237,0,0,0,0,0,0,0,0,0,0
0,2,90237,0,0,0,0,0,0,0,0,0,0
2,1,90237,0,13,12,13,0,14,0,0,0,3
3,1,90237,0,0,0,8,0,0,0,0,0,0
4,1,90237,0,0,0,0,8,10,0,14,0,0
1,1,90238,9,9,9,9,9,9,9,9,9,9
1,1,90239,15,15,15,15,15,15,15,15,15,15
2,1,90239,0,0,0,0,0,0,0,0,0,0
0,1,90240,0,0,0,0,0,0,0,0,0,0
1,1,90240,0,0,0,0,12,16,8,0,2,10
1,1,90241,0,0,0,14,0,13,0,0,0,5
0,1,90242,0,10,0,0,0,0,0,0,0,0
1,1,90242,0,7,0,0,0,0,0,0,0,0
1,1,90243,22,22,22,22,22,22,22,22,22,22
1,1,90244,21,21,21,21,21,21,21,21,21,21
2,1,90245,0,0,0,0,0,0,0,0,0,0
1,1,90246,0,0,0,0,0,0,0,14,0,0
2,1,90246,0,0,0,0,0,0,0,0,0,0
3,1,90246,11,0,0,0,0,0,0,0,0,0
4,1,90246,0,0,0,0,0,0,0,0,0,0
1,1,90247,18,18,18,18,18,18,18,18,18,18
1,1,90248,24,24,24,24,24,24,24,24,24,24
2,1,90248,0,0,0,0,0,0,0,0,0,0
1,1,90249,0,0,0,0,0,0,0,0,0,0
1,1,90250,23,15,0,0,12,19,11,17,10,26
1,1,90251,18,18,18,18,18,18,18,18,18,18
1,1,90252,0,0,0,0,0,0,0,0,0,0
2,1,90252,0,0,0,0,5,0,0,0,0,0
1,1,90253,0,0,0,0,0,0,0,0,0,0
2,1,90253,0,0,0,0,0,0,0,0,0,0
1,1,90254,8,8,8,8,8,8,8,8,8,8
0,1,90255,0,0,0,0,0,0,0,0,0,0
1,1,90255,0,0,0,0,0,0,0,0,0,0
1,1,90256,0,0,0,0,0,0,0,0,0,0
1,1,90257,22,22,22,22,22,22,22,22,22,22
1,1,90258,0,0,0,0,0,0,0,0,0,0
2,1,90258,0,0,0,0,0,0,0,0,0,0
1,1,90259,12,12,12,12,12,12,12,12,12,12
2,1,90259,0,0,0,0,0,0,0,0,0,0
1,1,90260,0,0,0,0,16,0,0,0,0,0
2,1,90260,0,0,0,0,0,0,0,0,0,0
1,1,90261,0,0,0,0,0,0,0,0,0,0
2,1,90261,0,0,0,0,0,12,0,0,0,6
0,1,90262,32,32,32,32,32,32,32,32,32,32
1,1,90262,0,0,0,0,0,0,0,0,0,0
1,1,90263,19,0,0,0,0,0,8,0,0,32
1,1,90264,0,0,0,0,0,0,0,0,0,0
1,1,90265,4,4,4,4,4,4,4,4,4,4
1,1,90266,16,8,5,0,0,6,0,0,0,0
2,1,90266,8,6,3,17,7,8,10,10,7,15
1,1,90267,0,0,0,0,0,0,0,0,0,0
2,1,90267,0,0,0,0,0,0,0,0,0,0
1,1,90268,0,0,0,0,0,0,0,0,0,0
2,1,90268,0,0,0,0,0,0,0,0,0,0
1,1,90269,16,16,16,16,16,16,16,16,16,16
1,1,90270,0,0,0,0,0,0,0,0,0,0
2,1,90270,0,0,0,0,0,0,0,0,0,0
1,1,100001,0,0,0,0,0,0,0,22,0,23
0,1,100002,0,0,0,0,19,0,0,0,0,0
1,1,100002,0,0,0,15,0,18,0,0,0,0
2,1,100002,0,0,0,0,0,0,0,0,0,0
0,1,100003,0,0,0,0,0,0,0,0,0,0
1,1,100003,0,0,0,0,0,0,0,0,0,0
0,1,100004,0,0,0,0,0,0,0,0,0,0
1,1,100004,0,0,0,0,0,0,0,0,0,0
1,1,100005,0,0,0,0,0,0,0,0,0,0
2,1,100005,0,0,0,0,0,0,0,0,0,0
1,1,100006,0,0,11,3,0,0,15,0,0,0
1,1,100007,0,0,0,0,13,0,0,0,0,9
2,1,100007,0,0,0,0,0,0,0,16,4,0
1,1,100008,28,12,17,6,15,0,21,15,11,11
1,1,100009,22,22,22,22,22,22,22,22,22,22
1,1,100010,0,0,0,0,0,0,0,0,0,0
1,1,100011,6,0,0,0,0,0,0,0,0,0
2,1,100011,0,0,0,0,0,0,0,0,0,0
1,1,100012,0,0,0,0,0,0,0,0,0,4
2,1,100012,17,17,17,17,17,17,17,17,17,17
1,1,100013,29,0,0,0,0,0,0,0,0,15
2,1,100013,0,0,0,0,0,0,0,0,0,0
1,1,100014,24,24,24,24,24,24,24,24,24,24
2,1,100014,0,0,12,0,0,12,0,0,0,0
1,1,100015,14,14,14,14,14,14,14,14,14,14
1,1,100016,9,9,9,9,9,9,9,9,9,9
1,1,100017,15,15,15,15,15,15,15,15,15,15
1,1,100018,0,0,0,0,0,0,0,0,0,0
2,1,100018,0,0,0,0,0,0,0,0,0,0
1,1,100019,0,0,0,0,0,0,0,0,0,0
2,1,100019,0,0,0,0,0,0,0,6,0,0
1,1,100021,0,0,0,0,0,0,0,0,0,0
1,1,100022,10,10,10,10,10,10,10,10,10,10
1,1,100023,0,0,0,3,0,0,0,0,0,6
2,1,100023,22,22,22,22,22,22,22,22,22,22
1,1,100024,7,7,7,7,7,7,7,7,7,7
1,1,100025,0,0,0,0,0,0,0,0,0,0
2,1,100025,0,0,0,0,0,0,0,0,0,0
0,1,100026,28,28,28,28,28,28,28,28,28,28
1,1,100026,0,0,0,0,0,0,0,0,0,0
1,1,100027,7,0,0,11,0,3,18,0,0,24
2,1,100027,0,0,0,0,0,0,0,0,0,0
1,1,100028,30,0,0,0,0,0,0,0,0,6
2,1,100028,21,21,21,21,21,21,21,21,21,21
1,1,100029,0,0,0,0,0,0,0,0,0,0
2,1,100029,20,20,20,20,20,20,20,20,20,20
1,1,100030,0,0,0,0,0,0,0,0,10,0
2,1,100030,21,21,21,21,21,21,21,21,21,21
1,1,100031,0,0,0,0,0,0,0,0,0,0
1,1,100032,0,0,0,0,0,0,0,0,0,0
2,1,100032,0,0,0,0,0,0,0,0,0,0
1,1,100033,0,0,0,0,0,0,0,0,0,0
2,1,100033,26,26,26,26,26,26,26,26,26,26
1,1,100034,0,0,0,0,0,0,0,0,0,0
2,1,100034,0,0,0,0,0,0,0,0,0,0
3,1,100034,0,0,0,0,0,0,0,0,0,0
1,1,100035,0,0,0,0,0,0,0,0,0,0
2,1,100035,0,6,8,0,0,0,0,0,0,0
3,1,100035,0,0,0,0,0,22,0,0,0,0
1,1,100036,0,0,0,0,0,0,0,0,0,0
2,1,100036,0,0,0,0,0,0,0,0,0,0
1,1,100037,6,6,6,6,6,6,6,6,6,6
1,1,100038,19,19,19,19,19,19,19,19,19,19
1,1,100039,27,27,27,27,27,27,27,27,27,27
1,1,100040,8,12,26,41,13,7,6,23,18,37
1,1,100041,0,0,0,0,0,0,0,0,0,0
1,1,100042,9,22,8,14,17,0,18,33,28,16
1,1,100043,15,15,15,15,15,15,15,15,15,15
1,1,100044,0,0,0,0,0,0,0,0,0,0
1,1,100045,0,0,0,0,0,0,0,0,0,0
2,1,100045,0,0,0,0,0,0,0,0,0,0
1,1,100046,0,0,0,0,0,0,0,0,0,0
2,1,100046,0,0,0,0,0,0,0,0,0,0
0,1,100047,16,16,16,16,16,16,16,16,16,16
1,1,100047,7,6,5,2,3,6,0,6,17,6
1,1,100048,0,0,0,0,0,0,0,0,0,0
2,1,100048,0,0,0,0,0,0,0,0,0,0
1,1,100049,8,8,8,8,8,8,8,8,8,8
1,1,100050,0,0,0,0,0,0,0,0,0,0
0,1,100051,0,0,0,0,0,0,0,0,0,0
0,2,100051,0,0,0,0,0,0,0,0,0,0
0,3,100051,0,0,0,0,0,0,0,0,0,0
1,1,100051,0,0,0,0,0,0,18,0,0,0
1,1,100052,0,0,0,0,0,0,0,0,0,0
1,1,100053,0,0,0,0,0,0,0,0,0,0
2,1,100053,0,0,0,0,0,0,0,0,0,0
3,1,100053,0,0,0,0,0,0,0,23,0,0
0,1,100054,0,0,0,0,0,0,0,0,0,0
1,1,100054,0,0,3,0,0,0,0,0,0,0
1,1,100055,6,6,6,6,6,6,6,6,6,6
1,1,100056,8,8,8,8,8,8,8,8,8,8
1,1,100057,0,0,0,0,0,0,0,0,0,0
1,1,100058,0,2,0,0,0,0,0,0,0,0
2,1,100058,0,0,0,0,0,0,0,0,0,0
1,1,100059,0,0,0,0,0,0,0,0,0,0
2,1,100059,0,0,0,0,0,0,0,0,0,0
1,1,100060,0,0,0,0,21,4,0,0,0,0
1,1,100061,0,0,0,0,0,0,0,0,0,0
2,1,100061,0,0,0,0,0,0,0,0,0,0
1,1,100062,34,34,34,34,34,34,34,34,34,34
0,1,100063,0,0,0,14,0,0,0,0,0,0
1,1,100063,0,0,0,0,0,0,0,0,0,0
1,1,100064,0,0,0,0,0,0,0,0,0,0
2,1,100064,0,0,0,0,0,0,0,0,0,0
1,1,100065,0,0,0,0,0,0,0,13,0,0
2,1,100065,0,0,0,0,0,0,0,0,0,0
0,1,100066,10,10,10,10,10,10,10,10,10,10
0,2,100066,19,0,21,0,0,0,13,0,0,0
1,1,100066,0,0,0,0,0,0,0,0,0,0
1,1,100067,12,12,12,12,12,12,12,12,12,12
1,1,100068,0,10,23,19,0,12,3,9,0,0
2,1,100068,0,0,0,0,0,21,0,0,0,0
0,1,100069,0,0,0,23,13,2,0,0,11,0
1,1,100069,3,3,4,5,3,12,11,3,19,21
3,1,100069,8,10,0,0,10,14,8,0,0,13
4,1,100069,0,0,0,22,8,4,18,0,16,0
1,1,100070,20,32,12,26,20,11,10,16,17,8
1,1,100071,11,13,16,26,13,7,11,14,19,14
1,1,100072,0,0,0,0,0,0,0,3,0,0
2,1,100072,0,0,0,4,7,0,0,0,0,0
3,1,100072,0,0,0,0,0,17,0,0,0,0
4,1,100072,0,0,0,0,0,18,0,13,0,0
1,1,100073,10,10,10,10,10,10,10,10,10,10
1,1,100074,0,0,0,0,0,0,0,0,0,0
2,1,100074,0,0,0,0,0,0,0,0,0,0
0,1,100075,0,18,0,0,16,0,0,0,0,0
1,1,100075,0,0,0,17,0,0,0,0,0,0
1,1,100076,7,7,7,7,7,7,7,7,7,7
1,1,100077,22,22,22,22,22,22,22,22,22,22
2,1,100077,0,0,0,0,0,0,0,0,0,0
1,1,100078,13,0,0,0,7,0,0,10,0,0
2,1,100078,0,0,0,0,0,0,0,0,0,0
3,1,100078,8,8,8,8,8,8,8,8,8,8
1,1,100079,0,0,0,0,0,0,0,0,0,26
1,1,100080,0,0,0,0,0,0,0,3,0,0
2,1,100080,0,0,12,0,12,0,0,0,0,0
1,1,100081,0,0,0,0,0,0,0,0,0,0
0,1,100082,17,17,17,17,17,17,17,17,17,17
1,1,100082,0,0,0,0,0,0,10,0,0,0
2,1,100082,0,0,0,0,11,13,0,0,22,0
1,1,100083,18,18,18,18,18,18,18,18,18,18
2,1,100083,0,0,0,0,0,0,0,0,0,0
1,1,100084,15,7,17,13,0,0,0,0,8,24
2,1,100084,9,0,0,0,0,0,0,0,0,0
1,1,100085,0,0,0,0,0,0,0,0,0,0
1,1,100086,0,0,0,12,0,0,0,0,0,0
2,1,100086,13,13,13,13,13,13,13,13,13,13
0,1,100087,25,0,18,21,4,12,10,19,12,24
1,1,100087,13,4,13,13,5,0,5,7,22,4
1,1,100088,19,0,0,0,2,13,26,27,14,17
2,1,100088,0,0,0,26,0,0,0,0,0,0
1,1,100089,0,11,0,30,15,0,0,0,11,0
1,1,100090,0,0,0,0,0,0,12,0,0,0
2,1,100090,0,0,0,0,0,0,0,0,0,0
1,1,100091,0,0,0,0,0,0,0,0,0,0
2,1,100091,0,0,0,0,0,0,0,0,0,0
1,1,100092,0,0,0,0,0,0,0,0,0,0
2,1,100092,0,0,0,0,0,0,0,0,0,0
1,1,100093,0,7,0,0,0,0,10,5,0,0
1,1,100094,0,0,0,0,0,0,0,0,0,5
2,1,100094,0,0,0,0,0,0,0,0,9,0
0,1,100095,18,18,18,18,18,18,18,18,18,18
1,1,100095,0,0,9,0,12,8,0,19,20,16
1,1,100096,23,23,23,23,23,23,23,23,23,23
0,1,100097,5,5,5,5,5,5,5,5,5,5
1,1,100097,7,7,7,7,7,7,7,7,7,7
0,1,100098,21,21,21,21,21,21,21,21,21,21
1,1,100098,0,0,0,0,0,0,13,0,0,0
1,1,100099,25,16,23,13,27,16,12,26,13,17
1,1,100100,0,0,0,0,8,0,0,0,0,3
1,1,100101,11,11,11,11,11,11,11,11,11,11
1,1,100102,0,0,0,0,0,0,0,0,0,0
2,1,100102,0,0,0,0,0,0,0,0,0,0
1,1,100103,15,0,0,0,0,0,0,0,0,14
0,1,100104,0,11,0,0,0,0,0,0,8,0
1,1,100104,0,6,0,0,0,8,0,0,0,0
1,1,100105,0,0,0,0,0,0,0,0,0,0
2,1,100105,0,0,0,0,0,15,0,0,0,26
1,1,100106,0,0,0,0,0,0,0,0,0,0
0,1,110001,0,0,0,0,0,0,0,0,0,0
1,1,110001,0,0,0,0,0,0,0,0,0,0
0,1,110002,0,0,0,0,0,0,0,0,0,0
1,1,110002,0,0,0,0,0,0,0,0,0,0
0,1,110003,0,0,0,0,0,0,0,0,0,0
1,1,110003,0,0,0,0,0,0,0,0,0,0
0,1,110004,41,41,41,41,41,41,41,41,41,41
1,1,110004,0,11,0,0,0,0,0,0,0,11
1,1,110005,0,0,0,0,0,0,0,0,0,0
2,1,110005,0,0,0,0,0,0,0,0,0,0
0,1,110006,0,0,0,0,0,0,0,0,0,0
0,2,110006,0,0,0,0,0,0,0,0,0,0
1,1,110006,0,0,0,0,0,0,0,0,0,0
1,1,110007,25,25,25,25,25,25,25,25,25,25
2,1,110007,0,0,0,0,0,0,0,0,0,0
0,1,110008,3,3,3,3,3,3,3,3,3,3
1,1,110008,0,0,0,0,0,0,0,0,0,0
1,1,110009,0,0,0,0,0,0,0,0,0,0
2,1,110009,0,0,0,0,0,0,0,0,0,0
3,1,110009,0,0,0,0,0,10,0,0,0,0
4,1,110009,0,0,10,0,0,0,0,0,0,0
1,1,110010,12,12,12,12,12,12,12,12,12,12
2,1,110010,8,8,8,8,8,8,8,8,8,8
3,1,110010,0,0,0,0,0,0,0,0,0,0
0,1,110011,24,26,22,0,0,0,20,0,33,0
1,1,110011,0,0,25,0,0,21,0,4,25,0
0,1,110012,0,0,0,0,0,0,0,0,0,0
1,1,110012,0,5,0,0,0,0,0,22,0,0
0,1,110013,0,0,0,0,0,0,0,0,0,0
1,1,110013,0,0,0,0,11,0,0,0,29,0
1,1,110014,0,13,0,9,0,0,9,14,6,0
1,1,110015,16,16,16,16,16,16,16,16,16,16
1,1,110016,0,0,19,0,0,0,0,0,0,0
0,1,110017,18,18,18,18,18,18,18,18,18,18
1,1,110017,0,0,0,0,0,0,0,0,0,0
1,1,110018,0,0,0,0,0,0,0,0,0,0
1,1,110019,9,9,9,9,9,9,9,9,9,9
1,1,110020,2,2,2,2,2,2,2,2,2,2
2,1,110020,9,9,9,9,9,9,9,9,9,9
1,1,110021,0,14,0,0,0,12,0,0,0,0
2,1,110021,6,6,6,6,6,6,6,6,6,6
3,1,110021,12,12,12,12,12,12,12,12,12,12
0,1,110022,2,2,2,2,2,2,2,2,2,2
1,1,110022,0,0,0,0,0,0,0,0,0,0
0,1,110023,13,13,13,13,13,13,13,13,13,13
1,1,110023,21,5,0,0,0,3,0,0,22,4
0,1,110024,0,0,0,0,0,0,0,0,0,0
1,1,110024,0,0,0,0,0,5,0,0,0,0
1,1,110025,0,0,0,0,0,0,0,0,0,0
2,1,110025,0,0,0,0,0,0,0,0,0,0
0,1,110026,22,22,22,22,22,22,22,22,22,22
1,1,110026,0,0,0,0,0,0,0,0,0,0
0,1,110027,24,24,24,24,24,24,24,24,24,24
1,1,110027,0,0,0,0,0,0,0,0,0,0
0,1,110028,24,24,24,24,24,24,24,24,24,24
1,1,110028,0,0,0,0,0,0,0,0,0,0
0,1,110029,0,0,0,0,0,0,0,0,0,0
1,1,110029,0,0,16,0,0,0,0,0,0,0
1,1,110030,0,9,0,7,0,22,20,14,0,10
2,1,110030,0,0,0,0,0,0,0,0,0,0
0,1,110031,0,0,0,12,15,0,0,0,0,0
1,1,110031,0,0,0,0,0,0,0,0,0,0
1,1,110032,25,16,22,8,0,29,27,27,13,0
0,1,110033,0,0,0,0,0,0,0,0,0,0
1,1,110033,0,0,0,0,0,0,0,0,0,0
0,1,110034,27,27,27,27,27,27,27,27,27,27
1,1,110034,3,3,3,3,3,3,3,3,3,3
0,1,110035,0,0,0,0,0,0,0,0,0,0
1,1,110035,0,0,2,0,0,0,0,0,9,0
1,1,110036,14,14,14,14,14,14,14,14,14,14
1,1,120001,0,0,0,0,0,0,0,0,0,2
1,1,120002,0,0,0,14,0,0,0,0,51,11
0,1,120003,0,0,0,0,0,0,0,0,0,0
1,1,120003,0,0,0,0,0,0,0,0,0,16
0,1,120004,25,25,25,25,25,25,25,25,25,25
1,1,120004,0,0,0,0,0,0,0,0,0,0
0,1,120005,0,0,0,0,0,0,0,0,0,0
1,1,120005,23,0,0,0,0,21,0,0,0,0
1,1,120006,0,0,0,0,0,0,0,11,0,0
1,1,120008,0,0,0,0,0,0,19,0,0,0
1,1,120009,17,0,0,8,0,0,0,0,0,0
2,1,120009,5,5,5,5,5,5,5,5,5,5
1,1,120010,14,0,0,0,0,0,0,0,27,0
1,1,120011,0,0,0,0,0,0,0,0,0,0
2,1,120011,0,0,0,0,0,0,0,0,0,0
0,1,120012,0,0,0,0,0,0,0,0,0,0
1,1,120012,0,0,5,0,0,0,0,0,0,0
1,1,120013,15,15,15,15,15,15,15,15,15,15
1,1,120014,0,12,6,0,0,0,0,12,8,0
2,1,120014,0,0,0,0,0,0,0,0,0,0
1,1,120015,0,0,0,0,0,0,0,0,0,0