VEH_NO,PER_NO,ST_CASE,P1,P2,P3,P4,P5,P6,P7,P8,P9,P10
1,1,120016,7,7,7,7,7,7,7,7,7,7
2,1,120016,11,11,11,11,11,11,11,11,11,11
1,1,120017,2,2,2,2,2,2,2,2,2,2
2,1,120017,0,0,0,31,0,0,20,0,0,0
3,1,120017,0,0,0,0,0,0,0,0,0,0
1,1,120018,0,0,0,0,0,0,0,0,0,0
2,1,120018,22,0,0,0,0,0,0,0,0,0
1,1,120019,13,13,13,13,13,13,13,13,13,13
1,1,120020,0,0,17,0,8,15,9,5,5,0
1,1,120021,28,28,28,28,28,28,28,28,28,28
2,1,120021,0,0,0,0,0,0,0,0,0,0
1,1,120022,0,0,0,0,0,0,0,0,0,0
2,1,120022,0,0,0,0,0,0,0,0,0,0
0,1,120023,3,3,3,3,3,3,3,3,3,3
1,1,120023,0,0,0,0,0,0,0,0,0,0
1,1,120024,15,15,15,15,15,15,15,15,15,15
1,1,120025,0,0,0,0,0,0,0,0,0,0
1,1,120026,36,36,36,36,36,36,36,36,36,36
1,1,120027,7,7,7,7,7,7,7,7,7,7
2,1,120027,0,0,0,0,0,0,0,0,0,0
1,1,120028,0,0,0,0,0,0,0,0,0,0
2,1,120028,0,0,0,0,0,0,0,0,0,0
0,1,120029,0,0,0,0,0,0,0,0,0,0
1,1,120029,0,0,0,0,0,0,0,0,0,0
1,1,120030,0,0,0,0,0,0,0,0,0,0
0,1,120031,0,0,0,0,0,0,0,0,0,0
1,1,120031,0,0,0,0,0,0,0,0,0,0
1,1,120032,0,0,0,0,0,0,0,0,0,0
1,1,120033,0,0,0,0,0,0,0,0,0,0
2,1,120033,0,0,0,0,0,0,0,0,0,0
0,1,120034,0,0,0,0,0,0,0,0,0,0
1,1,120034,0,0,11,0,0,0,0,0,0,0
1,1,120035,0,0,0,0,0,0,0,0,0,0
2,1,120035,0,0,0,0,0,0,0,0,0,0
1,1,120036,33,33,33,33,33,33,33,33,33,33
2,1,120036,0,0,0,0,0,0,0,0,0,0
3,1,120036,0,0,0,0,0,0,0,0,0,0
4,1,120036,0,0,0,0,0,0,0,0,0,0
5,1,120036,0,0,0,0,0,0,0,0,0,0
1,1,120037,0,0,0,0,0,0,0,0,0,0
2,1,120037,0,0,0,0,0,0,0,0,0,0
1,1,120038,0,0,0,0,0,0,0,0,0,0
2,1,120038,0,0,0,0,0,0,0,0,0,0
1,2,120039,0,0,0,11,0,18,18,14,0,18
1,1,120040,21,21,21,21,21,21,21,21,21,21
2,1,120040,0,0,0,0,0,0,0,0,0,0
1,1,120041,16,16,16,16,16,16,16,16,16,16
2,1,120041,0,0,0,0,0,0,0,0,0,0
1,1,120042,0,0,0,0,0,0,0,0,0,0
2,1,120042,0,0,0,0,0,0,0,0,0,0
1,1,120043,17,17,17,17,17,17,17,17,17,17
1,1,120044,0,0,0,0,0,0,0,0,0,0
2,1,120044,0,0,0,0,0,0,0,0,0,0
1,1,120045,0,0,0,0,0,0,32,0,23,18
1,1,120046,0,0,0,0,0,0,0,0,0,0
2,1,120046,0,0,0,0,0,0,0,0,0,0
1,1,120047,27,27,27,27,27,27,27,27,27,27
0,1,120048,23,0,19,0,0,19,0,19,0,11
1,1,120048,0,0,9,0,17,8,0,0,0,0
1,1,120049,10,10,10,10,10,10,10,10,10,10
1,1,120050,17,17,17,17,17,17,17,17,17,17
1,1,120051,0,0,0,0,0,0,0,0,0,0
2,1,120051,0,0,0,0,0,0,0,0,0,0
1,1,120052,0,0,0,0,0,0,0,0,0,0
2,1,120052,0,0,0,0,0,0,0,0,0,0
1,1,120053,21,21,21,21,21,21,21,21,21,21
1,1,120054,0,0,0,0,0,0,0,0,0,0
2,1,120054,0,0,0,0,0,0,0,0,0,0
3,1,120054,0,0,0,0,0,0,0,0,0,0
1,1,120055,0,0,0,0,0,0,0,0,0,0
2,1,120055,0,0,0,0,0,0,0,0,0,0
3,1,120055,8,0,2,0,0,0,0,0,0,0
4,1,120055,0,0,0,0,0,0,0,0,0,10
5,1,120055,0,0,0,0,0,0,0,0,0,0
1,1,120056,0,0,0,0,0,0,0,0,0,0
1,1,120057,0,0,0,0,0,0,0,0,0,0
2,1,120057,0,0,0,0,0,0,0,0,0,0
1,1,120058,0,0,0,0,0,0,0,0,0,0
2,1,120058,0,0,0,0,0,0,0,0,0,0
0,1,120059,31,33,32,43,0,0,0,22,0,35
1,1,120059,0,0,0,0,0,0,0,0,0,0
0,1,120060,0,16,0,0,0,6,0,0,34,0
1,1,120060,0,0,0,0,0,0,6,0,0,0
1,1,120061,2,2,2,2,2,2,2,2,2,2
2,1,120061,0,0,0,0,0,0,16,0,0,0
1,1,120062,0,0,0,0,0,0,0,0,0,0
2,1,120062,0,0,17,0,13,0,0,0,0,0
0,1,120063,0,0,0,0,0,0,0,0,0,0
1,1,120063,0,0,0,0,0,0,8,0,0,0
1,1,120064,0,0,0,0,0,0,0,0,0,0
2,1,120064,0,0,0,0,0,0,0,0,0,0
1,1,120065,0,0,0,0,0,0,0,6,0,0
1,1,120066,0,0,0,0,0,0,0,0,0,0
0,1,120067,24,24,24,24,24,24,24,24,24,24
1,1,120067,0,0,0,0,0,0,0,0,0,8
1,1,120068,0,13,0,0,0,0,7,7,0,0
0,1,120069,14,14,14,14,14,14,14,14,14,14
1,1,120069,0,0,0,0,0,0,0,0,0,0
1,1,120070,0,0,0,0,0,0,0,0,0,0
2,1,120070,0,0,0,0,0,0,0,0,0,0
3,1,120070,0,0,0,0,0,0,0,0,0,0
0,1,120071,0,0,0,0,0,0,0,0,0,0
1,1,120071,0,14,0,0,0,0,0,10,0,0
1,1,120072,0,0,0,0,0,0,0,0,0,0
2,1,120072,0,0,0,0,0,0,0,0,0,0
1,1,120073,19,14,0,0,0,14,0,0,0,0
1,1,120074,0,0,0,0,0,0,0,0,0,0
1,1,120075,24,24,24,24,24,24,24,24,24,24
1,1,120076,0,0,0,0,0,0,0,0,0,0
2,1,120076,0,0,0,0,0,0,0,0,0,0
1,1,120077,15,15,15,15,15,15,15,15,15,15
1,1,120078,0,0,0,0,0,0,0,0,0,0
2,1,120078,0,0,0,0,0,0,0,0,0,0
1,1,120079,0,0,0,0,0,0,19,0,9,13
1,1,120080,0,0,0,0,0,0,0,0,0,0
2,1,120080,0,0,0,0,0,0,0,0,0,0
1,1,120081,0,0,0,0,0,0,0,0,7,0
1,1,120082,0,0,0,0,0,0,0,0,0,5
2,1,120082,0,0,0,0,0,0,0,0,0,0
1,1,120083,0,0,0,0,0,0,0,0,0,0
2,1,120083,0,0,0,0,0,0,0,0,0,0
1,1,120084,15,15,15,15,15,15,15,15,15,15
1,1,120085,3,3,3,3,3,3,3,3,3,3
1,1,120086,7,7,7,7,7,7,7,7,7,7
1,1,120087,22,0,0,0,0,0,0,0,0,0
2,1,120087,0,0,0,0,0,11,3,0,0,0
1,1,120088,26,26,26,26,26,26,26,26,26,26
1,1,120089,22,22,22,22,22,22,22,22,22,22
0,1,120090,0,0,0,0,0,0,0,0,0,0
1,1,120090,0,0,0,0,0,0,0,0,0,0
1,1,120091,0,0,0,0,0,0,0,0,0,0
2,1,120091,0,0,0,0,0,0,0,0,0,0
1,1,120092,0,0,0,0,0,0,0,0,0,0
2,1,120092,0,0,0,0,0,0,0,0,0,0
1,1,120093,25,25,25,25,25,25,25,25,25,25
2,1,120093,0,0,0,0,0,0,0,0,0,0
1,1,120094,0,0,0,0,0,0,0,0,0,0
2,1,120094,0,0,0,0,0,0,0,0,0,0
3,1,120094,0,0,0,0,0,0,0,0,0,0
0,1,120095,0,0,0,0,0,0,0,0,0,0
1,1,120095,0,0,0,0,0,0,0,8,0,0
2,1,120095,0,0,0,0,0,0,0,0,0,0
1,1,120096,0,0,0,0,0,0,0,0,0,0
2,1,120096,0,0,0,0,0,0,0,0,0,0
1,1,120097,22,22,22,22,22,22,22,22,22,22
1,1,120098,0,0,0,0,0,0,0,0,0,0
2,1,120098,0,0,0,0,0,0,0,0,0,0
1,1,120099,0,0,0,0,0,0,0,0,0,0
2,1,120099,0,0,0,0,0,0,0,0,0,0
1,1,120100,28,28,28,28,28,28,28,28,28,28
1,1,120101,32,32,32,32,32,32,32,32,32,32
2,1,120101,0,0,0,0,0,0,0,0,0,0
0,1,120102,0,0,0,0,0,0,0,0,0,0
1,1,120102,0,0,9,0,0,15,0,0,10,17
1,1,120103,0,0,0,0,0,0,0,0,0,0
2,1,120103,0,0,0,0,0,0,0,0,0,0
1,1,120104,0,0,0,0,0,0,0,0,0,0
2,1,120104,0,0,0,0,0,5,0,0,0,0
1,1,120105,8,24,16,13,23,18,16,12,18,25
1,1,120106,0,11,0,0,0,0,0,0,0,0
1,1,120107,14,14,14,14,14,14,14,14,14,14
2,1,120107,0,0,0,0,0,0,0,0,17,0
3,1,120107,0,0,0,0,0,0,0,0,0,0
4,1,120107,0,0,0,0,0,0,0,0,4,0
1,1,120108,15,15,15,15,15,15,15,15,15,15
1,1,120109,14,14,14,14,14,14,14,14,14,14
2,1,120109,4,4,4,4,4,4,4,4,4,4
3,1,120109,0,0,19,0,0,0,0,0,0,4
1,1,120110,12,12,12,12,12,12,12,12,12,12
2,1,120110,0,0,0,0,0,0,0,0,0,0
1,1,120111,0,0,0,0,0,0,0,0,0,0
2,1,120111,0,0,0,0,0,0,0,0,0,0
1,1,120112,0,0,0,0,0,0,0,0,0,0
2,1,120112,0,0,0,0,0,0,0,0,0,0
0,1,120113,0,0,0,0,0,0,0,0,0,0
1,1,120113,0,0,0,0,0,0,0,0,0,0
0,1,120114,0,0,0,0,0,0,0,0,0,0
1,1,120114,0,0,0,0,0,0,0,0,0,0
1,1,120115,0,0,0,0,0,0,0,0,0,0
2,1,120115,0,0,0,0,0,0,0,0,0,0
1,1,120116,0,0,0,0,0,0,0,0,0,0
2,1,120116,0,0,0,0,0,0,0,0,0,0
1,1,120117,16,0,0,7,0,29,0,18,19,0
1,1,120118,19,19,19,19,19,19,19,19,19,19
0,1,120119,0,0,0,0,0,0,0,0,0,0
1,1,120119,0,0,0,0,6,0,0,0,0,0
1,1,120120,0,0,0,0,0,0,0,0,0,0
1,1,120121,9,0,0,0,0,0,15,0,0,3
2,1,120121,0,0,0,0,0,0,0,0,0,0
3,1,120121,23,23,23,23,23,23,23,23,23,23
1,1,120122,31,31,31,31,31,31,31,31,31,31
2,1,120122,0,0,0,0,0,0,0,0,0,0
1,1,120123,0,0,0,0,0,0,0,0,0,0
1,1,120124,0,0,0,0,0,0,0,0,0,0
2,1,120124,0,0,0,0,0,0,0,0,0,0
0,1,120125,2,2,2,2,2,2,2,2,2,2
1,1,120125,0,0,0,0,0,0,0,0,0,0
1,1,120126,25,25,25,25,25,25,25,25,25,25
1,1,120127,7,7,7,7,7,7,7,7,7,7
2,1,120127,0,0,0,0,0,0,0,0,0,0
3,1,120127,0,4,0,13,0,0,0,0,0,0
1,1,120128,0,0,0,0,0,0,0,0,0,0
2,1,120128,0,0,0,0,0,0,0,0,0,0
1,1,120129,0,0,0,0,0,0,0,0,0,0
0,1,120130,20,20,20,20,20,20,20,20,20,20
1,1,120130,0,0,0,0,0,0,0,0,21,3
1,1,120131,0,0,0,0,0,0,0,0,0,0
1,1,120132,6,0,19,0,0,0,0,10,0,0
0,1,120133,0,0,0,0,0,0,3,0,2,0
1,1,120133,0,0,0,0,0,0,0,0,0,0
1,1,120135,0,0,0,0,0,0,0,0,0,0
1,1,120136,3,3,3,3,3,3,3,3,3,3
2,1,120136,0,0,0,0,0,0,0,0,0,0
1,1,120137,0,0,0,0,0,0,0,0,0,0
1,1,120138,24,24,24,24,24,24,24,24,24,24
0,1,120139,0,0,0,13,36,0,0,11,0,15
1,1,120139,0,0,0,0,0,0,6,0,0,0
1,1,120140,0,0,0,0,0,0,0,0,0,0
2,1,120140,0,0,0,0,0,0,0,0,0,0
3,1,120140,0,0,0,0,0,0,0,0,0,0
1,1,120141,0,0,0,0,0,0,0,0,0,0
2,1,120141,0,3,0,0,0,0,0,0,0,0
1,1,120142,17,17,17,17,17,17,17,17,17,17
2,1,120142,3,0,0,0,0,0,0,0,0,0
1,1,120143,0,0,0,0,0,0,0,0,0,0
2,1,120143,0,0,0,0,0,0,0,0,0,0
3,1,120143,0,0,0,0,0,0,0,0,0,0
1,1,120144,0,0,0,0,0,0,0,0,0,0
2,1,120144,0,0,0,0,0,0,0,0,0,0
1,1,120145,0,0,15,0,0,0,0,0,0,0
0,1,120146,0,0,0,0,0,0,0,0,0,0
1,1,120146,0,0,0,0,0,0,0,0,0,0
1,1,120147,0,0,0,0,0,0,0,0,0,0
1,1,120148,0,0,0,0,0,0,0,0,0,0
2,1,120148,0,0,0,0,0,0,0,0,0,0
0,1,120149,12,12,12,12,12,12,12,12,12,12
1,1,120149,0,0,3,0,0,0,4,14,7,0
1,1,120150,2,2,2,2,2,2,2,2,2,2
1,1,120151,0,0,0,0,0,0,0,0,0,0
2,1,120151,0,0,0,0,0,0,0,0,0,0
3,1,120151,0,0,0,0,0,0,0,11,0,12
4,1,120151,0,0,0,0,0,0,0,0,0,0
1,1,120152,18,18,18,18,18,18,18,18,18,18
1,1,120153,8,8,8,8,8,8,8,8,8,8
1,1,120154,0,0,0,0,0,0,0,0,0,0
2,1,120154,0,0,0,0,0,0,0,0,0,0
1,1,120155,0,0,0,0,0,0,0,0,0,0
2,1,120155,0,0,20,0,0,0,0,0,0,0
1,1,120156,12,12,12,12,12,12,12,12,12,12
1,1,120157,0,0,0,0,0,0,0,0,0,0
2,1,120157,0,0,13,0,0,0,0,0,0,0
3,1,120157,0,0,0,0,0,0,0,0,0,0
1,1,120158,0,0,0,0,0,0,0,0,0,0
2,1,120158,0,0,0,0,0,0,0,0,0,0
1,1,120159,25,25,25,25,25,25,25,25,25,25
0,1,120160,7,7,7,7,7,7,7,7,7,7
1,1,120160,0,5,16,0,0,0,0,0,9,0
2,1,120160,0,0,0,0,0,0,0,7,0,0
1,1,120161,0,0,0,0,0,0,0,0,0,0
2,1,120161,0,0,0,0,0,0,0,0,0,0
0,1,120162,39,39,39,39,39,39,39,39,39,39
1,1,120162,0,0,0,0,0,0,0,0,0,0
0,1,120163,0,0,0,0,0,0,0,0,0,0
1,1,120163,0,0,0,0,0,0,0,0,0,0
1,1,120164,31,31,31,31,31,31,31,31,31,31
0,1,120165,9,9,9,9,9,9,9,9,9,9
1,1,120165,0,0,0,0,0,0,0,0,4,0
1,1,120166,0,0,0,0,0,0,0,0,0,0
2,1,120166,0,0,0,0,0,0,0,0,0,0
1,1,120167,20,20,20,20,20,20,20,20,20,20
0,1,120168,22,22,22,22,22,22,22,22,22,22
1,1,120168,0,0,16,0,0,0,0,0,0,0
0,1,120169,18,0,0,0,0,0,23,3,0,28
1,1,120169,0,0,0,0,0,0,0,0,0,0
1,1,120170,32,32,32,32,32,32,32,32,32,32
2,1,120170,0,0,0,0,0,7,0,0,0,0
3,1,120170,0,0,0,0,0,0,0,0,0,0
4,1,120170,0,0,0,0,0,0,0,0,0,11
1,1,120171,0,0,0,0,0,0,0,0,0,0
1,4,120172,12,22,0,0,0,9,10,0,11,21
1,1,120173,0,0,0,0,0,0,0,0,0,0
2,1,120173,0,0,0,0,0,0,0,0,0,0
1,1,120174,0,0,0,0,0,0,20,0,0,0
2,1,120174,0,0,0,0,0,0,0,0,0,0
1,1,120175,19,19,19,19,19,19,19,19,19,19
1,1,120176,24,24,24,24,24,24,24,24,24,24
1,1,120177,0,0,0,0,0,0,0,0,0,0
1,1,120178,22,22,22,22,22,22,22,22,22,22
2,1,120178,0,0,0,0,0,0,0,0,0,0
0,1,120179,4,4,4,4,4,4,4,4,4,4
1,1,120179,0,0,0,0,0,0,0,0,0,0
1,1,120180,16,16,16,16,16,16,16,16,16,16
1,1,120181,0,0,0,11,2,0,0,0,0,0
0,1,120182,23,23,23,23,23,23,23,23,23,23
1,1,120182,0,0,0,0,0,0,0,0,0,0
2,1,120182,0,0,0,0,0,0,0,0,0,0
1,1,120183,0,0,0,0,0,0,0,0,0,0
2,1,120183,0,0,0,0,0,0,0,0,0,0
0,1,120184,0,0,0,0,0,0,0,0,0,0
1,1,120184,0,0,0,0,0,0,0,0,0,0
1,1,120185,0,0,0,0,0,0,0,0,0,0
2,1,120185,0,0,0,0,0,0,0,0,0,14
3,1,120185,0,0,0,0,0,0,0,0,0,0
1,1,120186,0,0,0,0,0,0,0,0,0,0
1,1,120187,0,0,0,0,0,0,0,0,0,0
1,1,120188,0,0,0,0,0,0,0,0,0,0
2,1,120188,0,0,0,0,0,0,0,0,8,0
1,1,120189,24,24,24,24,24,24,24,24,24,24
1,1,120190,22,22,22,22,22,22,22,22,22,22
1,1,120191,0,0,0,0,0,0,0,0,0,0
0,1,120192,0,0,0,0,0,0,0,0,0,0
1,1,120192,0,0,0,0,0,0,0,0,0,0
1,1,120193,19,19,19,19,19,19,19,19,19,19
1,1,120194,22,22,22,22,22,22,22,22,22,22
1,1,120195,12,12,12,12,12,12,12,12,12,12
1,1,120196,16,16,16,16,16,16,16,16,16,16
1,1,120197,15,15,15,15,15,15,15,15,15,15
0,1,120198,36,36,36,36,36,36,36,36,36,36
1,1,120198,0,0,0,0,0,0,0,0,0,0
1,1,120199,0,0,0,0,0,0,0,0,0,0
2,1,120199,0,0,0,0,0,0,0,13,0,0
3,1,120199,0,0,0,0,0,0,0,0,0,0
1,1,120200,0,0,0,0,0,0,0,0,0,0
2,1,120200,0,14,20,0,0,0,0,0,16,29
0,1,120201,19,19,19,19,19,19,19,19,19,19
1,1,120201,5,0,21,0,0,0,0,0,0,0
1,1,120202,0,0,0,0,0,0,0,0,0,0
2,1,120202,0,0,0,0,0,0,0,0,0,0
0,1,120203,24,24,24,24,24,24,24,24,24,24
1,1,120203,0,0,0,0,0,0,0,0,0,0
1,1,120204,0,0,0,0,0,0,0,0,0,0
2,1,120204,0,0,0,0,0,0,0,0,0,0
1,1,120205,0,0,30,0,0,0,12,3,0,0
2,1,120205,0,0,0,0,0,0,0,0,0,0
3,1,120205,0,0,0,0,0,0,0,0,0,0
1,1,120207,18,18,18,18,18,18,18,18,18,18
0,1,120208,17,0,22,0,30,38,26,20,63,27
1,1,120208,0,0,8,2,0,0,0,0,0,0
1,1,120209,13,0,0,17,0,6,0,0,0,0
0,1,120210,23,23,23,23,23,23,23,23,23,23
1,1,120210,0,0,0,0,0,0,0,0,0,0
2,4,120210,69,0,0,0,18,0,0,0,0,0
3,1,120210,0,0,0,0,0,0,0,0,0,0
4,1,120210,0,0,0,0,0,0,0,0,0,0
1,1,120211,0,7,23,11,0,25,3,7,0,0
1,1,120212,0,0,0,0,0,0,0,0,0,0
1,1,120213,27,27,27,27,27,27,27,27,27,27
2,1,120213,0,0,0,0,0,5,0,0,0,0
0,1,120214,0,0,0,0,0,0,0,0,0,0
1,1,120214,0,22,3,0,0,0,0,0,0,0
1,1,120215,14,0,0,0,0,15,15,0,11,10
0,1,120216,0,0,0,0,0,22,26,0,0,0
1,1,120216,0,20,0,0,0,0,0,0,0,0
1,1,120217,22,22,22,22,22,22,22,22,22,22
1,1,120218,0,0,0,0,0,0,0,0,0,0
2,1,120218,0,0,0,0,0,0,0,0,0,0
3,1,120218,0,0,0,0,0,0,0,0,0,0
4,1,120218,0,0,0,0,0,0,0,0,0,0
1,1,120219,0,0,0,0,0,0,0,0,0,0
1,1,120220,10,10,10,10,10,10,10,10,10,10
2,1,120220,0,0,0,0,0,0,0,0,0,0
1,1,120221,0,0,0,4,0,0,8,5,0,21
2,1,120221,0,0,0,0,0,0,0,0,0,0
1,1,120222,0,0,0,0,0,0,0,0,0,0
2,1,120222,0,0,0,0,0,0,0,0,0,0
0,1,120223,0,0,0,0,0,0,0,0,0,0
1,1,120223,0,0,0,0,0,0,0,0,0,0
1,1,120224,21,21,21,21,21,21,21,21,21,21
1,1,120225,22,22,22,22,22,22,22,22,22,22
1,1,120226,0,0,0,0,0,0,0,0,0,0
1,1,120227,0,0,0,0,0,0,0,0,0,0
2,1,120227,0,0,0,0,0,0,0,0,0,0
0,1,120228,17,17,17,17,17,17,17,17,17,17
1,1,120228,0,0,0,0,0,0,0,0,0,0
1,1,120229,0,0,0,0,0,0,0,0,0,0
2,1,120229,0,0,0,0,0,0,0,0,0,0
3,1,120229,0,0,0,0,0,0,0,0,0,0
4,1,120229,0,0,0,0,0,0,0,0,0,0
5,1,120229,0,0,0,0,0,0,0,0,0,0
6,1,120229,0,0,6,0,0,0,0,0,0,0
1,1,120230,0,0,0,0,0,0,0,0,0,0
2,1,120230,0,0,0,0,0,0,0,0,0,0
0,1,120231,0,0,0,0,0,0,0,0,0,0
1,1,120231,0,0,0,0,0,0,0,0,0,0
1,1,120232,0,0,0,0,0,0,0,0,0,0
1,1,120233,0,0,0,0,0,0,0,0,0,0
2,1,120233,0,0,0,0,0,0,0,0,0,0
1,1,120234,0,0,0,0,0,0,0,0,0,0
2,1,120234,0,0,0,0,0,0,0,0,0,0
0,1,120235,1,1,1,1,1,1,1,1,1,1
1,1,120235,0,0,0,0,0,0,0,0,0,0
0,1,120236,26,0,23,22,0,0,0,17,35,23
1,1,120236,0,14,0,0,0,0,0,0,15,0
1,1,120237,23,23,23,23,23,23,23,23,23,23
2,1,120237,0,0,0,0,3,0,0,0,0,0
1,1,120238,0,0,0,0,0,0,0,0,0,0
2,1,120238,6,6,6,6,6,6,6,6,6,6
1,1,120239,0,0,26,27,0,17,23,10,16,32
2,1,120239,0,0,0,0,0,0,0,0,0,0
1,1,120240,0,0,0,0,0,0,0,0,0,0
1,1,120241,13,15,24,0,20,12,14,18,9,25
2,1,120241,0,0,0,13,0,8,0,0,0,0
1,1,120242,0,0,0,0,0,0,0,0,0,0
1,1,120243,0,0,0,0,0,0,0,0,0,0
2,1,120243,0,0,0,0,0,0,0,0,0,0
1,1,120244,17,17,17,17,17,17,17,17,17,17
2,1,120244,0,12,16,0,0,0,8,0,0,0
3,1,120244,0,0,0,0,0,0,0,0,0,0
1,1,120245,23,23,23,23,23,23,23,23,23,23
1,1,120246,0,0,0,0,0,0,0,0,0,0
2,1,120246,0,0,0,0,0,0,0,0,0,0
1,1,120247,0,0,0,0,0,0,0,0,0,0
2,1,120247,0,0,0,0,0,0,0,0,0,0
0,1,120248,25,25,25,25,25,25,25,25,25,25
1,1,120248,0,0,0,0,0,0,0,0,0,0
1,1,120249,0,0,0,0,0,0,0,0,0,0
2,1,120249,0,0,0,0,0,0,0,0,0,0
0,1,120250,21,21,21,21,21,21,21,21,21,21
1,1,120250,0,0,5,0,0,0,0,0,0,0
1,1,120251,27,27,27,27,27,27,27,27,27,27
2,1,120251,0,0,0,0,0,0,0,0,0,0
3,1,120251,0,0,0,0,0,0,0,0,0,0
4,1,120251,0,0,0,0,0,0,0,0,0,0
1,1,120252,0,0,0,0,0,0,0,0,0,0
2,1,120252,0,0,0,0,0,0,0,0,0,0
1,1,120253,0,0,0,0,0,0,0,0,0,0
1,1,120254,0,0,0,0,0,0,0,0,0,0
1,1,120255,0,0,0,0,0,0,0,0,0,0
1,1,120256,0,0,0,0,0,0,0,0,0,0
2,1,120256,14,0,0,0,0,0,0,0,0,13
1,1,120257,0,0,0,0,0,0,0,0,0,0
1,1,120258,0,0,0,0,0,0,0,0,0,0
2,1,120258,0,0,0,0,0,0,0,0,0,0
0,1,120259,14,14,14,14,14,14,14,14,14,14
1,1,120259,0,7,0,0,18,0,0,0,0,0
2,1,120259,0,0,0,0,0,0,0,0,0,0
1,1,120260,11,11,11,11,11,11,11,11,11,11
1,1,120261,0,0,0,0,0,0,0,0,0,0
2,1,120261,0,0,0,0,0,0,0,0,0,0
0,1,120262,0,0,7,24,9,41,21,5,19,22
1,1,120262,0,0,0,0,0,0,0,0,0,0
1,1,120263,19,19,19,19,19,19,19,19,19,19
1,1,120264,1,1,1,1,1,1,1,1,1,1
1,1,120265,33,33,33,33,33,33,33,33,33,33
1,1,120266,0,0,0,0,0,0,0,0,0,0
2,1,120266,0,0,0,0,0,0,0,0,0,0
1,1,120267,32,32,32,32,32,32,32,32,32,32
2,1,120267,0,0,6,0,0,0,0,0,0,0
1,1,120268,23,23,23,23,23,23,23,23,23,23
1,1,120269,0,0,0,0,0,0,0,0,0,0
2,1,120269,0,0,11,0,11,0,0,0,0,0
3,1,120269,0,0,0,0,0,0,0,0,0,0
4,1,120269,0,0,0,0,0,0,0,0,0,0
0,1,120271,0,0,0,0,0,0,0,0,0,0
1,1,120271,0,0,0,0,0,0,0,0,0,0
1,1,120272,0,0,0,0,0,0,0,0,0,0
2,1,120272,0,0,0,0,0,0,0,0,0,0
1,1,120273,15,15,15,15,15,15,15,15,15,15
2,1,120273,0,0,0,0,0,0,0,0,10,0
0,1,120274,23,23,23,23,23,23,23,23,23,23
1,1,120274,0,10,0,0,0,0,0,0,0,0
0,1,120275,29,29,29,29,29,29,29,29,29,29
1,1,120275,0,0,0,0,0,0,0,0,0,0
0,1,120276,0,0,13,0,0,0,0,0,0,0
1,1,120276,8,8,8,8,8,8,8,8,8,8
1,1,120277,0,0,0,0,0,0,0,0,0,0
1,1,120278,0,0,0,0,0,0,0,0,0,0
2,1,120278,0,0,0,0,0,0,0,0,0,0
3,1,120278,0,0,0,0,0,0,0,0,0,0
1,1,120279,10,10,10,10,10,10,10,10,10,10
0,1,120280,0,0,0,0,0,0,0,0,0,0
1,1,120280,0,0,0,0,0,0,0,0,0,0
0,1,120281,0,0,0,0,0,10,0,0,0,11
1,1,120281,0,0,0,0,0,0,0,0,0,0
1,1,120282,0,0,0,0,0,0,0,0,0,0
2,1,120282,0,0,0,0,0,0,0,0,0,0
1,1,120283,0,0,0,0,0,0,0,0,0,0
2,1,120283,0,0,0,0,0,0,0,0,0,0
3,1,120283,0,0,0,13,0,0,0,0,0,18
4,1,120283,0,0,0,0,0,0,0,0,0,0
0,1,120284,0,0,0,0,0,0,14,0,0,17
1,1,120284,0,0,0,0,0,0,0,0,0,0
2,1,120284,0,0,0,0,0,0,0,0,0,0
0,1,120285,19,19,19,19,19,19,19,19,19,19
1,1,120285,0,0,0,0,0,0,0,0,0,0
0,1,120286,4,4,4,4,4,4,4,4,4,4
1,1,120286,12,0,0,0,0,0,0,4,0,0
2,1,120286,0,0,0,0,0,19,0,0,0,0
1,1,120287,23,19,0,10,21,8,9,13,12,11
2,1,120287,10,10,10,10,10,10,10,10,10,10
1,1,120288,0,0,0,0,0,0,0,0,0,0
2,1,120288,0,0,0,0,0,0,0,0,0,0
1,1,120289,0,0,0,0,0,0,12,0,0,0
1,1,120290,0,0,0,0,0,0,0,0,0,0
2,1,120290,0,0,0,0,0,0,0,0,0,0
1,1,120291,0,0,0,0,0,0,0,0,0,0
0,1,120292,0,0,0,0,0,0,0,0,0,0
1,1,120292,0,0,0,0,0,0,0,0,0,0
1,1,120293,0,0,0,0,0,0,0,0,0,0
2,1,120293,0,0,0,0,0,0,0,0,0,0
3,1,120293,0,0,0,0,0,0,0,0,0,0
1,1,120294,19,19,19,19,19,19,19,19,19,19
2,1,120294,0,0,0,0,0,0,0,0,0,0
1,1,120295,0,0,0,0,0,0,0,0,0,0
2,1,120295,0,0,0,0,0,0,0,0,0,0
1,1,120296,15,15,15,15,15,15,15,15,15,15
1,1,120297,0,0,0,0,0,0,0,0,0,0
0,1,120298,15,15,15,15,15,15,15,15,15,15
1,1,120298,0,0,0,0,0,0,0,0,0,0
1,1,120299,25,25,25,25,25,25,25,25,25,25
0,1,120300,9,0,0,0,14,0,0,0,0,0
1,1,120300,0,0,0,9,4,0,0,0,6,0
1,1,120301,0,0,0,0,0,0,0,0,0,0
2,1,120301,0,6,0,0,0,0,0,0,0,0