VEH_NO,PER_NO,ST_CASE,P1,P2,P3,P4,P5,P6,P7,P8,P9,P10
3,1,120301,0,0,0,0,0,0,0,0,0,0
1,1,120302,25,25,25,25,25,25,25,25,25,25
0,1,120303,21,21,21,21,21,21,21,21,21,21
1,1,120303,0,0,0,0,0,0,0,0,0,0
1,1,120304,3,3,3,3,3,3,3,3,3,3
1,1,120305,22,22,22,22,22,22,22,22,22,22
1,1,120306,0,0,0,0,0,0,0,0,0,0
2,1,120306,0,0,0,0,0,0,0,0,0,0
0,1,120307,10,10,10,10,10,10,10,10,10,10
1,1,120307,6,6,6,6,6,6,6,6,6,6
1,1,120308,0,0,0,0,0,0,0,0,0,0
1,1,120309,0,0,0,0,0,0,0,0,0,0
1,1,120310,0,0,0,0,0,12,0,0,0,0
2,1,120310,0,0,0,0,0,0,0,0,0,0
0,1,120311,11,11,11,11,11,11,11,11,11,11
1,1,120311,0,0,0,0,0,0,0,0,0,0
0,1,120312,0,0,0,0,0,0,0,0,0,0
0,2,120312,0,0,0,0,0,0,0,0,0,0
1,1,120312,0,0,0,0,0,0,0,0,0,0
1,1,120313,0,0,0,0,0,0,0,0,0,0
1,1,120314,0,0,0,0,0,0,0,0,0,0
2,1,120314,0,0,0,0,0,0,0,0,0,0
1,1,120315,0,0,0,0,0,0,0,0,0,0
1,1,120316,0,0,0,0,0,7,0,0,0,0
1,1,120317,1,1,1,1,1,1,1,1,1,1
1,1,120318,0,0,0,0,0,0,0,0,0,0
1,1,120319,13,13,13,13,13,13,13,13,13,13
0,1,120320,6,0,0,0,0,0,0,0,0,9
1,1,120320,0,0,0,0,0,0,0,0,0,0
1,1,120321,0,0,0,0,0,0,0,0,0,0
1,1,120322,0,0,0,0,0,0,0,0,0,0
2,1,120322,0,0,0,0,0,0,0,0,0,0
3,1,120322,0,0,6,0,0,0,0,0,0,0
1,1,120323,0,0,0,0,0,0,0,0,0,0
2,1,120323,0,0,0,0,0,0,0,0,0,0
1,1,120324,0,0,0,0,0,0,0,0,0,0
2,1,120324,15,15,15,15,15,15,15,15,15,15
1,1,120325,0,0,0,0,0,0,0,0,0,0
1,1,120326,21,21,21,21,21,21,21,21,21,21
1,1,120327,1,1,1,1,1,1,1,1,1,1
2,1,120327,10,10,10,10,10,10,10,10,10,10
0,1,120328,21,21,21,21,21,21,21,21,21,21
1,1,120328,0,0,0,0,0,0,0,0,0,0
1,1,120329,0,0,0,0,0,0,0,0,0,0
2,1,120329,0,0,0,0,0,0,0,0,0,0
1,1,120330,26,26,26,26,26,26,26,26,26,26
1,1,120331,7,7,7,7,7,7,7,7,7,7
1,1,120332,34,34,34,34,34,34,34,34,34,34
1,1,120333,0,0,0,0,0,0,0,0,0,0
2,1,120333,0,0,0,11,0,11,17,0,20,0
1,1,120334,27,27,27,27,27,27,27,27,27,27
0,1,120335,8,8,8,8,8,8,8,8,8,8
1,1,120335,0,0,0,0,0,0,0,0,0,0
1,1,120336,0,0,0,0,0,0,0,7,0,0
2,1,120336,0,0,0,0,0,0,0,0,0,0
1,1,120337,18,18,18,18,18,18,18,18,18,18
1,1,120338,6,26,13,19,16,0,0,33,19,15
2,1,120338,2,2,2,2,2,2,2,2,2,2
3,1,120338,0,0,0,0,0,0,0,0,32,0
0,1,120339,0,0,0,0,0,0,0,0,0,0
1,1,120339,0,0,0,0,0,0,0,0,0,0
1,1,120340,0,0,0,0,0,0,0,0,0,0
2,1,120340,0,0,0,0,0,18,0,0,0,0
0,1,120341,27,27,27,27,27,27,27,27,27,27
1,1,120341,0,0,0,0,0,0,0,0,0,0
1,1,120342,0,0,0,0,0,0,0,0,0,0
1,1,120343,9,9,9,9,9,9,9,9,9,9
1,1,120344,0,0,0,0,0,0,0,0,0,0
2,1,120344,0,0,0,0,0,0,0,0,0,0
1,1,120345,11,11,11,11,11,11,11,11,11,11
0,1,120346,0,0,0,0,0,28,0,27,0,0
1,1,120346,0,0,0,0,0,0,0,0,0,0
0,1,120347,25,20,0,0,21,0,24,35,21,0
1,1,120347,0,0,0,0,0,9,0,7,0,7
1,1,120348,19,19,19,19,19,19,19,19,19,19
0,1,120349,0,0,0,0,0,0,0,0,0,0
1,1,120349,0,0,0,0,0,0,0,0,0,0
1,1,120350,0,0,0,0,0,0,0,0,0,0
2,1,120350,0,0,0,0,0,0,0,0,0,0
0,1,120351,0,0,0,0,0,0,0,0,0,0
1,1,120351,0,0,0,0,0,0,0,0,0,0
1,1,120352,22,22,22,22,22,22,22,22,22,22
1,1,120353,0,0,0,0,0,0,0,0,0,0
2,1,120353,0,0,0,0,0,0,0,0,0,0
0,1,120354,0,0,0,0,11,12,0,13,0,0
0,2,120354,0,0,0,0,0,0,0,0,0,0
0,3,120354,0,0,0,0,0,0,0,0,0,0
1,1,120354,0,0,0,0,0,0,0,0,0,0
1,1,120355,25,25,25,25,25,25,25,25,25,25
1,1,120356,0,0,0,0,0,0,0,0,0,0
1,1,120357,10,10,10,10,10,10,10,10,10,10
2,1,120357,0,0,0,0,0,0,0,0,0,0
1,1,120358,26,25,0,21,6,17,11,14,16,37
1,1,120359,0,0,0,0,0,0,0,0,0,0
1,1,120360,0,0,0,0,0,0,0,0,0,0
2,1,120360,0,0,0,0,0,0,0,0,0,0
3,1,120360,0,0,0,0,0,0,0,0,0,0
1,1,120361,0,0,0,0,0,0,0,0,0,0
2,1,120361,13,13,13,13,13,13,13,13,13,13
1,1,120362,19,19,19,19,19,19,19,19,19,19
1,1,120363,0,0,0,0,0,0,0,0,0,0
2,1,120363,0,0,0,0,0,0,0,0,0,0
1,1,120364,0,0,5,0,0,0,0,38,0,0
2,1,120364,0,0,0,0,0,0,0,0,0,0
1,1,120365,0,0,0,0,0,0,0,0,0,0
2,1,120365,0,0,0,0,0,0,0,0,0,0
3,1,120365,0,0,0,0,0,0,0,0,0,0
0,1,120366,0,0,0,0,0,0,0,0,0,0
1,1,120366,0,0,0,0,0,0,0,0,0,0
1,1,120367,19,19,19,19,19,19,19,19,19,19
1,1,120368,0,0,0,0,0,0,0,0,0,0
2,1,120368,0,0,0,0,0,0,0,0,0,0
1,1,120369,0,0,0,0,0,0,0,0,0,0
2,1,120369,0,0,0,0,0,0,0,0,0,0
1,1,120371,13,12,13,16,16,6,12,7,9,21
1,1,120372,10,10,10,10,10,10,10,10,10,10
1,1,120373,0,0,0,0,0,0,0,0,0,0
2,1,120373,0,13,0,0,0,0,0,10,0,0
3,1,120373,0,0,0,0,0,0,0,0,0,0
1,1,120374,2,2,2,2,2,2,2,2,2,2
2,1,120374,0,0,0,0,0,0,0,0,0,0
1,1,120375,0,0,0,0,0,0,0,0,0,0
2,1,120375,0,0,0,0,0,0,0,0,0,0
1,1,120376,0,0,0,0,0,0,0,0,0,13
2,1,120376,0,0,0,0,0,0,0,0,0,0
1,1,120377,25,37,20,8,8,10,18,12,0,17
1,1,120378,0,0,0,0,0,0,0,0,0,0
2,1,120378,0,0,0,0,0,0,0,0,0,0
1,1,120379,32,32,32,32,32,32,32,32,32,32
1,1,120380,0,0,0,0,0,0,0,0,0,0
2,1,120380,0,5,0,0,0,0,0,0,0,0
3,1,120380,0,0,0,0,0,0,0,0,0,0
4,1,120380,0,0,0,0,0,0,0,0,0,0
5,1,120380,0,0,0,0,0,0,0,0,0,0
6,1,120380,14,0,0,0,0,0,0,0,0,0
1,1,120381,0,0,0,0,0,0,0,0,0,0
1,1,120382,0,0,0,0,0,0,0,0,0,0
2,1,120382,0,0,0,0,0,0,0,0,0,0
1,1,120383,16,16,16,16,16,16,16,16,16,16
1,1,120384,0,0,0,0,0,0,0,0,0,0
1,1,120385,0,0,0,0,0,0,0,0,0,0
1,1,120386,0,0,0,0,0,0,0,0,0,0
2,1,120386,0,0,0,0,0,0,0,0,0,0
1,1,120387,0,10,0,17,0,0,0,0,0,0
2,1,120387,0,0,0,0,0,7,0,0,14,0
1,1,120388,0,0,0,0,0,0,0,0,0,0
0,1,120389,19,19,19,19,19,19,19,19,19,19
1,1,120389,0,0,0,0,8,0,0,0,0,0
1,1,120390,1,1,1,1,1,1,1,1,1,1
2,1,120390,0,0,0,0,0,0,0,0,0,0
1,1,120391,0,0,0,0,0,0,0,0,0,0
2,1,120391,0,0,0,0,0,0,0,0,0,0
0,1,120392,0,0,0,0,0,0,0,0,0,0
1,1,120392,0,0,0,0,0,0,0,0,0,0
1,1,120393,17,17,17,17,17,17,17,17,17,17
1,1,120394,16,16,16,16,16,16,16,16,16,16
1,1,120395,12,12,12,12,12,12,12,12,12,12
2,1,120395,0,0,0,0,0,0,0,0,0,0
3,1,120395,0,0,0,0,0,0,0,0,0,0
1,1,120396,0,0,0,0,0,0,0,0,0,0
2,1,120396,0,0,0,0,0,0,0,0,0,0
3,1,120396,0,0,0,0,0,12,0,0,0,0
1,1,120397,0,0,0,0,0,0,0,0,0,0
2,1,120397,0,0,0,0,0,0,0,0,0,0
1,1,120398,17,17,17,17,17,17,17,17,17,17
2,1,120398,0,0,0,0,0,0,0,0,0,0
3,1,120398,0,0,0,0,0,0,0,5,0,0
4,1,120398,0,0,0,0,0,0,0,0,0,0
1,1,120399,0,0,0,0,0,0,0,0,0,0
0,1,120400,6,0,0,0,0,0,0,0,0,5
1,1,120400,0,0,0,0,0,0,0,0,0,0
2,1,120400,0,0,0,0,0,0,0,0,0,0
3,1,120400,0,0,0,0,0,0,0,0,0,0
4,1,120400,2,2,2,2,2,2,2,2,2,2
5,1,120400,0,0,0,0,0,0,0,0,0,0
0,1,120401,0,0,0,0,0,0,0,0,0,0
1,1,120401,22,23,15,15,14,22,17,16,15,7
1,1,120402,0,0,0,0,0,0,0,0,0,0
1,1,120403,0,0,0,0,0,0,0,0,0,0
2,1,120403,0,0,0,4,0,0,0,0,0,0
1,1,120404,0,0,0,0,0,0,0,0,0,0
2,1,120404,0,0,0,0,0,0,0,0,0,0
1,1,120405,20,20,20,20,20,20,20,20,20,20
1,1,120406,15,15,15,15,15,15,15,15,15,15
1,1,120407,21,21,21,21,21,21,21,21,21,21
1,1,120408,0,0,0,0,0,0,0,0,0,0
1,1,120409,0,0,0,0,0,0,0,0,0,0
2,1,120409,0,0,0,0,0,0,0,0,0,0
1,1,120410,0,0,0,0,0,0,0,0,0,0
2,1,120410,0,0,0,0,0,0,0,0,0,0
1,1,120411,0,0,0,0,0,0,0,0,0,0
2,1,120411,0,0,0,0,0,0,0,0,0,0
1,1,120412,0,0,0,0,0,0,0,0,0,0
1,1,120413,0,0,6,0,10,0,0,0,13,0
1,1,120414,0,0,0,0,0,0,0,0,0,0
2,1,120414,0,0,0,0,0,0,0,0,0,0
1,1,120415,0,0,0,0,0,0,0,0,9,0
2,1,120415,0,0,0,0,0,0,0,0,0,0
1,1,120416,0,0,0,0,0,0,0,0,23,8
1,1,120417,0,0,0,0,0,0,0,0,0,0
1,1,120418,0,21,16,0,0,19,35,21,21,10
1,1,120419,18,18,18,18,18,18,18,18,18,18
2,1,120419,0,0,0,0,0,0,0,0,0,0
3,1,120419,0,0,0,0,0,0,0,0,0,0
4,1,120419,0,0,0,4,0,0,0,0,0,0
5,1,120419,0,0,0,0,0,0,0,0,0,0
1,1,120420,16,16,16,16,16,16,16,16,16,16
0,1,120421,0,0,0,0,13,0,0,0,0,0
1,1,120421,0,0,0,0,0,0,0,0,0,0
1,1,120422,0,0,0,0,0,0,0,0,0,0
2,1,120422,0,0,0,0,0,0,6,0,0,0
0,1,120423,0,0,18,0,0,35,0,12,19,0
1,1,120423,0,0,11,0,12,0,10,0,0,16
1,1,120424,0,0,0,0,0,0,0,0,0,0
1,1,120425,0,0,0,0,0,0,0,0,0,0
2,1,120425,0,0,0,0,0,0,0,0,0,0
1,1,120426,28,28,28,28,28,28,28,28,28,28
0,1,120427,0,0,0,0,0,0,0,0,0,0
1,1,120427,0,0,0,0,0,0,0,0,0,0
1,1,120428,29,29,29,29,29,29,29,29,29,29
1,1,120429,3,3,3,3,3,3,3,3,3,3
2,1,120429,0,0,0,0,0,0,0,0,0,0
1,1,120430,24,0,25,0,0,0,0,0,33,17
1,1,120431,0,0,8,8,0,0,16,0,7,0
2,1,120431,0,0,0,0,0,0,0,0,0,0
3,1,120431,0,0,0,0,0,0,0,0,0,0
4,1,120431,0,0,0,0,0,0,0,8,0,0
0,1,120432,0,0,0,0,0,0,0,0,0,0
0,2,120432,0,0,0,0,0,0,0,0,0,0
0,3,120432,0,0,0,0,0,0,0,0,0,0
1,1,120432,0,0,0,0,0,0,0,0,0,0
0,1,120433,3,27,0,23,24,2,0,25,0,21
1,1,120433,15,0,0,8,0,0,0,0,0,0
0,1,120434,13,13,13,13,13,13,13,13,13,13
1,1,120434,15,15,15,15,15,15,15,15,15,15
1,1,120435,0,0,12,0,10,26,5,0,11,21
1,1,120436,17,17,17,17,17,17,17,17,17,17
0,1,120437,0,0,0,0,0,0,0,0,0,0
1,1,120437,0,0,0,0,0,0,0,0,0,0
1,1,120438,16,16,16,16,16,16,16,16,16,16
1,1,120439,0,0,0,0,0,0,0,0,0,0
2,1,120439,0,0,0,0,0,0,0,0,0,0
1,1,120440,0,0,0,0,0,0,0,0,0,0
1,1,120441,0,0,0,0,0,0,0,0,0,0
2,1,120441,0,0,0,0,0,0,0,0,0,0
1,1,120442,8,8,8,8,8,8,8,8,8,8
2,1,120442,0,0,0,0,0,0,0,0,0,0
0,1,120443,33,33,33,33,33,33,33,33,33,33
1,1,120443,0,0,0,0,0,0,0,0,0,0
0,1,120444,0,32,0,0,0,32,0,0,0,0
1,1,120444,0,0,0,0,0,0,0,0,0,0
1,1,120445,0,0,0,0,0,0,0,0,0,0
1,1,120446,0,0,0,0,0,0,0,0,0,0
2,1,120446,0,0,0,0,0,0,0,0,0,0
1,1,120447,0,0,0,0,0,0,0,0,0,0
2,1,120447,0,0,0,0,0,0,0,0,0,0
1,1,120448,0,0,0,0,0,0,0,0,0,0
2,1,120448,0,0,0,0,0,0,0,0,0,0
3,1,120448,6,5,6,0,0,15,0,0,0,0
1,1,120449,0,0,0,0,9,0,0,0,0,0
2,1,120449,0,0,0,24,0,0,0,6,0,0
0,1,120450,0,0,0,8,13,0,0,0,22,0
1,1,120450,0,0,0,0,0,0,0,0,0,0
1,1,120451,0,0,0,0,0,0,0,0,0,0
2,1,120451,0,0,0,0,0,0,0,0,0,0
1,1,120452,0,0,0,0,0,0,0,0,0,0
2,1,120452,5,5,5,5,5,5,5,5,5,5
1,1,120453,0,0,0,12,0,0,0,0,0,0
2,1,120453,0,0,0,0,0,0,0,0,0,0
1,1,120454,10,18,21,0,24,30,21,31,32,8
1,1,120455,0,0,0,0,0,0,0,0,0,0
2,1,120455,0,0,0,0,0,0,0,0,0,0
1,1,120456,0,0,0,0,0,0,0,0,0,0
2,1,120456,0,0,0,0,0,0,0,0,0,0
0,1,120457,0,0,0,0,0,0,0,0,0,0
1,1,120457,0,0,0,0,0,0,0,0,0,0
0,1,120458,0,0,0,0,0,0,0,0,0,0
1,1,120458,12,0,0,0,0,0,0,0,0,0
1,1,120459,29,29,29,29,29,29,29,29,29,29
1,1,120460,0,0,0,0,0,0,0,0,0,0
2,1,120460,28,28,28,28,28,28,28,28,28,28
1,1,120461,0,0,0,0,0,0,0,0,0,0
2,1,120461,0,0,0,0,0,0,0,0,0,0
1,1,120462,1,1,1,1,1,1,1,1,1,1
2,1,120462,6,6,6,6,6,6,6,6,6,6
1,1,120463,0,0,0,0,0,0,0,0,0,0
2,1,120463,0,0,0,0,0,0,0,0,0,0
0,1,120464,32,32,32,32,32,32,32,32,32,32
1,1,120464,21,0,0,0,0,0,0,10,0,0
1,1,120465,0,0,0,0,0,0,0,0,0,0
2,1,120465,0,0,0,0,0,0,0,0,0,0
1,1,120466,0,0,0,0,0,0,0,0,0,0
1,1,120467,11,11,11,11,11,11,11,11,11,11
1,1,120468,0,0,0,0,0,0,25,0,0,0
2,1,120468,0,0,0,0,0,0,0,0,0,0
1,1,120469,22,22,22,22,22,22,22,22,22,22
2,1,120469,0,0,0,14,0,0,0,0,0,0
1,1,120470,13,13,13,13,13,13,13,13,13,13
2,1,120470,0,0,0,0,0,0,0,0,0,0
1,1,120471,0,0,0,0,0,0,0,0,0,0
1,1,120472,22,22,22,22,22,22,22,22,22,22
2,1,120472,0,0,0,0,0,0,0,0,0,0
3,1,120472,0,0,0,0,0,0,0,0,0,0
1,3,120473,9,14,0,0,20,18,16,0,10,18
1,1,120474,0,0,0,0,0,0,0,0,0,0
2,1,120474,0,0,11,0,0,0,0,8,20,0
0,1,120475,0,0,0,0,0,0,0,0,0,0
1,1,120475,0,0,0,0,0,0,0,0,0,0
1,1,120476,0,15,0,0,0,0,0,0,0,0
0,1,120477,23,15,0,0,21,0,0,25,0,0
1,1,120477,23,23,23,23,23,23,23,23,23,23
1,1,120478,14,14,14,14,14,14,14,14,14,14
1,1,120479,28,28,28,28,28,28,28,28,28,28
2,1,120479,0,0,0,0,0,0,0,0,0,0
1,1,120480,11,11,11,11,11,11,11,11,11,11
2,1,120480,0,0,0,0,0,0,0,0,0,0
0,1,120481,0,0,0,0,0,0,0,0,0,0
1,1,120481,0,0,0,0,0,0,0,0,0,0
1,1,120482,0,0,0,0,0,0,0,0,0,0
1,1,120483,4,4,4,4,4,4,4,4,4,4
2,1,120483,0,0,0,0,0,0,0,0,0,0
0,1,120484,11,0,0,0,0,8,10,0,0,0
1,1,120484,0,0,0,0,0,19,0,0,0,0
1,1,120485,0,0,0,0,0,0,0,0,0,0
2,1,120485,0,0,0,0,0,0,0,0,0,0
0,1,120486,0,0,0,0,0,0,0,0,0,0
1,1,120486,0,0,0,0,0,0,0,0,0,0
2,1,120486,0,0,0,0,0,0,18,0,0,0
3,1,120486,0,6,0,0,0,0,0,0,0,0
0,1,120487,0,0,0,0,0,0,0,0,0,0
1,1,120487,0,0,0,0,0,0,0,0,0,0
1,1,120488,0,0,0,0,0,0,0,0,0,0
2,1,120488,0,0,0,0,0,0,0,0,5,0
0,1,120489,0,0,0,0,0,0,0,0,0,0
1,1,120489,0,0,0,0,0,0,0,0,0,0
1,1,120490,0,0,9,0,0,0,21,0,0,0
2,1,120490,15,15,15,15,15,15,15,15,15,15
1,1,120491,0,0,0,0,0,0,0,0,0,0
2,1,120491,0,0,0,0,0,0,0,0,0,0
1,1,120492,18,18,18,18,18,18,18,18,18,18
1,1,120493,0,0,0,0,0,0,0,0,0,0
2,1,120493,0,0,0,0,0,0,0,0,0,0
0,1,120494,0,0,0,0,0,0,0,0,0,0
1,1,120494,0,0,0,0,0,0,0,0,0,0
1,1,120495,19,19,19,19,19,19,19,19,19,19
1,1,120497,0,0,0,0,0,0,0,0,0,0
2,1,120497,0,0,0,0,0,0,0,0,0,0
0,1,120498,26,26,26,26,26,26,26,26,26,26
1,1,120498,0,0,6,0,0,5,0,0,0,0
0,1,120499,33,33,33,33,33,33,33,33,33,33
1,1,120499,0,0,15,0,24,0,6,14,0,8
1,1,120500,0,0,0,0,0,0,0,0,0,0
0,1,120501,0,0,0,0,0,0,0,0,0,0
1,1,120501,0,0,0,0,0,0,0,0,0,0
1,1,120502,24,24,24,24,24,24,24,24,24,24
2,1,120502,13,0,7,19,0,0,0,0,0,0
0,1,120503,0,0,0,0,0,0,0,0,0,0
1,1,120503,0,0,0,0,0,0,0,0,0,0
1,1,120504,0,0,0,0,0,0,0,0,0,0
2,1,120504,0,0,0,0,0,16,0,0,0,0
1,1,120505,4,4,4,4,4,4,4,4,4,4
2,1,120505,0,0,0,0,0,0,0,27,0,4
0,1,120507,20,6,8,0,0,26,11,0,0,21
1,1,120507,0,0,16,0,0,0,9,0,0,0
0,1,120508,0,0,0,29,40,0,0,0,0,0
1,1,120508,0,0,0,0,0,0,0,0,0,0
0,1,120509,20,20,20,20,20,20,20,20,20,20
1,1,120509,0,0,0,0,0,0,0,0,0,0
0,1,120510,0,0,0,0,0,0,0,0,0,0
1,1,120510,0,0,0,0,0,0,0,0,0,0
2,1,120510,0,0,0,0,0,0,0,0,0,0
1,1,120511,0,0,0,0,0,0,0,0,0,0
2,1,120511,0,0,0,0,0,0,0,0,11,0
0,1,120513,9,9,9,9,9,9,9,9,9,9
1,1,120513,9,16,19,14,24,6,0,18,14,25
1,1,120514,0,0,0,0,0,0,0,0,0,0
2,1,120514,0,0,0,0,0,0,0,0,0,0
0,1,120515,21,21,21,21,21,21,21,21,21,21
1,1,120515,0,0,12,0,0,0,0,0,0,0
1,1,120517,15,15,15,15,15,15,15,15,15,15
1,1,120518,0,0,0,0,0,0,0,0,0,0
2,1,120518,0,0,0,0,0,0,0,0,0,0
1,1,120519,17,17,17,17,17,17,17,17,17,17
2,1,120519,0,0,0,0,0,0,0,0,0,0
3,1,120519,0,5,0,6,0,0,0,0,0,10
1,1,120520,0,0,0,0,0,0,0,0,0,0
2,1,120520,0,0,0,0,0,0,0,0,0,0
1,1,120521,0,0,0,0,0,0,0,0,0,0
2,1,120521,0,0,0,0,0,0,0,0,0,0
1,1,120522,0,0,0,0,0,0,0,0,0,0
2,1,120522,0,0,0,0,0,0,0,0,0,0
1,1,120523,24,24,24,24,24,24,24,24,24,24
1,1,120524,0,0,0,0,0,0,0,0,0,0
1,1,120525,0,0,0,0,0,0,0,0,0,0
1,1,120526,0,0,0,0,0,0,0,0,0,0
2,1,120526,0,0,0,0,0,14,0,0,0,0
1,1,120527,0,0,0,0,0,0,0,0,0,0
0,1,120528,37,37,37,37,37,37,37,37,37,37
1,1,120528,0,0,0,0,0,0,0,0,0,0
1,1,120529,0,0,0,0,0,0,0,0,0,0
2,1,120529,0,0,0,0,0,0,0,0,0,0
1,1,120530,0,0,0,0,0,0,0,0,0,0
2,1,120530,12,12,12,12,12,12,12,12,12,12
3,1,120530,0,0,0,0,0,0,0,0,0,0
0,1,120531,0,0,0,0,0,0,0,0,0,0
1,1,120531,0,0,0,0,0,0,0,0,0,0
1,1,120532,0,0,0,0,0,0,0,0,0,0
2,1,120532,0,0,0,0,0,0,0,0,0,0
1,1,120533,0,0,0,0,0,8,0,0,0,0
2,1,120533,15,15,15,15,15,15,15,15,15,15
0,1,120534,0,0,0,0,0,0,0,0,0,0
1,1,120534,0,3,0,0,0,0,0,0,0,0
1,1,120535,8,8,8,8,8,8,8,8,8,8
0,1,120536,17,0,0,0,27,0,0,0,37,0
1,1,120536,0,0,0,0,0,0,0,11,0,0
1,1,120537,15,15,15,15,15,15,15,15,15,15
1,1,120538,0,0,0,0,0,7,0,10,0,0
2,1,120538,0,0,0,0,0,0,0,0,0,0
1,1,120539,8,8,8,8,8,8,8,8,8,8
1,1,120541,0,0,0,0,0,0,0,0,0,0
1,1,120542,15,15,15,15,15,15,15,15,15,15
1,1,120543,0,0,0,0,0,0,0,0,0,0
2,1,120543,0,0,0,9,0,0,0,0,0,0
1,1,120544,19,19,19,19,19,19,19,19,19,19
0,1,120545,0,0,0,0,0,0,0,0,0,0
1,1,120545,0,0,0,0,0,0,0,0,0,0
1,1,120546,0,0,0,0,0,0,0,0,0,0
2,1,120546,0,0,0,0,0,0,0,0,0,0
1,1,120547,0,0,0,0,0,0,0,0,0,0
1,1,120548,17,17,17,17,17,17,17,17,17,17
1,1,120549,17,17,17,17,17,17,17,17,17,17
1,1,120550,0,0,0,0,0,0,0,0,0,0
2,1,120550,0,0,0,0,0,0,0,0,0,0
1,1,120551,0,16,11,15,30,11,10,15,0,0
1,1,120552,0,0,0,0,0,0,0,0,0,0
2,1,120552,0,0,0,0,0,0,0,0,0,0
3,1,120552,0,0,0,0,0,0,0,0,0,0
1,1,120553,0,0,0,0,0,0,0,0,0,0
1,1,120554,15,15,15,15,15,15,15,15,15,15
1,1,120555,0,0,0,0,0,0,0,0,0,0
2,1,120555,0,0,0,0,0,0,0,0,0,0
1,1,120556,0,0,0,0,0,0,0,0,0,0
2,1,120556,6,0,0,0,0,0,0,0,0,0
1,1,120558,0,0,0,0,0,0,0,0,0,0
2,1,120558,0,0,0,0,0,0,0,0,0,0
1,1,120559,9,9,9,9,9,9,9,9,9,9
1,1,120560,17,17,17,17,17,17,17,17,17,17
1,1,120561,18,18,18,18,18,18,18,18,18,18
2,1,120561,0,0,0,0,0,0,0,0,0,0
0,1,120562,0,0,0,0,0,0,0,0,0,0
1,1,120562,0,0,0,0,0,0,0,0,0,0
1,1,120563,24,5,0,0,0,0,0,0,0,0
1,1,120564,0,0,0,0,0,0,0,0,0,0
2,1,120564,9,0,0,0,0,0,0,3,17,0
1,1,120565,0,0,0,0,0,0,0,0,0,4
2,1,120565,0,0,2,0,0,0,0,0,0,0
1,1,120566,11,0,33,0,11,11,0,6,0,0
1,1,120567,0,0,0,0,0,0,0,0,16,0
1,1,120568,7,9,5,3,6,0,0,11,6,4
2,1,120568,10,0,0,0,4,0,0,0,0,11
1,1,120569,29,29,29,29,29,29,29,29,29,29
2,1,120569,0,0,0,0,0,0,0,0,0,0
1,1,120570,0,0,0,0,0,0,0,0,0,0
2,1,120570,15,15,15,15,15,15,15,15,15,15
1,1,120571,23,23,23,23,23,23,23,23,23,23
1,1,120572,7,7,7,7,7,7,7,7,7,7
2,1,120572,0,0,9,20,0,9,0,0,16,6
0,1,120573,18,18,18,18,18,18,18,18,18,18
1,1,120573,0,0,0,0,0,0,0,0,0,0
2,1,120573,0,0,0,0,0,0,0,0,17,0
1,1,120574,11,11,11,11,11,11,11,11,11,11
2,1,120574,13,13,13,13,13,13,13,13,13,13
1,1,120575,20,20,20,20,20,20,20,20,20,20
0,1,120576,0,25,0,0,40,0,0,28,22,0
1,1,120576,0,0,0,0,0,0,0,22,0,0
1,1,120577,33,5,0,0,0,0,0,0,8,0
2,1,120577,0,0,7,0,0,0,0,0,0,0
3,1,120577,0,0,0,0,0,0,0,0,0,0
1,1,120578,0,0,0,0,0,0,0,0,0,0
1,1,120579,0,0,0,0,0,0,0,0,0,0
2,1,120579,0,0,0,0,0,0,0,0,0,0
1,1,120580,17,17,17,17,17,17,17,17,17,17
1,1,120581,0,0,0,0,0,0,0,0,0,0
1,1,120582,0,0,0,0,0,0,0,0,0,0
2,1,120582,5,5,5,5,5,5,5,5,5,5
1,1,120583,26,26,26,26,26,26,26,26,26,26
1,1,120584,27,27,27,27,27,27,27,27,27,27
2,1,120584,0,0,0,8,0,0,0,0,0,0
0,1,120585,0,0,0,0,0,0,0,0,0,0
1,1,120585,0,0,0,0,0,0,0,0,5,0
0,1,120586,0,0,0,0,0,0,0,0,0,0
1,1,120586,5,0,0,0,0,0,0,0,0,0
1,1,120587,0,0,0,0,0,0,0,0,0,0
2,1,120587,0,0,0,0,0,0,0,0,0,0
1,1,120588,13,13,13,13,13,13,13,13,13,13
1,1,120589,0,0,0,0,0,0,0,0,0,0
0,1,120590,18,18,18,18,18,18,18,18,18,18
1,1,120590,0,0,0,0,0,0,0,0,0,6
1,1,120591,0,0,0,0,0,0,0,0,0,0
1,1,120592,0,0,0,0,0,0,0,0,0,0
2,1,120592,0,0,0,0,0,0,0,0,0,0
0,1,120593,0,0,0,0,0,0,0,0,0,0
1,1,120593,0,0,0,0,0,0,0,0,0,0
1,1,120594,19,19,19,19,19,19,19,19,19,19
1,1,120595,0,3,0,17,18,0,0,0,25,5
1,1,120596,0,0,0,0,0,0,0,0,0,0
2,1,120596,0,0,0,0,0,0,0,0,0,0
1,1,120597,0,0,0,0,0,0,0,0,0,0
1,1,120598,27,27,27,27,27,27,27,27,27,27
2,1,120598,0,0,0,0,0,0,0,11,14,0
1,1,120599,0,0,0,0,0,0,0,0,0,0
1,1,120600,0,0,0,0,0,0,0,0,0,0