VEH_NO,PER_NO,ST_CASE,P1,P2,P3,P4,P5,P6,P7,P8,P9,P10
0,1,120601,0,0,0,0,0,0,0,0,0,0
1,1,120601,0,0,0,0,0,0,0,0,0,0
1,1,120602,0,0,0,0,0,0,0,0,0,0
1,1,120603,12,0,0,14,0,0,0,0,0,0
0,1,120604,22,22,22,22,22,22,22,22,22,22
1,1,120604,0,0,8,0,0,0,13,0,0,0
1,1,120605,27,27,27,27,27,27,27,27,27,27
2,1,120605,0,9,0,0,0,0,0,0,0,0
0,1,120606,0,0,0,0,0,0,0,0,0,0
1,1,120606,0,0,0,0,0,0,0,0,0,0
0,1,120607,0,0,11,0,0,0,0,0,0,0
1,1,120607,9,9,9,9,9,9,9,9,9,9
2,1,120607,0,0,0,0,0,0,0,0,0,0
1,1,120608,0,0,0,0,0,0,0,0,0,0
1,1,120609,23,23,23,23,23,23,23,23,23,23
1,1,120610,0,0,0,0,0,0,0,0,0,0
2,1,120610,0,0,0,0,0,0,0,0,0,0
3,1,120610,0,0,0,0,0,0,0,0,0,0
1,1,120611,0,0,0,0,0,0,0,0,0,0
1,1,120612,0,0,0,0,0,0,0,0,0,0
2,1,120612,0,0,0,0,0,0,0,0,0,0
1,1,120613,0,0,0,0,0,0,0,0,0,0
2,1,120613,0,0,0,0,0,0,0,0,0,0
1,1,120614,0,0,0,0,0,0,0,0,0,0
2,1,120614,0,0,0,0,0,0,0,0,0,0
1,1,120615,9,9,9,9,9,9,9,9,9,9
0,1,120616,37,37,37,37,37,37,37,37,37,37
1,1,120616,0,0,0,0,0,0,0,0,0,4
1,1,120617,0,0,0,0,0,0,0,0,0,0
2,1,120617,0,0,0,0,0,0,0,0,0,0
1,1,120618,4,4,4,4,4,4,4,4,4,4
1,1,120619,4,4,4,4,4,4,4,4,4,4
2,1,120619,0,0,0,0,0,0,0,0,0,0
1,1,120620,0,0,0,0,0,0,0,0,0,0
2,1,120620,0,0,0,0,0,0,0,0,0,0
1,1,120621,28,28,28,28,28,28,28,28,28,28
2,1,120621,7,0,0,0,0,0,0,0,0,0
1,1,120622,0,0,0,0,0,0,0,0,0,0
2,1,120622,0,0,0,0,0,0,0,0,0,0
1,1,120623,0,0,0,0,0,0,0,0,0,0
2,1,120623,0,0,0,0,0,0,0,0,0,0
1,1,120624,0,0,0,0,0,0,0,0,0,0
2,1,120624,24,9,0,0,0,0,0,0,0,0
1,1,120626,12,12,12,12,12,12,12,12,12,12
2,1,120626,0,0,0,0,0,0,0,0,0,0
1,1,120627,0,0,0,0,0,0,0,0,0,0
2,1,120627,0,0,0,0,0,0,0,0,0,0
1,1,120628,0,13,0,0,16,0,0,0,0,0
1,1,120629,1,1,1,1,1,1,1,1,1,1
1,1,120630,0,0,0,0,0,0,0,0,0,0
2,1,120630,0,0,0,0,0,0,0,0,0,0
1,1,120631,0,0,14,0,0,0,0,0,0,0
2,1,120631,0,0,0,0,0,0,0,0,0,0
1,1,120632,16,16,16,16,16,16,16,16,16,16
2,1,120632,0,3,17,0,0,0,0,0,0,0
1,1,120634,26,26,26,26,26,26,26,26,26,26
1,1,120635,9,9,9,9,9,9,9,9,9,9
2,1,120635,0,0,0,0,0,0,0,0,0,0
1,1,120637,0,0,0,0,0,0,0,0,0,0
2,1,120637,0,0,0,0,0,0,6,0,0,0
0,1,120638,17,17,17,17,17,17,17,17,17,17
0,2,120638,19,17,0,0,0,0,0,0,22,6
1,1,120638,17,17,17,17,17,17,17,17,17,17
1,1,120639,22,22,22,22,22,22,22,22,22,22
0,1,120640,38,38,38,38,38,38,38,38,38,38
1,1,120640,0,5,0,0,10,0,0,7,0,0
1,1,120641,19,19,19,19,19,19,19,19,19,19
1,1,120642,0,0,0,0,0,0,0,0,0,0
1,1,120643,0,0,0,0,0,0,0,0,0,0
0,1,120644,4,0,0,0,0,0,16,0,0,6
1,1,120644,0,0,0,0,0,0,0,0,0,11
2,1,120644,0,0,0,0,0,0,0,0,0,0
1,1,120645,23,23,23,23,23,23,23,23,23,23
0,1,120646,13,13,13,13,13,13,13,13,13,13
1,1,120646,0,0,0,0,0,0,0,0,0,0
1,1,120647,0,0,0,0,0,0,0,0,0,0
2,1,120647,0,0,0,0,0,0,0,0,0,0
1,1,120648,0,0,0,0,0,0,0,0,0,0
2,1,120648,0,0,0,0,0,0,0,0,0,0
1,1,120649,0,0,0,0,0,0,0,0,0,0
2,1,120649,0,0,0,0,0,0,0,0,0,0
1,1,120650,9,9,9,9,9,9,9,9,9,9
2,1,120650,0,0,0,0,0,0,0,0,0,0
1,1,120651,16,16,16,16,16,16,16,16,16,16
2,1,120652,16,16,16,16,16,16,16,16,16,16
1,1,120653,0,0,0,0,0,0,0,0,0,0
2,1,120653,0,0,0,0,0,0,0,0,0,0
1,1,120654,0,0,0,0,0,0,0,0,0,0
2,1,120654,0,0,0,0,0,0,0,0,0,0
3,1,120654,0,0,0,0,0,0,0,0,0,0
0,1,120655,0,0,0,0,0,0,0,0,0,0
1,1,120655,0,0,0,0,0,0,0,0,0,0
1,1,120656,1,1,1,1,1,1,1,1,1,1
1,1,120658,0,0,0,0,0,0,0,0,0,0
2,1,120658,0,0,0,0,0,0,0,0,0,0
1,1,120659,0,0,31,0,0,0,0,0,0,0
2,1,120659,0,0,0,0,0,0,0,0,0,0
1,1,120660,0,0,0,0,0,0,0,0,0,0
2,1,120660,0,0,0,0,0,0,0,0,0,0
1,1,120661,0,0,0,0,0,0,0,0,0,0
2,1,120661,0,0,0,0,0,0,0,0,0,0
1,1,120662,0,0,0,0,0,0,0,0,0,0
1,1,120663,6,6,6,6,6,6,6,6,6,6
1,1,120664,0,0,0,0,0,0,0,0,0,0
2,1,120664,0,0,0,0,0,0,0,0,0,0
1,1,120665,0,0,0,0,0,0,0,0,0,0
1,1,120666,0,0,0,0,0,0,0,0,0,0
2,1,120666,0,0,0,0,0,0,0,0,0,0
1,1,120667,0,0,0,0,0,0,0,0,0,0
2,1,120667,0,0,0,0,0,0,0,0,0,0
1,1,120668,0,0,0,0,0,0,0,0,0,0
2,1,120668,0,0,0,0,0,0,17,0,0,0
0,1,120669,0,0,0,0,0,0,0,0,0,0
0,2,120669,2,0,0,0,0,0,0,0,0,0
0,3,120669,0,0,0,0,0,0,0,0,0,0
1,1,120669,0,0,0,0,0,0,0,0,0,0
1,1,120671,0,0,0,0,0,0,0,0,0,0
2,1,120671,0,0,0,0,0,0,0,0,0,0
0,1,120672,13,13,13,13,13,13,13,13,13,13
1,1,120672,0,0,0,4,0,0,0,0,11,0
1,1,120673,0,0,0,0,0,0,0,0,0,0
2,1,120673,0,0,0,0,0,0,11,0,0,0
0,1,120674,0,0,0,0,0,0,0,0,0,0
1,1,120674,0,0,0,0,0,0,0,0,0,0
0,1,120676,0,0,0,0,0,25,0,0,0,0
1,1,120676,0,0,0,0,0,0,0,0,0,0
1,1,120677,0,0,0,0,0,0,0,0,0,0
1,1,120678,16,16,0,26,5,0,0,0,13,25
1,1,120679,5,5,5,5,5,5,5,5,5,5
2,1,120679,0,0,0,0,0,0,0,0,0,0
0,1,120680,0,0,0,0,0,0,0,0,0,0
1,1,120680,0,0,0,0,0,0,0,0,0,0
1,1,120681,0,0,0,22,0,0,0,0,0,0
1,1,120682,0,0,0,0,0,0,0,0,0,0
2,1,120682,0,0,0,0,0,0,10,0,0,0
1,1,120683,0,0,0,0,0,0,0,0,0,0
1,1,120685,10,10,10,10,10,10,10,10,10,10
2,1,120685,0,0,0,0,0,0,0,0,0,0
3,1,120685,0,0,0,0,0,0,0,0,0,0
1,1,120686,0,0,0,0,0,0,0,0,0,0
2,1,120686,0,0,0,0,0,0,0,0,0,0
0,1,120687,0,0,0,0,0,0,0,0,0,0
1,1,120687,0,0,0,0,31,0,0,9,0,0
0,1,120688,23,23,23,23,23,23,23,23,23,23
1,1,120688,0,0,0,0,0,0,0,0,0,0
1,1,120689,0,0,0,0,0,0,0,0,0,0
2,1,120689,0,0,0,0,0,0,0,0,6,0
1,1,120690,0,0,0,0,0,0,0,0,0,0
2,1,120690,0,0,0,0,0,0,0,0,0,0
1,1,120691,3,0,11,0,16,0,0,0,0,0
2,1,120691,0,0,0,0,0,0,0,0,0,0
0,1,120692,0,0,0,0,0,0,0,0,0,0
1,1,120692,0,0,0,0,0,0,0,0,0,0
0,1,120693,0,0,0,0,0,0,0,0,0,0
1,1,120693,0,0,0,0,0,0,0,0,0,0
1,1,120694,0,0,0,0,0,0,0,0,0,0
2,1,120694,0,0,0,0,0,0,0,0,0,0
1,1,120695,0,0,0,0,0,0,0,0,0,0
2,1,120695,0,0,0,0,0,0,0,0,0,0
1,1,120696,31,0,8,29,7,0,0,5,0,0
2,1,120696,0,3,11,9,0,8,11,0,9,0
1,1,120697,0,0,0,0,0,0,0,0,0,0
2,1,120697,0,0,0,0,0,0,0,0,0,0
3,1,120697,0,0,0,0,0,0,0,0,0,0
1,1,120698,0,0,0,0,0,0,0,0,0,0
0,1,120699,0,0,0,0,0,0,0,0,0,0
1,1,120699,0,0,0,0,0,0,0,0,0,0
1,1,120700,0,0,0,0,0,0,0,0,0,0
0,1,120701,0,0,0,0,0,0,0,0,0,0
1,1,120701,0,0,0,0,26,0,0,0,0,0
1,1,120702,27,27,27,27,27,27,27,27,27,27
2,1,120702,0,0,0,0,0,0,0,0,0,0
1,1,120703,0,0,0,0,0,0,0,0,0,0
2,1,120703,0,0,0,0,0,0,0,0,0,0
3,1,120703,0,0,0,0,0,0,0,0,0,0
0,1,120704,28,28,28,28,28,28,28,28,28,28
1,1,120704,8,0,12,0,7,0,0,19,0,36
1,1,120705,0,0,0,0,0,0,0,0,0,0
2,1,120705,0,0,0,0,0,9,0,0,0,0
1,1,120706,0,0,0,0,9,0,0,0,0,0
2,1,120706,5,0,0,0,0,0,0,0,0,0
1,1,120707,0,0,0,0,0,0,0,0,0,0
1,1,120708,0,0,0,0,0,0,0,0,3,0
1,1,120709,19,19,19,19,19,19,19,19,19,19
1,1,120710,0,0,0,0,0,0,0,0,0,0
2,1,120710,0,0,0,0,0,0,5,0,0,12
0,1,120711,0,0,0,0,0,0,0,0,0,0
1,1,120711,0,0,0,0,0,0,0,0,0,0
1,1,120712,9,9,9,9,9,9,9,9,9,9
0,1,120713,25,25,25,25,25,25,25,25,25,25
1,1,120713,0,0,0,0,0,0,0,0,0,0
0,1,120714,18,18,18,18,18,18,18,18,18,18
1,1,120714,0,0,0,0,0,12,0,0,0,0
1,1,120715,0,0,0,0,0,0,0,0,0,0
2,1,120715,0,0,0,0,0,0,0,8,0,0
3,1,120715,0,0,0,0,0,0,0,0,0,0
4,1,120715,0,0,0,0,0,0,0,0,0,0
5,1,120715,0,0,0,0,0,0,0,0,0,0
6,1,120715,0,0,0,0,0,0,0,0,0,0
7,1,120715,0,0,0,0,0,0,0,0,0,0
8,1,120715,0,0,0,0,0,0,0,0,0,0
9,1,120715,0,0,0,0,0,0,0,0,0,0
10,1,120715,0,0,0,0,0,0,0,0,0,0
11,1,120715,0,0,0,0,0,0,0,0,0,0
12,1,120715,0,0,11,0,0,0,0,0,0,0
13,1,120715,0,0,0,0,0,0,0,0,0,0
0,1,120716,0,0,0,0,0,0,0,0,0,0
1,1,120716,0,0,0,0,0,0,0,0,0,0
1,1,120717,26,26,26,26,26,26,26,26,26,26
0,1,120719,0,0,0,0,0,0,0,0,0,0
0,2,120719,0,0,0,0,0,0,0,0,0,0
0,3,120719,0,0,0,0,0,0,0,0,0,5
1,1,120719,0,0,0,0,0,0,0,0,0,11
1,1,120720,0,0,0,0,0,0,0,0,0,0
2,1,120720,0,0,0,0,0,0,0,0,0,0
1,1,120722,22,22,22,22,22,22,22,22,22,22
1,1,120723,13,13,13,13,13,13,13,13,13,13
2,1,120723,0,0,0,0,0,0,0,0,0,0
0,1,120724,10,10,10,10,10,10,10,10,10,10
1,1,120724,0,0,0,0,0,0,0,0,0,0
1,1,120725,0,0,0,5,0,0,0,0,0,0
1,1,120727,0,0,0,0,0,0,0,0,0,0
1,1,120729,0,0,0,0,0,0,0,0,0,0
2,1,120729,0,0,0,0,0,0,0,0,0,0
0,1,120730,0,0,0,0,0,0,0,0,0,0
1,1,120730,0,0,0,0,0,0,0,0,0,0
1,1,120731,22,22,22,22,22,22,22,22,22,22
1,1,120732,19,19,19,19,19,19,19,19,19,19
0,1,120733,0,0,0,15,0,35,0,0,35,0
1,1,120733,0,0,0,0,0,0,0,0,0,0
1,1,120734,0,0,0,0,0,0,0,0,0,0
2,1,120734,0,0,0,0,0,0,0,0,0,0
1,1,120735,0,0,0,0,0,0,0,0,0,0
2,1,120735,0,0,0,0,0,0,14,0,0,0
1,1,120736,20,20,20,20,20,20,20,20,20,20
1,1,120737,0,0,0,0,0,0,0,0,0,0
2,1,120737,0,0,0,0,0,0,0,0,0,0
1,1,120738,0,0,0,0,0,0,0,0,0,0
0,1,120739,23,23,23,23,23,23,23,23,23,23
1,1,120739,0,0,0,0,0,0,0,0,0,0
2,1,120740,8,9,0,19,0,4,12,0,0,9
3,1,120740,21,21,21,21,21,21,21,21,21,21
1,1,120741,0,0,0,0,0,0,0,0,0,0
1,1,120742,0,0,0,0,0,0,0,0,0,0
2,1,120742,0,0,0,0,0,0,0,0,0,0
0,1,120743,14,18,0,0,0,0,0,0,23,0
1,1,120743,11,11,11,11,11,11,11,11,11,11
1,1,120744,12,12,12,12,12,12,12,12,12,12
2,1,120744,0,0,0,0,0,0,0,17,16,0
1,1,120745,0,0,0,0,0,0,0,0,0,0
1,1,120746,0,0,0,0,0,0,0,0,0,0
2,1,120746,15,0,11,14,0,13,0,25,9,0
1,1,120747,0,0,0,0,0,0,0,0,0,0
2,1,120747,0,0,0,0,0,0,0,0,0,0
1,1,120748,0,0,0,0,0,0,0,0,0,0
1,1,120749,21,21,21,21,21,21,21,21,21,21
1,1,120751,0,0,0,0,0,0,0,0,0,0
2,1,120751,0,0,0,0,0,0,0,0,0,0
1,1,120752,22,22,22,22,22,22,22,22,22,22
1,1,120753,17,0,0,0,14,0,0,7,0,0
1,1,120754,0,0,15,0,0,0,0,0,0,0
2,1,120754,0,0,0,0,0,0,0,0,0,0
1,1,120755,0,0,0,0,0,0,0,0,0,0
2,1,120755,0,9,0,0,0,0,0,3,14,3
1,1,120756,0,0,0,0,0,0,0,17,0,0
2,1,120756,0,0,0,0,0,0,0,0,0,0
1,1,120757,0,0,0,0,0,0,0,0,0,0
1,1,120758,0,0,0,0,0,0,0,0,0,0
2,1,120758,0,0,0,0,0,0,0,0,0,0
1,1,120759,0,0,0,0,0,0,0,0,0,0
1,1,120760,32,32,32,32,32,32,32,32,32,32
1,1,120761,0,0,0,0,0,0,0,0,0,0
2,1,120761,0,0,0,0,0,0,0,0,0,0
1,1,120762,22,13,12,15,0,23,19,0,22,18
1,1,120763,0,0,0,0,0,0,0,0,0,0
2,1,120763,0,0,0,0,0,0,0,0,0,0
1,1,120764,0,0,0,0,0,0,0,0,0,0
2,1,120764,0,0,0,0,0,0,0,0,0,0
1,1,120765,0,0,0,0,0,0,0,0,0,0
2,1,120765,0,0,0,0,0,0,0,0,0,0
0,1,120766,0,0,0,0,0,0,0,0,0,0
1,1,120766,12,0,0,0,0,0,0,0,0,0
1,1,120767,10,10,10,10,10,10,10,10,10,10
2,1,120767,0,0,0,0,0,0,0,0,0,0
1,1,120768,0,0,0,0,0,0,0,0,0,0
1,1,120769,0,0,0,0,0,0,0,0,0,0
0,1,120771,5,0,0,0,0,0,0,3,0,0
1,1,120771,0,0,0,0,0,0,0,0,0,0
1,1,120772,0,0,0,0,0,0,0,0,0,0
2,1,120772,0,0,0,0,0,0,0,0,0,0
1,1,120773,15,15,15,15,15,15,15,15,15,15
2,1,120773,0,0,0,0,0,0,0,0,0,0
1,1,120774,19,19,19,19,19,19,19,19,19,19
1,1,120775,0,0,0,0,0,0,0,0,0,0
2,1,120775,0,0,0,0,0,0,0,0,0,12
1,1,120776,0,12,16,0,0,21,0,0,31,0
1,1,120777,0,0,0,0,0,0,0,0,0,0
2,1,120777,0,0,0,0,0,0,0,0,0,0
1,1,120778,0,0,0,0,0,16,0,0,0,0
1,1,120779,0,0,0,0,0,0,0,0,0,0
2,1,120779,0,0,0,0,0,0,0,2,0,0
0,1,120780,3,3,3,3,3,3,3,3,3,3
1,1,120780,12,0,0,10,0,0,0,0,0,0
1,1,120781,0,0,0,0,0,8,0,0,0,0
2,1,120781,16,16,16,16,16,16,16,16,16,16
1,1,120782,7,7,7,7,7,7,7,7,7,7
1,1,120783,0,0,0,0,0,0,0,0,0,0
2,1,120783,0,0,0,0,0,0,0,0,0,0
3,1,120783,0,0,0,0,0,0,0,0,0,0
1,1,120784,0,0,0,0,0,0,0,0,0,0
2,1,120784,0,0,0,0,0,0,0,0,0,0
1,1,120785,0,0,0,0,0,0,0,0,0,0
0,1,120786,27,27,27,27,27,27,27,27,27,27
1,1,120786,0,0,0,0,13,0,0,0,0,0
2,1,120786,0,0,3,0,0,0,0,0,0,0
1,1,120787,0,0,16,0,0,0,0,0,0,0
2,1,120787,0,0,0,0,0,0,0,0,0,0
1,1,120788,0,9,0,8,1,13,0,0,0,0
2,1,120788,0,0,0,0,0,0,0,0,17,0
3,1,120788,0,0,0,0,0,0,0,0,0,0
0,1,120789,17,17,17,17,17,17,17,17,17,17
1,1,120789,0,0,0,0,0,0,0,0,0,0
1,1,120790,19,19,19,19,19,19,19,19,19,19
2,1,120790,0,0,0,0,0,0,0,0,0,0
1,1,120791,0,24,18,0,16,0,15,0,20,0
0,1,120792,4,4,4,4,4,4,4,4,4,4
1,1,120792,0,0,11,0,0,0,0,4,0,0
1,1,120793,0,0,0,0,0,0,0,0,0,0
2,1,120793,0,0,0,0,0,0,0,0,0,0
1,1,120794,18,18,18,18,18,18,18,18,18,18
1,1,120795,0,0,0,0,0,0,0,0,0,0
2,1,120795,0,0,0,0,0,0,0,0,0,0
1,1,120796,24,0,0,0,0,0,0,0,0,0
2,1,120796,0,0,0,0,0,0,0,0,0,0
3,1,120796,0,0,0,0,7,0,0,0,0,0
1,1,120797,3,3,3,3,3,3,3,3,3,3
1,1,120798,12,13,19,16,17,0,12,0,17,36
1,1,120799,0,0,0,0,0,0,0,0,0,0
1,1,120800,0,0,0,0,0,0,0,0,0,0
1,1,120801,0,0,0,0,0,0,0,0,0,0
1,1,120802,0,0,0,0,0,0,0,0,0,0
1,1,120803,19,19,19,19,19,19,19,19,19,19
1,1,120804,0,0,0,0,0,0,0,0,0,0
2,1,120804,0,0,0,0,0,0,0,0,0,0
1,1,120805,17,17,17,17,17,17,17,17,17,17
2,1,120805,19,0,0,0,0,0,0,0,0,0
3,1,120805,0,0,0,0,0,0,0,0,0,0
1,1,120806,0,0,0,0,0,0,0,0,0,0
2,1,120806,0,0,0,0,0,0,0,0,0,0
1,1,120807,16,16,16,16,16,16,16,16,16,16
2,1,120807,0,0,0,0,0,0,0,0,0,0
1,1,120808,0,0,0,0,0,0,0,0,0,0
2,1,120808,1,1,1,1,1,1,1,1,1,1
1,1,120809,0,0,0,0,0,28,0,0,0,0
0,1,120810,28,28,28,28,28,28,28,28,28,28
1,1,120810,0,0,0,0,0,0,0,0,0,0
1,1,120811,0,0,0,0,0,0,0,0,0,0
2,1,120811,0,0,0,0,0,0,0,0,0,0
1,1,120812,18,18,18,18,18,18,18,18,18,18
1,1,120813,0,0,0,0,0,0,0,0,0,0
1,1,120814,0,0,0,0,0,0,0,0,0,0
1,1,120815,0,0,0,0,0,0,0,0,0,0
2,1,120815,10,0,0,0,0,0,17,0,4,0
3,1,120815,0,0,0,0,0,0,0,0,0,0
1,1,120816,0,0,0,0,0,0,0,0,0,0
2,1,120816,3,3,3,3,3,3,3,3,3,3
0,1,120817,29,29,29,29,29,29,29,29,29,29
1,1,120817,0,0,0,0,0,0,0,0,0,0
1,1,120818,0,0,0,0,0,0,0,0,0,0
2,1,120818,0,0,0,0,0,0,0,0,0,0
3,1,120818,0,0,0,0,0,0,8,0,0,0
1,1,120819,17,17,17,17,17,17,17,17,17,17
2,1,120819,0,0,0,0,0,0,0,0,0,0
0,1,120820,0,0,0,0,0,5,0,0,0,0
1,1,120820,0,0,0,0,0,0,0,0,0,0
0,1,120821,0,0,0,0,0,0,0,0,0,0
1,1,120821,16,16,16,16,16,16,16,16,16,16
1,1,120822,24,24,24,24,24,24,24,24,24,24
2,1,120822,0,0,0,0,0,0,0,0,0,0
1,1,120823,0,0,0,0,0,0,0,0,0,0
0,1,120824,25,25,25,25,25,25,25,25,25,25
1,1,120824,0,0,0,0,0,0,0,0,0,8
0,1,120825,1,1,1,1,1,1,1,1,1,1
1,1,120825,0,0,0,0,0,0,0,0,0,0
1,1,120826,0,0,0,0,0,0,0,0,0,0
2,1,120826,0,0,21,0,0,0,0,0,0,0
1,1,120827,0,0,0,0,0,0,0,0,0,0
1,1,120828,0,0,0,0,0,0,0,0,0,0
2,1,120828,0,0,0,0,0,0,0,0,0,0
3,1,120828,0,0,0,0,0,0,0,0,0,0
1,1,120829,8,8,8,8,8,8,8,8,8,8
1,1,120830,0,0,0,0,0,0,0,0,0,0
1,1,120831,26,26,26,26,26,26,26,26,26,26
1,1,120832,0,0,0,0,0,0,0,0,0,0
2,1,120832,0,0,0,0,0,0,0,0,0,0
1,1,120833,20,20,20,20,20,20,20,20,20,20
1,1,120834,0,0,0,0,0,0,0,0,0,0
1,1,120835,0,0,0,0,0,0,0,0,0,0
2,1,120835,0,0,0,0,0,0,0,0,0,0
1,1,120836,22,22,22,22,22,22,22,22,22,22
1,1,120837,0,0,0,0,0,0,0,0,0,0
1,1,120838,0,0,0,0,0,0,0,0,0,0
2,1,120838,0,0,0,0,0,0,0,0,0,0
0,1,120839,0,0,0,0,0,0,0,0,0,0
1,1,120839,0,0,0,0,0,0,0,0,0,0
0,1,120840,0,0,0,21,0,21,0,14,28,30
1,1,120840,0,0,0,0,0,0,0,0,0,0
1,1,120841,5,0,0,0,0,0,0,0,0,0
2,1,120841,0,0,0,0,0,0,0,0,0,0
1,1,120842,0,0,0,0,0,0,0,0,0,0
2,1,120842,0,0,0,0,0,0,0,0,0,0
3,1,120842,0,0,0,0,0,0,0,6,0,0
1,1,120843,4,4,4,4,4,4,4,4,4,4
2,1,120844,0,0,0,0,13,0,0,0,28,14
1,1,120846,0,0,0,0,0,0,0,0,0,0
1,1,120847,0,0,0,8,0,0,0,6,0,0
2,1,120847,23,0,13,19,0,8,0,0,0,11
0,1,120848,0,0,0,0,0,0,0,0,0,0
1,1,120848,0,0,0,0,0,0,0,0,0,0
0,1,120849,0,0,0,0,0,0,0,0,0,0
1,1,120849,0,0,0,0,0,0,0,0,0,0
0,1,120850,0,0,0,0,0,0,0,0,0,0
1,1,120850,0,0,0,0,0,0,0,0,0,0
1,1,120851,13,13,13,13,13,13,13,13,13,13
2,1,120851,0,0,0,0,0,0,0,0,0,0
3,1,120851,0,0,0,0,0,0,0,0,0,0
1,1,120852,11,11,11,11,11,11,11,11,11,11
2,1,120852,0,0,0,0,0,0,0,0,0,0
1,1,120853,14,14,14,14,14,14,14,14,14,14
1,2,120854,0,29,14,0,18,15,0,13,0,17
1,1,120855,0,0,0,0,0,0,0,0,0,0
1,1,120856,0,0,0,15,13,15,11,20,36,14
1,1,120857,23,23,23,23,23,23,23,23,23,23
2,1,120857,0,0,0,0,14,0,0,13,0,0
1,1,120858,5,5,5,5,5,5,5,5,5,5
1,1,120859,0,0,0,0,0,0,0,0,0,0
1,2,120860,13,19,23,38,0,0,0,19,28,0
1,1,120861,0,0,0,0,0,0,0,0,0,0
2,1,120861,0,0,0,0,0,0,0,0,0,0
1,1,120862,0,0,0,0,0,0,0,0,0,0
0,1,120863,0,0,0,0,0,0,0,0,0,0
1,1,120863,0,0,0,0,0,0,0,0,0,0
1,1,120864,26,26,26,26,26,26,26,26,26,26
1,1,120865,18,18,18,18,18,18,18,18,18,18
1,1,120866,0,0,0,0,0,0,0,0,0,0
2,1,120866,0,0,0,0,0,0,0,0,0,0
1,1,120867,24,24,24,24,24,24,24,24,24,24
1,1,120868,19,19,19,19,19,19,19,19,19,19
1,1,120869,26,26,26,26,26,26,26,26,26,26
1,1,120870,0,0,0,0,0,0,0,0,0,0
1,1,120871,0,0,0,0,0,0,0,0,0,0
2,1,120871,0,0,0,0,0,0,0,0,0,0
1,1,120872,0,0,0,0,0,0,0,0,0,0
1,1,120873,0,0,0,0,0,0,0,0,0,0
2,1,120873,0,0,0,0,0,0,0,0,0,0
0,1,120874,39,39,39,39,39,39,39,39,39,39
1,1,120874,0,0,0,0,0,0,0,0,0,0
1,1,120875,0,0,0,0,0,0,0,0,0,0
1,1,120876,3,0,10,0,6,0,7,0,0,7
2,1,120876,0,0,0,0,0,0,0,0,0,0
1,1,120877,6,0,0,0,0,0,0,0,0,0
2,1,120877,0,0,0,0,0,0,0,0,0,0
1,1,120879,0,0,0,0,0,0,0,0,0,0
2,1,120879,0,0,0,0,0,0,0,0,0,0
1,1,120880,0,0,0,0,20,0,14,0,0,0
2,1,120880,0,0,8,0,24,0,0,0,17,21
1,3,120881,0,0,0,0,0,0,0,0,0,0
0,1,120882,0,0,0,0,0,0,0,0,0,0
1,1,120882,0,0,0,0,0,0,0,0,0,0
1,1,120883,0,0,0,0,0,0,0,0,0,0
2,1,120883,0,0,0,0,0,0,0,0,0,0
1,1,120884,0,0,0,0,0,0,0,0,0,0
2,1,120884,0,0,0,0,0,0,0,0,0,0
0,1,120885,0,0,0,0,0,0,0,0,0,0
1,1,120885,10,0,0,0,0,0,0,7,17,0
1,1,120886,3,3,3,3,3,3,3,3,3,3
2,1,120886,0,0,0,0,0,0,0,0,0,0
1,1,120887,0,0,0,0,0,0,0,0,0,0
2,1,120887,0,0,0,0,0,0,0,0,0,0
1,1,120888,0,0,0,0,0,0,0,0,0,0
0,1,120889,24,24,24,24,24,24,24,24,24,24
1,1,120889,0,0,0,0,11,0,0,0,0,0
1,1,120890,5,5,5,5,5,5,5,5,5,5
1,1,120891,0,0,0,0,0,0,0,0,0,0
2,1,120891,0,0,0,0,0,0,0,0,0,0
3,1,120891,0,0,0,0,0,0,0,0,0,0
1,1,120892,0,0,0,0,0,0,0,0,0,0
2,1,120892,0,0,0,0,0,0,0,0,0,0
1,1,120893,26,26,26,26,26,26,26,26,26,26
0,1,120894,4,4,4,4,4,4,4,4,4,4
1,1,120894,0,0,0,0,12,0,25,0,16,0
1,1,120895,0,0,0,0,0,0,0,0,0,0
2,1,120895,0,0,0,0,0,0,0,0,0,0
3,1,120895,0,0,0,0,0,0,0,0,0,0
1,1,120896,0,0,0,0,0,0,0,0,0,0
2,1,120896,0,0,0,0,0,0,0,16,0,13
1,1,120897,0,0,0,0,0,0,0,0,0,0
1,1,120898,0,0,0,0,0,0,0,0,0,0
2,1,120898,0,0,0,0,0,0,0,0,0,0
0,1,120899,19,19,19,19,19,19,19,19,19,19
1,1,120899,0,0,0,0,0,0,0,0,0,0
2,1,120899,0,7,0,0,0,0,0,0,0,0
1,1,120900,30,0,16,0,8,37,7,0,0,0
0,1,120901,20,20,20,20,20,20,20,20,20,20
1,1,120901,0,0,0,0,0,0,0,0,0,0
1,1,120902,21,21,21,21,21,21,21,21,21,21
0,1,120903,0,0,0,0,0,0,0,0,0,0
1,1,120903,0,0,0,0,0,0,0,0,0,0
1,1,120904,23,23,23,23,23,23,23,23,23,23
0,1,120905,0,0,0,0,11,0,0,0,0,10
1,1,120906,17,17,17,17,17,17,17,17,17,17
1,1,120907,14,14,14,14,14,14,14,14,14,14
1,1,120908,0,0,0,0,0,0,0,0,0,0
1,1,120909,0,0,0,0,0,0,0,0,0,0
1,1,120910,0,0,0,0,0,0,0,0,0,0
1,1,120911,18,18,18,18,18,18,18,18,18,18
2,1,120911,0,0,0,0,0,0,10,0,10,0
1,1,120912,25,25,25,25,25,25,25,25,25,25