VEH_NO,PER_NO,ST_CASE,P1,P2,P3,P4,P5,P6,P7,P8,P9,P10
2,1,120912,0,0,0,0,0,0,0,0,0,0
0,1,120913,0,0,0,0,0,0,0,0,0,0
0,2,120913,12,13,0,0,0,0,0,29,0,13
1,1,120913,0,0,0,0,0,0,0,0,13,0
1,1,120914,9,9,9,9,9,9,9,9,9,9
1,1,120915,10,10,10,10,10,10,10,10,10,10
1,1,120916,0,0,0,0,0,0,0,0,0,0
0,1,120917,29,29,29,29,29,29,29,29,29,29
1,1,120917,0,0,0,0,0,0,0,0,0,0
0,1,120918,13,13,13,13,13,13,13,13,13,13
1,1,120918,0,0,0,0,0,0,0,0,0,0
1,1,120919,0,0,0,0,0,0,0,0,0,0
1,1,120920,20,20,20,20,20,20,20,20,20,20
2,1,120920,5,0,0,0,0,0,0,0,0,0
0,1,120921,34,34,34,34,34,34,34,34,34,34
1,1,120921,0,0,0,0,0,0,0,0,0,0
1,1,120922,0,0,0,0,0,0,0,0,0,0
0,1,120923,24,24,24,24,24,24,24,24,24,24
1,1,120923,0,0,0,0,0,0,0,0,0,0
0,1,120924,0,0,0,0,0,16,0,0,29,19
1,1,120924,0,0,0,0,0,0,0,0,0,0
2,1,120924,0,0,0,0,0,0,0,0,0,0
1,1,120925,33,33,33,33,33,33,33,33,33,33
1,1,120926,0,0,0,12,26,17,17,0,0,0
1,1,120927,18,18,18,18,18,18,18,18,18,18
1,1,120928,24,24,24,24,24,24,24,24,24,24
1,1,120929,0,0,0,0,3,0,6,9,0,0
2,1,120929,16,16,16,16,16,16,16,16,16,16
0,1,120931,16,16,16,16,16,16,16,16,16,16
1,1,120931,16,16,16,16,16,16,16,16,16,16
1,1,120932,18,18,18,18,18,18,18,18,18,18
1,1,120933,8,8,8,8,8,8,8,8,8,8
2,1,120933,8,8,8,8,8,8,8,8,8,8
0,1,120934,0,0,0,0,0,0,0,0,0,0
1,1,120934,0,0,0,0,0,0,0,0,0,0
1,1,120935,0,0,0,0,0,0,0,0,0,0
2,1,120935,0,0,0,0,0,0,0,0,0,0
3,1,120935,0,0,0,0,0,0,0,0,0,0
1,1,120936,0,0,0,0,0,0,0,0,0,0
1,1,120937,16,16,16,16,16,16,16,16,16,16
1,1,120938,0,0,0,0,0,0,0,0,0,0
1,1,120939,0,0,0,13,0,0,0,0,0,0
2,1,120939,0,0,0,0,0,0,0,0,0,0
3,1,120939,0,0,0,0,0,0,0,0,0,0
1,1,120940,0,0,0,0,0,0,0,0,0,0
0,1,120941,24,24,24,24,24,24,24,24,24,24
0,2,120941,22,22,22,22,22,22,22,22,22,22
1,1,120941,15,15,15,15,15,15,15,15,15,15
1,1,120942,0,0,0,0,0,0,35,0,0,0
2,1,120942,0,0,0,0,0,0,0,0,0,0
0,1,120943,0,0,0,10,0,0,0,0,0,0
1,1,120943,0,0,0,0,0,0,0,0,0,0
1,1,120944,27,27,27,27,27,27,27,27,27,27
2,1,120944,0,0,0,0,0,5,0,0,0,0
1,1,120945,0,0,0,0,0,0,0,0,0,0
2,1,120945,0,0,0,0,0,0,0,0,0,0
1,1,120946,0,0,0,0,0,5,0,0,0,0
2,1,120946,0,0,0,0,0,0,0,0,13,0
1,1,120947,0,0,0,0,0,0,0,0,0,0
1,1,120948,0,0,0,0,0,0,0,0,0,0
2,1,120948,0,0,0,0,0,0,0,0,0,0
1,1,120949,0,0,0,0,0,0,0,0,0,0
2,1,120949,0,0,0,0,0,0,0,0,0,0
1,1,120950,0,0,0,0,0,0,0,0,0,0
2,1,120950,0,0,0,0,0,0,0,0,0,0
1,1,120951,25,25,25,25,25,25,25,25,25,25
1,1,120952,0,0,0,0,0,0,0,0,0,0
0,1,120953,37,37,37,37,37,37,37,37,37,37
1,1,120953,0,0,0,0,0,0,0,0,0,0
0,1,120954,0,0,0,0,0,0,0,0,0,0
1,1,120954,0,0,0,0,0,0,0,0,0,0
1,1,120955,16,16,16,16,16,16,16,16,16,16
2,1,120955,0,0,0,0,0,0,0,0,0,0
1,1,120956,0,0,0,0,0,0,0,0,0,0
1,1,120957,24,24,24,24,24,24,24,24,24,24
1,1,120958,16,16,16,16,16,16,16,16,16,16
2,1,120958,0,0,0,0,0,0,0,8,0,0
3,1,120958,0,0,0,0,0,0,0,0,0,0
1,1,120959,28,28,28,28,28,28,28,28,28,28
1,1,120960,0,0,0,0,0,0,0,0,0,0
2,1,120960,0,0,0,0,0,0,0,0,0,0
3,1,120960,0,0,0,0,0,0,0,0,0,0
0,1,120961,19,19,19,19,19,19,19,19,19,19
1,1,120961,0,0,0,0,0,0,0,0,0,0
1,1,120962,0,0,0,0,0,0,0,0,0,0
0,1,120963,0,0,0,0,0,0,0,0,0,0
1,1,120963,0,0,0,0,0,0,14,0,0,3
1,1,120964,14,14,14,14,14,14,14,14,14,14
2,1,120964,16,16,16,16,16,16,16,16,16,16
3,1,120964,0,0,0,0,0,0,0,0,0,0
4,1,120964,0,0,0,0,0,0,0,0,0,0
1,1,120965,8,8,8,8,8,8,8,8,8,8
2,1,120965,0,0,0,0,0,0,0,0,10,0
1,1,120966,0,0,0,0,0,0,0,0,0,0
1,1,120967,0,0,0,9,0,0,0,0,9,0
1,1,120968,0,0,0,0,0,0,0,0,0,0
1,1,120969,18,18,18,18,18,18,18,18,18,18
2,1,120969,0,0,0,0,0,0,0,0,0,0
1,1,120970,0,0,0,0,0,0,18,0,0,0
2,1,120970,0,0,0,0,0,0,0,0,0,0
1,1,120971,21,15,0,0,0,14,0,9,29,0
1,1,120972,0,0,0,0,0,0,0,0,0,0
2,1,120972,0,0,0,0,0,0,0,0,0,0
3,1,120972,0,0,0,0,0,0,0,0,0,0
1,1,120973,0,0,0,0,0,0,0,0,0,0
2,1,120973,0,0,0,0,0,0,4,0,0,0
1,1,120974,0,0,0,0,0,0,0,0,0,0
0,1,120975,0,0,0,0,0,0,0,0,0,0
1,1,120975,0,0,17,0,0,0,0,0,0,0
1,1,120976,0,0,0,0,0,0,0,0,0,0
1,1,120977,21,21,21,21,21,21,21,21,21,21
2,1,120977,0,0,0,0,0,0,0,0,0,0
1,1,120978,4,4,4,4,4,4,4,4,4,4
0,1,120979,14,6,0,0,2,13,7,0,0,0
1,1,120979,19,0,0,0,0,0,0,0,15,0
1,1,120980,0,0,0,0,0,0,0,0,0,0
1,1,120981,3,3,3,3,3,3,3,3,3,3
1,1,120982,0,18,0,0,0,14,0,0,0,0
1,1,120983,0,0,0,0,0,0,0,0,0,0
1,1,120984,0,0,0,0,0,0,0,0,0,0
2,1,120984,0,0,0,0,0,0,0,0,0,0
3,1,120984,0,0,0,11,0,0,0,0,0,0
4,1,120984,0,0,0,0,0,0,0,0,0,0
1,1,120985,20,20,20,20,20,20,20,20,20,20
0,1,120986,6,6,6,6,6,6,6,6,6,6
1,1,120986,0,0,0,0,0,0,0,0,0,0
0,1,120987,20,20,20,20,20,20,20,20,20,20
1,1,120987,0,7,0,0,0,0,0,0,0,0
1,1,120988,1,1,1,1,1,1,1,1,1,1
1,1,120989,15,0,0,0,16,0,12,20,4,18
1,1,120990,13,13,13,13,13,13,13,13,13,13
1,1,120991,2,2,2,2,2,2,2,2,2,2
2,1,120991,0,0,0,0,0,0,0,0,0,0
1,1,120992,0,0,0,0,0,0,0,0,0,0
2,1,120992,0,0,0,0,0,0,0,0,0,0
1,1,120994,0,18,0,20,0,0,0,0,0,0
1,1,120995,0,0,0,0,0,0,0,0,0,0
1,1,120996,0,0,0,0,0,0,0,0,0,0
2,1,120996,0,0,0,0,0,0,0,0,13,0
1,1,120997,0,0,0,0,0,0,0,0,0,0
2,1,120997,0,0,0,0,0,0,0,0,0,0
1,1,120998,1,1,1,1,1,1,1,1,1,1
1,1,120999,0,0,0,0,0,0,0,0,0,0
1,1,121000,24,24,24,24,24,24,24,24,24,24
1,1,121001,0,0,0,0,0,0,0,0,0,0
2,1,121001,0,0,0,0,0,0,0,0,0,0
3,1,121001,0,0,0,0,0,0,0,0,3,0
1,1,121002,0,0,0,0,0,0,0,0,0,0
1,1,121003,16,0,0,0,0,7,0,0,5,0
2,1,121003,12,12,12,12,12,12,12,12,12,12
1,1,121004,0,0,0,0,0,0,0,0,0,0
2,1,121004,0,0,0,0,0,0,0,0,0,0
0,1,121005,21,21,21,21,21,21,21,21,21,21
1,1,121005,0,0,0,0,0,0,0,0,0,0
1,1,121006,0,0,0,0,0,0,0,0,0,0
2,1,121006,0,0,0,0,0,0,0,0,0,0
0,1,121007,0,0,0,0,0,0,0,0,0,0
1,1,121007,0,0,0,0,0,0,0,0,0,0
1,1,121008,0,0,0,0,0,0,0,0,0,0
1,1,121009,0,0,0,0,0,0,0,0,0,0
2,1,121009,0,0,0,0,0,0,0,0,0,0
1,1,121010,0,0,0,0,0,0,0,0,0,0
2,1,121010,0,0,0,0,0,0,0,0,0,0
1,1,121011,24,24,24,24,24,24,24,24,24,24
1,1,121012,0,0,0,0,0,0,0,0,0,0
1,1,121013,21,21,21,21,21,21,21,21,21,21
2,1,121013,0,0,0,0,0,0,0,0,0,0
1,1,121014,0,0,0,0,0,0,0,0,0,0
1,1,121015,23,23,23,23,23,23,23,23,23,23
1,1,121016,24,24,24,24,24,24,24,24,24,24
2,1,121016,0,0,0,0,0,0,0,0,0,0
1,1,121017,0,0,0,0,0,0,0,0,0,0
1,1,121018,0,0,0,0,0,0,0,0,0,0
2,1,121018,0,0,0,0,0,0,0,0,0,0
1,1,121019,0,0,0,0,0,0,0,0,0,0
1,1,121020,0,0,0,0,0,0,0,0,0,0
2,1,121020,0,0,0,0,0,0,0,0,0,0
0,1,121021,0,0,0,0,0,0,0,0,0,0
1,1,121021,0,0,0,0,0,0,0,0,0,0
1,1,121022,3,3,3,3,3,3,3,3,3,3
1,1,121023,0,0,0,0,0,0,0,0,0,0
1,1,121024,13,13,13,13,13,13,13,13,13,13
2,1,121024,0,0,0,0,0,0,0,0,0,0
1,1,121025,15,15,15,15,15,15,15,15,15,15
1,1,121026,27,27,27,27,27,27,27,27,27,27
0,1,121027,28,28,28,28,28,28,28,28,28,28
1,1,121027,0,0,20,12,9,0,0,0,0,3
1,1,121028,26,26,26,26,26,26,26,26,26,26
1,1,121029,0,0,0,0,0,0,0,0,0,0
2,1,121029,0,0,0,0,0,0,0,0,0,0
1,1,121030,8,8,8,8,8,8,8,8,8,8
1,1,121031,0,0,0,0,0,0,0,0,0,0
1,1,121032,33,33,33,33,33,33,33,33,33,33
2,1,121032,0,0,0,0,0,0,0,0,0,0
1,1,121033,28,28,28,28,28,28,28,28,28,28
1,1,121034,37,37,37,37,37,37,37,37,37,37
1,1,121035,0,0,0,0,0,0,0,0,0,0
2,1,121035,0,0,0,0,0,0,0,0,0,0
1,1,121036,2,2,2,2,2,2,2,2,2,2
1,1,121037,38,38,38,38,38,38,38,38,38,38
2,1,121037,0,0,0,0,0,0,0,0,0,0
3,1,121037,0,0,0,0,0,0,0,0,0,0
4,1,121037,0,0,0,0,0,0,0,0,0,0
1,1,121038,16,16,16,16,16,16,16,16,16,16
2,1,121038,0,0,0,0,0,0,0,0,0,0
1,1,121039,0,0,0,14,0,0,0,0,0,0
2,1,121039,0,0,0,0,0,0,0,0,0,0
1,1,121040,0,0,0,0,0,0,0,0,0,0
2,1,121040,0,0,0,0,0,0,0,0,0,0
0,1,121041,0,35,0,12,10,0,0,0,10,0
1,1,121041,8,0,11,10,0,0,0,0,0,0
1,1,121042,20,20,20,20,20,20,20,20,20,20
1,1,121043,0,0,0,0,0,29,0,0,0,0
1,1,121044,0,0,0,0,0,0,0,0,0,14
1,1,121045,0,0,0,0,0,0,0,0,0,0
2,1,121045,0,0,0,0,0,0,0,0,0,0
1,1,121046,3,3,3,3,3,3,3,3,3,3
2,1,121046,0,0,0,0,0,0,0,0,0,0
1,1,121047,0,0,0,0,0,0,0,0,0,0
2,1,121047,0,0,0,0,0,0,0,0,0,0
1,1,121048,6,0,0,0,0,0,0,20,0,0
2,1,121048,4,4,4,4,4,4,4,4,4,4
0,1,121049,24,24,24,24,24,24,24,24,24,24
1,1,121049,0,0,0,0,0,9,9,0,0,7
1,1,121050,0,0,0,0,12,0,0,0,0,16
2,1,121050,0,0,0,0,0,0,0,0,0,0
1,1,121051,0,0,0,0,0,0,0,0,0,0
2,1,121051,0,0,0,0,0,0,0,0,0,0
1,1,121052,0,0,0,0,0,0,0,0,0,0
2,1,121052,0,0,14,0,0,0,37,0,0,0
1,1,121053,20,20,20,20,20,20,20,20,20,20
2,1,121053,0,0,0,0,0,0,0,0,0,0
3,1,121053,0,0,0,0,0,0,0,0,0,0
4,1,121053,0,0,0,0,0,0,0,0,0,0
1,1,121054,0,0,0,0,0,0,0,0,0,0
2,1,121054,0,0,0,0,0,0,0,0,0,0
3,1,121054,0,0,0,0,0,0,0,0,0,0
1,1,121055,0,0,0,0,0,0,0,0,0,0
1,1,121056,0,0,0,0,0,0,0,0,0,0
1,1,121057,0,0,0,0,0,0,0,0,0,0
1,1,121058,12,12,12,12,12,12,12,12,12,12
2,1,121058,0,0,0,0,0,0,0,0,0,0
1,1,121059,0,0,0,0,0,0,0,0,0,0
2,1,121059,0,0,0,0,0,0,0,0,0,0
1,1,121060,0,0,0,0,0,0,0,0,0,0
2,1,121060,0,0,0,0,0,0,0,0,0,0
3,1,121060,0,0,0,0,0,0,0,0,0,0
0,1,121061,0,0,0,0,0,0,0,0,0,0
1,1,121061,9,9,9,9,9,9,9,9,9,9
1,1,121062,0,0,0,0,0,0,0,0,0,0
2,1,121062,0,0,0,0,0,0,0,0,0,0
1,1,121063,3,3,3,3,3,3,3,3,3,3
0,1,121064,0,0,0,0,0,0,0,0,0,0
1,1,121064,4,0,0,0,0,0,0,0,15,34
0,1,121065,12,12,12,12,12,12,12,12,12,12
1,1,121065,0,0,0,0,18,0,0,0,0,0
1,1,121066,16,16,16,16,16,16,16,16,16,16
2,1,121066,0,0,0,0,0,0,0,0,0,0
1,1,121067,22,22,22,22,22,22,22,22,22,22
0,1,121068,0,0,0,0,0,0,0,0,0,0
1,1,121068,0,0,0,0,0,0,24,0,0,0
1,1,121069,0,0,0,0,0,0,0,0,0,0
2,1,121069,0,0,0,0,0,0,0,0,0,0
1,1,121070,28,28,28,28,28,28,28,28,28,28
1,1,121071,0,0,0,0,0,0,0,0,0,0
2,1,121071,0,0,0,0,0,0,0,0,0,0
0,1,121072,8,8,15,28,0,23,0,11,0,0
1,1,121072,0,0,0,0,0,0,0,0,0,0
1,1,121073,17,17,17,17,17,17,17,17,17,17
1,1,121074,0,0,0,0,0,0,0,0,0,0
2,1,121074,27,27,27,27,27,27,27,27,27,27
1,1,121075,0,0,0,0,0,0,0,0,0,0
1,1,121076,14,14,14,14,14,14,14,14,14,14
1,1,121077,0,0,0,0,0,0,0,0,0,0
2,1,121077,0,0,0,0,0,0,0,0,0,0
3,1,121077,0,0,0,0,0,0,0,0,0,0
1,1,121078,0,0,0,0,0,0,0,0,0,0
2,1,121078,18,0,0,0,0,0,0,0,0,0
1,1,121079,20,20,20,20,20,20,20,20,20,20
1,1,121080,0,0,0,0,0,0,0,0,0,0
1,1,121081,0,0,0,0,0,0,0,0,0,0
2,1,121081,0,0,0,0,0,0,0,0,0,4
1,1,121082,0,0,0,0,0,0,0,0,0,0
2,1,121082,0,0,0,0,0,0,0,0,0,0
1,1,121083,0,0,0,0,0,0,0,0,0,0
2,1,121083,0,0,0,0,0,0,0,0,0,0
1,1,121084,0,0,0,0,0,0,0,0,0,0
2,1,121084,0,0,0,0,0,0,0,0,0,0
1,1,121085,0,0,0,0,0,0,0,0,0,0
2,1,121085,16,16,16,16,16,16,16,16,16,16
1,1,121086,15,15,15,15,15,15,15,15,15,15
2,1,121086,0,0,0,0,0,0,0,0,0,15
1,1,121087,26,26,26,26,26,26,26,26,26,26
1,1,121088,0,0,0,14,0,3,7,0,0,0
1,1,121089,33,33,33,33,33,33,33,33,33,33
2,1,121089,0,0,0,0,0,0,0,0,0,0
1,1,121090,0,0,0,0,0,0,0,0,0,0
2,1,121090,0,0,0,0,0,0,0,0,0,0
3,1,121090,0,0,0,0,0,0,0,0,0,0
1,1,121091,0,0,0,0,0,0,0,0,0,0
2,1,121091,0,0,0,0,0,0,0,0,0,0
1,1,121092,1,1,1,1,1,1,1,1,1,1
1,1,121093,10,10,10,10,10,10,10,10,10,10
1,1,121094,10,10,10,10,10,10,10,10,10,10
1,1,121095,28,28,28,28,28,28,28,28,28,28
1,1,121096,0,0,0,0,0,0,0,0,13,0
2,1,121096,0,0,0,0,0,0,0,0,0,0
1,1,121097,0,0,0,0,0,0,0,0,0,0
2,1,121097,0,0,0,0,0,0,0,0,0,0
1,1,121098,0,0,0,0,0,0,0,0,0,0
1,1,121099,0,0,0,0,0,0,0,0,0,0
2,1,121099,0,0,0,0,0,0,0,0,0,0
1,1,121100,22,22,22,22,22,22,22,22,22,22
1,1,121101,2,2,2,2,2,2,2,2,2,2
1,1,121102,5,5,5,5,5,5,5,5,5,5
2,1,121102,0,0,0,0,0,0,0,0,0,0
3,1,121102,0,0,0,0,0,0,0,0,0,0
0,1,121103,0,0,15,0,18,0,0,26,0,24
1,1,121103,0,0,0,0,0,0,0,0,0,0
1,1,121105,0,0,0,0,0,0,0,0,0,0
2,1,121105,21,21,21,21,21,21,21,21,21,21
0,1,121106,16,16,16,16,16,16,16,16,16,16
1,1,121106,0,0,0,0,0,0,0,0,0,0
1,1,121107,0,0,0,0,0,0,0,0,0,0
2,1,121107,0,0,0,0,0,0,0,0,0,0
0,1,121108,4,4,4,4,4,4,4,4,4,4
1,1,121108,0,0,0,0,0,0,0,0,0,0
1,1,121109,0,0,0,0,0,0,0,0,0,0
1,1,121110,0,0,0,0,0,0,0,0,0,0
2,1,121110,0,0,0,0,0,0,0,0,0,0
0,1,121111,0,26,15,37,22,11,13,17,23,0
1,1,121111,1,1,1,1,1,1,1,1,1,1
1,1,121112,0,0,0,0,0,0,0,0,0,0
1,1,121113,0,0,0,0,0,0,0,0,0,0
2,1,121113,0,0,0,0,0,0,0,0,0,0
1,1,121114,0,0,0,0,0,0,0,0,0,0
0,1,121115,0,0,0,0,0,0,0,0,0,0
1,1,121115,0,0,0,0,0,0,5,0,0,0
1,1,121116,17,17,17,17,17,17,17,17,17,17
2,1,121116,0,0,0,0,0,0,0,0,0,0
1,1,121117,0,0,0,0,0,0,0,0,0,0
1,1,121118,26,26,26,26,26,26,26,26,26,26
1,1,121119,0,0,0,0,0,0,0,0,0,0
2,1,121119,7,0,2,13,0,5,0,4,0,0
3,1,121119,0,0,0,0,0,0,0,0,0,0
1,1,121120,0,0,0,0,0,0,0,0,0,0
2,1,121120,0,0,0,0,0,0,0,0,0,0
1,1,121121,0,0,0,0,0,0,0,0,0,0
2,1,121121,0,0,0,0,0,0,0,0,0,0
1,1,121122,0,0,0,0,0,0,0,0,0,0
2,1,121122,0,0,0,0,0,0,0,0,0,0
1,1,121123,21,21,21,21,21,21,21,21,21,21
1,1,121124,0,0,0,0,0,0,0,0,0,0
2,1,121124,0,0,0,13,0,0,0,0,0,0
3,1,121124,0,0,0,0,0,0,0,0,0,0
0,1,121125,0,0,0,0,0,0,0,0,0,0
1,1,121125,0,0,0,0,0,0,0,0,0,0
1,1,121126,0,0,0,0,0,0,0,0,0,0
2,1,121126,0,0,0,0,0,0,0,0,0,0
1,1,121127,0,0,0,0,0,0,0,0,0,0
2,1,121127,0,0,0,0,0,0,0,0,0,0
3,1,121127,0,0,0,0,0,0,0,0,0,0
1,1,121128,27,27,27,27,27,27,27,27,27,27
1,1,121129,0,0,0,0,0,0,0,0,0,0
1,1,121130,26,26,26,26,26,26,26,26,26,26
1,1,121131,0,0,0,0,0,0,0,0,0,0
2,1,121131,0,0,0,0,0,0,0,0,0,0
3,1,121131,0,0,0,0,0,0,0,0,0,0
1,1,121132,0,0,0,0,0,0,0,0,0,0
2,1,121132,0,0,0,0,0,0,0,0,0,0
1,1,121133,0,0,0,0,0,0,0,0,0,0
1,1,121134,0,0,0,0,0,0,0,0,0,0
0,1,121135,3,0,0,0,0,24,0,12,0,11
1,1,121135,0,0,0,0,0,0,0,0,0,0
1,1,121136,0,0,0,0,0,0,0,0,0,0
2,1,121136,0,0,0,0,0,0,0,0,0,0
0,1,121137,2,2,2,2,2,2,2,2,2,2
1,1,121137,0,0,8,0,0,0,0,0,0,0
1,1,121138,0,0,0,0,0,0,0,0,0,0
1,1,121139,20,20,20,20,20,20,20,20,20,20
2,1,121139,0,0,0,0,0,0,0,0,0,0
1,1,121140,0,0,0,0,0,0,0,0,0,0
2,1,121140,0,0,0,0,0,0,0,0,0,0
1,1,121141,0,0,0,0,0,0,0,0,0,0
2,1,121141,0,0,0,4,0,0,0,0,0,0
1,1,121142,8,8,8,8,8,8,8,8,8,8
2,1,121142,0,0,0,0,0,0,0,0,0,0
1,1,121143,0,0,0,0,0,0,0,0,0,0
1,1,121144,0,0,0,0,0,0,0,0,0,0
2,1,121144,16,0,0,0,0,0,0,0,0,0
1,1,121145,0,0,0,0,0,0,0,0,0,0
2,1,121145,0,0,0,0,0,0,0,0,0,0
1,1,121146,9,0,12,0,0,0,0,0,0,0
2,1,121146,0,0,0,0,0,0,0,0,0,0
3,1,121146,0,0,0,4,0,0,0,0,0,0
1,1,121147,18,18,18,18,18,18,18,18,18,18
1,1,121148,0,0,0,0,0,0,0,0,0,0
2,1,121148,0,0,0,0,0,0,0,0,0,0
1,1,121149,0,0,0,0,0,0,0,0,0,0
2,1,121149,0,0,0,0,0,0,0,0,0,0
1,1,121150,0,0,0,0,0,0,0,0,0,0
1,1,121151,16,16,16,16,16,16,16,16,16,16
1,1,121152,0,0,0,0,0,0,0,0,0,0
2,1,121152,0,1,0,0,0,0,0,0,0,0
1,1,121153,0,0,0,0,0,0,0,0,0,0
2,1,121153,0,0,0,0,0,0,0,0,4,0
1,1,121154,10,0,0,0,12,0,0,0,0,0
2,1,121154,0,0,0,0,0,0,0,0,0,0
0,1,121155,0,0,0,0,0,0,0,0,0,0
1,1,121155,0,0,0,0,0,0,0,0,0,0
0,1,121156,0,0,0,0,0,0,0,0,0,0
0,2,121156,0,0,0,0,0,0,0,0,0,0
1,1,121156,0,0,0,0,0,0,0,0,0,0
1,1,121157,0,0,0,0,0,0,0,0,0,0
2,1,121157,0,0,0,0,0,0,0,0,0,0
1,1,121158,21,21,21,21,21,21,21,21,21,21
2,1,121158,0,0,0,0,0,0,0,0,0,0
1,1,121159,25,25,25,25,25,25,25,25,25,25
2,1,121159,0,0,0,13,0,0,0,0,7,0
3,1,121159,0,14,0,0,0,0,9,0,0,0
1,1,121160,0,0,0,0,0,0,0,0,0,0
0,1,121161,0,0,0,0,0,0,0,0,0,0
1,1,121161,0,0,0,30,0,0,0,8,0,0
0,1,121162,0,0,0,0,0,20,0,22,0,6
1,1,121162,12,12,12,12,12,12,12,12,12,12
1,1,121163,0,0,0,0,0,0,0,0,0,0
2,1,121163,0,0,0,0,0,0,0,0,0,0
1,1,121164,0,0,0,0,0,0,0,0,0,0
2,1,121164,0,0,0,0,0,0,0,0,0,0
1,1,121165,10,10,10,10,10,10,10,10,10,10
2,1,121165,10,0,0,25,0,0,13,0,21,0
0,1,121166,5,16,18,0,0,46,8,0,27,11
1,1,121166,0,0,0,0,0,0,0,0,0,0
0,1,121167,34,34,34,34,34,34,34,34,34,34
1,1,121167,0,0,0,0,0,0,0,0,2,0
0,1,121168,2,25,0,0,14,31,0,27,20,8
1,1,121168,0,0,0,0,0,0,0,0,12,0
1,1,121169,0,0,0,0,0,0,0,0,0,0
2,1,121169,0,0,0,0,0,0,0,0,0,0
1,1,121170,0,0,0,0,0,0,0,0,0,0
2,1,121170,0,0,0,0,0,0,0,0,0,0
1,1,121171,0,0,0,0,0,0,0,0,0,0
0,1,121172,0,0,0,0,0,0,0,0,0,0
1,1,121172,0,0,0,0,0,0,0,0,0,0
1,1,121173,0,0,0,0,0,0,0,0,0,0
2,1,121173,0,0,0,0,0,0,0,0,0,0
1,1,121174,0,0,0,0,0,0,0,0,0,0
2,1,121174,0,0,0,0,0,0,0,0,0,0
1,1,121175,0,0,0,0,0,0,0,0,0,0
1,1,121176,17,0,0,0,9,0,0,0,0,0
2,1,121176,0,0,0,0,0,0,0,0,0,0
3,1,121176,0,0,0,0,0,0,0,0,0,0
0,1,121177,0,0,0,0,0,0,0,0,0,0
1,1,121177,0,0,0,0,0,0,0,0,0,0
1,1,121178,0,0,0,0,0,0,0,0,0,0
1,1,121179,0,0,0,0,0,0,0,0,0,0
2,1,121179,0,0,0,0,0,0,0,0,0,0
1,1,121180,8,8,8,8,8,8,8,8,8,8
2,1,121180,0,0,0,0,0,0,0,0,0,0
1,1,121181,18,18,18,18,18,18,18,18,18,18
1,1,121182,0,0,0,0,0,0,0,0,0,0
1,1,121183,0,0,0,0,0,6,0,0,0,0
2,1,121183,0,0,10,0,0,0,0,0,0,0
0,1,121184,0,0,0,0,0,0,0,0,0,0
1,1,121184,0,0,0,0,0,0,0,0,0,0
0,1,121185,0,0,0,0,0,0,0,0,0,0
1,1,121185,0,0,0,0,0,0,0,14,0,0
0,1,121186,3,3,3,3,3,3,3,3,3,3
1,1,121186,0,0,0,0,7,0,0,0,0,0
1,1,121187,0,0,0,0,0,0,0,0,0,0
0,1,121188,8,8,8,8,8,8,8,8,8,8
1,1,121188,0,0,0,3,0,0,0,0,0,0
1,1,121189,29,33,17,16,0,13,19,0,12,0
0,1,121190,13,13,13,13,13,13,13,13,13,13
1,1,121190,0,5,4,7,3,10,8,5,5,0
2,1,121190,7,0,4,0,0,0,0,0,0,0
1,1,121191,0,0,0,0,0,12,0,0,0,0
2,1,121191,0,0,0,0,0,0,0,0,0,0
0,1,121192,9,9,9,9,9,9,9,9,9,9
1,1,121192,16,0,0,0,5,0,0,0,0,0
1,1,121194,30,30,30,30,30,30,30,30,30,30
1,1,121195,12,12,12,12,12,12,12,12,12,12
2,1,121195,0,0,0,0,0,0,0,0,0,0
1,1,121196,0,0,0,0,0,0,0,0,0,0
2,1,121196,0,0,0,0,0,0,0,0,0,0
0,1,121197,24,21,19,0,18,0,0,11,18,0
1,1,121197,0,0,0,0,0,0,0,0,0,0
1,1,121198,0,0,0,0,0,0,0,0,0,3
1,1,121199,0,0,15,11,0,0,6,21,0,15
1,1,121200,0,0,0,0,0,0,0,0,0,0
1,1,121201,27,0,0,0,0,0,0,6,0,0
0,1,121202,0,0,0,0,0,0,0,0,0,0
1,1,121202,0,0,0,0,0,0,0,0,0,0
0,1,121203,0,0,0,0,0,0,0,0,0,0
1,1,121203,0,0,2,0,0,0,0,0,0,0
1,1,121204,21,21,21,21,21,21,21,21,21,21
1,1,121205,14,14,14,14,14,14,14,14,14,14
2,1,121205,0,0,0,0,0,0,0,0,0,0
0,1,121206,0,15,16,0,0,0,23,14,22,0
1,1,121206,0,0,0,0,0,0,0,0,0,0
1,1,121207,0,0,0,0,0,0,0,0,0,0
2,1,121207,8,11,0,0,12,0,10,0,10,10
0,1,121208,2,2,2,2,2,2,2,2,2,2
1,1,121208,0,0,0,0,0,0,0,0,0,15
1,3,121209,0,0,0,8,0,13,11,0,12,0
0,1,121210,19,19,19,19,19,19,19,19,19,19
1,1,121210,0,0,0,0,0,0,0,0,0,0
1,1,121211,0,0,0,0,0,0,0,0,0,0
2,1,121211,0,0,0,0,0,0,0,0,0,0
1,1,121212,12,0,0,0,17,16,0,0,20,19
2,1,121212,0,0,0,0,0,0,0,0,0,0
0,1,121213,0,0,0,0,0,0,0,0,0,0
1,1,121213,0,0,0,0,0,8,0,0,0,0