VEH_NO,PER_NO,ST_CASE,P1,P2,P3,P4,P5,P6,P7,P8,P9,P10
2,1,121213,0,0,0,0,0,0,0,0,0,0
0,1,121214,27,27,27,27,27,27,27,27,27,27
1,1,121214,0,0,0,0,0,0,0,0,0,0
1,1,121215,0,0,0,0,0,0,0,0,0,0
2,1,121215,0,0,0,0,0,0,0,0,0,0
1,1,121216,5,0,0,0,0,0,0,0,10,0
1,1,121217,0,0,0,0,0,0,0,0,0,0
2,1,121217,0,0,0,0,0,0,0,0,0,0
1,1,121218,0,0,0,0,0,0,0,0,0,2
0,1,121219,0,3,13,0,0,0,0,0,0,0
1,1,121219,0,0,0,0,0,0,0,0,0,0
0,1,121220,0,0,0,0,25,0,0,0,19,0
1,1,121220,0,0,0,0,0,0,0,0,0,0
0,1,121221,0,0,0,0,0,0,0,0,0,0
1,1,121221,0,0,0,0,0,0,0,0,0,0
0,1,121222,0,0,0,0,0,0,0,0,0,0
1,1,121222,6,0,0,0,0,0,0,12,0,0
1,1,121223,3,3,3,3,3,3,3,3,3,3
1,1,121224,0,0,0,0,14,0,13,10,27,27
2,1,121224,0,0,0,0,0,0,0,0,0,0
0,1,121225,14,13,20,0,0,0,21,0,0,0
1,1,121225,0,0,0,0,0,0,3,0,0,0
1,1,121226,24,24,24,24,24,24,24,24,24,24
2,1,121226,0,0,0,0,0,0,0,0,0,0
3,1,121226,0,0,0,0,0,0,0,0,0,0
4,1,121226,0,0,0,0,0,0,0,0,0,0
0,1,121227,0,0,0,0,0,0,0,0,0,0
1,1,121227,0,7,0,0,0,0,0,0,0,0
1,1,121228,0,0,0,0,0,0,0,0,0,0
2,1,121228,0,0,0,0,0,0,0,0,0,0
3,1,121228,0,0,0,0,0,0,0,0,0,0
4,1,121228,0,0,0,0,0,0,0,0,0,0
1,1,121229,0,0,0,0,0,0,0,0,0,0
2,1,121229,0,0,0,0,0,0,0,0,0,0
1,1,121230,0,0,0,12,0,0,0,0,14,0
2,1,121230,0,0,0,0,0,0,0,10,0,5
0,1,121231,0,0,0,0,0,0,0,0,0,0
1,1,121231,0,0,0,0,0,0,0,0,0,0
1,1,121232,0,0,0,0,0,0,0,0,0,0
2,1,121232,0,0,0,0,0,0,0,0,0,0
3,1,121232,0,0,0,0,0,0,0,0,0,0
1,1,121233,0,0,0,0,0,0,0,0,0,0
1,1,121234,0,0,0,0,0,0,0,0,0,0
2,1,121234,0,0,0,0,0,0,0,0,0,0
3,1,121234,0,0,0,0,0,0,0,0,0,0
1,1,121235,0,0,0,0,0,0,0,0,0,0
2,1,121235,0,0,0,0,0,0,0,0,0,0
1,1,121236,0,0,0,0,0,0,0,0,0,0
1,1,121237,0,0,0,0,0,0,0,0,0,0
0,1,121238,0,0,0,0,0,0,0,0,0,0
1,1,121238,0,0,0,0,0,0,0,0,0,0
0,1,121239,0,0,0,28,0,21,0,0,43,0
1,1,121239,0,0,0,0,0,0,0,0,0,0
1,1,121240,0,0,12,0,0,19,0,0,0,0
2,1,121240,0,0,0,0,0,0,0,0,0,0
3,1,121240,0,0,0,0,12,0,0,0,0,0
1,1,121241,0,0,0,0,0,0,0,0,0,0
2,1,121241,0,0,0,0,0,0,0,0,0,0
1,1,121242,0,0,0,0,0,0,0,0,0,0
2,1,121242,0,0,0,0,0,10,0,0,0,26
0,1,121243,0,0,0,0,0,0,0,0,0,0
1,1,121243,0,0,0,0,0,21,0,0,0,0
1,1,121244,0,0,0,0,0,0,0,0,0,0
2,1,121244,0,0,0,0,21,0,0,0,0,0
1,1,121245,0,0,0,0,0,0,0,0,0,0
2,1,121245,0,0,0,0,0,0,0,0,0,0
0,1,121246,5,5,5,5,5,5,5,5,5,5
1,1,121246,0,0,0,0,0,0,0,0,0,0
1,1,121247,0,0,0,0,0,0,0,0,0,0
2,1,121247,0,0,0,0,0,0,0,0,0,0
1,1,121248,0,0,0,0,0,0,0,0,0,0
2,1,121248,0,0,0,0,0,0,0,0,0,0
1,1,121249,0,0,0,0,0,0,0,0,0,0
2,1,121249,0,0,6,0,0,0,0,0,0,10
1,1,121250,19,19,19,19,19,19,19,19,19,19
1,1,121251,0,0,0,0,0,0,0,0,0,0
1,1,121252,0,0,0,0,0,0,0,0,0,0
1,1,121253,0,0,0,0,0,0,0,0,0,0
2,1,121253,0,0,0,8,0,0,7,9,39,12
1,1,121254,0,0,0,0,0,0,0,0,0,0
2,1,121254,0,0,0,0,0,0,0,0,0,0
1,1,121255,0,0,0,0,0,0,0,0,0,0
2,1,121255,14,0,0,22,13,4,25,27,21,25
1,1,121257,0,26,0,0,0,0,0,0,0,0
2,1,121257,0,0,0,0,0,0,0,0,0,0
1,1,121258,0,0,0,0,0,0,0,0,0,0
1,1,121259,0,0,0,0,0,0,0,0,0,0
2,1,121259,0,0,0,0,0,0,0,0,0,0
1,1,121260,0,0,0,0,0,0,0,0,0,29
0,1,121261,0,0,0,0,0,0,0,0,0,0
1,1,121261,6,0,0,0,0,0,0,0,17,0
1,1,121262,0,0,0,9,0,6,0,0,0,0
2,1,121262,0,0,0,0,0,0,0,0,0,0
1,1,121263,0,0,0,0,0,0,0,0,0,0
2,1,121263,0,0,0,0,0,0,0,0,0,0
2,1,121264,11,11,11,11,11,11,11,11,11,11
1,1,121265,0,0,0,0,0,0,0,0,0,0
2,1,121265,0,16,0,0,0,0,0,0,0,0
1,1,121266,0,0,0,0,0,0,0,0,0,0
2,1,121266,0,0,0,0,0,0,0,0,0,0
1,1,121267,0,0,0,0,0,0,0,0,0,2
1,1,121268,15,15,15,15,15,15,15,15,15,15
1,1,121269,0,0,0,0,0,0,0,0,0,0
2,1,121269,0,0,0,0,0,0,0,0,0,0
0,1,121270,0,0,0,0,0,0,0,0,0,0
1,1,121270,0,0,0,0,0,0,0,0,0,0
1,1,121271,0,0,3,0,0,0,0,0,0,0
2,1,121271,0,0,0,0,0,0,0,0,0,0
1,1,121272,0,0,0,0,0,0,0,0,0,0
2,1,121272,0,0,0,0,0,0,0,0,0,0
1,1,121273,0,0,0,0,0,0,0,0,0,0
2,1,121273,0,10,0,4,0,0,0,0,15,0
1,1,121274,15,15,15,15,15,15,15,15,15,15
2,1,121274,0,0,0,0,3,0,0,0,0,0
3,1,121274,0,0,0,0,0,0,0,0,0,0
1,1,121275,0,0,0,0,0,0,0,0,0,0
2,1,121275,0,0,0,0,0,0,0,0,0,0
3,1,121275,0,0,0,0,13,14,0,0,0,0
1,1,121276,0,0,0,0,0,0,0,0,0,0
2,1,121276,0,0,0,0,7,0,0,0,0,0
0,1,121277,0,0,21,0,0,0,0,0,0,19
1,1,121277,0,0,0,0,0,0,0,0,0,0
0,1,121278,32,32,32,32,32,32,32,32,32,32
1,1,121278,0,0,0,0,0,0,0,3,0,0
1,1,121279,0,0,0,10,13,0,0,0,18,0
1,1,121280,7,7,7,7,7,7,7,7,7,7
2,1,121280,0,0,0,0,0,0,0,0,0,0
0,1,121281,0,0,0,0,0,0,0,0,0,0
1,1,121281,0,0,0,0,0,0,0,0,0,0
2,1,121281,0,0,0,0,0,0,0,0,0,0
0,1,121282,17,17,17,17,17,17,17,17,17,17
1,1,121282,0,0,0,0,0,0,0,0,0,0
0,1,121283,0,0,0,0,0,0,0,0,0,0
1,1,121283,0,0,0,0,0,0,0,0,0,0
0,1,121284,0,0,0,0,0,0,0,0,0,0
1,1,121284,0,0,0,0,0,0,0,0,0,0
1,1,121285,2,2,2,2,2,2,2,2,2,2
1,1,121286,0,0,0,0,0,5,0,0,0,0
1,1,121287,4,4,4,4,4,4,4,4,4,4
2,1,121287,0,0,0,0,0,0,0,0,0,0
1,1,121288,0,0,0,0,0,0,0,0,0,0
2,1,121288,0,0,0,0,0,0,0,0,0,0
3,1,121288,0,0,0,0,0,0,0,0,0,0
1,1,121289,0,0,0,0,0,0,0,0,0,0
2,1,121289,0,0,0,0,0,0,0,0,0,0
1,1,121290,11,11,11,11,11,11,11,11,11,11
1,1,121291,0,3,0,0,0,0,0,0,0,0
1,1,121292,18,18,18,18,18,18,18,18,18,18
2,1,121292,0,0,0,0,0,0,0,0,0,0
3,1,121292,15,16,13,0,0,0,26,5,15,0
4,1,121292,0,3,0,0,0,0,0,0,0,0
1,1,121293,0,0,0,0,0,0,0,0,0,0
1,1,121294,0,0,0,0,3,0,0,0,0,0
2,1,121294,0,0,0,0,0,0,0,0,0,0
1,1,121295,0,0,0,0,0,0,0,0,0,0
2,1,121295,0,0,0,0,0,0,0,0,0,0
3,1,121295,0,0,0,0,0,0,0,0,0,0
1,1,121296,0,0,0,0,0,0,0,0,0,0
1,1,121297,0,0,0,3,0,0,6,0,0,0
1,1,121298,0,0,0,0,0,0,0,6,0,0
2,1,121298,0,0,0,0,0,0,0,0,0,0
3,1,121298,0,0,0,0,0,0,0,0,0,0
4,1,121298,0,0,0,0,0,0,0,0,0,0
5,1,121298,0,0,0,0,0,0,0,0,0,0
6,1,121298,0,0,0,0,0,0,0,0,0,0
1,1,121299,7,7,7,7,7,7,7,7,7,7
2,1,121299,0,0,0,0,0,0,0,0,0,0
1,1,121300,26,26,26,26,26,26,26,26,26,26
2,1,121300,0,0,0,0,0,10,0,0,0,0
0,1,121301,0,13,0,0,0,20,0,0,0,36
1,1,121301,0,0,0,0,0,0,0,0,0,6
2,1,121301,0,0,0,0,0,0,0,0,0,0
1,1,121302,0,0,0,0,0,0,0,0,0,0
2,1,121302,0,0,0,0,0,0,0,0,0,0
1,1,121303,31,31,31,31,31,31,31,31,31,31
2,1,121303,0,0,0,0,0,0,0,0,0,0
3,1,121303,0,0,0,0,0,0,0,0,0,0
1,1,121304,20,20,20,20,20,20,20,20,20,20
2,1,121304,0,0,0,0,0,0,0,0,0,0
1,1,121305,0,0,0,0,0,0,0,0,0,0
2,1,121305,0,0,0,0,0,0,0,0,0,0
1,1,121306,0,0,0,0,0,0,0,0,0,0
2,1,121306,0,0,0,0,0,0,0,0,0,0
0,1,121307,20,20,20,20,20,20,20,20,20,20
1,1,121307,0,0,0,0,0,0,0,0,0,0
1,1,121308,0,0,9,0,0,0,0,0,0,15
2,1,121308,0,0,0,0,0,0,0,0,0,0
1,1,121309,0,0,0,0,0,0,0,0,0,0
0,1,121310,0,0,0,0,0,0,0,0,0,0
1,1,121310,0,0,0,0,0,0,0,0,0,0
1,1,121311,15,15,15,15,15,15,15,15,15,15
0,1,121312,8,8,8,8,8,8,8,8,8,8
1,1,121312,0,0,0,0,0,0,0,0,0,18
1,1,121313,29,29,29,29,29,29,29,29,29,29
2,1,121313,0,0,0,0,0,0,0,0,0,0
1,1,121314,0,0,0,0,0,0,0,0,0,0
1,1,121315,0,0,0,0,0,0,0,0,0,0
1,1,121316,0,0,0,5,0,0,0,0,0,0
2,1,121316,0,0,0,0,0,0,0,0,0,0
0,1,121317,0,0,0,0,0,0,0,0,0,0
1,1,121317,0,0,0,2,10,0,0,0,0,0
1,1,121318,10,10,10,10,10,10,10,10,10,10
1,1,121319,15,15,15,15,15,15,15,15,15,15
2,1,121319,0,0,0,0,0,0,0,0,0,0
1,1,121320,22,22,22,22,22,22,22,22,22,22
1,1,121321,0,0,0,0,0,0,0,0,0,0
2,1,121321,0,0,0,0,0,0,0,0,0,0
3,1,121321,0,0,0,0,0,0,0,0,0,0
4,1,121321,0,0,0,0,0,0,0,0,0,0
1,1,121322,0,0,0,0,0,0,0,0,0,0
2,1,121322,0,0,0,0,0,0,0,0,0,0
0,1,121323,0,0,0,0,0,0,0,0,0,0
1,1,121323,0,0,0,11,0,0,0,0,0,3
0,1,121324,38,38,38,38,38,38,38,38,38,38
1,1,121324,0,0,0,0,0,0,0,0,0,0
1,1,121325,0,0,0,0,0,0,0,0,0,0
2,1,121325,0,0,0,0,0,0,0,0,0,0
0,1,121326,30,30,30,30,30,30,30,30,30,30
2,1,121326,0,0,0,0,0,0,0,0,0,0
3,1,121326,0,0,0,0,0,0,0,0,0,0
4,1,121326,0,0,0,0,0,0,0,0,0,0
5,1,121326,0,0,0,0,0,0,0,0,0,0
1,1,121327,14,14,14,14,14,14,14,14,14,14
2,1,121327,0,0,0,0,0,0,0,0,0,0
1,1,121328,16,16,16,16,16,16,16,16,16,16
2,1,121328,0,0,0,0,0,0,0,0,0,0
1,1,121329,32,32,32,32,32,32,32,32,32,32
2,1,121329,0,0,0,0,0,0,0,0,0,0
1,1,121330,20,20,20,20,20,20,20,20,20,20
2,1,121330,0,0,0,0,0,0,0,0,0,0
1,1,121331,4,4,4,4,4,4,4,4,4,4
2,1,121331,16,8,0,0,0,0,0,0,0,0
0,1,121332,12,12,12,12,12,12,12,12,12,12
1,1,121332,0,0,0,0,0,0,0,10,13,0
1,1,121333,0,0,0,0,0,9,0,0,0,0
1,1,121334,0,0,0,0,0,0,0,0,0,0
2,1,121334,0,0,0,0,0,0,0,0,0,0
0,1,121335,29,29,29,29,29,29,29,29,29,29
1,1,121335,0,0,12,0,10,0,0,0,0,0
1,1,121336,0,0,0,0,0,0,0,0,0,0
2,1,121336,0,0,0,0,0,0,0,0,0,0
1,1,121337,0,0,0,0,13,6,6,0,18,12
2,1,121337,0,0,0,0,0,0,0,0,0,0
3,1,121337,0,0,0,0,0,0,0,0,0,0
0,1,121338,0,0,0,0,0,13,0,0,0,0
1,1,121338,0,0,0,0,0,0,0,0,0,0
1,1,121339,0,0,0,0,0,0,0,0,0,0
0,1,121340,0,0,0,0,0,0,0,0,0,0
1,1,121341,15,15,15,15,15,15,15,15,15,15
1,1,121342,0,0,0,0,0,0,0,0,0,0
0,1,121343,0,0,16,0,23,0,0,0,28,0
1,1,121343,0,0,0,0,0,0,0,0,0,0
0,1,121344,12,12,12,12,12,12,12,12,12,12
1,1,121344,0,4,0,23,0,0,0,14,0,0
1,1,121345,0,0,0,0,0,0,0,0,0,0
2,1,121345,0,0,0,0,0,0,0,0,0,0
1,1,121346,0,0,0,0,9,0,20,0,25,0
0,1,121347,33,33,33,33,33,33,33,33,33,33
1,1,121347,24,0,6,0,0,0,0,0,0,0
1,1,121348,0,0,0,0,0,0,0,0,0,0
2,1,121348,0,0,0,0,0,0,0,0,0,0
1,1,121349,17,17,17,17,17,17,17,17,17,17
1,1,121350,0,0,0,0,0,0,29,0,0,0
2,1,121350,0,0,0,0,0,0,0,0,0,0
0,1,121351,27,27,27,27,27,27,27,27,27,27
1,1,121351,0,0,2,0,0,12,0,0,5,0
1,1,121352,0,0,0,0,0,0,0,0,0,0
2,1,121352,14,0,11,11,16,19,18,0,0,12
1,1,121353,0,0,0,0,0,0,0,7,0,0
1,1,121354,0,0,0,0,0,0,0,0,0,0
1,1,121355,0,0,0,0,0,0,0,0,0,0
2,1,121355,0,0,0,0,0,0,0,0,0,0
1,1,121356,24,24,24,24,24,24,24,24,24,24
2,1,121356,0,0,7,0,0,0,0,0,0,0
3,1,121356,0,0,0,0,0,0,0,0,0,0
4,1,121356,0,0,0,0,0,0,0,0,0,0
1,1,121357,14,14,14,14,14,14,14,14,14,14
1,1,121358,0,0,0,0,0,0,0,0,0,0
2,1,121358,0,10,0,0,0,0,0,12,0,0
1,1,121359,7,7,7,7,7,7,7,7,7,7
1,1,121360,0,0,0,0,0,0,0,0,0,0
2,1,121360,0,0,0,0,0,0,0,0,0,0
1,1,121361,0,0,0,0,0,0,0,0,0,0
2,1,121361,0,0,0,0,0,0,0,0,0,0
1,1,121362,0,0,0,14,0,0,0,0,0,9
2,1,121362,0,0,0,0,0,0,0,0,0,0
1,1,121363,0,0,0,0,0,0,0,0,0,0
1,1,121364,0,0,0,0,0,0,0,0,0,0
1,1,121365,15,15,15,15,15,15,15,15,15,15
1,1,121366,9,9,9,9,9,9,9,9,9,9
0,1,121367,22,22,22,22,22,22,22,22,22,22
1,1,121367,0,0,0,0,0,0,0,0,0,0
1,1,121368,0,0,0,0,8,9,0,0,0,0
0,1,121369,0,0,0,0,0,0,0,0,0,0
1,1,121369,0,0,0,0,0,0,0,0,0,0
0,1,121370,0,0,0,0,0,0,0,0,0,0
0,2,121370,0,0,0,0,0,0,0,0,0,0
1,1,121370,0,0,0,0,0,0,0,0,0,0
1,1,121371,0,0,0,0,0,0,0,0,0,0
1,1,121372,0,0,0,0,0,0,0,0,0,0
2,1,121372,0,0,0,0,0,0,0,0,0,0
3,1,121372,0,0,0,0,0,0,0,0,0,0
0,1,121373,35,35,35,35,35,35,35,35,35,35
1,1,121373,0,0,0,0,0,5,0,0,0,0
1,1,121374,41,41,41,41,41,41,41,41,41,41
2,1,121374,0,0,0,0,0,0,0,0,0,0
1,1,121375,11,11,11,11,11,11,11,11,11,11
2,1,121375,0,0,0,0,0,0,0,0,0,0
0,1,121376,0,0,0,0,0,0,0,0,0,0
1,1,121376,0,0,0,0,0,0,0,0,0,0
1,1,121377,0,0,0,0,0,0,0,0,0,0
0,1,121378,0,0,0,0,0,0,0,0,0,0
1,1,121378,0,0,0,0,0,0,0,0,0,0
1,1,121379,0,0,0,0,0,0,0,0,0,0
0,1,121380,0,0,0,0,0,0,0,0,0,0
1,1,121380,0,0,0,0,0,0,0,9,0,0
1,1,121381,18,18,18,18,18,18,18,18,18,18
1,1,121382,20,20,20,20,20,20,20,20,20,20
1,1,121383,0,0,0,0,0,0,0,0,0,0
2,1,121383,0,0,0,0,0,0,0,0,0,0
0,1,121384,36,36,36,36,36,36,36,36,36,36
1,1,121384,0,0,0,16,0,0,0,0,0,0
1,1,121385,0,0,0,0,0,0,0,0,0,0
1,1,121386,0,0,0,0,0,0,0,0,0,0
0,1,121387,22,22,22,22,22,22,22,22,22,22
1,1,121387,0,0,0,0,0,0,0,0,0,0
1,1,121388,0,0,0,0,0,0,0,0,0,0
2,1,121388,0,0,0,0,0,0,0,0,0,0
0,1,121389,23,23,23,23,23,23,23,23,23,23
1,1,121389,0,0,0,0,0,0,0,0,0,0
1,1,121390,0,0,0,0,0,0,0,0,0,0
1,1,121391,19,19,19,19,19,19,19,19,19,19
1,1,121392,0,0,0,0,0,0,0,0,0,0
2,1,121392,0,0,0,0,0,0,0,0,0,0
1,1,121393,18,18,18,18,18,18,18,18,18,18
1,1,121394,0,0,9,0,0,0,0,0,0,0
2,1,121394,9,9,9,9,9,9,9,9,9,9
1,1,121395,9,18,21,0,0,0,0,0,0,0
2,1,121395,0,0,0,0,0,0,0,0,0,0
3,1,121395,0,0,0,0,0,0,0,0,0,0
0,1,121396,44,44,44,44,44,44,44,44,44,44
1,1,121396,11,0,0,0,0,0,0,6,10,10
1,1,121397,17,17,17,17,17,17,17,17,17,17
1,1,121398,18,18,18,18,18,18,18,18,18,18
1,2,121399,0,34,14,6,7,9,0,10,0,6
1,1,121400,0,0,0,0,13,0,0,0,17,13
1,1,121401,0,0,0,0,0,0,0,0,0,0
2,1,121401,0,0,0,0,0,0,0,0,0,0
1,1,121402,0,0,0,0,0,0,0,0,0,0
2,1,121402,0,0,0,0,0,15,0,0,0,0
1,1,121403,0,0,0,0,0,0,0,0,0,0
2,1,121403,0,0,0,0,0,0,0,0,0,0
1,1,121404,13,13,13,13,13,13,13,13,13,13
0,1,121405,13,13,13,13,13,13,13,13,13,13
1,1,121405,0,0,0,0,0,0,0,0,0,25
1,1,121406,0,0,0,0,0,0,0,0,0,0
1,1,121407,0,0,0,0,0,0,0,0,0,0
1,1,121408,0,0,0,0,0,0,0,0,0,0
2,1,121408,0,0,0,0,0,0,0,0,0,0
0,1,121409,24,24,24,24,24,24,24,24,24,24
1,1,121409,0,0,11,0,0,0,0,0,0,0
1,1,121410,0,0,0,0,0,0,0,0,0,0
1,1,121411,0,0,0,0,0,0,0,0,0,0
1,1,121412,0,0,0,0,0,0,0,0,0,0
2,1,121412,0,0,0,0,0,3,0,0,0,0
1,1,121413,18,18,18,18,18,18,18,18,18,18
0,1,121414,0,0,0,0,0,0,0,0,0,0
1,1,121414,0,0,0,0,0,0,0,0,0,8
0,1,121415,0,0,0,18,8,0,18,13,0,0
1,1,121415,0,7,0,3,9,0,0,0,0,0
1,1,121416,0,0,0,0,0,0,0,0,0,0
2,1,121416,0,0,0,0,0,0,0,0,0,0
1,1,121417,3,8,0,0,0,0,0,16,0,0
1,1,121418,0,0,0,0,0,0,0,0,0,0
2,1,121418,0,0,0,0,16,0,9,0,0,0
1,1,121419,0,0,0,0,0,0,0,0,0,0
2,1,121419,20,20,20,20,20,20,20,20,20,20
1,1,121420,0,0,0,0,0,0,0,0,11,0
2,1,121420,0,0,0,0,0,0,0,0,0,0
1,1,121421,17,17,17,17,17,17,17,17,17,17
1,1,121422,6,6,6,6,6,6,6,6,6,6
2,1,121422,0,0,0,9,0,0,0,0,1,0
1,1,121423,30,30,30,30,30,30,30,30,30,30
1,1,121424,0,0,0,0,0,0,0,0,0,0
1,1,121425,0,0,0,0,0,0,0,0,0,0
2,1,121425,0,0,0,0,0,0,0,0,0,0
1,1,121426,0,0,0,0,0,0,0,0,0,0
2,1,121426,0,0,0,0,0,0,0,0,0,0
3,1,121426,0,0,0,0,0,0,6,0,0,0
1,1,121427,20,20,20,20,20,20,20,20,20,20
1,1,121428,15,15,15,15,15,15,15,15,15,15
1,1,121430,18,18,18,18,18,18,18,18,18,18
1,1,121431,24,24,24,24,24,24,24,24,24,24
2,1,121431,0,0,0,0,0,0,0,0,0,0
1,1,121432,0,0,0,0,0,0,0,0,0,0
2,1,121432,0,0,0,0,0,0,0,0,0,0
3,1,121432,0,0,0,0,0,0,0,0,0,0
1,1,121434,0,0,0,0,0,0,0,0,0,0
1,1,121435,0,0,0,0,0,0,0,5,0,17
1,1,121436,28,28,28,28,28,28,28,28,28,28
1,1,121437,0,0,0,0,0,0,16,0,5,0
1,1,121438,0,0,0,0,0,0,0,0,0,0
1,1,121439,26,26,26,26,26,26,26,26,26,26
1,1,121440,0,0,21,0,0,0,0,0,10,0
2,1,121440,0,0,0,0,0,0,0,0,0,0
1,1,121441,12,21,0,0,0,0,0,0,14,0
2,1,121441,0,0,0,0,0,0,18,0,0,0
0,1,121442,20,20,20,20,20,20,20,20,20,20
1,1,121442,6,0,0,0,0,0,0,0,0,0
1,1,121443,0,0,0,0,0,0,0,0,0,0
1,1,121444,1,1,1,1,1,1,1,1,1,1
0,1,121445,0,7,0,0,0,0,0,18,0,0
1,1,121445,0,0,0,0,0,0,0,0,0,0
1,1,121446,0,0,0,0,0,0,0,0,0,0
2,1,121446,0,0,0,0,0,0,0,0,0,0
1,1,121447,0,0,0,0,0,0,0,28,0,0
1,1,121448,18,18,18,18,18,18,18,18,18,18
2,1,121448,0,0,0,0,0,0,0,0,0,0
0,1,121449,0,0,0,0,0,0,0,0,0,0
1,1,121449,0,0,0,0,0,0,0,0,0,0
1,1,121450,0,0,0,0,0,0,0,0,0,0
2,1,121450,0,0,0,0,0,0,0,0,0,0
3,1,121450,0,0,0,0,0,0,0,0,0,0
1,1,121451,0,0,0,0,0,0,0,10,0,0
1,1,121452,0,0,0,0,0,0,0,0,0,0
2,1,121452,0,0,0,0,0,0,0,0,0,0
1,1,121453,0,0,0,0,9,11,0,17,0,0
1,1,121454,0,0,0,0,0,0,0,0,0,0
2,1,121454,0,0,0,0,0,0,0,0,0,0
3,1,121454,0,0,0,0,0,0,0,0,0,0
1,1,121455,0,0,0,0,0,0,0,0,0,0
2,1,121455,0,0,0,0,0,0,0,0,0,0
1,1,121456,0,0,0,0,0,0,0,0,0,0
2,1,121456,0,0,0,0,0,0,0,0,0,0
3,1,121456,0,0,0,0,0,0,0,0,0,0
1,1,121457,0,17,4,2,9,4,15,13,0,5
1,1,121458,17,17,17,17,17,17,17,17,17,17
2,1,121458,0,0,0,0,0,0,0,0,0,0
0,1,121459,4,4,4,4,4,4,4,4,4,4
1,1,121459,0,0,0,0,22,19,0,0,22,0
0,1,121460,16,16,16,16,16,16,16,16,16,16
1,1,121460,9,9,9,9,9,9,9,9,9,9
0,1,121462,0,0,0,0,0,0,0,0,0,0
0,2,121462,0,0,0,0,0,0,0,0,0,0
1,1,121462,0,0,0,0,0,6,0,0,0,0
1,1,121463,18,18,18,18,18,18,18,18,18,18
0,1,121464,0,0,0,0,0,0,0,0,0,0
1,1,121464,0,0,0,0,0,0,0,0,0,0
1,1,121465,0,0,0,0,0,0,0,0,0,0
2,1,121465,0,0,0,0,0,0,0,0,0,0
1,1,121466,3,3,3,3,3,3,3,3,3,3
2,1,121466,0,0,0,0,0,0,0,0,0,0
3,1,121466,0,0,0,0,0,0,0,0,0,0
0,1,121467,26,26,26,26,26,26,26,26,26,26
1,1,121467,0,0,2,0,17,0,0,0,0,11
0,1,121469,39,39,39,39,39,39,39,39,39,39
1,1,121469,0,0,0,0,0,0,0,0,0,0
1,1,121470,18,18,18,18,18,18,18,18,18,18
1,1,121472,0,6,22,6,0,0,0,0,5,0
1,1,121473,0,0,0,0,0,0,0,0,0,0
2,1,121473,16,16,16,16,16,16,16,16,16,16
1,1,121474,28,28,28,28,28,28,28,28,28,28
2,1,121474,0,0,0,0,0,0,0,0,0,0
1,1,121475,0,0,0,0,0,0,0,0,0,0
0,1,121476,0,0,0,0,0,0,0,0,0,0
1,1,121476,0,0,0,10,0,0,13,0,0,0
1,1,121477,0,0,0,10,0,0,0,0,0,0
1,1,121478,0,0,0,0,0,0,0,0,0,0
1,1,121479,0,0,0,0,0,0,0,0,0,0
1,1,121480,16,16,16,16,16,16,16,16,16,16
1,1,121481,0,0,0,0,0,0,0,0,0,0
1,1,121482,3,3,3,3,3,3,3,3,3,3
2,1,121482,0,0,0,0,0,0,0,0,0,0
1,1,121483,0,0,14,0,0,15,0,8,0,15
2,1,121483,0,0,0,0,8,0,0,0,0,0
1,1,121484,22,22,22,22,22,22,22,22,22,22
1,1,121485,40,40,40,40,40,40,40,40,40,40
1,1,121486,4,4,4,4,4,4,4,4,4,4
2,1,121486,0,0,0,9,0,0,0,0,0,0
3,1,121486,0,0,0,0,0,0,0,0,0,0
1,1,121487,0,0,0,0,0,0,0,6,0,0
1,1,121488,0,0,0,0,0,0,0,0,0,0
2,1,121488,0,0,0,0,0,0,0,0,0,0
0,1,121489,29,29,29,29,29,29,29,29,29,29
1,1,121489,0,0,0,0,0,0,0,0,0,0
0,1,121490,0,0,0,0,0,0,0,0,0,0
1,1,121490,0,0,0,0,0,0,0,0,0,0
1,1,121491,12,12,12,12,12,12,12,12,12,12
2,1,121491,0,0,0,0,0,0,0,0,0,0
0,1,121492,4,4,4,4,4,4,4,4,4,4
1,1,121492,0,0,0,0,0,0,0,0,15,0
0,1,121493,27,27,27,27,27,27,27,27,27,27
1,1,121493,0,0,0,0,0,0,0,0,0,0
1,1,121494,8,8,8,8,8,8,8,8,8,8
1,1,121495,22,0,0,0,0,0,0,0,0,0
2,1,121495,0,0,0,0,0,0,0,0,0,0
3,1,121495,0,0,0,0,0,0,0,0,0,0
1,1,121496,0,0,10,6,0,6,0,10,25,0
1,1,121497,0,0,0,0,0,0,0,0,0,0
2,1,121497,0,0,0,0,0,0,0,0,0,0
1,1,121498,0,0,0,0,0,0,0,0,0,0
2,1,121498,0,0,0,0,0,0,0,0,0,0
0,1,121499,22,17,18,24,33,20,26,0,0,17
1,1,121499,0,0,0,0,0,0,0,0,14,0
1,1,121500,0,0,0,0,0,0,0,0,0,0
1,1,121501,0,0,0,0,0,0,0,0,0,0
2,1,121501,0,0,0,0,0,0,0,0,0,0
1,1,121502,13,13,13,13,13,13,13,13,13,13
0,1,121503,21,21,21,21,21,21,21,21,21,21
1,1,121503,0,0,0,0,0,0,0,0,0,13
1,1,121504,0,0,0,0,0,11,0,0,0,0
0,1,121505,1,1,1,1,1,1,1,1,1,1
1,1,121505,0,0,0,0,0,0,0,9,0,0
1,1,121506,0,0,0,0,0,0,0,0,0,0
2,1,121506,0,0,0,0,0,0,0,0,0,0
3,1,121506,0,0,0,0,0,0,0,0,0,0
4,1,121506,0,0,0,0,0,0,0,0,0,0