VEH_NO,PER_NO,ST_CASE,P1,P2,P3,P4,P5,P6,P7,P8,P9,P10
1,1,121507,0,0,0,0,0,0,0,0,0,0
2,1,121507,0,0,0,0,0,0,0,0,0,0
1,1,121508,20,20,20,20,20,20,20,20,20,20
1,1,121509,0,12,0,0,0,0,0,0,0,0
2,1,121509,0,0,0,0,0,0,0,0,0,0
1,1,121510,0,0,0,0,0,0,0,0,0,0
1,1,121511,6,6,6,6,6,6,6,6,6,6
1,1,121512,0,0,0,0,0,0,0,0,0,0
1,1,121513,0,0,33,20,0,15,0,0,6,7
1,1,121515,0,0,0,0,0,0,0,0,0,0
2,1,121515,0,0,0,0,0,0,0,0,0,0
1,1,121516,0,0,0,0,0,0,0,0,0,0
2,1,121516,0,11,0,7,0,0,0,0,0,0
1,1,121517,0,0,0,0,0,0,0,0,0,0
2,1,121517,0,0,0,0,0,4,0,0,0,0
1,1,121518,20,0,0,0,0,0,0,0,0,0
1,1,121519,0,0,0,0,0,0,0,0,0,0
2,1,121519,0,0,0,0,0,0,0,0,0,0
3,1,121519,0,0,0,0,0,0,0,0,0,0
1,1,121520,0,0,0,0,0,0,0,0,0,0
1,1,121521,0,0,0,0,0,0,5,0,0,0
1,1,121522,0,0,0,0,0,0,0,0,0,0
2,1,121522,0,0,4,0,0,0,0,0,0,0
3,1,121522,0,0,0,0,0,0,0,0,0,0
1,1,121523,0,0,0,0,0,0,0,0,0,0
0,1,121524,0,0,0,28,0,0,34,0,0,5
1,1,121524,0,0,0,0,0,0,0,0,0,0
0,1,121525,17,0,9,0,0,0,7,5,0,4
1,1,121525,0,0,0,15,8,0,0,0,11,0
0,1,121526,3,3,3,3,3,3,3,3,3,3
1,1,121526,0,0,0,0,0,0,0,0,0,0
1,1,121527,0,0,0,0,0,0,0,0,0,0
1,1,121528,0,0,0,0,0,7,0,0,14,0
0,1,121529,25,0,0,0,0,0,0,0,0,0
1,1,121529,0,0,0,0,0,0,0,0,0,0
0,1,121530,0,0,0,0,0,0,0,0,0,0
1,1,121530,0,0,0,0,0,0,0,0,0,0
1,1,121531,0,0,0,0,0,0,0,0,0,0
2,1,121531,0,0,0,0,0,0,0,0,0,0
1,1,121532,0,0,0,0,0,0,0,0,0,0
2,1,121532,0,0,0,0,14,0,0,0,0,0
0,1,121533,0,0,0,0,0,26,0,0,0,0
1,1,121533,0,0,0,0,0,0,0,11,0,0
1,1,121534,0,0,0,15,0,0,0,0,0,0
2,1,121534,0,0,0,0,0,0,0,0,0,0
0,1,121535,0,0,0,0,0,0,0,0,0,0
1,1,121535,0,0,25,0,0,0,0,0,0,0
0,1,121536,31,31,31,31,31,31,31,31,31,31
1,1,121536,0,0,9,0,0,0,0,0,10,0
1,1,121537,0,0,0,0,0,0,0,0,0,0
2,1,121537,0,0,0,0,0,0,0,0,0,0
1,1,121538,0,0,0,0,0,0,0,0,0,0
2,1,121538,0,0,0,0,0,13,0,0,0,0
3,1,121538,0,0,0,0,0,0,0,0,0,0
1,1,121539,30,30,30,30,30,30,30,30,30,30
0,1,121540,0,22,19,15,0,0,0,0,0,0
1,1,121540,22,22,22,22,22,22,22,22,22,22
2,1,121540,0,0,0,0,0,0,0,0,0,0
1,1,121541,0,0,0,0,0,0,0,0,0,0
2,1,121541,0,0,0,0,0,0,0,0,6,0
1,1,121542,0,0,0,0,0,0,0,0,0,0
2,1,121542,0,0,0,0,0,0,0,0,0,0
1,1,121543,0,0,0,0,0,0,0,0,0,0
2,1,121543,0,0,0,0,0,0,0,0,0,0
0,1,121544,0,0,0,0,0,0,0,0,0,0
1,1,121544,0,0,0,0,0,0,0,0,0,0
1,1,121545,0,0,0,0,0,0,0,0,0,0
2,1,121545,0,0,0,0,0,0,0,0,0,0
1,1,121546,0,0,0,0,0,0,0,0,0,0
2,1,121546,0,0,0,0,0,0,0,0,0,0
1,1,121547,0,0,0,0,0,0,0,0,0,0
2,1,121547,0,0,0,0,0,0,0,0,0,0
0,1,121548,0,0,0,0,0,0,0,0,0,0
1,1,121548,0,0,10,0,10,0,7,0,0,0
1,1,121549,0,0,0,0,0,0,0,0,0,0
1,1,121550,0,0,0,0,0,0,0,0,0,0
2,1,121550,0,0,0,0,0,0,0,0,0,0
1,1,121551,0,0,0,0,0,0,0,0,0,0
2,1,121551,0,0,0,0,0,0,0,0,0,0
1,1,121552,0,0,0,0,0,0,0,0,0,0
2,1,121552,0,0,0,0,0,0,0,0,0,0
1,1,121553,0,0,0,0,0,0,0,0,0,0
2,1,121553,0,0,0,0,0,0,0,0,0,0
1,1,121554,0,0,0,0,0,0,0,0,0,0
2,1,121554,0,0,0,0,0,0,0,0,0,0
1,1,121555,0,0,0,0,0,0,0,0,0,0
2,1,121555,0,0,0,0,0,0,0,0,0,0
0,1,121556,0,0,0,0,0,0,22,0,0,0
0,2,121556,17,0,10,11,14,5,0,0,0,24
1,1,121556,22,22,22,22,22,22,22,22,22,22
1,1,121557,13,13,13,13,13,13,13,13,13,13
2,1,121557,0,0,0,0,0,0,0,0,0,0
0,1,121558,8,31,19,18,34,0,30,25,19,0
1,1,121558,0,0,0,0,0,0,0,3,0,4
0,1,121559,29,0,0,5,25,0,20,0,22,28
1,1,121559,7,7,7,7,7,7,7,7,7,7
1,1,121560,0,0,0,0,0,0,0,0,0,0
2,1,121560,0,0,0,0,9,0,0,0,0,0
1,1,121561,2,2,2,2,2,2,2,2,2,2
0,1,121562,0,0,0,0,0,0,0,0,0,0
1,1,121562,0,0,7,0,0,0,0,0,0,0
1,1,121563,0,0,0,0,0,0,0,0,0,0
2,1,121563,0,0,0,0,0,0,0,0,0,0
3,1,121563,0,0,0,0,0,0,0,0,0,0
0,1,121564,0,0,0,0,0,0,0,0,0,0
0,2,121564,0,0,0,0,0,0,0,0,0,0
1,1,121564,0,0,0,0,0,0,0,0,0,0
1,1,121565,0,0,0,0,0,0,0,0,0,0
2,1,121565,0,0,0,0,0,0,0,14,0,0
0,1,121566,20,20,20,20,20,20,20,20,20,20
1,1,121566,0,0,0,0,0,0,0,0,6,0
1,1,121567,15,15,15,15,15,15,15,15,15,15
2,1,121567,2,2,2,2,2,2,2,2,2,2
0,1,121568,0,20,0,0,0,0,26,22,0,0
1,1,121568,0,0,0,0,0,0,0,0,0,0
1,1,121569,0,0,0,0,0,0,0,0,0,0
2,1,121569,0,3,0,0,0,0,0,0,0,0
1,1,121570,5,5,5,5,5,5,5,5,5,5
1,1,121571,0,0,0,0,0,0,0,0,0,0
0,1,121572,0,0,0,0,0,0,0,0,0,0
1,1,121572,0,0,0,0,0,0,0,0,0,0
1,1,121573,0,0,0,0,0,0,0,0,0,0
2,1,121573,0,0,0,0,0,0,0,0,18,0
1,1,121574,0,0,0,0,0,0,0,0,0,0
2,1,121574,0,0,0,0,0,0,0,0,0,0
1,1,121575,0,0,0,0,0,0,0,0,0,0
2,1,121575,0,0,10,0,0,0,0,0,0,0
0,1,121576,0,0,0,0,0,0,0,0,0,0
1,1,121576,0,0,0,0,0,0,0,0,0,0
0,1,121577,0,0,0,0,0,0,0,0,0,0
1,1,121577,0,0,0,0,0,0,0,0,0,16
1,1,121578,0,0,0,0,0,0,0,0,0,0
2,1,121578,0,0,0,0,0,0,0,0,0,0
1,1,121579,8,0,0,0,0,0,0,0,0,0
2,1,121579,0,0,0,0,0,0,0,0,0,0
3,1,121579,0,0,0,0,16,0,0,0,0,0
1,1,121580,0,0,0,0,0,0,0,0,0,0
1,1,121581,0,0,0,11,13,21,0,0,8,9
1,1,121582,0,0,0,0,0,0,0,0,0,0
2,1,121582,0,0,0,0,0,0,0,0,0,0
0,1,121583,0,0,0,0,0,26,8,0,0,21
1,1,121583,0,11,0,0,0,0,0,0,0,0
1,1,121584,17,17,17,17,17,17,17,17,17,17
0,1,121585,26,26,26,26,26,26,26,26,26,26
1,1,121585,0,0,0,0,10,0,0,18,0,0
0,1,121586,0,0,0,0,0,0,0,0,0,0
1,1,121586,0,0,0,0,0,0,4,0,0,0
1,1,121587,11,11,11,11,11,11,11,11,11,11
0,1,121588,0,0,0,0,0,0,0,0,0,0
1,1,121588,0,0,0,0,0,0,0,0,0,0
1,1,121589,0,0,0,0,0,0,0,0,0,0
0,1,121590,0,0,0,5,3,12,0,53,0,18
1,1,121590,0,0,0,0,0,0,0,0,0,0
1,1,121591,0,0,0,0,0,0,0,0,0,0
1,1,121592,0,0,0,0,0,0,0,0,0,0
0,1,121593,0,24,6,0,20,0,0,0,0,0
1,1,121593,23,23,23,23,23,23,23,23,23,23
1,1,121594,0,0,0,0,0,0,0,0,0,0
1,1,121595,0,0,0,0,25,0,0,0,0,0
2,1,121595,0,0,0,0,0,0,0,0,0,0
1,1,121596,0,0,0,0,0,0,0,0,0,10
1,1,121597,0,0,0,0,0,0,0,0,0,0
2,1,121597,0,0,0,0,0,0,0,0,0,0
1,1,121598,0,0,0,0,0,0,0,0,0,0
2,1,121598,0,0,0,0,0,0,0,10,0,0
0,1,121599,26,9,26,20,22,25,28,0,15,0
1,1,121599,6,6,6,6,6,6,6,6,6,6
1,1,121600,0,0,0,0,0,0,0,0,0,0
2,1,121600,0,13,0,13,7,0,7,0,0,0
1,1,121601,20,20,20,20,20,20,20,20,20,20
1,1,121602,12,12,12,12,12,12,12,12,12,12
1,1,121603,0,0,0,0,0,0,0,0,0,0
2,1,121603,0,0,0,0,0,0,0,0,0,0
0,1,121604,0,0,0,0,0,0,0,0,0,0
1,1,121604,0,0,0,0,0,0,0,0,0,0
1,1,121605,14,14,14,14,14,14,14,14,14,14
2,1,121605,21,5,0,14,14,16,14,0,11,20
1,1,121606,0,0,0,0,0,0,0,0,0,0
2,1,121606,14,0,0,0,19,0,0,18,0,6
1,1,121607,22,22,22,22,22,22,22,22,22,22
1,1,121608,0,0,0,0,6,20,0,0,0,0
1,1,121609,0,0,0,0,0,0,0,0,0,0
2,1,121609,0,0,0,0,0,0,0,0,0,0
1,1,121610,26,26,26,26,26,26,26,26,26,26
2,1,121610,17,17,17,17,17,17,17,17,17,17
0,1,121611,0,0,0,0,0,0,0,0,0,0
1,1,121611,0,0,0,0,0,0,0,0,0,0
1,1,121612,0,0,0,0,0,0,0,0,0,0
0,1,121613,37,0,14,17,18,9,0,30,9,18
1,1,121613,0,0,0,14,0,0,0,0,0,0
1,1,121614,22,22,22,22,22,22,22,22,22,22
2,1,121614,18,18,18,18,18,18,18,18,18,18
1,1,121615,0,0,0,0,0,0,0,0,0,0
2,1,121615,22,22,22,22,22,22,22,22,22,22
0,1,121616,32,32,32,32,32,32,32,32,32,32
1,1,121616,22,12,0,0,0,0,0,0,6,0
0,1,121617,18,18,18,18,18,18,18,18,18,18
1,1,121617,0,0,13,0,0,0,0,0,0,0
1,1,121618,0,0,0,0,0,0,0,0,0,0
2,1,121618,0,0,0,0,0,0,0,0,0,0
3,1,121618,0,0,0,0,0,0,0,0,0,0
0,1,121619,14,14,14,14,14,14,14,14,14,14
1,1,121619,0,0,0,0,0,0,0,0,0,0
1,1,121620,0,0,0,0,0,0,0,0,0,0
2,1,121620,1,1,1,1,1,1,1,1,1,1
1,1,121621,0,0,0,0,0,0,0,0,0,6
1,1,121622,28,28,28,28,28,28,28,28,28,28
2,1,121622,0,0,0,0,0,0,0,0,0,0
1,1,121623,23,23,23,23,23,23,23,23,23,23
1,1,121624,0,0,0,0,0,0,0,0,0,0
2,1,121624,0,0,0,0,0,0,0,0,0,0
3,1,121624,0,0,0,0,0,0,0,0,0,0
1,1,121625,4,0,20,0,9,0,0,11,0,0
1,1,121626,0,0,0,0,0,0,0,0,0,0
2,1,121626,0,0,0,0,0,0,0,0,0,0
3,1,121626,0,0,0,0,0,0,0,0,0,0
1,1,121627,0,0,0,0,0,0,0,0,0,0
1,1,121628,0,0,0,0,0,0,0,0,0,0
2,1,121628,0,0,0,0,0,0,0,0,0,0
1,1,121629,14,14,14,14,14,14,14,14,14,14
1,1,121631,11,11,9,0,8,0,13,7,0,0
1,1,121632,0,0,0,0,0,0,0,0,0,0
1,1,121633,1,1,1,1,1,1,1,1,1,1
1,1,121634,0,0,0,0,0,0,0,0,0,0
1,1,121635,0,0,0,0,0,0,0,0,0,0
2,1,121635,0,0,0,0,0,0,0,0,0,0
1,1,121636,0,0,0,0,12,21,5,0,0,0
2,1,121636,0,0,0,0,0,0,0,0,0,15
1,1,121637,0,0,0,0,0,0,0,0,0,0
1,1,121638,0,0,0,0,0,0,0,0,0,0
2,1,121638,0,0,0,0,0,0,0,0,0,0
3,1,121638,0,0,0,0,0,0,0,0,0,0
0,1,121639,0,0,0,0,0,0,0,0,0,0
1,1,121639,0,0,0,0,0,0,0,0,0,0
1,1,121640,20,20,20,20,20,20,20,20,20,20
1,1,121641,9,9,9,9,9,9,9,9,9,9
1,1,121642,9,0,0,0,0,0,0,0,0,0
1,1,121643,0,0,0,0,0,0,0,0,0,0
1,1,121644,18,18,18,18,18,18,18,18,18,18
2,1,121644,0,0,5,12,0,0,0,0,0,0
0,1,121645,0,0,8,0,0,0,7,0,0,21
1,1,121645,0,0,0,0,0,0,0,0,0,0
0,1,121646,36,36,36,36,36,36,36,36,36,36
1,1,121646,0,0,0,4,0,0,0,0,0,0
1,1,121647,7,9,14,12,18,30,0,0,0,0
1,1,121648,0,0,0,18,0,3,10,11,21,14
2,1,121648,0,0,7,0,0,0,0,0,0,0
1,1,121649,0,0,11,0,0,0,7,0,0,0
2,1,121649,8,11,23,0,0,11,0,9,6,11
1,1,121650,0,0,0,0,0,0,0,0,0,0
2,1,121650,0,0,0,0,0,0,0,0,0,0
3,1,121650,0,0,0,0,0,0,0,0,0,0
1,1,121651,0,0,0,0,0,0,0,0,0,0
2,1,121651,0,0,0,0,0,0,0,0,0,0
3,1,121651,0,0,0,0,0,0,0,0,0,0
4,1,121651,0,0,0,0,0,0,0,0,0,0
1,1,121652,0,0,0,0,0,0,4,0,0,0
1,1,121653,0,0,0,0,0,0,4,0,0,0
2,1,121653,0,0,0,0,0,0,0,0,0,0
1,1,121654,0,0,0,0,0,0,0,0,0,0
2,1,121654,0,0,0,0,0,0,0,0,0,0
1,1,121655,0,0,0,0,0,0,0,0,0,0
2,1,121655,12,12,12,12,12,12,12,12,12,12
1,1,121656,14,14,14,14,14,14,14,14,14,14
0,1,121657,17,11,15,31,0,0,0,0,0,21
1,1,121657,0,0,0,0,0,0,0,12,0,0
1,1,121658,14,14,14,14,14,14,14,14,14,14
1,1,121659,5,5,5,5,5,5,5,5,5,5
2,1,121659,0,0,0,0,0,0,0,0,0,0
1,1,121660,0,0,6,0,0,0,0,0,0,0
1,1,121661,0,0,0,0,5,0,0,0,0,0
2,1,121661,0,0,0,0,0,0,0,0,0,0
0,1,121662,0,0,0,0,0,0,4,0,0,0
1,1,121662,0,0,0,0,0,0,0,0,0,0
1,1,121663,26,26,26,26,26,26,26,26,26,26
1,1,121664,0,22,15,0,12,22,7,0,0,24
0,1,121665,8,0,0,0,0,43,13,0,0,0
1,1,121665,18,18,18,18,18,18,18,18,18,18
1,1,121666,0,0,0,0,0,0,0,0,0,0
2,1,121666,0,0,0,0,0,0,0,0,0,0
3,1,121666,0,0,0,0,0,0,0,0,0,0
4,1,121666,0,0,0,0,0,0,0,0,0,0
5,1,121666,0,0,0,0,0,0,0,0,0,0
1,1,121667,0,0,0,0,17,0,0,11,0,12
2,1,121667,0,0,0,9,0,0,0,0,0,0
1,1,121668,0,0,0,0,0,0,0,0,0,0
2,1,121668,0,0,0,0,0,0,0,0,0,0
3,1,121668,0,0,0,0,0,0,0,0,0,0
1,1,121669,0,0,0,0,0,0,0,0,0,0
2,1,121669,0,0,0,0,0,0,0,0,0,0
3,1,121669,0,0,0,0,0,0,0,0,0,0
1,1,121670,0,0,0,0,0,0,0,0,0,0
0,1,121671,0,0,0,0,14,23,0,0,0,7
1,1,121671,0,0,0,0,0,18,0,0,11,0
0,1,121672,0,20,0,0,19,13,22,0,20,0
1,1,121672,0,0,0,0,0,0,14,0,0,0
2,1,121672,0,19,0,0,9,0,2,3,4,0
1,1,121673,0,19,0,0,0,0,0,9,0,0
1,1,121674,28,28,28,28,28,28,28,28,28,28
2,1,121674,0,0,0,0,0,0,0,0,0,0
1,1,121675,13,13,13,13,13,13,13,13,13,13
1,1,121676,13,13,13,13,13,13,13,13,13,13
2,1,121676,0,0,0,0,0,0,0,0,0,0
1,1,121677,11,20,26,19,9,24,18,31,4,20
0,1,121678,4,30,0,0,0,0,0,20,25,32
1,1,121678,14,14,14,14,14,14,14,14,14,14
2,1,121678,0,11,0,0,0,0,0,0,0,0
1,1,121679,0,0,0,0,0,0,0,0,0,0
1,1,121680,0,0,0,0,0,0,0,0,0,0
2,1,121680,0,0,0,0,0,0,0,0,0,0
1,1,121681,0,0,0,0,0,0,0,0,0,0
2,1,121681,0,0,0,0,0,0,0,0,0,0
0,1,121682,0,0,0,0,0,0,0,0,0,0
1,1,121682,0,0,0,0,0,0,0,0,0,0
0,1,121683,0,0,0,0,17,0,0,0,0,0
1,1,121683,17,0,0,13,0,0,0,7,0,0
1,1,121684,22,20,21,15,0,39,25,16,0,21
1,1,121685,20,20,20,20,20,20,20,20,20,20
1,1,121686,10,26,20,0,11,22,0,0,11,0
1,1,121687,13,13,13,13,13,13,13,13,13,13
1,1,121688,0,0,0,0,0,0,0,0,0,0
2,1,121688,0,0,0,0,0,0,0,0,0,0
0,1,121689,0,0,0,0,0,0,0,0,0,0
1,1,121689,13,13,13,13,13,13,13,13,13,13
1,1,121690,20,20,20,20,20,20,20,20,20,20
1,1,121691,0,0,0,0,0,0,0,0,0,0
2,1,121691,0,0,0,0,0,0,0,0,0,0
1,1,121693,17,17,17,17,17,17,17,17,17,17
0,1,121694,0,11,20,11,0,0,24,0,11,11
0,2,121694,0,0,21,0,0,0,0,0,0,0
1,1,121694,0,0,0,0,0,0,17,0,0,0
1,1,121695,0,0,0,0,0,0,0,0,0,0
2,1,121695,0,0,0,0,0,0,0,0,0,0
1,1,121696,0,0,0,0,0,0,0,0,0,0
2,1,121696,0,0,0,0,0,0,0,0,0,0
1,1,121697,0,0,0,0,0,0,0,0,0,0
0,1,121698,27,27,27,27,27,27,27,27,27,27
1,1,121698,0,0,7,0,0,0,0,0,8,0
1,1,121699,0,0,0,0,0,0,0,0,0,0
1,1,121700,0,0,0,0,0,0,0,0,0,0
2,1,121700,18,18,18,18,18,18,18,18,18,18
1,1,121701,0,0,0,0,0,0,0,0,0,0
2,1,121701,0,0,0,0,0,0,0,0,0,0
1,1,121702,0,12,0,0,0,0,0,0,0,0
2,1,121702,0,0,0,0,0,0,0,0,0,0
1,1,121703,23,23,23,23,23,23,23,23,23,23
1,1,121704,13,13,13,13,13,13,13,13,13,13
1,1,121705,3,3,3,3,3,3,3,3,3,3
0,1,121706,31,31,31,31,31,31,31,31,31,31
1,1,121706,0,6,0,0,0,0,0,0,2,19
2,1,121706,0,15,0,0,0,0,0,0,0,0
3,1,121706,0,0,0,0,0,0,0,3,0,7
4,1,121706,0,0,0,0,5,2,0,12,0,0
5,1,121706,0,0,0,3,0,0,26,0,11,10
1,1,121707,19,19,19,19,19,19,19,19,19,19
1,1,121708,0,0,0,0,0,0,0,0,0,0
1,1,121709,16,16,16,16,16,16,16,16,16,16
1,1,121710,0,0,0,0,0,0,0,0,0,0
2,1,121710,0,0,0,0,0,0,0,0,0,0
0,1,121711,0,0,0,0,0,0,0,0,0,0
1,1,121711,10,8,0,0,0,0,0,3,0,0
0,1,121712,0,0,0,0,0,0,0,0,0,0
1,1,121712,0,0,0,0,0,0,0,0,0,0
1,2,121713,22,15,3,19,16,15,12,16,13,19
1,1,121714,11,0,18,0,18,16,0,10,16,0
1,1,121715,0,0,0,0,0,0,0,0,0,0
2,1,121715,0,0,0,0,0,0,0,0,0,0
1,1,121716,0,0,0,0,0,0,0,0,0,0
2,1,121716,0,0,0,0,0,0,0,0,0,0
1,1,121717,14,14,14,14,14,14,14,14,14,14
1,1,121718,0,0,0,0,0,0,0,0,0,0
1,1,121719,0,0,0,0,0,0,0,0,0,0
2,1,121719,0,0,0,0,0,10,28,0,13,0
1,1,121720,0,0,0,0,0,9,0,0,0,0
2,1,121720,0,0,0,0,0,0,0,0,0,0
0,1,121721,0,0,0,0,0,0,36,0,18,0
1,1,121721,12,12,12,12,12,12,12,12,12,12
1,1,121722,0,0,0,0,0,0,0,0,0,0
1,1,121723,2,2,2,2,2,2,2,2,2,2
2,1,121723,0,0,0,0,0,0,0,0,0,0
1,1,121724,0,0,0,0,0,0,0,0,0,0
1,1,121726,19,0,0,9,16,0,0,0,0,20
1,1,121727,8,8,8,8,8,8,8,8,8,8
1,1,121728,0,0,0,0,0,0,0,0,0,0
2,1,121728,0,0,0,0,0,0,0,0,0,0
1,1,121729,23,23,23,23,23,23,23,23,23,23
2,1,121729,3,3,3,3,3,3,3,3,3,3
1,1,121730,29,29,29,29,29,29,29,29,29,29
2,1,121730,22,22,22,22,22,22,22,22,22,22
1,1,121731,11,11,11,11,11,11,11,11,11,11
0,1,121732,0,47,9,21,33,26,15,0,26,21
1,1,121732,0,0,0,0,0,0,0,0,0,0
1,1,121733,26,38,16,9,16,16,0,0,7,20
1,1,121734,0,0,0,0,0,0,0,0,0,0
2,1,121734,0,0,0,0,0,0,0,0,0,0
3,1,121734,0,0,0,0,0,0,0,0,0,0
1,1,121735,0,0,0,0,0,0,0,0,0,0
2,1,121735,0,0,0,0,0,0,0,0,0,0
0,1,121736,23,23,23,23,23,23,23,23,23,23
0,2,121736,17,17,17,17,17,17,17,17,17,17
1,1,121736,0,0,0,0,0,12,0,0,0,0
1,1,121737,0,26,0,3,0,0,15,11,28,0
1,1,121738,0,0,0,0,0,0,0,0,0,6
1,1,121739,0,0,0,0,0,0,0,0,0,0
2,1,121739,0,0,0,0,0,0,0,0,0,0
0,1,121740,23,23,23,23,23,23,23,23,23,23
1,1,121740,0,0,0,0,0,0,0,0,7,0
2,1,121740,0,0,0,0,15,0,0,0,0,0
1,1,121741,0,0,0,0,0,0,0,0,0,0
2,1,121741,0,0,0,0,0,0,0,0,0,0
1,1,121742,22,22,22,22,22,22,22,22,22,22
1,1,121743,25,25,25,25,25,25,25,25,25,25
1,1,121744,0,0,0,0,0,0,0,0,0,0
2,1,121744,0,0,0,0,0,0,0,0,0,0
1,1,121745,0,0,0,0,0,0,0,0,0,0
1,1,121746,12,12,12,12,12,12,12,12,12,12
2,1,121746,0,21,16,12,0,0,0,0,0,0
1,1,121747,0,0,0,0,0,0,0,0,0,0
2,1,121747,11,0,7,0,0,0,0,0,0,4
1,1,121748,17,17,17,17,17,17,17,17,17,17
2,1,121748,6,6,6,6,6,6,6,6,6,6
0,1,121749,20,10,7,21,0,23,0,29,0,14
1,1,121749,0,0,8,1,0,0,11,0,6,0
0,1,121750,4,4,4,4,4,4,4,4,4,4
0,2,121750,0,0,0,0,0,0,0,0,0,0
1,1,121750,4,4,4,4,4,4,4,4,4,4
1,1,121751,0,0,0,0,0,0,0,0,0,0
2,1,121751,1,1,1,1,1,1,1,1,1,1
1,1,121752,5,0,14,0,20,0,0,0,31,22
2,1,121752,0,0,0,0,0,0,0,0,0,0
1,1,121753,14,0,0,0,0,0,0,0,0,0
1,1,121754,0,0,0,0,0,0,0,0,0,0
2,1,121754,0,0,0,0,0,0,0,0,0,0
1,1,121755,15,15,15,15,15,15,15,15,15,15
1,1,121756,0,0,0,6,0,0,0,0,0,0
2,1,121756,0,0,0,0,0,0,0,0,0,0
1,1,121757,17,17,17,17,17,17,17,17,17,17
1,1,121758,23,23,23,23,23,23,23,23,23,23
1,1,121759,4,4,4,4,4,4,4,4,4,4
2,1,121759,0,0,0,0,0,0,0,0,0,0
1,1,121760,8,9,10,0,0,0,0,16,0,7
1,1,121761,33,33,33,33,33,33,33,33,33,33
1,1,121762,8,8,8,8,8,8,8,8,8,8
0,1,121763,26,26,26,26,26,26,26,26,26,26
1,1,121763,0,0,0,0,0,7,0,0,0,0
1,1,121764,0,0,0,0,0,0,0,0,0,0
1,1,121765,17,17,17,17,17,17,17,17,17,17
1,1,121766,0,0,0,0,0,0,0,0,0,0
2,1,121766,0,0,0,0,0,10,0,0,0,0
3,1,121766,16,0,0,0,0,0,0,0,0,0
1,1,121767,0,0,0,0,0,0,0,0,0,0
1,1,121768,0,18,21,0,6,0,22,5,26,30
1,1,121769,0,0,0,0,0,0,0,0,0,0
1,1,121770,0,0,0,0,0,0,0,0,0,0
2,1,121770,9,0,0,0,0,0,0,0,0,0
1,1,121771,18,18,18,18,18,18,18,18,18,18
2,1,121771,0,0,0,0,0,0,0,0,0,0
3,1,121771,0,0,0,0,0,0,0,0,0,0
1,1,121772,0,0,0,0,0,0,0,0,0,0
2,1,121772,0,0,0,0,0,0,0,0,0,0
1,1,121773,3,0,0,11,0,0,6,0,0,0
2,1,121773,0,0,0,0,0,0,0,0,0,0
1,1,121776,4,4,4,4,4,4,4,4,4,4
2,1,121776,0,0,0,0,0,0,0,0,0,0
0,1,121777,13,13,13,13,13,13,13,13,13,13
1,1,121777,0,0,0,0,0,0,0,0,0,0
1,1,121778,0,0,0,0,0,0,0,0,0,0
1,1,121779,0,0,0,0,0,0,0,0,0,0
0,1,121780,0,0,0,0,0,0,0,0,0,0
1,1,121780,0,0,0,0,0,0,0,0,0,0
0,1,121781,25,25,25,25,25,25,25,25,25,25
1,1,121781,0,21,0,0,0,27,0,0,22,0
2,1,121781,26,0,0,0,0,0,5,21,0,8
1,1,121782,22,22,22,22,22,22,22,22,22,22
1,1,121783,0,0,0,0,0,0,0,0,0,0
2,1,121783,0,0,0,0,0,0,0,0,0,0
1,1,121784,0,0,0,0,0,0,0,0,0,0
0,1,121785,24,24,24,24,24,24,24,24,24,24
0,2,121785,16,16,16,16,16,16,16,16,16,16
1,1,121785,0,0,0,0,0,14,0,18,13,0
2,1,121785,0,0,7,0,0,0,0,0,7,16
3,1,121785,0,0,0,0,0,21,0,0,0,0
1,1,121786,0,0,0,0,0,0,0,0,0,0
2,1,121786,0,0,0,0,0,0,0,0,0,0
1,1,121787,28,28,28,28,28,28,28,28,28,28
1,1,121788,8,8,8,8,8,8,8,8,8,8
1,1,121790,10,10,10,10,10,10,10,10,10,10
2,1,121790,0,0,0,0,0,0,0,0,0,0
1,1,121791,0,0,0,0,0,0,0,0,0,0
2,1,121791,3,3,3,3,3,3,3,3,3,3
0,1,121792,27,27,27,27,27,27,27,27,27,27
1,1,121792,0,13,0,0,0,0,0,0,17,0
1,1,121793,0,0,0,0,0,0,0,0,0,0
1,1,121794,0,0,0,0,0,0,0,0,0,0
0,1,121795,0,0,0,0,0,0,0,0,0,0
1,1,121795,0,0,0,0,0,0,0,0,0,0
1,1,121796,0,0,0,0,0,0,0,0,0,0
0,1,121797,0,23,36,0,13,20,26,0,0,0
1,1,121797,0,0,3,15,0,10,11,0,10,0
2,1,121797,0,0,0,0,0,0,0,0,0,0
3,1,121797,0,0,0,0,0,0,0,0,0,0
4,1,121797,0,0,0,0,0,0,0,0,0,0
5,1,121797,0,0,0,0,0,0,0,0,0,0
0,1,121798,0,0,0,0,0,0,0,0,0,0
0,2,121798,0,0,0,0,0,0,27,5,0,0
1,1,121798,0,0,19,0,0,0,0,0,0,0
0,1,121799,30,30,30,30,30,30,30,30,30,30
1,1,121799,17,12,0,0,0,0,0,0,0,2
0,1,121800,13,13,13,13,13,13,13,13,13,13
1,1,121800,0,0,0,0,0,0,0,0,0,0
1,1,121801,11,11,11,11,11,11,11,11,11,11
1,1,121802,0,0,0,0,0,0,0,0,0,0