VEH_NO,PER_NO,ST_CASE,P1,P2,P3,P4,P5,P6,P7,P8,P9,P10
2,1,121802,0,0,0,0,0,0,0,0,0,0
1,1,121803,23,0,0,0,0,0,0,0,0,0
2,1,121803,0,0,0,0,0,0,0,0,0,0
1,1,121804,0,0,0,0,0,0,0,0,0,0
1,1,121805,7,15,26,0,6,14,16,21,4,11
1,1,121806,0,0,0,0,0,0,0,0,0,0
2,1,121806,0,0,0,0,0,0,0,0,0,0
0,1,121807,0,0,25,0,0,0,0,23,0,0
1,1,121807,0,0,0,0,0,0,0,0,0,0
1,1,121809,21,21,21,21,21,21,21,21,21,21
1,1,121810,17,17,17,17,17,17,17,17,17,17
0,1,121811,0,0,0,0,0,0,0,0,0,0
1,1,121811,0,0,0,0,0,0,0,0,0,0
1,1,121812,0,0,0,0,0,0,0,0,0,0
2,1,121812,0,0,0,0,0,0,0,0,0,0
3,1,121812,0,0,0,0,0,0,0,0,0,0
0,1,121813,0,0,0,0,0,0,0,0,0,34
1,1,121813,0,0,0,0,0,0,5,0,0,0
1,1,121814,0,0,0,0,0,0,0,0,0,0
0,1,121815,21,0,0,0,0,0,0,0,0,0
1,1,121815,0,0,0,0,0,0,8,0,0,0
0,1,121816,22,29,16,32,20,19,0,18,12,0
1,1,121816,12,0,0,0,0,0,0,0,0,0
1,1,121817,0,0,0,0,0,0,0,0,0,0
1,1,121818,0,0,0,0,0,0,0,0,0,0
1,1,121819,0,0,0,0,0,0,0,4,0,0
2,1,121819,0,0,0,0,0,0,0,8,0,0
3,1,121819,0,0,0,0,0,0,0,0,0,0
1,1,121820,9,9,9,9,9,9,9,9,9,9
1,1,121821,0,0,0,0,0,0,0,0,0,0
2,1,121821,0,0,0,0,0,0,0,0,0,0
1,1,121822,0,0,0,0,0,0,0,0,0,0
2,1,121822,0,0,0,0,0,0,0,0,0,0
1,1,121823,0,0,0,0,0,0,0,0,0,0
1,1,121824,0,0,0,0,0,0,0,0,0,0
1,1,121825,0,0,0,0,0,0,0,0,0,0
1,1,121826,0,0,0,0,0,0,0,0,0,0
0,1,121827,20,22,24,38,49,23,16,16,26,0
1,1,121827,0,0,0,0,0,0,0,0,0,0
1,1,121828,18,18,18,18,18,18,18,18,18,18
1,1,121829,23,23,23,23,23,23,23,23,23,23
2,1,121829,0,0,0,0,0,0,0,0,0,0
3,1,121829,0,0,0,0,0,0,0,0,0,0
1,1,121830,0,0,0,0,0,0,2,0,0,8
1,1,121831,0,0,0,0,0,0,0,0,0,0
1,1,121832,9,9,9,9,9,9,9,9,9,9
1,1,121833,56,56,56,56,56,56,56,56,56,56
1,1,121834,0,0,0,0,0,0,0,0,0,0
2,1,121834,0,0,0,0,0,0,0,0,0,0
1,1,121835,12,12,12,12,12,12,12,12,12,12
1,1,121836,18,13,25,9,6,26,0,0,19,0
1,1,121837,21,0,0,0,0,0,0,3,0,0
1,1,121838,29,29,29,29,29,29,29,29,29,29
1,1,121839,18,18,18,18,18,18,18,18,18,18
1,1,121840,0,0,0,0,0,0,0,0,0,0
2,1,121840,0,0,0,0,0,0,0,0,0,0
1,1,121841,0,0,8,0,0,0,0,0,0,0
2,1,121841,0,0,0,0,0,0,0,0,0,0
0,1,121842,32,32,32,32,32,32,32,32,32,32
1,1,121842,0,0,0,0,0,0,0,0,0,0
1,1,121843,0,0,0,0,0,0,0,0,0,0
2,1,121843,0,0,0,0,0,0,0,0,0,12
1,1,121844,0,0,0,0,0,0,0,0,0,0
2,1,121844,0,0,0,0,0,0,0,0,0,0
1,1,121845,0,19,0,0,0,0,0,0,0,0
2,1,121845,0,0,0,0,0,0,0,0,0,0
1,1,121846,0,0,0,0,0,0,0,0,0,0
1,1,121847,0,0,0,0,0,0,0,0,0,0
2,1,121847,0,0,0,0,0,0,0,0,0,0
3,1,121847,0,0,0,0,0,0,0,0,0,0
4,1,121847,0,0,0,0,0,0,0,0,0,0
0,1,121848,24,24,24,24,24,24,24,24,24,24
1,1,121848,0,0,0,22,0,0,0,16,6,0
1,1,121849,14,14,14,14,14,14,14,14,14,14
1,1,121850,0,0,0,0,0,0,0,0,0,0
1,1,121851,29,29,29,29,29,29,29,29,29,29
1,1,121852,0,0,0,0,0,0,0,0,0,0
1,1,121853,0,0,0,0,0,0,0,0,0,0
2,1,121853,0,0,0,0,0,0,0,0,0,0
1,1,121854,0,0,0,0,0,0,0,0,0,0
2,1,121854,15,15,15,15,15,15,15,15,15,15
1,1,121855,0,0,0,0,0,0,0,0,0,0
2,1,121855,0,0,0,0,0,0,0,0,0,0
0,1,121856,18,18,18,18,18,18,18,18,18,18
1,1,121856,0,0,23,0,0,0,0,0,0,0
1,1,121857,5,5,5,5,5,5,5,5,5,5
0,1,121858,19,0,0,40,0,24,11,0,35,0
1,1,121858,0,0,0,0,0,0,0,0,0,0
0,1,121859,0,0,0,0,0,0,0,0,0,0
1,1,121859,0,0,0,0,0,0,0,0,0,0
1,1,121860,0,0,0,0,0,0,0,0,0,0
2,1,121860,0,0,0,0,0,0,0,0,0,0
1,1,121861,27,27,27,27,27,27,27,27,27,27
1,1,121862,19,19,19,19,19,19,19,19,19,19
1,1,121863,0,0,0,0,0,0,0,0,0,12
2,1,121863,0,0,0,0,0,0,0,0,0,0
1,1,121864,13,21,16,0,0,0,18,21,0,0
2,1,121864,0,0,0,0,0,0,0,0,0,0
1,1,121865,16,16,16,16,16,16,16,16,16,16
1,1,121866,0,0,0,0,0,0,0,0,0,0
2,1,121866,5,0,0,16,0,16,0,2,14,0
1,1,121867,0,0,0,0,0,0,0,23,0,0
1,1,121868,0,0,0,0,0,0,0,0,0,0
1,1,121869,0,0,0,0,0,0,0,0,0,0
2,1,121869,0,0,0,0,0,0,0,0,0,0
0,1,121870,0,0,0,12,0,29,0,25,23,0
1,1,121870,0,9,0,17,0,0,0,0,0,0
1,1,121871,0,0,0,0,0,0,0,0,0,0
2,1,121871,0,7,0,0,0,0,0,0,14,0
0,1,121872,0,0,0,0,0,0,0,0,0,0
1,1,121872,0,0,0,0,0,0,0,0,0,0
0,1,121873,0,0,0,0,0,0,0,0,0,0
0,2,121873,0,0,0,0,0,0,0,0,0,0
1,1,121873,0,0,0,0,0,0,0,0,0,0
0,1,121874,4,4,4,4,4,4,4,4,4,4
1,1,121874,0,0,0,0,0,0,0,0,0,18
2,1,121874,0,0,0,8,0,0,0,5,0,0
0,1,121875,32,32,32,32,32,32,32,32,32,32
1,1,121875,6,0,0,0,0,0,5,0,0,0
1,1,121876,23,23,23,23,23,23,23,23,23,23
0,1,121877,28,28,28,28,28,28,28,28,28,28
1,1,121877,6,0,0,0,0,0,0,0,0,0
0,1,121878,0,0,0,12,0,0,0,0,0,0
1,1,121878,0,0,0,0,0,0,0,0,0,0
1,1,121879,14,14,14,14,14,14,14,14,14,14
1,1,121880,18,21,0,27,0,9,0,0,17,25
1,1,121881,0,0,3,10,0,0,0,0,0,0
1,1,121882,28,28,28,28,28,28,28,28,28,28
1,1,121883,0,0,0,0,0,12,11,8,0,9
2,1,121883,0,0,0,0,0,0,0,0,0,0
1,1,121884,0,0,0,0,0,0,0,0,0,0
2,1,121884,0,0,0,0,0,0,0,0,0,0
1,1,121885,0,0,0,0,0,0,0,0,0,0
2,1,121885,0,0,0,0,0,0,0,0,0,0
1,1,121886,0,0,0,0,0,0,0,0,0,0
2,1,121886,0,0,0,0,0,0,0,0,0,0
1,1,121888,0,0,0,0,0,0,0,0,0,0
2,1,121888,0,0,0,0,0,0,0,0,0,7
3,1,121888,0,0,0,0,0,0,0,0,0,0
1,1,121889,0,0,0,0,0,0,0,0,0,0
2,1,121889,0,0,0,0,0,0,0,0,10,0
3,1,121889,0,0,0,0,0,0,0,0,0,0
1,1,121890,0,0,0,0,0,0,0,0,0,0
2,1,121890,0,0,0,0,0,0,0,0,0,0
1,1,121891,0,0,0,0,0,0,0,0,0,0
1,1,121892,16,16,16,16,16,16,16,16,16,16
2,1,121892,0,0,0,0,0,0,0,0,0,0
1,1,121893,0,0,0,7,0,0,0,0,8,0
2,1,121893,0,0,0,0,0,0,0,0,0,0
1,1,121894,0,6,0,4,23,0,0,8,0,18
1,1,121895,0,21,0,0,0,0,0,0,0,0
2,1,121895,9,9,9,9,9,9,9,9,9,9
1,1,121896,0,0,0,0,0,0,0,0,0,0
2,1,121896,0,0,0,0,0,0,0,0,0,0
1,1,121897,21,21,21,21,21,21,21,21,21,21
2,1,121897,0,0,0,0,0,0,0,0,0,0
1,1,121898,12,12,12,12,12,12,12,12,12,12
2,1,121898,0,0,0,0,0,0,0,0,9,0
1,1,121899,14,22,23,18,24,10,0,23,32,22
1,1,121900,0,0,0,26,11,0,0,0,0,0
0,1,121901,9,9,9,9,9,9,9,9,9,9
1,1,121901,0,0,0,0,0,0,0,0,0,0
1,1,121902,29,29,29,29,29,29,29,29,29,29
2,1,121902,0,0,0,0,0,0,0,0,0,0
1,1,121903,0,0,0,0,0,0,0,0,0,0
1,1,121904,25,25,25,25,25,25,25,25,25,25
2,1,121904,0,0,0,0,0,0,0,0,0,0
3,1,121904,0,0,0,0,0,0,0,0,0,0
4,1,121904,0,0,0,0,0,0,0,0,0,0
5,1,121904,0,0,0,0,0,0,0,0,0,0
1,1,121905,12,12,12,12,12,12,12,12,12,12
1,1,121906,0,0,0,0,0,0,0,0,0,0
1,1,121907,18,18,18,18,18,18,18,18,18,18
1,1,121908,0,0,0,0,0,0,0,0,0,0
2,1,121908,0,22,0,0,0,8,0,0,0,0
0,1,121909,0,0,0,0,0,0,0,0,0,0
1,1,121909,0,0,0,0,0,0,0,0,0,0
1,1,121910,0,21,0,0,0,0,0,0,0,12
2,1,121910,0,8,0,0,0,0,0,0,0,0
1,1,121911,14,14,14,14,14,14,14,14,14,14
1,1,121912,0,0,0,0,0,0,0,0,0,0
2,1,121912,0,0,0,0,0,0,0,0,0,0
1,1,121913,0,0,0,0,0,0,0,0,0,0
2,1,121913,0,0,0,0,0,0,0,0,0,0
3,1,121913,0,0,0,0,0,0,0,0,0,0
1,1,121914,0,0,0,0,0,0,0,0,0,0
2,1,121914,0,0,0,0,0,0,12,0,0,0
1,1,121915,20,20,20,20,20,20,20,20,20,20
1,1,121917,0,0,0,0,0,0,0,0,0,0
2,1,121917,0,14,3,0,0,0,0,11,15,0
0,1,121918,0,0,0,0,0,0,0,0,0,0
1,1,121918,0,0,0,0,0,0,0,0,0,0
1,1,121919,0,0,0,0,0,0,0,0,0,0
1,3,121920,0,23,0,0,8,26,27,7,0,0
0,1,121921,16,16,16,16,16,16,16,16,16,16
1,1,121921,0,0,0,0,0,0,0,0,0,0
2,1,121921,0,0,0,0,0,0,0,0,0,0
1,1,121922,0,0,0,0,0,0,0,0,0,0
1,1,121923,0,0,0,0,0,0,0,0,0,0
2,1,121923,0,0,13,0,0,0,0,0,0,0
0,1,121924,0,0,0,0,0,0,0,0,0,0
1,1,121924,11,0,0,0,0,0,0,0,0,0
0,1,121925,0,0,0,0,0,0,0,0,0,0
1,1,121925,0,0,0,0,0,0,0,0,0,0
1,1,121926,0,0,0,0,0,0,0,0,0,0
2,1,121926,0,0,0,0,0,0,0,0,0,0
3,1,121926,0,0,0,0,0,0,0,0,0,0
4,1,121926,0,0,0,0,0,0,0,0,0,0
1,1,121927,8,8,8,8,8,8,8,8,8,8
0,1,121928,22,22,22,22,22,22,22,22,22,22
1,1,121928,0,0,0,10,0,0,0,0,0,0
0,1,121930,0,0,0,17,0,0,0,0,0,0
1,1,121930,0,0,0,0,5,0,0,0,0,0
0,1,121931,10,18,20,16,31,31,10,23,20,0
1,1,121931,0,0,0,0,0,0,0,0,0,0
2,1,121931,0,0,0,0,0,0,0,0,0,0
1,1,121932,0,0,0,0,0,0,0,0,0,0
2,1,121932,0,0,0,0,0,0,0,0,0,0
3,1,121932,0,0,0,0,0,0,0,0,0,0
1,1,121933,0,0,0,0,0,0,0,0,0,0
2,1,121933,0,0,0,0,0,0,0,0,0,0
1,1,121934,0,0,0,0,0,0,0,0,0,0
2,1,121934,0,0,0,0,0,0,0,0,0,0
3,1,121934,0,0,0,0,0,0,0,0,0,0
1,1,121935,0,0,0,0,0,0,0,0,0,0
1,1,121936,0,0,17,0,0,12,0,0,0,0
2,1,121936,0,0,0,0,0,0,0,0,0,0
1,1,121937,0,0,0,0,0,0,0,0,0,0
2,1,121937,11,0,0,0,20,7,0,0,16,25
1,1,121938,0,0,0,0,0,0,0,0,0,0
2,1,121938,0,0,0,0,0,0,0,0,0,0
1,1,121939,10,10,10,10,10,10,10,10,10,10
1,1,121941,0,0,0,0,0,0,0,0,0,0
1,1,121942,24,24,24,24,24,24,24,24,24,24
2,1,121942,0,0,0,0,0,0,0,0,0,0
1,1,121943,0,0,0,0,0,0,0,0,0,0
2,1,121943,0,0,4,0,0,0,0,0,0,0
1,1,121944,0,9,11,0,0,0,0,0,0,0
2,1,121944,0,0,0,0,0,0,0,0,0,0
1,1,121945,21,21,21,21,21,21,21,21,21,21
1,1,121946,0,0,0,0,0,0,0,0,0,0
1,1,121947,0,0,0,0,0,0,0,0,0,0
2,1,121947,0,0,0,0,0,0,0,0,0,0
1,1,121948,0,0,0,0,0,0,0,0,0,0
2,1,121948,0,0,0,0,0,0,0,0,10,0
0,1,121950,0,0,0,0,0,0,0,0,0,0
1,1,121950,0,0,0,0,0,0,0,0,0,0
1,1,121951,15,15,15,15,15,15,15,15,15,15
1,1,121952,0,0,0,0,0,0,0,0,0,0
2,1,121953,0,0,0,0,0,0,0,0,0,0
3,1,121953,0,7,0,0,0,0,0,0,0,0
1,1,121954,0,0,32,0,0,0,0,0,0,0
2,1,121954,0,0,0,0,0,0,0,0,0,0
1,1,121955,23,23,23,23,23,23,23,23,23,23
1,1,121956,0,0,0,0,0,0,0,0,0,0
2,1,121956,0,0,0,0,0,0,0,0,0,0
3,1,121956,0,0,0,0,0,0,0,0,0,0
0,1,121957,0,0,0,0,0,0,0,0,0,0
1,1,121957,0,0,0,0,0,0,0,0,0,0
1,1,121958,20,20,20,20,20,20,20,20,20,20
1,1,121959,19,19,19,19,19,19,19,19,19,19
2,1,121959,0,0,0,0,0,0,0,0,0,0
1,1,121960,23,23,23,23,23,23,23,23,23,23
2,1,121960,0,0,0,0,0,0,0,0,0,0
3,1,121960,0,0,0,0,0,0,0,0,0,0
1,1,121961,0,0,0,0,0,0,0,0,0,0
1,1,121963,8,0,0,0,8,0,0,0,0,9
2,1,121963,8,8,8,8,8,8,8,8,8,8
0,1,121964,25,25,25,25,25,25,25,25,25,25
1,1,121964,0,0,0,0,0,8,0,0,0,0
1,1,121965,0,0,0,0,0,0,0,0,0,0
2,1,121965,0,0,0,0,0,0,0,0,0,0
1,1,121966,0,0,0,0,0,0,0,0,0,0
2,1,121966,0,0,0,10,0,0,0,0,0,0
3,1,121966,0,0,15,0,0,0,5,0,0,0
4,1,121966,0,0,0,0,0,0,0,0,0,0
5,1,121966,0,0,19,0,0,0,0,0,0,0
6,1,121966,0,0,0,0,0,0,0,0,0,0
7,1,121966,0,0,0,0,0,0,0,0,0,0
8,1,121966,0,0,0,0,0,0,0,0,0,0
9,1,121966,0,0,0,0,0,0,0,0,0,0
10,1,121966,0,0,0,0,0,0,0,0,0,0
11,1,121966,0,0,0,0,0,0,0,0,0,0
0,1,121967,37,37,37,37,37,37,37,37,37,37
1,1,121967,0,0,0,0,0,0,0,0,0,0
0,1,121968,42,42,42,42,42,42,42,42,42,42
1,1,121968,0,0,0,0,0,0,0,0,0,0
1,1,121969,0,0,0,0,0,27,0,11,0,0
2,1,121969,0,0,0,0,0,0,0,0,0,0
1,1,121970,0,0,0,0,0,0,0,0,0,0
2,1,121970,0,0,0,0,0,0,0,0,0,0
1,1,121971,0,0,0,0,0,0,0,0,0,0
2,1,121971,0,0,0,0,0,0,0,0,0,0
0,1,121972,0,0,0,0,0,0,0,0,0,0
1,1,121972,0,0,0,0,0,0,0,0,8,0
1,1,121973,16,0,0,34,0,0,0,0,0,0
1,1,121974,0,0,0,0,0,0,0,0,0,0
1,1,121975,0,0,0,0,0,0,0,0,0,0
2,1,121975,0,0,0,0,0,0,0,4,0,0
1,1,121976,31,31,31,31,31,31,31,31,31,31
2,1,121976,0,0,0,0,0,0,0,0,0,0
0,1,121978,7,7,7,7,7,7,7,7,7,7
1,1,121978,0,0,0,0,0,0,0,0,0,0
1,1,121979,0,0,0,0,0,0,0,0,0,0
2,1,121979,0,0,6,0,0,0,0,0,0,14
3,1,121979,0,0,0,0,0,0,0,0,0,0
1,1,121980,3,3,3,3,3,3,3,3,3,3
2,1,121980,0,0,0,0,0,0,0,0,0,0
1,1,121981,0,0,8,8,0,0,15,0,0,0
2,1,121981,6,6,6,6,6,6,6,6,6,6
0,1,121982,19,19,19,19,19,19,19,19,19,19
1,1,121982,0,0,0,0,0,0,0,0,0,0
2,1,121982,12,0,0,0,0,0,0,0,0,0
3,1,121982,0,0,0,0,0,0,0,0,0,0
1,1,121983,0,0,0,0,0,0,0,0,0,0
2,1,121983,0,0,0,0,0,0,0,0,0,0
1,1,121984,0,0,0,7,0,0,0,0,14,0
1,1,121985,0,0,0,0,0,0,0,0,0,0
2,1,121985,0,0,0,0,0,0,0,0,0,0
1,1,121986,0,0,0,0,0,0,0,0,0,0
1,1,121987,0,0,0,0,0,0,0,0,0,0
2,1,121987,0,0,0,0,0,0,0,0,0,0
0,1,121988,0,0,0,0,0,0,0,0,0,0
1,1,121988,0,0,0,0,0,0,0,0,0,0
1,1,121989,2,2,2,2,2,2,2,2,2,2
2,1,121989,0,0,0,0,0,0,0,0,0,0
0,1,121990,7,7,7,7,7,7,7,7,7,7
1,1,121990,16,0,24,0,0,0,0,0,0,0
1,1,121991,0,0,0,0,0,0,0,0,0,0
2,1,121991,0,0,0,0,0,0,0,0,0,0
1,1,121992,0,0,0,0,0,0,0,0,0,0
2,1,121992,0,0,0,0,0,0,0,0,0,0
1,1,121993,0,0,0,0,0,0,0,0,0,0
1,1,121994,0,0,0,0,0,0,12,0,0,0
0,1,121995,21,21,21,21,21,21,21,21,21,21
1,1,121995,0,0,11,0,0,0,0,0,0,0
1,1,121996,0,0,0,0,0,0,0,0,0,0
2,1,121996,0,0,0,0,0,0,0,0,0,0
1,1,121997,18,18,18,18,18,18,18,18,18,18
1,1,121998,1,1,1,1,1,1,1,1,1,1
1,1,121999,0,0,0,0,0,0,0,0,0,0
1,1,122000,15,15,15,15,15,15,15,15,15,15
1,1,122001,0,0,0,0,0,0,0,0,3,0
2,1,122001,0,0,0,0,0,0,0,0,0,0
1,1,122002,0,0,0,0,0,0,0,0,0,0
1,1,122003,12,12,12,12,12,12,12,12,12,12
2,1,122003,0,0,0,0,0,0,27,15,12,0
1,1,122004,17,17,17,17,17,17,17,17,17,17
2,1,122004,0,0,0,0,0,0,0,0,0,0
1,1,122005,12,12,12,12,12,12,12,12,12,12
1,1,122006,0,0,16,0,3,0,25,0,0,0
2,1,122006,0,0,0,0,0,0,0,0,0,0
1,1,122007,28,28,28,28,28,28,28,28,28,28
2,1,122007,0,0,0,0,0,0,0,0,0,0
1,1,122008,6,27,0,21,0,0,33,0,0,0
1,1,122009,0,0,0,0,0,0,0,0,0,0
2,1,122009,0,0,0,0,0,0,0,0,0,0
3,1,122009,0,0,0,0,0,0,0,0,0,0
1,1,122010,0,0,0,0,0,0,0,0,0,0
2,1,122010,0,0,0,0,0,0,0,0,0,0
3,1,122010,0,0,0,0,0,0,0,0,14,0
0,1,122011,0,12,14,0,48,0,0,29,0,0
1,1,122011,0,0,0,8,0,0,0,14,0,0
1,1,122012,18,18,18,18,18,18,18,18,18,18
2,1,122012,0,0,0,0,0,0,0,0,0,0
1,1,122013,0,0,0,0,0,0,0,0,0,0
2,1,122013,0,0,0,0,0,0,0,0,0,0
3,1,122013,0,0,0,0,0,0,0,0,0,0
4,1,122013,0,0,0,0,0,0,0,0,0,0
5,1,122013,0,0,0,0,0,0,0,0,0,0
6,1,122013,0,0,0,0,0,0,0,0,0,4
1,1,122014,9,9,9,9,9,9,9,9,9,9
1,1,122015,6,6,6,6,6,6,6,6,6,6
1,1,122016,0,0,0,0,0,0,0,0,0,0
1,1,122017,0,0,0,0,0,0,0,0,0,0
2,1,122017,0,0,0,0,0,0,0,0,0,0
1,1,122018,0,0,20,19,0,0,20,11,0,0
2,1,122018,13,0,0,4,5,0,0,15,5,3
3,1,122018,11,0,7,0,4,12,5,10,0,4
1,1,122019,20,20,20,20,20,20,20,20,20,20
1,1,122020,26,26,26,26,26,26,26,26,26,26
0,1,122021,0,0,0,0,0,0,0,0,0,0
1,1,122021,0,0,0,0,0,0,0,0,0,0
1,1,122022,0,0,0,0,0,0,0,0,0,0
2,1,122022,0,0,0,0,0,0,0,0,0,0
3,1,122022,0,0,0,0,0,0,0,0,0,0
0,1,122023,0,0,0,0,0,0,0,0,0,0
0,2,122023,0,0,0,0,0,0,0,0,0,0
1,1,122023,0,0,0,0,0,0,0,0,0,0
1,1,122024,23,23,23,23,23,23,23,23,23,23
2,1,122024,0,0,0,0,0,0,0,0,0,0
1,1,122025,15,0,13,10,0,10,7,0,0,0
1,1,122026,22,22,22,22,22,22,22,22,22,22
1,1,122027,0,0,0,0,0,0,0,0,0,0
2,1,122027,0,0,0,0,0,13,0,0,0,0
1,1,122028,0,0,0,0,0,0,0,0,0,0
2,1,122028,0,0,0,0,0,0,0,0,0,0
0,1,122029,0,0,0,0,0,0,0,0,0,0
1,1,122029,0,0,23,0,0,0,0,12,14,8
1,1,122030,6,6,6,6,6,6,6,6,6,6
2,1,122030,0,0,0,0,0,0,0,0,0,0
0,1,122031,15,15,15,15,15,15,15,15,15,15
1,1,122031,15,0,0,4,0,0,0,10,0,0
1,1,122032,0,0,0,0,0,0,0,0,0,0
2,1,122032,0,0,0,0,0,0,0,0,0,0
1,1,122033,0,0,0,0,0,0,0,0,0,0
2,1,122033,0,0,0,0,0,0,0,0,0,0
1,1,122034,0,0,0,0,0,0,0,0,0,0
2,1,122034,0,0,0,0,0,0,0,0,0,0
1,1,122035,3,3,3,3,3,3,3,3,3,3
2,1,122035,0,0,0,0,0,0,0,0,0,0
1,1,122036,0,0,0,0,0,0,0,0,0,0
2,1,122036,0,0,0,0,0,0,0,0,0,0
1,1,122037,0,0,0,0,0,0,0,0,0,0
2,1,122037,0,0,0,0,0,0,0,0,0,0
3,1,122037,0,0,0,0,0,0,0,0,0,0
1,1,122038,0,0,8,0,0,0,22,0,0,31
1,1,122039,0,0,0,0,0,0,0,0,0,0
2,1,122039,0,0,0,0,0,0,0,0,0,0
1,1,122041,0,0,0,0,0,0,0,0,0,0
2,1,122041,8,8,8,8,8,8,8,8,8,8
0,1,122042,0,0,0,0,0,0,0,0,0,0
1,1,122042,0,0,0,0,0,0,0,0,0,0
1,1,122043,22,22,22,22,22,22,22,22,22,22
0,1,122044,0,0,0,25,0,0,0,15,0,0
1,1,122044,0,0,0,0,0,0,0,0,0,0
0,1,122045,0,0,0,0,0,0,0,0,0,0
1,1,122045,0,0,0,0,0,0,0,0,0,0
1,1,122046,0,0,0,0,0,0,0,0,0,0
0,1,122047,0,0,0,0,0,0,0,0,0,0
1,1,122047,0,0,0,0,0,0,0,10,0,0
1,1,122048,0,0,0,0,0,0,0,0,0,0
1,1,122049,0,0,0,0,0,0,0,14,0,0
2,1,122049,7,7,7,7,7,7,7,7,7,7
1,1,122050,0,0,0,0,0,0,0,0,0,0
2,1,122050,0,0,0,0,0,0,0,0,0,0
3,1,122050,0,0,0,0,0,0,0,0,0,0
1,1,122051,0,0,0,0,0,0,0,0,0,0
2,1,122051,0,0,0,0,0,0,0,0,0,0
0,1,122052,0,0,0,0,0,0,0,0,0,0
1,1,122052,0,0,0,0,0,0,0,12,0,0
1,1,122053,10,0,13,14,0,6,0,0,0,22
0,1,122054,18,18,18,18,18,18,18,18,18,18
1,1,122054,0,0,0,15,0,0,0,0,0,0
1,1,122055,26,26,26,26,26,26,26,26,26,26
0,1,122056,0,0,0,0,0,0,0,0,0,0
1,1,122056,26,26,26,26,26,26,26,26,26,26
1,1,122057,0,0,0,0,0,0,0,12,6,30
2,1,122057,0,0,0,0,0,0,0,0,0,0
1,1,122058,13,13,13,13,13,13,13,13,13,13
1,1,122059,0,0,0,0,0,0,0,0,0,0
2,1,122059,0,0,0,0,0,0,0,0,0,0
0,1,122060,0,0,0,0,0,0,0,0,0,24
0,2,122060,0,0,0,0,0,0,0,0,0,0
1,1,122060,6,6,6,6,6,6,6,6,6,6
1,1,122061,0,0,0,0,0,0,0,0,0,0
2,1,122061,0,0,0,0,0,0,0,0,0,0
0,1,122062,27,27,27,27,27,27,27,27,27,27
1,1,122062,0,0,0,17,0,0,0,0,0,0
1,1,122063,0,0,0,0,0,0,0,0,0,0
2,1,122063,0,0,0,0,0,0,0,0,0,0
1,1,122064,0,0,0,0,0,0,0,0,0,0
1,1,122065,0,0,0,0,0,0,0,0,0,0
2,1,122065,0,0,0,0,0,0,0,0,0,7
1,1,122066,0,0,0,0,0,0,0,0,0,0
0,1,122067,0,0,0,0,0,0,0,0,0,0
1,1,122067,0,0,0,0,0,0,0,0,0,0
1,1,122068,0,0,0,0,0,0,0,0,0,0
2,1,122068,0,0,0,0,0,0,0,0,0,0
1,1,122069,16,16,16,16,16,16,16,16,16,16
1,1,122070,0,0,0,0,0,0,0,0,0,0
1,1,122071,30,30,30,30,30,30,30,30,30,30
2,1,122071,0,0,0,0,0,0,0,0,0,0
0,1,122072,0,0,0,0,0,0,0,0,0,0
1,1,122072,0,0,0,0,0,0,0,0,0,0
1,1,122073,9,9,9,9,9,9,9,9,9,9
1,1,122074,14,14,14,14,14,14,14,14,14,14
2,1,122074,0,0,0,0,0,0,0,0,0,0
3,1,122074,0,0,0,0,0,0,0,0,0,0
4,1,122074,0,0,0,0,0,0,0,0,0,0
0,1,122075,27,15,0,8,0,8,0,0,0,6
1,1,122075,16,0,3,0,0,0,0,6,0,0
0,1,122076,0,0,19,0,27,0,0,0,8,0
1,1,122076,0,0,0,0,0,0,0,0,0,0
1,1,122077,0,0,0,0,0,0,0,0,0,0
1,1,122079,0,0,0,0,0,0,0,0,0,0
2,1,122079,15,0,0,0,0,0,10,0,0,0
3,1,122079,0,0,0,0,0,0,0,0,0,0
1,1,122080,24,24,24,24,24,24,24,24,24,24
1,1,122081,29,29,29,29,29,29,29,29,29,29
1,1,122082,8,8,8,8,8,8,8,8,8,8
0,1,122083,0,0,0,0,0,0,0,0,0,0
1,1,122083,0,0,0,0,0,0,0,0,0,0
1,1,122084,0,0,0,0,0,0,0,0,0,0
2,1,122084,14,14,14,14,14,14,14,14,14,14
1,1,122085,0,0,0,0,0,0,0,0,0,0
2,1,122085,0,0,0,0,0,0,0,0,0,0
1,1,122086,0,0,0,0,0,0,0,0,0,0
2,1,122086,0,0,0,0,0,0,0,0,0,0
1,1,122087,0,0,0,0,0,0,0,0,0,0
2,1,122087,0,0,0,0,0,0,0,0,0,0
1,1,122088,17,17,17,17,17,17,17,17,17,17
1,1,122089,20,20,20,20,20,20,20,20,20,20
1,1,122090,18,18,18,18,18,18,18,18,18,18
1,1,122091,0,0,0,0,0,0,0,0,0,0
2,1,122091,0,0,0,0,0,0,0,0,0,0
0,1,122092,27,27,27,27,27,27,27,27,27,27
1,1,122092,10,0,0,0,14,0,0,9,7,0
1,1,122093,10,10,10,10,10,10,10,10,10,10
1,1,122094,0,0,0,0,0,0,0,0,0,0
2,1,122094,0,0,0,0,0,0,0,0,0,0
3,1,122094,0,0,0,0,0,0,0,0,0,0
4,1,122094,0,0,0,0,0,0,0,0,0,0
5,1,122094,0,0,0,0,0,0,0,0,0,0
1,1,122095,13,13,13,13,13,13,13,13,13,13
2,1,122095,27,0,0,12,0,0,24,0,0,0
1,1,122096,0,0,0,0,0,0,0,0,0,0