VEH_NO,PER_NO,ST_CASE,P1,P2,P3,P4,P5,P6,P7,P8,P9,P10
2,1,122096,0,0,0,0,0,0,4,6,0,0
1,1,122097,0,0,0,0,0,0,0,0,0,0
2,1,122097,0,0,0,0,0,0,0,0,0,0
3,1,122097,0,0,0,0,0,0,0,0,0,0
1,1,122098,6,6,6,6,6,6,6,6,6,6
2,1,122098,0,0,0,0,0,0,0,0,0,0
1,1,122099,4,4,4,4,4,4,4,4,4,4
1,1,122100,0,0,0,0,0,0,0,0,0,0
2,1,122100,0,0,0,0,0,0,0,0,0,0
3,1,122100,0,0,0,0,0,0,0,0,0,0
1,1,122101,0,0,0,14,0,17,0,18,11,0
1,1,122102,0,0,0,0,0,0,0,6,0,0
2,1,122102,0,0,0,0,0,0,0,0,0,0
3,1,122102,0,0,0,0,0,0,0,0,0,0
0,1,122103,0,0,0,0,0,0,0,0,0,0
0,2,122103,0,0,0,0,0,0,0,0,0,0
1,1,122103,0,0,0,0,0,0,0,0,0,0
0,1,122104,24,24,24,24,24,24,24,24,24,24
1,1,122104,9,18,20,10,0,0,0,0,0,0
1,1,122105,25,25,25,25,25,25,25,25,25,25
1,1,122106,12,12,12,12,12,12,12,12,12,12
1,1,122107,0,0,0,0,0,0,0,0,0,15
2,1,122107,0,0,0,0,0,0,0,0,0,0
0,1,122108,0,0,0,0,0,0,0,0,0,0
1,1,122108,0,0,0,0,0,0,0,0,0,0
1,1,122109,25,25,25,25,25,25,25,25,25,25
2,1,122109,0,0,0,0,0,0,0,0,0,0
1,1,122110,18,19,23,8,6,15,0,0,24,12
1,1,122111,22,22,22,22,22,22,22,22,22,22
0,1,122113,19,19,19,19,19,19,19,19,19,19
1,1,122113,0,0,0,0,0,0,0,0,0,0
0,1,122114,13,13,13,13,13,13,13,13,13,13
1,1,122114,0,7,0,0,12,0,0,0,11,4
1,1,122115,0,0,0,0,0,0,0,0,0,0
2,1,122115,0,0,0,0,0,0,0,0,0,0
1,1,122116,0,0,7,0,0,0,0,0,0,0
2,1,122116,0,0,0,0,0,0,0,0,0,0
1,1,122117,0,0,0,0,0,0,0,0,0,0
1,1,122118,31,15,0,27,0,21,0,28,19,18
1,1,122119,0,0,0,0,0,0,0,0,0,0
2,1,122119,0,0,0,0,0,0,0,0,0,0
1,1,122120,22,22,22,22,22,22,22,22,22,22
1,1,122122,0,0,0,0,0,0,0,0,0,0
0,1,122123,0,0,0,0,0,0,0,0,0,0
1,1,122123,0,0,0,0,0,0,0,0,0,0
1,1,122124,10,10,10,10,10,10,10,10,10,10
0,1,122125,16,17,0,22,0,0,0,0,0,0
1,1,122125,0,0,0,0,0,0,0,0,0,0
1,1,122126,0,0,0,0,0,0,0,0,0,0
2,1,122126,0,0,0,0,0,0,0,0,0,0
1,1,122127,35,35,35,35,35,35,35,35,35,35
1,1,122128,0,0,0,0,0,0,0,0,0,0
2,1,122128,0,0,0,0,0,0,0,0,0,0
1,1,122129,0,0,0,0,0,0,0,0,0,0
2,1,122129,0,0,0,0,0,0,0,0,0,3
1,1,122130,0,0,0,0,16,0,0,0,0,0
2,1,122130,15,0,0,0,0,0,0,0,0,0
1,1,122131,8,8,8,8,8,8,8,8,8,8
1,1,122133,0,0,0,0,0,0,0,0,0,5
2,1,122133,0,0,0,0,7,0,0,0,0,0
2,1,122134,0,0,0,0,0,0,0,0,0,0
0,1,122135,0,0,0,0,0,0,0,0,0,0
0,2,122135,0,0,0,0,0,0,0,0,0,0
1,1,122135,0,0,0,0,0,0,0,0,0,0
1,1,122136,0,0,0,0,0,0,0,0,0,0
1,1,122137,0,0,0,0,0,0,0,0,0,0
2,1,122137,0,0,0,0,0,0,0,0,0,0
1,1,122138,0,0,0,0,0,0,0,0,0,0
2,1,122138,0,0,0,0,0,0,0,0,0,0
0,1,122139,6,6,6,6,6,6,6,6,6,6
1,1,122139,0,0,0,0,0,0,0,0,0,0
2,1,122139,0,0,0,4,0,18,0,0,10,0
1,1,122140,0,0,0,0,0,0,0,0,0,0
1,1,122141,0,0,0,7,0,0,0,0,0,0
2,1,122141,0,0,0,0,0,0,0,0,0,0
0,1,122142,0,0,0,0,0,0,0,0,0,0
1,1,122142,0,0,0,0,0,0,0,0,0,0
1,1,122143,0,0,0,0,0,0,0,0,0,0
2,1,122143,0,0,0,0,0,0,0,0,0,0
3,1,122143,0,0,0,0,0,0,0,0,0,0
1,1,122144,0,0,0,0,0,0,0,0,0,0
2,1,122144,0,0,0,0,0,0,0,0,0,0
3,1,122144,0,0,0,0,0,0,0,0,0,0
4,1,122144,0,0,0,0,0,0,0,0,0,0
1,1,122145,0,0,0,0,0,0,0,0,0,0
2,1,122145,0,0,0,0,0,0,0,0,0,0
1,1,122146,17,11,9,0,8,20,0,18,20,21
1,1,122147,9,9,9,9,9,9,9,9,9,9
1,1,122148,0,0,0,0,0,0,0,0,0,0
2,1,122148,0,0,0,0,0,0,0,0,0,0
1,1,122149,16,16,16,16,16,16,16,16,16,16
2,1,122149,0,0,0,0,0,0,0,0,0,0
3,1,122149,0,0,0,0,0,0,0,0,0,0
0,1,122150,0,0,0,0,0,0,0,0,0,0
1,1,122150,0,0,0,0,0,0,0,0,0,13
0,1,122151,0,0,0,0,0,0,0,0,0,0
1,1,122151,0,0,0,0,0,0,0,0,0,0
1,1,122152,0,0,0,0,0,0,0,0,0,0
1,1,122153,0,0,0,0,0,0,0,0,0,0
1,1,122154,0,0,0,0,0,0,33,0,0,0
1,1,122155,0,0,0,0,8,0,37,21,0,0
2,1,122155,0,0,0,0,0,0,0,0,0,0
1,1,122156,0,0,0,0,0,0,0,0,0,0
2,1,122156,0,0,4,0,0,0,0,0,0,12
1,1,122157,13,0,0,0,0,0,0,0,0,0
2,1,122157,0,0,0,0,0,0,0,0,0,0
1,1,122158,0,0,0,0,0,0,0,0,0,0
2,1,122158,0,0,0,0,0,0,0,0,0,0
1,1,122159,0,0,0,0,0,0,0,0,0,0
2,1,122159,0,0,0,0,0,0,0,0,0,0
1,1,122160,0,0,0,0,0,0,0,0,0,0
2,1,122160,0,0,0,0,0,0,0,0,0,0
1,1,122161,0,28,17,0,24,26,0,0,0,0
0,1,122162,0,0,0,0,0,0,0,0,0,0
1,1,122162,0,0,0,0,0,0,0,0,0,0
1,1,122163,0,0,0,0,0,0,0,0,0,0
2,1,122163,0,0,0,0,0,0,0,0,0,0
3,1,122163,0,0,0,0,0,0,0,24,0,0
1,1,122164,0,0,0,0,0,0,0,0,0,0
1,1,122165,0,0,0,0,0,0,0,0,0,0
0,1,122166,15,15,15,15,15,15,15,15,15,15
1,1,122166,0,0,0,0,0,0,0,0,0,0
0,1,122167,23,23,23,23,23,23,23,23,23,23
1,1,122167,0,0,0,0,0,0,14,0,0,10
1,1,122168,0,0,0,0,0,0,0,0,0,0
2,1,122168,0,0,0,0,0,0,0,0,0,0
1,1,122169,0,0,13,15,0,0,0,9,0,0
1,1,122170,0,0,0,0,11,8,0,0,0,0
2,1,122170,0,0,0,0,19,0,0,0,0,15
3,1,122170,0,0,0,0,0,0,0,0,0,0
1,1,122171,26,26,26,26,26,26,26,26,26,26
2,1,122171,0,0,0,0,0,0,0,0,0,0
0,1,122172,12,22,19,17,18,12,0,34,28,20
1,1,122172,0,0,0,9,7,0,0,0,0,2
1,1,122173,0,0,0,0,0,0,0,0,0,0
2,1,122173,0,0,0,0,0,0,0,0,0,0
1,1,122174,0,0,0,0,0,0,0,0,0,0
1,1,122175,0,0,0,0,0,0,0,0,0,0
2,1,122175,0,0,0,0,0,0,0,0,0,0
1,1,122176,0,0,0,0,0,0,0,0,0,0
2,1,122176,0,0,0,0,0,0,0,0,0,0
1,1,122177,0,0,0,0,0,0,0,0,0,0
2,1,122177,0,0,0,0,0,0,0,0,0,0
0,1,122178,8,8,8,8,8,8,8,8,8,8
0,2,122178,0,0,0,0,0,16,0,0,0,0
1,1,122178,0,0,0,0,0,0,0,0,0,0
1,1,122179,14,14,14,14,14,14,14,14,14,14
2,1,122179,0,0,0,0,0,0,0,0,0,0
0,1,122180,0,0,14,0,13,30,0,0,0,16
1,1,122180,0,0,2,0,0,0,0,9,12,0
1,1,122181,0,0,0,0,0,0,0,0,0,0
2,1,122181,0,0,0,0,0,0,0,0,0,0
1,1,122182,32,32,32,32,32,32,32,32,32,32
2,1,122182,0,0,0,0,0,0,0,0,0,0
1,1,122183,0,0,0,0,0,0,0,0,0,9
2,1,122183,0,0,0,0,0,0,0,0,0,0
1,1,122184,0,0,0,4,0,0,0,0,0,0
2,1,122184,0,0,0,0,0,0,0,0,0,0
1,1,122185,0,0,0,0,0,0,0,0,0,0
2,1,122185,0,0,0,0,0,0,0,0,0,0
3,1,122185,0,0,0,0,0,0,0,0,0,0
4,1,122185,0,0,0,0,0,0,0,0,0,0
1,1,122186,0,0,0,0,0,0,0,0,0,0
2,1,122186,0,0,0,0,0,0,0,0,0,0
3,1,122186,0,0,0,0,0,0,0,0,0,0
1,1,122187,0,0,0,9,0,0,0,0,0,0
2,1,122187,0,0,0,0,0,0,0,0,0,0
0,1,122188,0,0,0,0,0,0,0,0,0,0
1,1,122188,0,0,0,0,0,0,0,0,0,0
1,1,122189,15,15,15,15,15,15,15,15,15,15
1,1,122190,0,0,0,0,0,0,0,0,0,0
2,1,122190,0,0,0,0,0,0,0,0,0,0
1,1,122191,0,0,12,5,0,0,0,0,0,0
1,1,122192,0,0,0,0,11,0,15,0,0,0
1,1,122193,0,0,0,0,0,0,0,0,8,0
2,1,122193,0,0,0,0,0,0,0,0,0,0
1,1,122194,20,20,20,20,20,20,20,20,20,20
1,1,122195,0,0,0,0,0,0,0,0,0,0
2,1,122195,0,0,0,0,0,0,0,0,0,0
1,1,122197,0,15,0,12,0,0,0,0,0,0
2,1,122197,0,0,0,0,0,0,0,0,0,0
0,1,122198,0,0,0,0,0,0,0,0,0,0
1,1,122198,0,0,4,0,0,5,1,0,0,0
2,1,122198,0,0,0,0,0,0,9,15,0,0
1,1,122199,26,17,24,24,0,26,29,14,10,17
1,1,122200,0,0,0,0,0,0,0,0,0,0
2,1,122200,0,0,0,0,0,0,0,0,0,0
1,1,122201,0,0,0,0,0,0,0,0,0,0
2,1,122201,0,0,0,0,0,0,0,0,0,0
1,1,122202,0,0,0,0,0,0,0,0,0,0
2,1,122202,0,0,0,0,0,0,0,0,0,15
1,1,122203,0,0,0,0,0,0,0,0,0,0
0,1,122204,0,0,0,0,0,0,0,0,0,0
1,1,122204,0,0,0,0,0,0,0,0,22,0
1,1,122205,15,15,15,15,15,15,15,15,15,15
2,1,122205,0,0,0,0,0,0,0,0,0,0
1,1,122206,0,0,0,0,0,0,0,0,0,0
2,1,122206,0,0,0,0,0,0,0,0,0,0
1,1,122207,0,0,0,0,0,0,0,0,0,0
2,1,122207,0,0,0,0,0,0,0,0,0,0
3,1,122207,0,0,0,0,0,0,0,0,0,0
2,1,122208,0,0,0,0,0,0,0,0,0,0
0,1,122209,29,29,29,29,29,29,29,29,29,29
1,1,122209,18,21,22,0,0,0,0,0,0,0
0,1,122210,0,0,0,0,0,0,0,0,0,0
1,1,122210,0,0,0,0,0,0,0,0,0,0
1,1,122211,29,0,0,0,24,0,0,0,8,12
1,1,122212,0,0,0,0,0,0,0,0,0,0
2,1,122212,0,0,0,0,0,0,0,0,0,0
3,1,122212,0,0,0,0,0,0,0,0,0,0
1,1,122213,0,0,0,0,0,0,0,0,0,0
2,1,122213,0,0,0,0,0,0,0,0,0,0
1,1,122214,22,22,22,22,22,22,22,22,22,22
0,1,122215,32,32,32,32,32,32,32,32,32,32
1,1,122215,0,0,0,0,0,0,0,0,6,0
1,1,122216,0,6,15,0,0,0,19,0,0,0
2,1,122216,0,0,0,0,0,14,0,0,0,12
1,1,122217,27,27,27,27,27,27,27,27,27,27
2,1,122217,0,0,0,0,0,0,0,0,0,0
1,1,122218,0,0,0,0,0,0,0,0,0,0
0,1,122219,0,18,21,19,24,0,21,0,0,16
1,1,122219,0,0,0,0,0,0,0,0,0,0
1,1,122220,0,0,0,0,0,0,0,8,0,0
2,1,122220,0,0,0,0,0,12,20,0,0,0
1,1,122221,0,0,7,0,0,0,17,0,0,0
2,1,122221,11,0,0,0,0,0,0,0,0,0
1,1,122222,0,0,0,0,0,0,0,0,0,0
2,1,122222,0,0,0,0,0,0,0,0,0,0
1,1,122223,0,0,0,0,0,0,0,0,0,0
2,1,122223,0,0,0,0,0,0,0,0,0,0
1,1,122225,0,0,0,0,0,0,0,0,0,0
1,1,122226,0,0,0,0,0,0,0,0,0,0
2,1,122226,0,0,0,0,0,0,0,0,0,0
1,1,122227,0,0,0,0,0,0,0,0,0,0
2,1,122227,0,0,0,0,0,0,0,0,0,0
1,1,122228,0,0,0,0,0,0,0,0,0,0
1,1,122229,0,0,0,0,0,0,0,0,0,0
2,1,122229,0,0,0,0,0,0,0,0,0,0
1,1,122230,12,0,0,0,0,0,0,0,0,0
0,1,122231,18,18,18,18,18,18,18,18,18,18
1,1,122231,0,0,0,0,0,0,0,0,0,0
1,1,122232,0,0,0,0,0,0,0,0,0,0
2,1,122232,0,0,0,0,0,0,0,0,0,16
1,1,122233,0,0,0,0,0,0,0,0,2,0
2,1,122233,38,38,38,38,38,38,38,38,38,38
0,1,122234,17,0,11,0,12,13,0,17,0,0
1,1,122234,0,0,0,6,0,0,0,5,0,0
1,1,122235,23,23,23,23,23,23,23,23,23,23
2,1,122235,16,16,16,16,16,16,16,16,16,16
1,1,122236,19,19,19,19,19,19,19,19,19,19
1,1,122237,0,0,0,0,0,0,0,0,0,0
2,1,122237,0,0,0,0,0,0,0,0,0,16
1,1,122238,15,15,15,15,15,15,15,15,15,15
1,1,122239,4,14,8,0,9,7,6,6,13,21
1,1,122240,0,0,0,0,0,0,0,0,0,0
2,1,122240,0,0,0,0,0,0,0,0,0,0
1,1,122242,0,0,0,0,0,0,0,0,0,0
1,1,122243,0,9,25,13,0,0,0,0,0,0
0,1,122244,0,0,0,0,0,0,0,0,0,0
1,1,122244,0,0,0,0,0,0,0,0,0,0
1,1,122245,0,0,0,0,0,0,0,0,0,0
2,1,122245,9,9,9,9,9,9,9,9,9,9
3,1,122245,0,0,0,0,0,0,0,0,0,0
4,1,122245,0,0,0,0,0,0,0,0,0,0
5,1,122245,0,0,0,0,0,0,0,0,0,0
1,1,122246,0,0,0,0,0,0,0,0,0,0
2,1,122246,0,0,0,0,0,0,0,0,0,0
1,1,122248,16,16,16,16,16,16,16,16,16,16
2,1,122248,0,6,0,0,0,0,19,12,0,0
1,1,122249,0,0,0,0,0,0,0,0,0,0
2,1,122249,0,0,0,0,0,0,0,0,0,0
1,1,122250,18,18,18,18,18,18,18,18,18,18
2,1,122250,0,0,0,0,0,0,0,0,0,0
1,1,122251,0,0,0,0,0,0,0,0,0,0
2,1,122251,0,0,0,0,0,0,0,0,0,0
3,1,122251,0,0,0,0,0,0,0,0,0,0
1,1,122252,21,0,0,0,0,16,0,0,24,13
2,1,122252,0,0,0,0,0,0,0,0,0,0
1,1,122253,0,0,22,0,0,0,0,0,0,0
2,1,122253,0,0,0,0,0,0,0,0,0,0
1,1,122254,0,0,0,0,0,0,0,0,0,0
2,1,122254,17,17,17,17,17,17,17,17,17,17
1,1,122255,0,0,0,0,0,0,0,0,0,0
2,1,122255,0,0,0,0,0,5,0,0,0,0
0,1,122256,0,0,0,0,0,0,0,0,0,0
1,1,122256,0,0,0,0,0,0,0,0,0,0
1,1,122257,0,0,0,0,0,0,0,0,0,0
2,1,122257,0,0,0,0,0,0,0,0,0,0
1,1,122258,0,18,0,0,0,0,0,0,0,0
2,1,122258,0,0,0,0,0,0,0,0,0,0
1,1,122259,0,0,0,0,0,0,0,0,0,0
2,1,122259,2,2,2,2,2,2,2,2,2,2
1,1,122260,17,17,17,17,17,17,17,17,17,17
0,1,122261,0,0,0,0,0,0,0,0,0,0
1,1,122261,0,0,0,0,0,0,0,0,0,0
0,1,122262,0,0,0,0,0,24,0,19,0,0
1,1,122262,10,0,0,0,0,0,0,0,10,0
1,1,122263,10,10,10,10,10,10,10,10,10,10
1,1,122264,0,0,5,0,0,0,0,0,0,0
1,1,122265,0,0,0,0,0,12,0,0,0,23
1,1,122266,0,0,0,0,0,0,0,0,0,0
1,1,122267,0,0,0,0,0,0,0,0,12,0
2,1,122267,2,2,2,2,2,2,2,2,2,2
1,1,122268,0,0,0,0,0,0,0,0,0,0
2,1,122268,0,0,0,0,0,0,0,0,0,0
3,1,122268,0,5,0,0,0,0,0,0,0,0
1,1,122269,0,0,0,0,0,0,0,0,0,24
1,1,122270,0,0,0,0,0,0,0,0,0,0
2,1,122270,7,7,7,7,7,7,7,7,7,7
1,1,122271,0,0,0,21,9,0,3,9,12,0
1,1,122272,0,0,8,0,16,12,22,29,18,25
1,1,122273,0,0,12,0,0,0,5,0,0,0
0,1,122274,0,0,0,13,0,0,0,0,0,0
1,1,122274,0,0,0,0,0,0,0,0,0,0
1,1,122275,0,27,0,0,0,18,0,0,0,0
1,1,122276,0,0,0,0,0,0,0,0,0,0
2,1,122276,0,0,0,0,0,0,5,0,0,0
1,1,122277,0,0,0,0,0,0,0,0,0,0
2,1,122277,0,0,0,0,0,0,0,0,0,0
3,1,122277,0,0,0,0,0,0,0,0,0,0
1,1,122278,0,0,0,0,0,9,0,0,0,0
1,1,122279,0,0,0,0,0,0,0,0,0,0
2,1,122279,0,0,0,0,0,0,0,0,0,0
3,1,122279,0,0,0,0,0,0,0,0,0,0
4,1,122279,0,6,0,0,0,0,0,0,0,0
0,1,122280,0,0,0,0,0,0,0,0,0,0
1,1,122280,0,0,0,0,0,0,0,0,0,0
1,1,122281,19,19,19,19,19,19,19,19,19,19
1,1,122282,9,9,9,9,9,9,9,9,9,9
0,1,122283,17,17,17,17,17,17,17,17,17,17
1,1,122283,0,0,0,0,5,0,12,14,0,0
1,1,122284,13,13,13,13,13,13,13,13,13,13
2,1,122284,0,0,0,0,0,0,0,0,0,0
1,1,122285,12,12,12,12,12,12,12,12,12,12
1,1,122286,0,0,7,0,0,0,0,0,0,0
2,1,122286,0,0,0,0,0,0,16,0,10,0
1,1,122287,17,17,17,17,17,17,17,17,17,17
0,1,122288,0,0,0,13,0,0,0,24,21,16
1,1,122288,12,5,0,8,0,0,3,0,0,0
1,1,122289,0,0,0,0,0,0,0,0,0,0
2,1,122289,0,0,0,0,0,0,0,0,0,0
1,1,122290,6,6,6,6,6,6,6,6,6,6
1,1,122291,0,0,0,0,0,0,0,0,0,0
2,1,122291,8,8,8,8,8,8,8,8,8,8
0,1,122292,0,0,0,0,0,0,0,0,0,0
1,1,122292,0,0,0,0,0,0,0,0,0,0
2,1,122292,0,0,0,0,0,0,0,0,0,0
0,1,122293,31,31,31,31,31,31,31,31,31,31
1,1,122293,7,0,7,0,0,0,5,0,0,4
0,1,122295,0,0,0,0,0,0,0,0,0,0
1,1,122295,0,0,0,0,0,0,0,0,0,0
1,1,122296,12,12,12,12,12,12,12,12,12,12
2,1,122296,0,0,0,0,0,0,0,0,0,0
3,1,122296,0,0,0,0,0,0,0,0,0,0
1,1,122297,0,0,0,0,0,0,0,0,0,0
2,1,122297,0,0,0,0,0,0,0,0,0,0
0,1,122298,0,0,0,0,0,0,0,0,0,0
1,1,122298,12,12,12,12,12,12,12,12,12,12
1,1,122299,16,16,16,16,16,16,16,16,16,16
1,1,122300,12,12,12,12,12,12,12,12,12,12
1,1,122301,0,0,0,0,0,0,0,0,0,0
2,1,122301,0,0,0,0,0,0,0,0,0,0
0,1,122302,0,0,0,0,0,0,0,0,0,0
1,1,122302,0,0,0,0,0,0,0,0,0,0
1,1,122303,0,0,0,0,0,0,0,0,2,0
2,1,122303,0,0,0,0,0,0,0,3,0,0
3,1,122303,0,0,0,4,0,0,7,0,12,0
4,1,122303,0,0,0,0,0,0,0,0,0,0
1,1,122304,0,0,0,0,0,0,0,0,0,0
2,1,122304,0,0,0,0,0,0,0,0,0,0
1,1,122305,0,0,0,0,0,0,0,0,0,0
0,1,122306,23,23,23,23,23,23,23,23,23,23
1,1,122306,0,0,28,0,0,0,0,0,0,10
1,1,122307,0,0,0,0,0,0,0,0,0,0
2,1,122307,0,0,0,0,0,0,0,0,0,0
1,1,122308,11,11,11,11,11,11,11,11,11,11
2,1,122308,0,0,0,0,0,0,0,0,0,0
0,1,122309,0,0,0,0,0,0,0,0,0,0
1,1,122309,0,0,0,0,0,0,0,0,0,0
1,1,122310,0,0,0,0,0,0,0,0,0,0
2,1,122310,0,0,13,0,0,0,0,0,0,0
3,1,122310,0,0,0,0,0,0,0,0,0,0
0,1,122311,23,5,0,0,7,0,15,0,20,0
0,2,122311,23,23,23,23,23,23,23,23,23,23
1,1,122311,0,0,0,9,0,0,0,0,0,17
1,1,122312,22,22,22,22,22,22,22,22,22,22
2,1,122312,0,0,0,0,0,0,0,0,0,0
0,1,122313,0,0,18,10,0,29,0,0,0,35
1,1,122313,0,0,0,0,0,0,0,0,0,0
1,1,122314,0,0,0,0,0,0,0,0,0,0
2,1,122314,0,0,0,0,0,0,0,0,0,0
1,1,122315,0,0,0,0,0,0,0,0,12,0
2,1,122315,0,0,0,0,0,0,0,0,0,0
1,1,122316,0,0,0,0,0,0,0,0,0,0
2,1,122316,0,0,0,0,0,0,0,0,0,0
1,1,122317,0,0,0,0,0,0,0,0,0,0
2,1,122317,0,0,0,0,0,0,0,0,0,0
1,1,122318,0,0,0,0,0,0,0,0,0,0
2,1,122318,0,0,0,0,0,0,0,0,0,0
1,1,122319,0,0,0,0,0,0,0,0,0,0
2,1,122319,0,0,0,0,0,0,0,0,0,0
1,1,122320,0,0,0,0,0,0,0,0,0,0
2,1,122320,0,0,0,0,0,0,0,0,0,0
0,1,122321,11,11,11,11,11,11,11,11,11,11
1,1,122321,0,0,0,0,10,0,0,0,0,0
1,1,122322,15,8,0,0,0,19,0,15,15,0
1,1,122323,0,0,0,0,0,0,0,0,0,0
2,1,122323,0,0,0,0,21,0,0,0,0,0
3,1,122323,0,0,0,0,0,0,5,0,0,0
1,1,122324,0,0,0,0,0,0,0,0,0,0
2,1,122324,0,0,0,0,0,0,0,0,0,0
1,1,122325,9,0,0,13,4,0,0,19,0,12
2,1,122325,0,0,0,17,0,0,0,0,0,0
1,1,122326,11,15,13,0,24,16,21,0,7,11
1,1,122327,0,0,0,0,0,0,0,0,0,0
2,1,122327,0,0,0,0,0,0,0,0,0,0
1,1,122328,0,0,0,0,0,0,0,0,0,0
1,1,122329,0,0,0,0,0,0,0,0,0,0
0,1,122330,0,0,9,0,0,0,0,0,0,25
1,1,122330,4,0,0,0,0,0,0,0,0,0
0,1,122331,0,0,0,0,0,0,0,0,0,0
1,1,122331,0,0,11,0,0,0,0,0,0,0
1,1,122332,14,14,14,14,14,14,14,14,14,14
1,1,122333,12,0,0,0,0,0,0,7,0,0
2,1,122333,0,0,0,0,0,0,0,0,0,0
1,1,122334,0,0,0,0,0,0,0,0,0,0
2,1,122334,0,0,0,0,0,6,0,0,0,0
0,1,122335,20,20,20,20,20,20,20,20,20,20
1,1,122335,15,0,8,35,13,7,20,6,11,12
1,1,122336,0,0,0,0,0,0,0,0,0,0
1,1,122337,0,0,0,0,0,0,0,0,0,0
2,1,122337,0,0,0,0,0,0,0,0,0,0
0,1,122338,6,6,6,6,6,6,6,6,6,6
1,1,122338,0,0,0,0,0,0,0,0,0,0
1,1,122339,0,0,0,0,0,0,0,0,0,0
2,1,122339,0,0,0,0,0,0,0,0,0,0
1,1,122340,0,0,0,0,0,0,0,0,0,0
1,1,122341,0,0,0,0,0,0,0,0,0,0
2,1,122341,0,0,9,0,0,8,0,0,0,0
1,1,122342,0,0,0,0,0,0,0,0,0,0
2,1,122342,9,0,0,0,0,10,0,0,0,0
0,1,122343,0,0,0,0,9,0,0,0,0,0
1,1,122343,0,0,0,8,0,0,2,0,0,9
2,1,122343,0,0,0,0,0,0,0,0,0,0
3,1,122343,0,0,0,9,0,0,0,0,0,0
4,1,122343,0,0,0,0,0,0,10,0,0,0
1,1,122344,0,0,0,0,0,0,0,0,0,0
1,1,122345,17,17,17,17,17,17,17,17,17,17
1,1,122346,9,9,9,9,9,9,9,9,9,9
1,1,122347,0,0,0,0,0,0,0,0,0,0
1,1,122348,18,18,18,18,18,18,18,18,18,18
1,1,122349,0,0,0,0,0,0,0,0,0,0
2,1,122349,0,0,0,0,0,0,0,0,0,0
3,1,122349,0,0,0,0,0,0,0,0,0,0
1,1,122350,0,0,0,0,0,0,0,0,0,0
2,1,122350,0,0,0,0,0,0,0,0,3,0
1,1,122351,0,0,0,0,0,0,0,0,0,0
2,1,122351,0,0,0,0,0,0,0,0,0,0
1,1,122352,0,0,0,0,0,0,0,0,0,0
2,1,122352,0,0,0,0,0,0,0,0,0,0
1,1,122353,16,16,16,16,16,16,16,16,16,16
1,1,122354,18,18,18,18,18,18,18,18,18,18
1,1,122355,19,19,19,19,19,19,19,19,19,19
1,1,122356,0,0,0,0,0,0,0,0,0,0
2,1,122356,0,0,0,0,0,0,0,0,0,0
1,1,122357,19,19,19,19,19,19,19,19,19,19
1,1,122358,0,0,0,0,0,0,0,0,13,0
2,1,122358,0,0,0,0,0,0,0,0,0,0
1,1,122359,0,0,0,0,0,0,0,0,0,0
1,1,122360,8,0,0,0,0,0,0,8,0,0
2,1,122360,0,0,0,0,0,0,13,0,0,4
0,1,122361,0,0,25,0,0,0,0,0,0,0
1,1,122361,0,0,0,0,0,0,0,0,0,0
0,1,122362,0,13,18,26,0,0,34,27,0,32
1,1,122362,0,0,0,0,0,0,0,10,0,0
0,1,122363,18,18,18,18,18,18,18,18,18,18
1,1,122363,0,0,0,0,0,0,0,0,0,0
0,1,122364,0,0,0,0,0,0,0,0,0,0
1,1,122364,0,0,0,0,0,0,0,0,34,0
1,1,122365,0,0,0,0,0,0,0,0,0,0
2,1,122365,0,0,8,0,0,0,0,0,0,0
1,1,122366,7,7,7,7,7,7,7,7,7,7
0,1,122367,0,0,30,0,0,21,20,0,0,11
1,1,122367,0,0,0,0,0,5,0,0,0,0
1,1,122368,0,0,0,0,0,0,0,0,0,0
1,1,122369,0,0,0,0,0,0,0,0,0,0
1,1,122370,0,0,0,0,0,0,0,0,0,0
1,1,122371,0,0,0,0,0,0,0,0,0,0
2,1,122371,6,0,0,2,4,6,0,0,13,10
3,1,122371,0,0,0,0,0,0,0,0,0,0
0,1,122372,10,10,10,10,10,10,10,10,10,10
1,1,122372,15,0,0,0,0,0,0,0,0,21
2,1,122372,0,0,0,0,0,0,0,0,0,0
3,1,122372,0,0,0,0,0,0,0,0,0,0
4,1,122372,0,0,0,0,0,0,0,0,0,0
5,1,122372,0,0,0,0,0,0,0,0,0,0
6,1,122372,0,0,0,0,0,0,0,0,0,0
1,1,122373,0,0,0,0,0,0,0,0,0,0
2,1,122373,0,0,0,0,0,3,5,0,0,0
1,1,122374,18,18,18,18,18,18,18,18,18,18
0,1,122375,11,11,11,11,11,11,11,11,11,11
1,1,122375,11,11,11,11,11,11,11,11,11,11
1,1,122376,0,0,0,0,0,0,0,0,0,0
0,1,122377,22,22,22,22,22,22,22,22,22,22
1,1,122377,0,0,0,0,0,0,0,0,0,0
0,1,122378,42,42,42,42,42,42,42,42,42,42
1,1,122378,0,0,0,0,0,0,0,0,0,0
0,1,122379,0,0,0,0,0,0,0,0,0,0
1,1,122379,0,0,0,0,0,0,0,0,0,0
0,1,122380,3,3,3,3,3,3,3,3,3,3
1,1,122380,0,0,0,0,0,0,0,0,0,0
1,1,122381,27,27,27,27,27,27,27,27,27,27
1,1,122382,0,0,0,0,0,0,0,0,0,0
2,1,122382,0,0,0,0,0,0,0,0,0,0
1,1,122383,0,0,0,0,0,0,0,0,0,0
2,1,122383,0,0,0,0,0,0,0,0,0,0
1,1,122384,0,0,8,0,0,0,0,0,5,0
2,1,122384,0,0,0,0,0,21,0,0,0,0
1,1,122385,0,0,0,0,0,0,0,0,0,0
2,1,122385,6,0,0,0,0,0,0,0,0,0