VEH_NO,PER_NO,ST_CASE,P1,P2,P3,P4,P5,P6,P7,P8,P9,P10
1,1,122386,0,0,0,0,0,0,0,0,0,0
0,1,122387,0,0,0,0,0,0,0,0,0,0
1,1,122387,0,0,0,0,0,0,0,0,0,0
1,1,122388,15,15,15,15,15,15,15,15,15,15
1,1,122389,3,3,3,3,3,3,3,3,3,3
2,1,122389,14,12,0,0,0,13,4,10,0,0
0,1,122390,0,0,0,0,0,0,0,0,0,0
1,1,122390,0,0,0,0,0,0,0,0,0,0
1,1,122391,5,0,0,0,0,0,0,0,0,0
2,1,122391,0,0,0,0,0,0,0,0,0,0
0,1,122392,0,0,0,0,0,0,0,0,0,0
1,1,122392,0,0,0,0,0,0,0,0,0,0
0,1,122393,0,0,0,0,0,0,0,0,0,0
1,1,122393,0,0,1,0,2,11,0,12,0,0
1,1,122394,28,28,28,28,28,28,28,28,28,28
2,1,122394,0,0,0,0,0,0,0,0,0,0
1,1,122395,0,0,0,0,0,0,0,0,0,0
1,1,122396,0,0,0,0,0,0,13,0,0,0
2,1,122396,0,0,0,0,0,0,0,0,0,15
0,1,122397,0,14,0,0,0,10,0,0,10,0
1,1,122397,0,0,0,0,0,0,0,0,0,0
0,1,122398,0,0,0,0,0,0,0,0,0,0
1,1,122398,0,0,0,0,0,0,0,0,14,4
1,1,122399,0,0,0,31,0,0,0,0,0,0
0,1,122400,0,0,0,0,0,0,0,5,3,0
1,1,122400,0,0,0,0,0,0,0,0,0,0
1,1,122401,28,28,28,28,28,28,28,28,28,28
2,1,122401,0,0,0,0,8,0,4,0,0,0
1,1,122402,20,20,20,20,20,20,20,20,20,20
2,1,122402,0,0,0,0,0,0,3,0,0,0
1,1,122403,0,0,0,0,0,0,0,0,0,0
2,1,122403,0,0,0,0,0,0,0,0,0,0
1,1,122404,0,0,0,0,0,0,0,0,0,0
2,1,122404,0,0,0,0,0,0,0,0,0,0
1,1,122405,0,0,0,0,2,0,0,0,0,0
2,1,122405,0,0,0,0,0,0,0,0,0,0
1,1,122406,0,0,0,0,0,0,0,0,0,0
2,1,122406,0,0,0,0,8,0,0,0,0,0
1,1,122407,0,0,0,4,0,0,0,0,0,0
2,1,122407,0,0,0,0,0,0,0,0,0,0
1,1,122408,0,0,16,6,0,0,0,0,0,12
1,1,122409,15,15,15,15,15,15,15,15,15,15
1,1,122410,0,15,0,0,0,0,0,0,0,0
2,1,122410,0,0,0,0,0,0,0,0,0,0
1,1,122411,0,0,0,0,0,0,7,0,0,0
2,1,122411,0,0,0,0,0,0,0,0,0,0
0,1,122412,0,0,0,0,0,0,0,0,0,0
1,1,122412,0,0,0,0,0,0,0,0,0,0
1,1,122413,34,34,34,34,34,34,34,34,34,34
2,1,122413,0,0,0,0,0,0,0,0,0,0
1,1,122414,12,16,0,0,0,26,0,22,11,0
2,1,122414,0,0,0,0,0,0,0,0,0,0
1,1,122415,0,0,0,0,0,0,0,0,0,0
1,1,122416,0,0,0,0,0,0,0,0,0,0
1,1,122417,0,0,0,0,0,0,0,0,0,0
1,1,122418,0,0,0,0,0,0,0,0,0,0
1,1,122419,0,0,0,0,0,0,0,0,14,0
1,1,122420,0,0,0,0,0,0,0,0,0,0
1,1,122422,0,13,6,0,0,10,0,0,0,0
1,1,122423,21,21,21,21,21,21,21,21,21,21
0,1,122424,7,0,0,0,0,0,0,0,0,0
1,1,122424,0,0,0,0,0,0,0,0,0,0
1,1,122425,0,0,0,0,0,0,0,0,0,0
2,1,122425,0,0,0,0,0,0,0,0,0,0
0,1,122426,0,0,0,0,0,0,0,0,0,0
1,1,122426,0,0,0,0,0,0,0,0,0,0
0,1,122427,4,4,4,4,4,4,4,4,4,4
1,1,122427,0,0,0,0,0,0,0,0,0,0
2,1,122427,0,0,0,0,0,0,0,0,0,0
1,1,122428,0,0,0,0,0,0,0,0,0,0
1,1,122429,18,18,18,18,18,18,18,18,18,18
2,1,122429,0,0,6,0,0,0,0,0,0,0
3,1,122429,0,0,0,0,0,0,0,0,0,0
1,1,122430,0,0,0,0,0,0,0,0,0,0
2,1,122430,0,0,0,0,0,0,0,0,0,0
0,1,122431,0,0,0,0,0,0,0,0,0,0
1,1,122431,22,22,22,22,22,22,22,22,22,22
1,1,122432,15,15,15,15,15,15,15,15,15,15
1,1,122433,0,0,0,0,0,0,0,0,0,0
1,1,122434,22,0,0,0,9,0,0,7,0,0
2,1,122434,0,0,0,0,0,0,0,0,0,0
1,1,122435,19,10,0,0,12,0,0,0,8,0
0,1,122436,0,0,13,36,0,0,0,0,0,0
1,1,122436,0,0,0,0,0,0,0,0,0,0
1,1,122437,0,12,0,0,0,0,0,0,0,0
2,1,122437,0,0,0,0,0,0,0,0,0,0
0,1,122438,32,32,32,32,32,32,32,32,32,32
1,1,122438,0,0,0,0,0,0,0,0,0,0
0,1,122439,0,27,0,0,23,36,0,23,0,0
1,1,122439,0,0,0,0,0,0,0,0,0,0
1,1,122440,17,17,17,17,17,17,17,17,17,17
1,1,122441,0,0,0,0,0,0,0,0,0,0
1,1,122442,0,0,0,0,0,0,0,0,0,0
2,1,122442,0,0,0,0,0,0,0,0,0,0
1,1,122443,23,23,23,23,23,23,23,23,23,23
1,1,122444,0,0,0,0,0,0,0,0,0,0
2,1,122444,0,0,0,0,0,8,0,0,0,0
0,1,122445,14,14,14,14,14,14,14,14,14,14
1,1,122445,0,7,0,0,0,0,0,4,0,0
1,1,122446,0,0,13,0,0,0,0,0,0,0
2,1,122446,0,0,0,0,0,0,0,0,0,0
0,1,122447,0,0,0,0,0,0,0,0,0,0
1,1,122447,0,0,0,0,0,0,0,0,0,0
1,1,122448,0,0,0,0,0,0,0,0,0,0
1,1,122449,13,13,13,13,13,13,13,13,13,13
2,1,122449,0,10,0,0,0,10,0,0,0,0
1,1,122450,15,15,15,15,15,15,15,15,15,15
1,1,122451,27,27,27,27,27,27,27,27,27,27
1,1,122452,14,9,0,0,18,19,28,0,0,0
0,1,122453,0,0,29,15,14,22,0,35,33,31
1,1,122453,0,0,0,0,0,0,0,0,0,0
1,1,122454,0,0,0,0,0,0,0,0,0,0
2,1,122454,0,0,0,0,0,0,0,0,0,0
1,1,122455,0,0,0,0,0,0,0,0,0,0
2,1,122455,0,0,0,0,0,0,0,0,0,0
1,1,122456,12,0,0,0,0,0,22,9,0,0
2,1,122456,0,12,18,0,12,0,12,0,0,0
1,1,122457,31,31,31,31,31,31,31,31,31,31
1,1,122458,0,0,0,0,0,0,0,0,0,0
2,1,122458,0,0,0,0,4,0,0,0,0,0
1,1,122459,25,25,25,25,25,25,25,25,25,25
1,1,122460,0,0,0,0,0,0,0,0,0,0
2,1,122460,0,0,0,0,0,0,0,0,0,0
1,1,122461,0,0,0,0,0,0,0,0,0,0
2,1,122461,0,0,4,0,0,0,5,0,0,0
1,1,122462,29,29,29,29,29,29,29,29,29,29
2,1,122462,0,0,0,0,0,0,0,0,0,0
3,1,122462,0,0,0,0,0,0,0,0,0,0
4,1,122462,0,0,0,0,0,0,0,0,0,0
1,1,122463,29,29,29,29,29,29,29,29,29,29
1,1,122464,0,12,15,0,0,15,10,21,23,0
1,1,122465,0,0,0,0,0,0,0,0,0,0
2,1,122465,0,0,0,0,0,0,0,0,0,0
1,1,122466,0,0,0,0,0,0,0,0,0,0
2,1,122466,0,0,0,0,0,0,0,0,0,0
0,1,122467,0,0,0,0,0,0,33,0,0,0
1,1,122467,0,0,0,0,0,0,0,0,0,0
1,1,122468,0,0,0,0,0,0,0,0,0,0
0,1,122469,0,0,0,0,0,0,0,0,0,0
1,1,122469,0,0,0,0,0,0,0,0,0,0
2,1,122469,7,0,0,0,0,0,0,0,0,0
1,1,122470,10,10,10,10,10,10,10,10,10,10
2,1,122470,0,5,0,0,0,0,5,14,0,0
1,1,122471,0,0,0,0,0,0,0,0,0,0
1,1,122472,0,0,0,0,0,0,0,0,0,0
2,1,122472,0,0,3,0,0,3,6,0,0,0
1,1,122473,0,0,0,0,19,0,0,10,0,20
2,1,122473,0,0,0,0,0,0,0,0,0,0
1,1,122474,27,27,27,27,27,27,27,27,27,27
1,1,122475,0,0,0,0,0,0,0,0,0,0
2,1,122475,0,0,0,0,0,0,0,0,0,0
1,1,122476,0,0,0,0,0,0,0,0,0,0
1,1,122477,9,9,9,9,9,9,9,9,9,9
1,1,122478,12,12,12,12,12,12,12,12,12,12
2,1,122478,0,0,0,0,0,0,0,0,0,0
1,1,122479,0,0,0,0,0,0,0,0,0,0
0,1,122480,0,0,0,0,0,0,0,0,0,0
1,1,122480,0,0,0,0,0,0,0,0,0,0
1,1,122481,0,0,12,0,0,0,0,0,6,0
1,1,122482,0,0,0,0,0,5,0,0,8,0
1,1,122483,0,0,0,0,0,0,0,0,0,0
1,1,122484,0,0,0,0,0,0,0,0,0,0
2,1,122484,0,0,0,0,0,0,0,0,0,0
1,1,122485,16,16,16,16,16,16,16,16,16,16
1,1,122486,0,0,0,0,0,0,0,0,0,0
0,1,122487,25,25,25,25,25,25,25,25,25,25
1,1,122487,0,0,0,0,0,0,0,0,0,0
1,1,122488,11,11,11,11,11,11,11,11,11,11
0,1,122489,36,36,36,36,36,36,36,36,36,36
1,1,122489,0,0,0,0,0,0,0,0,0,0
1,1,122490,19,19,19,19,19,19,19,19,19,19
1,1,122492,0,0,0,0,0,0,0,0,0,0
2,1,122492,0,0,0,0,0,0,0,0,0,0
0,1,122493,25,25,25,25,25,25,25,25,25,25
1,1,122493,0,0,0,0,0,0,0,0,0,0
1,1,122494,0,12,0,0,0,0,0,0,0,13
2,1,122494,0,0,6,0,0,0,0,0,0,0
3,1,122494,0,0,0,0,0,0,0,0,0,0
1,1,122496,15,15,15,15,15,15,15,15,15,15
1,1,122497,0,0,0,0,0,0,10,0,0,5
1,1,122498,8,8,8,8,8,8,8,8,8,8
1,1,122499,9,0,0,0,0,0,0,0,0,0
1,1,122501,0,0,0,0,0,0,0,0,0,0
2,1,122501,0,0,0,0,0,0,0,0,0,0
1,1,122502,0,0,0,0,0,0,0,0,0,0
2,1,122502,0,0,0,0,0,0,0,0,0,0
3,1,122502,0,0,0,0,0,0,0,0,0,0
1,1,122503,13,27,17,8,30,14,6,22,16,19
1,1,122504,7,7,7,7,7,7,7,7,7,7
2,1,122504,0,0,0,0,0,0,0,0,0,0
0,1,122505,11,11,11,11,11,11,11,11,11,11
1,1,122505,0,0,0,0,0,0,0,0,0,0
1,1,122506,0,0,0,0,0,0,0,0,0,0
2,1,122506,0,0,0,0,0,0,0,4,0,0
1,1,122507,29,29,29,29,29,29,29,29,29,29
2,1,122507,0,0,0,0,0,0,0,0,0,0
1,1,122508,0,0,0,0,0,0,12,0,0,21
2,1,122508,0,0,0,0,0,0,0,0,0,0
1,1,122509,0,0,0,0,0,0,0,0,0,0
0,1,122510,0,20,26,0,7,16,0,0,6,0
1,1,122510,5,0,0,0,4,1,0,0,12,0
0,1,122511,20,0,0,30,25,4,38,27,25,0
1,1,122511,0,0,0,0,0,0,0,0,0,0
1,1,122512,16,16,16,16,16,16,16,16,16,16
1,1,122513,0,0,0,0,0,0,0,0,0,0
1,1,122514,0,0,0,0,0,0,0,0,0,0
1,1,122515,14,14,14,14,14,14,14,14,14,14
2,1,122515,10,0,0,0,0,0,0,0,0,0
1,1,122516,15,15,15,15,15,15,15,15,15,15
1,1,122517,4,4,4,4,4,4,4,4,4,4
2,1,122517,0,0,0,0,0,0,0,0,0,0
1,1,122518,0,0,0,0,0,0,17,0,0,0
2,1,122518,0,0,0,0,5,0,0,0,0,0
1,1,122519,12,12,12,12,12,12,12,12,12,12
1,1,122520,0,0,0,18,11,0,0,0,0,0
1,1,122521,0,0,0,0,0,0,0,0,14,0
0,1,122522,23,23,23,23,23,23,23,23,23,23
1,1,122522,11,0,15,0,0,0,0,0,0,0
1,1,122523,0,0,0,0,0,0,0,0,0,0
2,1,122523,0,0,0,0,0,0,0,0,0,0
1,1,122524,0,0,16,0,0,24,0,0,32,0
2,1,122524,0,0,0,0,3,8,0,0,0,5
0,1,122525,28,28,28,28,28,28,28,28,28,28
1,1,122525,6,6,6,6,6,6,6,6,6,6
1,1,122526,0,9,0,0,0,0,0,0,0,10
0,1,122527,12,18,0,20,14,24,0,0,0,0
1,1,122527,0,0,0,0,0,0,0,0,0,0
0,1,122528,45,26,15,0,4,16,0,0,0,25
1,1,122528,0,12,0,13,0,0,0,0,0,0
1,1,122529,0,0,0,0,0,0,0,0,23,6
1,1,122530,0,0,0,0,0,0,0,0,0,0
2,1,122530,0,0,0,0,0,0,0,0,0,0
0,1,122531,2,2,2,2,2,2,2,2,2,2
1,1,122531,0,0,0,0,0,0,0,0,0,0
1,1,122532,0,0,0,0,0,0,0,0,0,0
2,1,122532,0,0,0,0,0,0,0,0,0,0
3,1,122532,0,0,0,0,0,0,0,0,0,0
1,1,122533,22,22,22,22,22,22,22,22,22,22
2,1,122533,0,0,0,0,0,0,0,0,0,0
0,1,122534,0,24,17,0,0,0,27,30,17,27
1,1,122534,0,0,0,3,0,0,0,0,0,0
0,1,122535,25,25,25,25,25,25,25,25,25,25
1,1,122535,0,0,0,0,0,0,0,0,0,0
1,1,122536,0,0,0,0,0,0,0,10,0,0
2,1,122536,19,19,19,19,19,19,19,19,19,19
1,1,122537,22,22,22,22,22,22,22,22,22,22
1,1,122538,19,19,19,19,19,19,19,19,19,19
1,1,122539,0,0,0,0,0,0,0,0,0,0
2,1,122539,0,0,0,0,0,0,0,0,0,0
1,1,122540,18,18,18,18,18,18,18,18,18,18
2,1,122540,0,0,0,0,0,0,19,8,0,0
1,1,122541,0,0,0,0,0,0,0,0,0,0
2,1,122541,0,0,0,0,0,0,0,0,0,0
3,1,122541,0,0,0,0,0,0,0,0,0,0
4,1,122541,0,0,0,0,0,0,0,0,0,0
1,1,122542,0,0,0,0,0,0,0,0,0,0
0,1,122543,19,19,19,19,19,19,19,19,19,19
1,1,122543,19,19,19,19,19,19,19,19,19,19
1,1,122544,0,0,0,0,0,0,0,0,0,0
2,1,122544,0,0,0,0,0,0,0,0,0,0
3,1,122544,0,0,0,0,0,0,0,0,0,0
1,1,122545,0,0,0,0,0,0,0,0,0,0
2,1,122545,0,0,0,0,0,0,0,0,0,0
0,1,122546,0,0,0,0,0,0,0,0,0,0
1,1,122546,0,0,0,0,0,17,0,0,21,5
0,1,122547,0,0,0,0,0,0,0,0,0,0
1,1,122547,0,0,0,0,0,0,0,0,0,0
1,1,122548,21,21,21,21,21,21,21,21,21,21
1,1,122549,16,15,7,0,0,13,0,0,13,11
2,1,122549,0,0,0,0,0,0,0,0,0,0
1,1,122550,0,0,0,0,0,5,0,13,0,0
1,1,122551,22,22,22,22,22,22,22,22,22,22
2,1,122551,0,0,0,0,4,0,0,0,0,0
1,1,122552,0,0,0,0,0,0,0,0,0,0
1,1,122553,0,0,0,0,0,0,0,0,0,0
2,1,122553,0,0,0,0,0,0,0,0,0,0
1,1,122554,0,0,0,0,0,0,0,0,0,0
2,1,122554,0,0,0,0,0,0,0,0,0,0
1,1,122555,0,0,0,0,0,0,0,0,0,0
1,1,122556,31,31,31,31,31,31,31,31,31,31
0,1,122557,0,0,0,0,0,0,0,0,0,0
1,1,122557,0,0,0,0,0,0,0,0,0,0
1,1,122558,0,0,0,0,0,0,0,0,0,0
2,1,122558,0,0,0,0,0,4,0,0,0,0
3,1,122558,0,0,0,0,13,17,0,0,0,10
0,1,122559,24,24,24,24,24,24,24,24,24,24
1,1,122559,0,0,7,0,0,0,0,0,0,0
1,1,122560,19,19,19,19,19,19,19,19,19,19
1,1,122561,0,0,0,0,0,0,0,0,0,0
2,1,122561,0,0,0,0,0,0,0,0,0,0
1,1,122562,16,16,16,16,16,16,16,16,16,16
2,1,122562,5,5,5,5,5,5,5,5,5,5
1,1,122563,0,0,0,15,18,8,15,34,14,18
2,1,122563,0,0,0,0,0,0,0,0,0,0
1,1,122564,0,4,16,0,0,0,26,0,0,0
2,1,122564,0,0,0,0,0,0,0,0,0,0
1,1,122565,0,0,0,0,0,0,0,0,0,0
2,1,122565,0,0,0,0,0,0,0,0,0,0
1,1,122566,0,0,0,0,0,0,0,0,0,0
2,1,122566,0,0,0,0,0,0,0,0,0,0
0,1,122567,0,0,0,0,0,0,0,0,0,0
1,1,122567,0,0,0,0,0,0,0,0,0,0
1,1,122568,0,0,0,0,0,0,0,9,13,0
2,1,122568,0,0,0,0,0,0,0,0,0,0
1,1,122569,0,0,0,0,0,0,0,0,0,0
2,1,122569,0,0,0,0,0,0,0,0,0,0
1,1,122570,11,11,11,11,11,11,11,11,11,11
0,1,122571,16,16,16,16,16,16,16,16,16,16
1,1,122571,0,0,0,0,0,0,0,0,0,0
1,1,122572,0,0,0,0,0,0,0,0,0,0
2,1,122572,0,0,0,0,0,0,0,0,0,0
3,1,122572,0,0,0,0,0,0,0,0,0,0
1,1,122573,9,9,9,9,9,9,9,9,9,9
1,1,122574,0,0,0,0,0,0,0,0,0,0
2,1,122574,0,0,0,0,0,0,0,0,0,0
1,1,122575,0,0,0,0,0,10,11,0,0,0
2,1,122575,0,0,0,0,0,0,0,0,0,0
3,1,122575,0,0,0,0,0,0,0,0,0,0
1,1,122576,0,0,0,0,0,0,0,0,0,0
2,1,122576,0,0,0,0,0,0,0,0,0,0
3,1,122576,0,0,0,0,0,0,0,0,0,11
1,1,122577,0,0,0,0,0,0,0,0,0,0
2,1,122577,0,0,0,0,0,0,0,0,0,0
1,1,122578,0,0,0,0,0,0,0,0,0,0
0,1,122579,27,27,27,27,27,27,27,27,27,27
1,1,122579,0,0,0,0,0,0,9,0,0,0
1,1,122580,15,15,15,15,15,15,15,15,15,15
1,1,122581,3,0,0,0,0,0,0,0,0,0
1,1,122582,0,0,0,0,0,0,0,0,0,0
2,1,122582,0,0,0,0,0,0,0,0,0,0
1,1,122583,0,0,0,0,0,0,0,0,0,0
1,1,122584,12,12,12,12,12,12,12,12,12,12
2,1,122584,13,15,20,0,12,10,5,0,0,0
3,1,122584,0,0,0,0,0,0,0,0,0,0
1,1,122585,0,0,0,0,0,0,0,0,0,0
2,1,122585,0,0,0,0,0,0,0,0,0,0
1,1,122586,10,10,10,10,10,10,10,10,10,10
1,1,122587,0,0,0,12,0,0,0,0,0,0
2,1,122587,0,0,0,0,0,0,0,0,0,0
0,1,122588,0,0,0,0,0,0,0,0,0,0
1,1,122588,0,0,0,0,0,0,0,0,0,0
0,1,122589,0,0,0,0,0,0,0,0,0,0
1,1,122589,12,0,0,0,0,0,0,0,0,0
1,1,122590,0,0,0,0,0,0,0,18,0,0
2,1,122590,0,0,0,0,0,0,0,0,0,0
1,1,122591,0,0,0,0,0,0,0,0,7,0
2,1,122591,0,0,0,0,0,0,0,0,0,0
1,1,122592,27,27,27,27,27,27,27,27,27,27
2,1,122592,0,0,0,0,0,0,0,0,0,0
3,1,122592,0,0,0,0,0,0,0,0,0,0
4,1,122592,0,0,0,0,0,0,0,0,0,19
1,1,122593,0,0,0,0,0,0,0,0,0,0
2,1,122593,0,0,0,0,0,0,0,0,0,0
1,1,122594,0,0,0,0,0,0,0,0,0,0
1,1,122595,0,0,0,0,0,0,0,0,0,0
1,1,122597,0,0,0,0,0,0,0,0,0,0
1,1,122598,0,0,0,0,0,0,0,0,0,0
2,1,122598,0,0,0,0,0,0,0,0,0,0
1,1,122599,21,21,21,21,21,21,21,21,21,21
0,1,122600,0,0,0,0,0,0,0,0,0,0
1,1,122600,0,0,0,0,0,0,0,0,0,0
0,1,122601,0,0,0,0,0,0,0,0,0,0
0,2,122601,0,0,0,0,0,0,0,0,0,0
1,1,122601,0,0,0,0,0,0,5,0,0,0
1,1,122602,0,0,0,0,0,0,0,0,0,0
1,1,122603,0,0,0,0,0,0,0,0,0,0
1,1,122604,8,0,0,0,0,21,0,5,12,0
2,1,122604,0,0,0,0,0,0,0,0,0,9
0,1,122605,24,0,0,26,35,16,0,51,28,0
1,1,122605,0,0,0,0,18,0,0,16,0,0
0,1,122606,0,0,0,0,0,0,0,0,3,0
1,1,122606,0,0,8,2,10,16,12,0,0,6
1,1,122607,0,0,0,0,0,0,0,0,0,0
1,1,122608,0,0,0,0,0,0,0,0,0,0
2,1,122608,0,0,0,0,0,0,0,0,0,24
0,1,122609,0,0,0,0,0,0,0,0,0,0
1,1,122609,0,0,0,0,0,0,0,0,0,0
1,1,122610,26,26,26,26,26,26,26,26,26,26
2,1,122610,0,0,0,0,0,0,0,0,0,0
1,1,122611,0,0,0,0,0,0,0,0,0,0
1,1,122612,0,0,0,0,0,0,0,0,0,0
2,1,122612,0,0,0,0,0,0,0,0,0,0
1,1,122613,0,0,0,0,0,0,0,0,0,0
1,1,122614,22,22,22,22,22,22,22,22,22,22
0,1,122615,0,0,23,17,0,0,0,18,9,0
0,2,122615,0,0,0,0,0,0,0,0,0,0
1,1,122615,0,0,0,0,0,0,0,0,0,0
1,1,122616,6,6,6,6,6,6,6,6,6,6
2,1,122616,0,0,0,0,0,0,0,0,0,0
1,1,122617,0,0,0,0,0,0,0,0,0,0
1,1,122618,0,0,0,0,0,0,0,0,0,0
2,1,122618,0,0,0,0,0,0,0,0,0,0
3,1,122618,0,0,0,0,0,0,0,0,0,0
4,1,122618,0,0,0,0,0,0,0,0,0,0
1,1,122619,8,8,8,8,8,8,8,8,8,8
1,1,122620,0,0,0,0,0,0,0,0,0,0
1,1,122621,0,0,0,0,0,0,0,0,0,0
2,1,122621,0,0,0,0,0,0,0,0,0,0
3,1,122621,0,0,0,0,0,0,0,0,0,9
0,1,122622,0,0,0,0,0,0,0,0,0,0
1,1,122622,0,0,0,0,0,0,0,0,0,0
0,1,122623,0,0,0,0,0,0,0,0,0,0
1,1,122623,0,0,0,0,0,0,0,0,0,0
0,1,122624,11,11,11,11,11,11,11,11,11,11
1,1,122624,0,0,0,0,0,0,0,0,0,0
1,1,122625,0,0,0,0,0,0,0,0,0,0
1,1,122626,0,0,0,0,0,0,0,0,0,0
1,1,122627,11,11,11,11,11,11,11,11,11,11
1,1,122628,11,11,11,11,11,11,11,11,11,11
1,1,122629,21,21,21,21,21,21,21,21,21,21
2,1,122629,0,0,0,0,0,0,0,0,0,0
0,1,122630,13,13,13,13,13,13,13,13,13,13
0,2,122630,0,19,0,17,0,0,0,26,18,0
1,1,122630,13,13,13,13,13,13,13,13,13,13
1,1,122631,0,0,0,0,0,0,0,0,0,0
2,1,122631,0,0,0,0,0,0,0,0,0,0
1,1,122632,0,0,0,0,0,0,0,0,0,0
2,1,122632,0,0,0,0,0,0,0,0,0,0
3,1,122632,0,0,0,0,0,0,0,0,0,0
1,1,122633,0,0,0,0,0,0,0,0,0,0
2,1,122633,0,0,0,0,0,0,0,0,0,0
0,1,122634,23,24,30,6,25,0,0,24,0,24
1,1,122634,0,0,0,0,7,0,0,0,0,0
0,1,122635,0,0,0,0,0,0,25,0,0,0
0,2,122635,26,0,0,30,10,33,21,0,7,0
1,1,122635,0,0,0,0,0,0,0,0,0,0
0,1,122636,0,0,0,0,0,0,0,0,0,0
1,1,122636,0,0,0,0,0,0,0,0,0,0
1,1,122637,0,0,0,0,0,0,0,0,0,0
2,1,122637,0,0,0,0,12,0,0,0,0,0
1,1,122638,16,16,16,16,16,16,16,16,16,16
1,1,122639,0,0,0,0,0,0,0,0,14,0
2,1,122639,0,0,0,0,0,0,0,0,0,0
3,1,122639,0,0,0,0,0,0,0,0,0,0
4,1,122639,0,0,0,0,0,0,0,0,0,0
0,1,122640,0,0,0,0,0,0,0,0,0,0
1,1,122640,0,20,0,0,0,0,19,0,0,0
1,1,122641,18,18,18,18,18,18,18,18,18,18
1,1,122642,0,0,0,0,0,0,0,0,0,0
2,1,122642,0,0,0,0,0,0,0,0,0,0
1,1,122643,0,0,0,0,0,0,0,0,0,0
2,1,122643,0,0,0,0,0,0,0,0,0,0
1,1,122644,0,0,0,0,0,0,0,0,0,0
2,1,122644,0,0,0,0,0,0,0,0,0,0
1,1,122645,13,13,13,13,13,13,13,13,13,13
0,1,122646,24,24,24,24,24,24,24,24,24,24
1,1,122646,0,0,0,0,0,0,0,0,0,0
1,1,122647,0,0,0,0,0,0,0,0,0,0
0,1,122648,0,0,0,0,0,0,0,0,0,0
1,1,122648,0,20,0,0,0,13,0,0,0,0
0,1,122649,17,17,17,17,17,17,17,17,17,17
1,1,122649,9,0,0,16,28,20,11,26,12,14
1,1,122650,0,0,0,0,22,38,0,0,0,0
2,1,122650,0,0,0,0,0,0,5,0,0,0
1,1,122651,0,0,0,0,0,0,0,0,0,0
2,1,122651,0,0,0,0,0,0,0,0,0,0
1,1,122652,38,38,38,38,38,38,38,38,38,38
1,1,122653,25,25,25,25,25,25,25,25,25,25
0,1,122654,0,0,0,0,0,0,0,0,0,0
1,1,122654,0,0,0,0,0,0,0,0,0,0
0,1,122655,33,33,33,33,33,33,33,33,33,33
1,1,122655,21,21,21,21,21,21,21,21,21,21
1,1,122656,0,0,0,0,0,0,0,0,0,0
2,1,122656,0,0,0,0,0,0,0,0,0,0
0,1,122657,0,0,0,0,0,0,0,0,0,0
1,1,122657,0,0,0,0,0,0,0,0,0,0
1,1,122658,27,27,27,27,27,27,27,27,27,27
2,1,122658,0,0,3,0,0,0,0,0,0,0
0,1,122659,19,19,19,19,19,19,19,19,19,19
0,2,122659,0,0,0,0,0,0,18,12,15,0
1,1,122659,0,0,0,0,0,0,0,0,20,0
1,1,122660,0,0,0,0,0,0,0,0,0,0
0,1,122661,0,0,0,0,0,0,0,0,0,0
1,1,122661,0,0,0,0,0,0,0,0,0,0
2,1,122661,0,0,0,0,0,0,0,0,0,0
1,1,122662,0,0,0,0,0,0,0,0,0,0
1,1,122663,0,0,0,0,0,0,0,0,0,0
2,1,122663,0,0,0,0,0,0,0,0,0,0
1,1,122664,4,7,8,0,0,21,17,0,17,15
0,1,122665,0,31,18,34,0,18,0,0,24,0
1,1,122665,0,0,0,0,0,0,0,0,0,0
1,1,122666,0,0,0,0,0,0,0,0,0,0
2,1,122666,0,0,0,0,0,0,0,0,0,0
1,1,122667,0,0,0,0,0,0,0,0,0,0
2,1,122667,0,0,0,0,0,0,8,0,0,0
0,1,122668,0,0,0,0,0,0,0,0,0,0
0,2,122668,2,2,2,2,2,2,2,2,2,2
1,1,122668,0,0,0,0,0,20,0,0,0,0
1,1,122669,28,28,28,28,28,28,28,28,28,28
0,1,122670,19,3,0,43,0,0,0,0,0,0
1,1,122670,0,0,0,0,0,0,0,0,0,0
1,1,122671,4,4,4,4,4,4,4,4,4,4
1,1,122672,10,20,11,20,20,14,8,17,20,32
2,1,122672,21,21,21,21,21,21,21,21,21,21
1,1,122673,23,23,23,23,23,23,23,23,23,23
0,1,122674,0,0,0,0,0,0,16,0,0,0
1,1,122674,0,0,20,0,0,0,0,0,0,0
1,1,122675,20,20,20,20,20,20,20,20,20,20
2,1,122675,0,0,0,0,0,0,0,0,0,0
1,1,122676,0,0,0,0,0,0,0,0,0,0
2,1,122676,0,0,0,0,0,0,0,0,0,0
0,1,122677,12,31,0,20,16,9,22,8,11,41
1,1,122677,0,0,0,0,0,0,4,0,0,0
1,1,122678,0,11,24,0,0,24,0,7,7,19
0,1,122679,0,0,0,0,0,0,0,0,0,0
0,2,122679,0,0,0,0,0,0,0,0,9,0
1,1,122679,0,0,0,0,0,0,0,0,0,0
0,1,122680,0,0,0,0,0,0,0,0,0,0
1,1,122680,0,0,0,0,0,0,0,0,0,0
1,1,122681,0,0,0,0,0,0,0,20,0,0
2,1,122681,0,0,0,0,0,0,0,0,0,0
3,1,122681,0,0,0,0,0,0,0,0,0,0
0,1,122682,0,0,0,0,0,0,0,0,0,0
1,1,122682,0,0,0,0,0,0,0,0,0,0