VEH_NO,PER_NO,ST_CASE,P1,P2,P3,P4,P5,P6,P7,P8,P9,P10
1,1,122683,0,0,0,0,0,0,0,0,0,0
2,1,122683,13,13,13,13,13,13,13,13,13,13
1,1,122684,0,0,0,0,0,0,0,0,0,0
2,1,122684,0,0,0,0,0,0,0,0,0,0
3,1,122684,0,0,0,0,0,0,4,0,0,0
1,1,122685,16,16,16,16,16,16,16,16,16,16
0,1,122686,25,25,25,25,25,25,25,25,25,25
0,2,122686,25,25,25,25,25,25,25,25,25,25
1,1,122686,0,0,0,0,0,0,0,0,0,0
1,1,122687,0,0,0,0,0,0,0,0,0,0
1,1,122688,26,26,26,26,26,26,26,26,26,26
2,1,122688,0,0,0,0,0,0,0,0,0,0
1,1,122689,0,0,0,0,0,0,0,0,0,0
2,1,122689,0,0,0,0,0,0,0,0,0,0
1,1,122690,0,0,17,0,0,0,10,0,0,21
2,1,122690,0,0,0,0,0,0,0,0,0,0
1,1,122691,0,0,0,0,0,0,0,0,0,0
2,1,122691,0,0,0,0,0,0,0,0,0,0
1,1,122692,0,10,19,23,19,17,0,0,22,27
1,1,122693,22,16,13,0,0,2,29,0,18,0
1,1,122694,0,0,0,13,0,0,0,0,0,0
2,1,122694,0,0,0,0,0,0,0,0,0,0
1,1,122695,0,0,0,0,0,0,0,0,0,0
2,1,122695,0,0,0,0,0,0,0,0,0,0
0,1,122696,0,0,0,0,0,0,0,0,0,0
1,1,122696,0,0,0,0,0,0,0,0,0,0
1,1,122697,0,0,0,0,0,0,0,0,0,0
1,1,122698,20,20,20,20,20,20,20,20,20,20
1,1,122699,14,14,14,14,14,14,14,14,14,14
2,1,122699,17,0,17,0,0,0,0,0,0,5
0,1,122700,11,11,11,11,11,11,11,11,11,11
1,1,122700,0,0,0,0,0,0,0,0,0,0
2,1,122700,0,0,0,0,8,0,0,0,0,0
1,1,122701,0,0,0,0,0,0,0,0,0,0
2,1,122701,0,0,0,0,0,0,0,0,0,0
3,1,122701,0,0,0,0,0,0,0,0,0,0
1,1,122702,0,31,17,0,0,0,13,0,0,0
0,1,122703,0,0,0,0,11,0,0,0,0,0
1,1,122703,0,0,0,0,0,0,0,0,0,0
1,1,122704,0,0,0,0,0,0,0,0,0,0
2,1,122704,0,0,0,0,0,0,0,0,0,0
1,1,122705,0,0,24,0,16,0,0,0,0,0
1,1,122706,20,20,20,20,20,20,20,20,20,20
1,1,122707,4,4,4,4,4,4,4,4,4,4
2,1,122707,0,0,0,0,0,0,0,0,0,0
1,1,122708,0,11,0,15,33,0,0,0,0,4
2,1,122708,0,0,0,0,0,0,0,0,0,0
1,1,122709,0,0,0,0,0,0,0,0,0,0
2,1,122709,0,0,0,0,0,0,0,0,0,0
3,1,122709,0,0,0,0,0,0,0,0,0,0
0,1,122710,0,0,0,24,0,0,0,0,7,0
1,1,122710,0,0,0,0,0,0,0,0,0,0
1,1,122711,0,0,0,0,0,0,0,0,0,0
2,1,122711,0,0,0,0,0,0,0,0,0,0
3,1,122711,0,0,0,0,0,0,0,0,0,0
1,1,122712,0,0,0,0,0,0,0,0,0,0
2,1,122712,0,0,0,0,0,0,0,0,0,0
0,1,122713,23,0,0,24,0,0,0,0,0,25
1,1,122713,0,0,0,0,0,0,0,0,0,0
1,1,122714,22,22,22,22,22,22,22,22,22,22
1,1,122715,0,0,0,0,0,0,0,0,0,0
2,1,122715,0,0,0,0,0,0,0,0,0,0
1,1,122716,16,16,16,16,16,16,16,16,16,16
1,1,122717,21,21,21,21,21,21,21,21,21,21
2,1,122717,0,0,0,0,0,0,0,0,0,0
3,1,122717,0,0,0,0,0,0,0,0,0,0
1,1,122718,26,26,26,26,26,26,26,26,26,26
2,1,122718,0,8,0,0,19,0,10,0,0,0
0,1,122719,24,24,24,24,24,24,24,24,24,24
1,1,122719,0,0,0,0,0,6,0,3,0,0
1,1,122720,0,0,0,0,0,0,0,0,0,0
2,1,122720,0,0,0,0,0,0,0,0,0,0
1,1,122721,0,0,0,0,0,0,0,0,0,0
1,1,122722,0,0,0,0,0,0,0,0,0,0
2,1,122722,0,0,0,0,0,0,0,0,0,0
3,1,122722,0,0,0,0,0,0,0,0,0,0
0,1,122723,25,25,25,25,25,25,25,25,25,25
1,1,122723,5,0,0,0,0,0,5,0,0,19
0,1,122724,0,0,0,0,0,0,6,0,0,0
1,1,122724,0,0,0,0,10,0,0,0,0,0
1,1,122725,0,9,0,13,0,0,0,9,0,14
2,1,122725,15,15,15,15,15,15,15,15,15,15
1,1,122726,0,0,0,0,0,0,0,0,0,0
2,1,122726,15,15,15,15,15,15,15,15,15,15
1,1,122727,0,0,0,0,0,0,0,0,0,0
1,1,122728,28,28,28,28,28,28,28,28,28,28
2,1,122728,22,22,22,22,22,22,22,22,22,22
1,1,122729,0,0,0,0,0,0,0,0,0,0
2,1,122729,0,0,0,0,0,0,0,0,0,0
0,1,122730,0,0,0,0,0,0,0,0,0,0
1,1,122730,0,0,0,0,0,0,0,0,0,0
1,1,122731,0,0,0,0,0,0,0,0,0,0
2,1,122731,0,0,0,0,3,0,0,0,0,0
3,1,122731,0,0,0,0,0,0,0,0,0,0
4,1,122731,0,0,0,0,13,0,0,0,0,0
1,1,122732,0,0,0,0,0,0,0,0,0,0
2,1,122732,0,0,0,0,0,0,0,0,0,0
1,1,122733,8,8,8,8,8,8,8,8,8,8
1,1,122734,0,0,0,0,0,0,0,0,0,0
2,1,122734,0,0,0,0,0,0,0,0,0,0
1,1,122735,17,0,0,7,0,0,0,0,0,0
2,1,122735,0,0,0,0,0,0,0,0,0,0
1,1,122736,0,0,0,0,0,0,0,0,0,0
2,1,122736,0,0,0,0,0,0,0,0,0,0
1,1,122737,0,0,0,0,0,0,0,0,0,0
2,1,122737,0,0,0,0,0,0,0,0,0,0
1,1,122738,0,0,0,0,0,0,0,0,0,0
2,1,122738,0,0,0,0,0,0,0,0,0,0
1,1,122739,0,0,0,0,0,0,0,0,0,0
1,1,122740,0,0,0,0,0,0,0,0,0,0
2,1,122740,0,0,0,0,0,0,0,0,0,0
1,1,122741,20,20,20,20,20,20,20,20,20,20
2,1,122741,0,0,0,0,0,0,0,0,0,0
0,1,122742,12,0,29,0,24,12,0,0,0,0
1,1,122742,0,0,3,0,0,0,0,0,0,0
1,1,122743,0,0,0,0,0,0,0,0,0,0
2,1,122743,0,0,0,0,0,0,0,0,0,0
1,1,122744,0,0,0,0,0,0,0,0,0,0
1,1,122745,11,11,11,11,11,11,11,11,11,11
2,1,122745,0,0,0,0,0,0,0,0,0,0
0,1,122746,0,0,0,0,0,0,0,0,0,0
1,1,122746,0,0,0,0,0,0,0,0,0,0
1,1,122747,0,0,0,0,0,0,0,0,0,0
2,1,122747,0,0,0,0,0,0,0,0,0,0
1,1,122748,0,0,0,0,0,0,0,0,0,0
1,1,122749,0,0,0,0,0,0,0,0,0,0
2,1,122749,13,0,0,14,0,0,4,3,11,0
1,1,122751,0,0,0,0,0,0,0,0,0,0
2,1,122751,22,22,22,22,22,22,22,22,22,22
0,1,122752,0,0,0,0,0,0,0,0,0,0
1,1,122752,0,0,0,0,0,0,0,0,0,0
1,1,122753,0,0,0,0,0,0,0,0,0,0
1,1,122754,0,0,0,0,0,0,0,0,0,0
2,1,122754,0,0,0,0,0,0,0,0,0,0
1,1,122755,0,22,15,15,6,0,25,17,6,18
1,1,122756,0,0,0,0,0,0,0,0,0,0
2,1,122756,0,0,0,0,0,0,0,0,0,0
0,1,122757,17,15,31,35,0,0,0,0,15,11
1,1,122757,0,0,0,0,0,0,0,0,0,0
0,1,122758,0,10,0,0,0,0,0,0,0,0
1,1,122758,10,10,10,10,10,10,10,10,10,10
1,1,122759,0,0,0,0,0,0,0,0,0,11
2,1,122759,0,0,23,0,0,0,0,0,0,10
3,1,122759,0,0,0,0,0,0,7,0,0,0
1,1,122760,0,0,0,0,0,0,0,0,0,0
2,1,122760,0,0,0,0,0,0,0,0,0,0
1,1,122761,0,0,0,0,0,0,0,0,0,0
2,1,122761,0,0,0,0,0,0,0,0,0,0
3,1,122761,0,0,0,0,0,0,0,0,0,0
0,1,122762,0,0,0,0,0,0,0,0,0,0
1,1,122762,0,0,0,0,0,17,0,0,7,0
2,1,122762,0,0,0,0,0,0,0,0,0,0
0,1,122763,0,0,0,0,0,0,0,0,0,0
1,1,122763,0,0,0,0,0,9,0,0,0,0
1,1,122764,15,15,15,15,15,15,15,15,15,15
1,1,122765,0,0,0,0,0,0,0,0,0,0
2,1,122765,0,0,0,0,0,0,0,0,0,0
0,1,122766,18,0,18,0,0,0,29,0,0,12
1,1,122766,6,0,0,0,2,0,5,0,0,8
1,1,122767,0,12,0,0,0,0,0,0,0,0
2,1,122767,0,0,0,0,0,0,0,0,0,0
1,1,122768,0,13,0,0,7,5,0,4,10,21
1,1,122769,11,0,26,0,0,0,26,0,0,0
1,1,122770,3,3,3,3,3,3,3,3,3,3
2,1,122770,0,0,0,0,0,0,0,0,0,0
0,1,122771,0,0,0,0,0,0,0,0,0,0
1,1,122771,0,0,0,0,0,0,0,0,0,7
1,1,122772,26,26,26,26,26,26,26,26,26,26
1,1,122773,0,0,0,0,0,0,0,0,0,15
2,1,122773,0,0,10,0,0,0,0,0,0,0
3,1,122773,0,0,0,13,0,0,0,0,0,0
1,1,122774,0,0,0,0,0,0,0,0,0,0
2,1,122774,0,0,0,0,0,0,0,0,0,0
4,1,122774,0,0,7,0,0,0,0,0,0,0
1,1,122775,0,0,0,4,0,0,0,0,0,11
2,1,122775,0,0,0,0,0,0,0,0,0,0
1,1,122776,0,0,0,0,0,0,0,0,0,0
1,1,122777,0,0,0,0,0,0,0,0,0,0
2,1,122777,0,0,0,0,0,0,0,0,0,0
1,1,122778,11,11,11,11,11,11,11,11,11,11
2,1,122778,0,0,0,0,0,0,0,0,0,0
0,1,122779,0,0,13,0,0,21,0,16,0,0
0,2,122779,0,16,15,29,17,0,0,27,0,0
1,1,122779,7,0,0,21,0,0,8,0,14,0
1,1,122780,0,0,0,0,0,0,0,0,0,0
2,1,122780,12,12,12,12,12,12,12,12,12,12
3,1,122780,0,0,0,0,0,0,0,0,0,0
1,1,122781,0,0,0,0,0,0,0,0,0,0
2,1,122781,0,0,0,0,0,0,0,0,0,0
0,1,122782,15,15,15,15,15,15,15,15,15,15
1,1,122782,0,0,11,6,0,14,0,5,0,5
1,1,122783,0,0,0,0,0,0,0,0,0,0
1,1,122784,0,0,0,0,0,0,0,0,0,0
2,1,122784,0,0,0,0,0,0,0,0,0,0
0,1,122785,0,31,0,0,0,0,0,0,0,0
1,1,122785,0,0,0,0,0,0,0,0,0,0
1,1,122786,16,21,18,31,0,0,0,0,0,24
1,1,122787,0,0,0,0,0,0,6,7,0,0
2,1,122787,0,0,0,0,0,0,0,0,0,0
1,1,122788,15,15,15,15,15,15,15,15,15,15
1,1,122789,7,15,0,12,0,18,13,17,10,24
2,1,122789,0,0,0,0,0,0,0,0,0,0
1,1,122790,0,0,0,0,0,0,0,0,0,0
2,1,122790,0,0,0,0,0,0,0,0,0,0
1,1,122791,0,0,0,0,0,0,0,0,0,0
2,1,122791,10,0,0,0,0,0,10,0,0,0
1,1,122792,16,16,16,16,16,16,16,16,16,16
0,1,122793,12,12,12,12,12,12,12,12,12,12
1,1,122793,0,0,0,0,0,0,0,0,0,0
1,1,122794,21,21,21,21,21,21,21,21,21,21
2,1,122794,13,13,13,13,13,13,13,13,13,13
1,1,122795,0,0,0,0,0,0,0,0,0,0
2,1,122795,0,0,0,0,0,0,0,0,0,0
1,1,122796,0,0,0,0,0,0,0,0,9,8
1,1,122797,0,0,0,0,0,0,0,15,0,0
2,1,122797,0,0,0,0,0,0,0,0,0,0
0,1,122798,14,14,14,14,14,14,14,14,14,14
1,1,122798,0,0,0,0,0,0,0,0,0,0
1,1,122799,0,0,0,0,0,0,0,0,0,0
2,1,122799,0,0,0,0,0,0,0,0,0,0
1,1,122800,0,0,0,0,0,0,0,0,0,0
2,1,122800,9,0,0,0,0,0,0,0,0,0
1,1,122801,7,7,7,7,7,7,7,7,7,7
2,1,122801,0,3,0,15,0,0,0,8,0,0
1,1,122802,20,7,0,18,16,28,28,16,17,20
1,1,122803,15,0,0,0,0,0,14,11,12,0
1,1,122804,0,0,0,0,0,0,0,0,0,0
2,1,122804,0,0,0,0,0,0,0,0,0,0
1,1,122805,9,0,19,0,0,5,2,7,0,13
0,1,122806,0,0,0,0,0,0,0,0,0,0
1,1,122806,0,0,23,0,0,0,0,0,0,0
1,1,122807,0,0,0,0,0,0,0,0,0,0
2,1,122807,0,0,0,0,0,0,0,0,0,0
3,1,122807,0,0,0,0,0,0,0,0,0,0
0,1,122808,44,44,44,44,44,44,44,44,44,44
1,1,122808,0,0,0,0,0,0,0,0,0,0
0,1,122809,0,0,0,16,0,13,15,22,28,0
1,1,122809,0,0,0,0,0,0,0,0,0,0
1,1,122810,28,28,28,28,28,28,28,28,28,28
1,1,122811,0,0,0,20,16,10,24,0,12,0
1,1,122812,5,5,5,5,5,5,5,5,5,5
1,1,122813,0,0,0,0,0,0,0,0,0,0
2,1,122813,0,0,0,0,0,0,0,0,0,0
1,1,122814,10,8,11,22,0,11,7,10,22,26
1,1,122815,0,0,0,0,0,0,0,0,0,0
0,1,122816,31,31,31,31,31,31,31,31,31,31
1,1,122816,0,0,0,0,0,0,0,0,0,0
1,1,122817,0,0,0,0,0,0,0,0,0,0
2,1,122817,0,0,0,0,0,0,0,0,0,0
1,1,122818,26,26,26,26,26,26,26,26,26,26
2,1,122818,0,0,0,0,0,0,0,0,0,0
0,1,122819,23,23,23,23,23,23,23,23,23,23
1,1,122819,0,0,0,0,0,0,0,0,0,0
1,1,122820,17,18,11,0,12,11,17,20,12,25
2,1,122820,0,0,0,0,0,0,0,0,12,2
1,1,122821,0,0,0,0,13,0,0,0,0,0
2,1,122821,0,0,0,0,0,0,0,0,0,0
1,1,122822,0,0,0,0,0,0,0,0,0,0
2,1,122822,0,0,0,0,0,0,0,0,0,0
0,1,122823,0,0,0,0,0,0,0,0,0,0
1,1,122823,0,0,0,0,0,0,0,0,0,0
1,1,122824,0,0,0,0,0,28,0,0,15,4
0,1,122825,0,0,0,0,0,0,0,0,0,0
1,1,122825,0,0,0,0,0,0,0,0,0,0
1,1,122826,0,0,0,0,0,0,0,0,0,0
0,1,122827,21,21,21,21,21,21,21,21,21,21
1,1,122827,0,0,0,0,0,0,0,0,0,0
1,1,122828,0,0,0,0,0,5,0,0,7,0
2,1,122828,0,0,0,0,0,0,0,0,0,0
0,1,122829,0,0,0,8,0,0,36,0,0,0
0,2,122829,0,0,0,0,0,0,0,0,0,0
1,1,122829,0,0,0,0,0,0,0,0,0,0
2,1,122829,0,0,0,0,0,0,0,0,0,0
1,1,122830,0,0,0,0,0,0,0,0,0,0
2,1,122830,0,0,0,0,0,0,0,0,0,0
1,1,122831,0,23,22,0,0,0,16,0,0,0
0,1,122832,0,9,19,0,0,0,0,0,0,0
1,1,122832,0,0,0,0,0,0,0,0,0,0
1,1,122833,21,23,16,7,0,0,3,11,21,0
1,1,122834,0,0,0,0,0,0,0,0,0,0
2,1,122834,0,0,0,0,0,0,0,0,0,0
0,1,122835,0,0,0,0,0,8,0,0,0,0
1,1,122835,0,0,0,0,0,0,14,0,0,0
2,1,122835,0,0,0,0,0,0,0,0,0,0
3,1,122835,0,0,0,0,0,0,0,0,0,0
1,1,122836,23,23,23,23,23,23,23,23,23,23
1,1,122837,0,0,0,0,0,0,0,0,0,0
1,1,122839,0,0,0,0,0,0,0,0,0,0
2,1,122839,0,0,0,0,0,0,0,0,0,0
1,1,122840,5,5,5,5,5,5,5,5,5,5
0,1,122841,10,12,29,31,19,0,20,24,0,34
1,1,122841,0,12,0,13,0,0,0,0,0,10
1,1,122842,0,0,0,0,0,0,0,0,0,0
1,1,122843,0,0,0,0,0,0,0,0,0,0
2,1,122843,0,0,0,0,0,0,0,0,0,0
1,1,122844,17,17,17,17,17,17,17,17,17,17
2,1,122844,0,4,0,0,0,0,0,11,0,0
1,1,122845,0,0,0,0,0,0,0,0,0,0
1,1,122846,0,0,0,0,0,0,0,0,0,0
0,1,122847,0,0,0,0,0,0,0,0,0,0
1,1,122847,0,0,0,0,0,0,0,0,0,0
1,1,122848,0,0,0,0,0,0,0,0,0,0
2,1,122848,0,0,0,0,0,0,0,0,0,0
1,1,122849,0,0,0,0,0,0,0,0,0,0
2,1,122849,0,0,0,0,0,0,0,0,0,0
1,1,122850,23,0,0,0,11,0,0,0,0,0
2,1,122850,0,0,0,0,0,0,0,0,0,0
3,1,122850,7,0,0,0,0,0,0,0,0,0
4,1,122850,0,0,0,0,0,0,0,0,0,0
1,1,122851,0,0,0,0,0,0,0,0,0,0
0,1,122852,0,0,0,0,0,42,0,0,0,0
1,1,122852,0,0,0,0,0,0,0,0,0,0
0,1,122853,31,43,0,0,0,0,26,19,0,0
1,1,122853,18,0,8,0,0,0,0,0,0,0
1,1,122854,9,9,9,9,9,9,9,9,9,9
1,1,122856,0,0,0,0,0,0,0,0,0,0
2,1,122856,0,0,0,0,0,0,0,0,0,0
3,1,122856,0,0,0,0,0,0,0,0,0,0
1,1,122857,9,10,16,8,22,15,5,8,12,0
0,1,122858,14,0,0,0,19,17,0,10,0,0
1,1,122858,20,20,20,20,20,20,20,20,20,20
1,1,122859,17,17,17,17,17,17,17,17,17,17
2,1,122859,0,0,5,0,0,0,0,0,0,0
1,1,122860,0,0,0,0,0,0,0,0,0,0
2,1,122860,0,13,0,0,0,0,0,0,0,0
3,1,122860,0,0,0,0,0,0,0,0,0,0
3,1,122861,0,0,0,0,0,25,0,0,9,32
1,1,122862,0,0,0,0,0,0,0,0,0,0
2,1,122862,6,19,0,0,0,0,0,0,0,0
1,1,122863,7,0,10,0,22,0,9,7,7,11
0,1,122864,0,0,0,0,0,0,0,0,0,0
1,1,122864,0,0,0,0,0,0,0,0,0,0
1,1,122865,28,0,23,10,17,9,24,0,11,30
1,1,122866,13,13,13,13,13,13,13,13,13,13
1,1,122867,0,0,0,0,0,0,0,0,18,0
2,1,122867,0,0,0,0,0,0,0,0,0,0
3,1,122867,0,0,0,0,0,0,0,0,0,0
1,1,122868,11,11,11,11,11,11,11,11,11,11
0,1,122869,0,20,11,0,12,0,44,0,32,0
1,1,122869,0,0,0,0,0,0,0,0,0,0
0,1,122870,0,0,0,0,0,18,0,0,14,0
1,1,122870,0,7,0,3,0,0,12,0,17,0
0,1,122871,0,0,0,23,0,0,31,0,0,37
1,1,122871,0,0,0,0,0,0,15,13,0,0
0,1,122872,0,0,0,0,0,0,0,0,0,0
1,1,122872,0,0,0,0,0,0,0,0,0,0
1,1,122873,0,0,0,0,0,0,0,0,0,0
2,1,122873,0,0,0,0,0,0,0,0,0,0
3,1,122873,0,0,0,0,0,0,0,0,0,0
1,1,122874,1,1,1,1,1,1,1,1,1,1
1,3,122875,12,8,13,16,9,0,17,24,0,18
0,1,122876,0,0,0,25,0,0,0,0,22,0
1,1,122876,0,0,0,0,0,0,0,5,0,0
0,1,122877,0,0,0,0,0,0,0,0,0,0
1,1,122877,0,0,28,0,0,0,0,0,0,0
0,1,122878,35,12,26,0,48,40,28,16,14,0
0,2,122878,23,18,15,10,11,10,0,7,0,0
1,1,122878,0,0,0,0,0,0,0,0,0,0
0,1,122879,0,16,43,0,0,0,0,19,0,17
1,1,122879,0,0,0,0,0,0,0,0,0,0
2,1,122879,0,0,0,0,0,0,0,0,0,0
3,1,122879,0,0,4,0,0,0,0,0,0,0
1,1,122880,0,0,0,0,0,0,0,0,0,0
2,1,122880,0,0,0,0,0,0,0,0,0,0
0,1,122881,0,0,0,0,0,0,15,32,13,0
1,1,122881,0,0,0,0,9,0,0,0,0,0
1,1,122882,0,0,0,0,0,0,0,0,0,0
2,1,122882,0,0,0,0,0,0,0,0,0,0
3,1,122882,0,0,0,0,0,0,0,0,0,0
1,1,122883,0,0,0,0,0,0,0,0,0,0
2,1,122883,0,0,0,0,0,10,0,0,0,0
1,1,122884,0,0,0,0,0,0,0,0,0,0
2,1,122884,0,0,0,0,0,0,0,0,0,0
3,1,122884,0,0,0,0,0,0,0,0,0,0
4,1,122884,0,0,0,0,0,0,0,0,0,0
0,1,122885,0,0,0,0,0,0,0,0,0,0
1,1,122885,0,0,0,0,0,0,0,7,0,0
1,1,122886,13,13,13,13,13,13,13,13,13,13
1,1,122887,20,0,0,10,0,0,0,0,0,0
0,1,122888,18,18,18,18,18,18,18,18,18,18
1,1,122888,7,7,7,7,7,7,7,7,7,7
1,1,122889,0,6,0,6,0,0,0,14,0,0
0,1,122890,0,0,0,0,12,0,0,0,0,0
0,2,122890,0,0,0,0,0,0,9,0,0,0
1,1,122890,0,0,6,0,4,0,0,9,18,0
4,1,122890,4,23,0,0,0,0,0,14,0,0
1,1,122891,12,0,16,2,0,0,0,0,21,0
2,1,122891,0,0,0,0,0,0,0,0,0,0
1,1,122892,0,0,0,0,0,0,0,0,0,0
2,1,122892,0,0,0,0,0,0,0,0,0,0
1,1,122893,0,0,0,0,0,0,0,0,0,0
2,1,122893,0,0,0,0,0,0,0,0,0,0
1,1,122895,0,0,0,0,0,0,0,0,0,0
0,1,122896,22,16,0,0,0,0,6,0,0,0
1,1,122896,0,0,0,0,0,0,0,0,0,0
1,1,122898,24,24,24,24,24,24,24,24,24,24
2,1,122898,0,0,0,5,0,0,0,0,0,0
0,1,122899,0,0,0,0,0,0,0,0,0,0
1,1,122899,0,0,0,0,0,0,0,0,0,0
1,1,122900,0,0,0,23,0,0,0,12,0,0
1,1,122901,0,0,7,0,0,0,0,0,0,0
1,1,122902,0,0,0,0,0,0,0,0,0,0
2,1,122902,0,0,0,0,0,0,0,0,0,0
1,1,122903,11,30,0,0,16,0,0,15,0,0
2,1,122903,0,0,0,0,0,0,0,0,0,0
1,1,122904,0,0,7,0,10,0,0,0,0,0
1,1,122905,0,0,18,19,0,0,28,0,14,0
1,1,122906,0,0,0,0,0,0,0,0,0,0
1,1,122907,0,0,0,0,0,0,0,0,0,0
2,1,122907,0,0,0,0,0,0,0,0,0,0
1,1,122908,0,0,0,0,0,0,0,0,0,0
2,1,122908,10,10,10,10,10,10,10,10,10,10
1,1,122910,0,0,0,0,0,0,0,0,0,12
2,1,122910,0,0,0,0,0,0,0,0,0,0
0,1,122911,24,24,24,24,24,24,24,24,24,24
1,1,122911,0,0,0,0,0,0,0,14,0,18
1,1,122912,0,0,0,0,0,0,0,18,17,0
2,1,122912,0,0,19,0,0,0,0,0,14,0
3,1,122912,0,0,0,0,0,0,0,0,0,0
0,1,122913,0,0,0,0,0,0,0,0,0,29
1,1,122913,0,0,0,0,0,0,0,0,0,0
1,1,122914,0,0,0,0,0,0,0,0,0,0
1,1,122915,0,0,0,0,0,0,0,0,0,0
0,1,122916,13,0,16,0,27,0,0,30,0,0
1,1,122916,0,0,0,0,0,0,0,0,0,0
0,1,122917,7,7,7,7,7,7,7,7,7,7
1,1,122917,0,0,0,0,0,0,11,0,0,0
1,1,122918,0,0,0,0,0,0,0,11,0,0
0,1,122919,0,10,16,13,0,0,0,18,0,9
1,1,122919,0,0,0,0,0,0,0,0,0,0
1,1,122920,0,0,0,0,0,0,0,0,0,0
2,1,122920,0,0,0,0,0,0,3,0,0,7
1,1,122921,0,0,0,0,0,0,0,0,0,0
2,1,122921,0,0,0,0,0,0,0,0,0,0
1,1,122922,0,0,0,0,0,0,0,0,0,0
2,1,122922,0,0,0,0,0,0,0,0,0,0
1,1,122923,0,17,0,0,0,0,0,0,0,0
2,1,122923,0,0,0,0,0,0,0,0,0,0
3,1,122923,0,0,0,0,0,0,0,0,0,0
1,1,122924,0,0,0,0,0,0,0,0,0,0
2,1,122924,0,0,0,0,0,5,0,0,0,0
3,1,122924,0,0,0,0,0,0,0,0,0,0
1,1,122925,0,0,0,0,0,0,0,0,0,0
2,1,122925,0,0,0,0,0,0,0,0,0,0
1,1,122926,0,23,0,0,0,0,13,0,0,4
1,1,122927,0,0,0,0,0,0,0,0,8,6
2,1,122927,0,0,0,0,0,0,0,0,0,0
1,1,122928,19,19,19,19,19,19,19,19,19,19
1,1,122930,0,0,6,4,10,0,0,0,0,0
1,1,122932,21,21,21,21,21,21,21,21,21,21
2,1,122932,7,0,0,0,5,9,0,0,9,0
1,1,122933,17,0,26,0,0,37,0,0,2,0
0,1,122934,17,0,0,0,14,25,14,18,0,0
1,1,122934,0,0,0,0,0,0,0,0,0,0
1,1,122935,20,20,20,20,20,20,20,20,20,20
1,1,122936,0,0,0,0,0,0,0,0,0,0
1,1,122937,0,0,0,0,0,0,0,0,0,0
2,1,122937,0,0,0,0,0,0,0,0,0,0
3,1,122937,0,0,0,0,0,0,0,0,0,0
4,1,122937,0,0,0,0,0,0,0,0,0,0
1,1,122938,16,16,16,16,16,16,16,16,16,16
1,1,122939,0,0,0,0,0,0,0,0,0,0
2,1,122939,0,0,0,0,0,0,0,0,0,0
1,1,122940,21,21,21,21,21,21,21,21,21,21
2,1,122940,0,0,0,0,0,0,0,0,0,0
1,1,122941,0,0,0,0,0,0,0,0,0,0
1,1,122942,0,0,0,0,0,0,0,0,0,0
2,1,122942,0,0,0,0,0,0,0,0,0,0
1,1,122943,0,0,0,0,0,0,0,0,0,0
1,1,122944,2,2,2,2,2,2,2,2,2,2
0,1,122945,0,0,0,0,0,0,0,0,0,0
1,1,122945,3,7,15,0,0,0,5,11,6,14
1,1,122946,11,11,11,11,11,11,11,11,11,11
1,1,122947,0,0,0,0,0,0,0,0,0,0
2,1,122947,0,0,0,0,0,0,0,0,0,0
1,1,122948,0,0,0,0,0,0,0,0,0,0
1,1,122949,0,0,0,0,0,0,0,0,0,0
1,1,122950,14,14,14,14,14,14,14,14,14,14
2,1,122950,0,0,11,0,0,0,0,0,0,0
3,1,122950,0,0,0,16,0,0,0,0,0,0
0,1,122951,2,2,2,2,2,2,2,2,2,2
0,2,122951,0,0,0,0,17,0,0,16,0,0
0,3,122951,0,29,0,0,0,0,2,0,1,0
0,4,122951,0,0,0,0,5,2,0,0,0,0
1,1,122951,0,0,0,0,0,0,0,0,0,0
1,1,122952,0,0,0,0,0,0,0,0,0,0
2,1,122952,24,0,0,0,0,0,14,37,0,0
1,1,122953,0,0,0,0,0,0,0,0,0,0
2,1,122953,0,0,0,0,0,0,0,0,0,0
1,1,122954,0,0,0,0,0,0,0,0,0,0
2,1,122954,0,0,0,0,4,0,0,0,0,0
3,1,122954,0,0,0,0,0,0,0,0,0,0
4,1,122954,0,0,0,0,0,0,0,0,0,0
5,1,122954,0,0,0,0,0,0,0,0,0,0
0,1,122955,0,28,24,0,0,9,4,0,0,0
1,1,122955,0,0,0,0,0,0,0,0,0,0
2,1,122955,0,0,0,0,0,17,0,0,0,0
1,1,122956,13,0,0,0,8,0,0,0,12,0
2,1,122956,0,0,0,0,0,0,0,0,0,0
0,1,122957,0,34,36,18,19,0,0,0,23,21
1,1,122957,19,6,13,14,26,11,18,8,11,21
1,1,122958,0,0,0,0,0,0,0,0,0,0
1,1,122959,21,21,21,21,21,21,21,21,21,21
2,1,122959,0,0,0,0,0,0,0,0,0,0
1,1,122960,0,0,0,0,0,0,0,0,15,0
0,1,122961,13,13,13,13,13,13,13,13,13,13
1,1,122961,0,0,0,0,0,0,0,0,0,0
1,1,122962,10,10,10,10,10,10,10,10,10,10
1,1,122963,0,0,0,0,8,0,14,0,0,0
2,1,122963,0,0,0,13,0,0,0,0,0,0
1,1,122964,0,0,0,0,0,0,12,0,0,0
2,1,122964,0,0,0,0,0,0,0,0,0,0
1,1,122965,0,0,0,0,0,0,0,0,0,0
0,1,122966,0,0,0,0,0,0,0,0,0,0
1,1,122966,0,0,0,0,0,0,0,0,0,0
1,1,122967,0,14,0,2,8,0,0,0,7,0
1,1,122968,21,21,21,21,21,21,21,21,21,21