VEH_NO,PER_NO,ST_CASE,P1,P2,P3,P4,P5,P6,P7,P8,P9,P10
1,1,122969,0,0,0,0,0,0,0,0,0,0
1,1,122970,50,50,50,50,50,50,50,50,50,50
1,1,122971,0,0,0,0,0,0,0,0,0,3
2,1,122971,0,0,0,0,0,0,0,0,0,0
1,1,122972,25,25,25,25,25,25,25,25,25,25
2,1,122972,0,0,0,0,0,0,0,0,0,0
1,1,122973,12,0,0,0,0,0,0,0,0,0
0,1,122974,0,0,0,0,0,0,0,0,0,0
1,1,122974,0,0,0,15,0,0,0,0,0,0
0,1,122975,18,18,18,18,18,18,18,18,18,18
1,1,122975,8,8,8,8,8,8,8,8,8,8
1,1,122976,0,0,0,0,0,0,0,0,0,0
2,1,122976,0,0,0,0,0,0,0,0,0,0
1,1,122977,0,0,0,5,0,0,0,0,15,0
1,1,122978,0,0,0,0,0,0,0,0,0,0
2,1,122978,0,0,0,0,0,0,0,0,0,0
0,1,122979,5,5,5,5,5,5,5,5,5,5
1,1,122979,0,0,14,16,0,0,0,0,0,0
1,1,122980,0,0,0,0,0,0,9,0,0,7
2,1,122980,0,0,0,0,0,0,0,0,0,0
1,1,122981,0,0,0,0,0,0,15,0,0,0
0,1,122982,0,18,0,4,0,0,0,0,0,0
1,1,122982,0,0,0,15,14,0,0,0,0,14
1,1,122983,0,0,6,0,0,7,10,10,0,0
1,1,122984,27,27,27,27,27,27,27,27,27,27
1,1,122985,18,18,18,18,18,18,18,18,18,18
0,1,122986,0,0,0,0,0,0,0,0,0,0
1,1,122986,0,0,0,0,0,0,0,0,0,0
2,1,122986,0,0,0,0,0,0,0,0,0,0
1,1,122987,0,0,0,0,0,0,0,0,0,0
2,1,122987,0,0,0,0,0,13,0,0,0,0
1,1,122988,30,30,30,30,30,30,30,30,30,30
2,1,122988,0,0,0,0,0,0,0,0,0,0
3,1,122988,0,0,0,0,0,0,0,0,0,0
0,1,122989,0,0,23,17,0,0,0,0,0,21
1,1,122989,0,0,0,0,0,0,0,0,0,0
1,1,122990,0,0,0,0,0,0,0,0,0,0
2,1,122990,0,0,0,0,0,0,0,0,0,0
0,1,122991,0,0,0,0,0,0,0,0,0,0
1,1,122991,13,0,0,0,0,0,0,0,0,0
1,1,122992,0,0,0,0,0,0,0,0,0,22
1,1,122993,0,0,0,1,0,0,0,0,0,0
2,1,122993,0,0,0,0,0,0,0,0,0,0
1,1,122994,13,13,13,13,13,13,13,13,13,13
2,1,122994,0,0,0,0,0,0,0,0,0,0
3,1,122994,0,0,0,27,0,0,0,0,0,13
0,1,122995,22,22,22,22,22,22,22,22,22,22
1,1,122995,0,7,0,0,0,0,0,0,7,0
1,1,122996,0,0,0,0,0,0,0,0,0,0
2,1,122996,0,0,9,0,0,0,0,9,0,0
1,1,122997,15,15,15,15,15,15,15,15,15,15
1,1,122998,0,0,0,0,0,0,0,0,0,0
0,1,122999,24,24,24,24,24,24,24,24,24,24
1,1,122999,0,0,0,0,0,0,0,0,0,0
0,1,123000,0,0,11,3,8,28,26,36,21,0
1,1,123000,0,0,0,0,0,0,0,0,0,0
0,1,123001,0,0,0,0,13,0,0,0,0,0
0,2,123001,3,0,0,0,0,0,0,0,0,0
0,3,123001,0,0,0,0,0,0,0,0,0,0
1,1,123001,12,12,12,12,12,12,12,12,12,12
1,1,123002,0,0,0,0,0,20,0,0,0,0
1,1,123003,0,0,0,0,0,0,0,0,0,0
2,1,123003,0,0,0,0,0,0,0,0,0,0
0,1,123004,0,0,0,0,0,0,0,0,0,0
1,1,123004,0,0,0,0,0,0,0,0,0,0
1,1,123005,3,3,3,3,3,3,3,3,3,3
2,1,123005,0,0,0,0,0,0,0,0,0,0
1,1,123006,0,0,0,0,0,0,0,0,0,0
2,1,123006,0,0,0,0,0,0,15,0,0,0
1,1,123007,5,5,5,5,5,5,5,5,5,5
0,1,123008,0,20,0,27,0,16,7,35,24,48
1,1,123008,0,0,0,0,25,0,0,0,0,0
2,1,123008,0,0,0,6,5,0,0,6,10,0
3,1,123008,0,0,21,8,0,0,0,0,0,6
1,1,123009,0,0,8,0,0,0,0,0,0,0
2,1,123009,0,0,0,0,0,0,0,0,0,0
1,1,123010,28,28,28,28,28,28,28,28,28,28
1,1,123011,0,0,0,0,0,0,0,0,0,0
1,1,123012,0,0,0,0,0,0,0,0,0,0
1,1,123013,0,0,0,0,0,0,0,0,0,0
2,1,123013,0,0,0,0,0,0,0,0,0,0
3,1,123013,0,18,0,0,0,0,0,0,0,0
1,1,123014,0,0,0,0,0,0,0,0,0,0
0,1,123015,0,0,0,0,0,0,0,0,18,7
1,1,123015,0,0,0,0,0,0,0,0,0,0
1,1,123016,0,0,0,0,0,0,0,0,0,0
2,1,123016,0,0,0,0,0,0,0,0,0,0
1,1,123017,0,0,26,0,0,0,0,0,0,0
2,1,123017,0,0,0,0,0,0,0,0,0,0
0,1,130001,0,0,0,0,0,0,0,0,0,0
1,1,130001,0,0,0,0,0,8,0,0,0,0
1,1,130002,0,0,0,0,0,0,0,0,0,0
2,1,130002,0,0,0,0,0,0,0,0,0,0
1,1,130003,4,0,0,0,0,0,0,0,0,0
2,1,130003,0,0,0,0,0,0,0,0,0,0
1,1,130004,0,0,0,0,0,0,0,0,0,21
1,1,130005,0,0,0,0,0,0,0,0,0,0
1,1,130006,0,0,0,0,0,0,0,0,0,0
2,1,130006,0,0,0,0,0,0,0,0,0,0
1,1,130007,0,0,0,0,0,0,0,0,0,0
2,1,130007,0,0,0,0,0,0,0,0,0,0
1,1,130008,0,0,0,0,0,0,0,0,0,0
2,1,130008,0,0,0,0,0,0,0,29,19,0
1,1,130009,0,0,9,0,0,0,0,0,0,0
1,1,130010,12,0,0,7,0,0,0,0,0,12
2,1,130010,0,0,0,0,0,0,0,0,0,0
1,1,130011,0,0,0,0,0,0,0,0,0,0
2,1,130011,0,0,0,0,0,0,0,0,0,0
3,1,130011,0,0,21,0,0,0,0,0,0,0
0,1,130012,6,0,0,0,0,0,15,0,0,0
1,1,130012,6,6,6,6,6,6,6,6,6,6
1,1,130013,0,0,0,0,0,0,0,0,0,0
1,1,130014,0,0,0,0,0,0,0,21,0,0
1,1,130015,22,22,22,22,22,22,22,22,22,22
1,1,130016,0,0,0,0,0,0,0,0,0,0
1,1,130017,0,0,0,0,0,0,0,0,0,0
0,1,130018,0,0,0,0,0,0,0,0,0,0
1,1,130018,0,0,0,0,0,0,0,0,0,0
1,1,130019,18,18,18,18,18,18,18,18,18,18
0,1,130020,39,39,39,39,39,39,39,39,39,39
1,1,130020,0,0,0,0,0,0,0,0,0,0
0,1,130021,16,29,0,0,21,31,29,0,17,19
1,1,130021,0,0,0,0,0,0,0,0,0,0
0,1,130022,0,0,0,14,0,0,0,0,0,0
1,1,130022,0,0,0,0,0,0,0,0,0,0
1,1,130023,0,0,0,0,0,0,0,0,0,0
2,1,130023,0,0,0,0,0,0,0,0,0,0
1,1,130024,0,0,0,0,0,0,0,0,0,0
2,1,130024,0,0,0,0,0,0,0,0,0,0
1,1,130025,0,0,0,0,0,0,0,0,0,0
2,1,130025,0,0,0,0,0,0,0,0,0,0
1,1,130026,0,0,0,0,0,0,0,0,0,0
2,1,130026,0,0,0,0,0,0,0,0,0,0
1,1,130027,0,0,0,0,0,0,0,0,0,0
2,1,130027,0,6,0,0,5,0,0,0,0,0
3,1,130027,0,0,0,0,0,0,0,0,0,0
1,1,130028,0,0,0,0,15,0,0,0,0,0
2,1,130028,0,0,0,0,0,0,0,0,0,0
1,1,130029,0,0,0,0,0,0,0,0,0,0
1,1,130030,17,0,27,7,5,26,25,13,12,16
1,1,130031,0,0,0,0,0,0,0,0,0,0
2,1,130031,0,0,0,23,0,10,0,44,43,0
3,1,130031,0,0,0,0,0,0,0,0,0,0
1,1,130032,23,14,12,6,19,15,13,9,6,6
1,1,130033,23,15,27,11,17,23,0,6,15,12
0,1,130034,0,0,0,0,0,0,0,0,0,0
1,1,130034,0,0,0,0,0,0,0,13,0,26
1,1,130035,33,33,33,33,33,33,33,33,33,33
1,1,130036,0,0,0,0,0,0,0,0,0,0
1,1,130037,0,0,0,0,18,0,0,0,0,6
1,1,130038,23,23,23,23,23,23,23,23,23,23
1,1,130039,24,24,24,24,24,24,24,24,24,24
0,1,130040,0,0,0,0,0,0,0,0,0,0
1,1,130040,0,0,0,0,0,0,0,0,0,7
0,1,130041,22,0,0,0,0,0,0,0,21,21
1,1,130041,0,18,0,0,0,0,0,0,0,0
0,1,130042,13,13,13,13,13,13,13,13,13,13
1,1,130042,0,0,0,0,0,0,0,0,0,0
1,1,130043,0,0,0,0,0,0,0,0,0,0
2,1,130043,0,0,0,0,0,0,0,0,0,5
3,1,130043,0,0,0,0,0,0,0,0,0,0
1,1,130044,0,0,0,0,0,0,0,9,0,0
1,1,130045,0,0,0,0,0,0,0,0,0,0
2,1,130045,0,7,0,0,0,0,0,14,0,0
1,1,130046,16,16,16,16,16,16,16,16,16,16
1,1,130047,0,0,0,0,0,0,0,0,0,0
2,1,130047,2,0,0,0,8,0,0,0,0,17
1,1,130048,0,0,0,0,0,0,0,0,0,0
2,1,130048,0,0,0,0,18,0,0,21,0,0
1,1,130049,0,0,0,0,0,0,0,0,0,0
1,1,130050,14,19,16,11,12,16,2,13,3,31
1,1,130051,0,0,0,0,0,0,0,0,0,0
2,1,130051,0,0,0,0,0,0,0,0,0,0
1,1,130052,4,0,0,6,4,29,13,19,0,21
1,1,130053,2,2,2,2,2,2,2,2,2,2
1,1,130054,30,30,30,30,30,30,30,30,30,30
2,1,130054,0,0,21,0,0,0,0,14,0,0
1,1,130055,0,0,0,0,0,0,0,0,0,0
1,1,130056,0,0,0,0,0,0,0,0,0,0
2,1,130056,0,0,0,0,0,0,0,0,0,0
1,1,130057,0,0,0,0,0,0,0,0,21,0
1,1,130058,0,0,0,0,0,0,0,0,0,0
1,1,130059,0,0,0,0,0,0,0,0,0,0
1,1,130060,3,3,3,3,3,3,3,3,3,3
1,1,130061,0,0,0,0,0,0,0,0,0,0
2,1,130061,0,0,0,0,0,0,0,0,0,0
0,1,130062,20,20,20,20,20,20,20,20,20,20
1,1,130062,0,0,0,0,0,0,0,0,0,0
1,1,130063,0,0,0,0,0,0,0,0,0,0
1,1,130064,0,0,0,0,0,0,2,8,0,0
2,1,130064,0,0,0,0,4,0,0,0,0,0
1,1,130065,0,0,0,0,0,0,0,0,0,0
2,1,130065,0,0,0,24,0,0,0,0,0,0
1,1,130066,13,13,13,13,13,13,13,13,13,13
1,1,130067,0,0,0,0,0,0,0,0,0,0
1,1,130068,0,0,0,0,0,0,0,0,0,0
1,1,130069,0,0,0,0,0,0,0,0,0,0
2,1,130069,7,0,0,0,0,0,0,8,10,0
1,1,130070,22,22,22,22,22,22,22,22,22,22
1,1,130071,21,21,21,21,21,21,21,21,21,21
1,1,130072,0,0,0,0,0,0,0,0,0,0
2,1,130072,0,0,0,0,0,0,0,0,0,0
1,1,130073,0,0,0,0,0,0,0,0,0,0
1,1,130074,32,32,32,32,32,32,32,32,32,32
2,1,130074,0,0,0,0,0,0,0,0,0,0
1,1,130075,26,26,26,26,26,26,26,26,26,26
1,1,130076,0,0,0,0,0,0,0,0,0,0
2,1,130076,0,0,0,0,0,0,0,0,0,0
1,1,130077,0,0,0,0,0,0,0,0,0,0
2,1,130077,0,0,0,0,0,0,0,0,0,0
1,1,130078,0,0,0,0,0,0,0,0,0,0
2,1,130078,0,0,0,0,0,0,0,0,0,0
1,1,130079,0,0,0,0,0,0,0,0,0,0
2,1,130079,0,0,0,0,0,0,0,10,0,0
0,1,130080,21,21,21,21,21,21,21,21,21,21
1,1,130080,0,0,0,0,0,0,0,0,0,0
1,1,130081,23,23,23,23,23,23,23,23,23,23
1,1,130082,0,0,0,0,0,0,0,10,0,0
1,1,130083,0,0,0,0,0,0,0,0,0,0
2,1,130083,24,0,0,0,0,10,0,0,0,0
1,1,130084,17,17,17,17,17,17,17,17,17,17
1,1,130085,0,0,0,0,0,0,0,0,0,0
2,1,130085,0,0,0,0,7,0,0,0,0,0
1,1,130086,0,0,15,0,0,0,0,0,0,0
1,1,130087,0,0,0,0,0,0,0,0,0,0
1,1,130088,0,0,0,0,0,0,0,0,0,0
1,1,130089,0,0,0,0,0,0,0,0,0,0
2,1,130089,0,10,0,0,0,0,13,0,0,0
1,1,130090,0,0,0,0,0,0,0,0,0,0
2,1,130090,0,0,0,19,0,0,0,0,0,0
0,1,130091,0,0,0,0,0,0,0,0,0,0
1,1,130091,0,0,0,0,0,0,0,0,0,0
1,1,130092,26,26,26,26,26,26,26,26,26,26
1,1,130093,9,26,18,10,24,2,10,12,21,14
1,1,130094,12,12,12,12,12,12,12,12,12,12
1,1,130095,0,0,0,0,0,0,0,0,0,0
2,1,130095,0,0,0,0,0,0,0,0,0,0
1,1,130096,0,0,0,0,0,0,0,0,0,0
0,1,130097,0,0,0,0,0,0,0,0,0,0
1,1,130097,0,0,0,0,0,0,0,10,0,0
1,1,130098,17,17,17,17,17,17,17,17,17,17
0,1,130099,28,28,28,28,28,28,28,28,28,28
1,1,130099,0,0,0,0,0,0,0,0,0,0
1,1,130100,0,0,0,0,0,0,0,0,0,0
1,1,130101,0,0,0,0,0,0,0,0,19,22
0,1,130102,6,9,0,0,0,0,0,0,0,0
2,1,130102,0,8,0,0,0,0,0,0,0,0
1,1,130103,8,8,8,8,8,8,8,8,8,8
1,1,130104,0,0,0,14,0,0,0,0,0,0
2,1,130104,0,14,0,28,0,13,21,0,16,0
3,1,130104,0,0,0,0,0,0,0,0,0,0
0,1,130105,40,40,40,40,40,40,40,40,40,40
1,1,130105,0,0,0,13,0,0,0,0,0,24
1,1,130106,23,23,23,23,23,23,23,23,23,23
1,1,130107,0,13,17,0,10,23,0,0,0,9
1,1,130108,33,33,33,33,33,33,33,33,33,33
0,1,130109,0,19,0,0,0,14,0,0,0,0
1,1,130109,0,0,0,0,0,0,0,0,0,0
2,1,130109,0,0,0,0,0,0,20,28,0,0
1,1,130110,0,0,0,0,0,0,0,0,0,0
2,1,130110,0,0,0,0,0,0,0,0,0,0
1,1,130111,0,0,0,0,0,0,0,0,0,0
0,1,130112,0,24,21,0,0,40,0,0,0,0
1,1,130112,0,0,0,0,0,0,0,0,0,0
1,1,130113,31,31,31,31,31,31,31,31,31,31
1,1,130114,0,0,0,0,0,0,0,0,0,0
2,1,130114,0,0,0,14,0,0,0,0,0,0
3,1,130114,0,0,0,0,0,0,0,0,0,9
4,1,130114,0,0,0,0,0,0,0,0,0,0
5,1,130114,0,0,0,0,0,0,0,0,0,0
1,1,130115,17,17,17,17,17,17,17,17,17,17
1,1,130116,18,18,18,18,18,18,18,18,18,18
1,1,130117,4,4,4,4,4,4,4,4,4,4
1,1,130118,0,0,0,0,0,0,0,0,0,0
2,1,130118,4,4,4,4,4,4,4,4,4,4
1,1,130119,0,0,0,0,0,0,0,0,0,0
2,1,130119,0,0,0,0,0,0,0,0,0,0
0,1,130120,0,22,0,0,0,0,0,0,0,0
0,2,130120,0,0,9,0,12,0,0,0,0,0
1,1,130120,0,0,0,0,0,0,0,0,0,0
1,1,130121,0,0,0,0,0,0,0,0,0,0
2,1,130121,0,0,0,0,0,0,0,0,0,0
1,1,130122,0,0,0,0,0,0,0,0,0,0
2,1,130122,0,0,0,0,0,0,0,0,0,0
1,1,130123,0,36,0,0,0,12,10,0,39,0
1,1,130124,0,0,0,0,0,0,0,0,0,0
2,1,130124,0,0,0,0,0,0,0,0,0,0
1,1,130125,0,0,0,0,0,0,0,0,0,0
2,1,130125,0,0,0,0,0,0,0,0,0,0
1,1,130126,0,0,0,0,0,0,0,0,0,0
2,1,130126,0,0,0,0,0,0,0,0,0,0
0,1,130127,0,0,0,0,0,0,0,0,0,0
1,1,130127,0,0,0,0,0,0,0,0,0,0
1,1,130128,19,41,14,23,0,12,0,0,22,21
0,1,130129,43,43,43,43,43,43,43,43,43,43
1,1,130129,0,0,0,0,0,0,0,0,0,0
1,1,130130,7,22,12,0,61,0,30,0,0,8
1,1,130131,0,0,0,0,0,0,0,0,0,0
2,1,130131,0,0,0,0,0,0,0,0,0,0
0,1,130132,5,5,5,5,5,5,5,5,5,5
1,1,130132,0,0,0,0,0,0,0,0,0,0
1,1,130133,7,34,0,0,26,0,36,0,12,10
2,1,130133,0,6,0,11,0,10,9,23,23,0
1,1,130134,24,24,24,24,24,24,24,24,24,24
1,1,130135,23,23,23,23,23,23,23,23,23,23
2,1,130135,10,10,10,10,10,10,10,10,10,10
1,1,130136,0,0,0,0,0,0,0,0,0,0
1,1,130137,22,22,22,22,22,22,22,22,22,22
1,1,130138,0,0,0,0,0,0,0,0,0,0
2,1,130138,0,0,0,0,0,0,0,0,0,0
1,1,130139,0,0,0,0,0,0,0,0,0,0
1,1,130140,0,0,0,0,0,0,0,0,0,0
1,1,130141,12,27,0,0,0,0,16,0,0,0
1,1,130142,0,0,0,3,0,13,0,17,0,0
1,1,130143,0,0,0,0,0,0,0,0,0,0
2,1,130143,0,0,0,0,0,0,0,0,0,0
3,1,130143,0,0,0,0,0,0,0,0,0,0
1,1,130144,23,0,17,0,0,23,0,0,0,0
1,1,130145,0,0,0,0,0,0,0,0,0,0
1,1,130146,18,18,18,18,18,18,18,18,18,18
1,1,130147,0,0,0,0,0,0,0,0,0,0
2,1,130147,0,0,0,0,0,0,0,0,0,0
1,1,130148,34,34,34,34,34,34,34,34,34,34
2,1,130148,0,0,0,0,6,0,0,7,0,0
3,1,130148,0,0,0,0,0,0,14,0,0,0
1,1,130149,0,0,0,0,0,0,0,0,0,0
2,1,130149,0,0,0,0,0,0,0,0,6,0
1,1,130150,0,0,0,0,0,0,0,0,0,0
2,1,130150,0,0,0,0,0,0,0,0,0,0
1,1,130151,0,0,0,0,0,0,0,0,0,0
0,1,130152,0,34,0,20,0,0,0,0,0,0
2,1,130152,0,0,0,0,0,0,0,0,0,0
1,1,130153,0,0,0,0,0,0,0,0,0,0
2,1,130153,0,0,0,0,0,0,0,0,0,0
1,1,130154,32,32,32,32,32,32,32,32,32,32
1,1,130155,0,0,0,0,0,0,0,0,0,0
2,1,130155,0,0,0,0,0,0,0,0,0,0
1,1,130156,0,0,0,0,0,0,0,0,0,0
2,1,130156,0,0,0,0,0,0,0,0,0,0
0,1,130157,32,32,32,32,32,32,32,32,32,32
1,1,130157,0,0,0,0,0,12,0,0,0,0
1,1,130158,0,0,0,0,0,0,0,0,0,0
1,1,130159,0,0,0,0,0,0,0,0,0,0
2,1,130159,0,0,0,0,0,0,0,0,0,0
1,1,130160,0,0,0,0,0,0,0,0,0,0
2,1,130160,0,0,0,0,0,0,0,0,0,0
1,1,130161,0,0,0,0,0,0,0,0,0,0
2,1,130161,0,0,0,0,0,0,0,0,0,0
3,1,130161,0,0,0,0,0,0,0,0,0,0
1,1,130162,0,0,0,0,0,0,0,0,0,0
2,1,130162,10,10,10,10,10,10,10,10,10,10
0,1,130163,0,0,0,0,0,0,0,0,0,0
1,1,130163,0,0,0,0,0,0,0,0,0,0
1,1,130164,0,0,0,0,0,0,0,0,0,0
2,1,130164,0,0,0,0,0,0,0,0,0,0
3,1,130164,0,0,0,0,0,0,0,0,0,0
1,1,130165,15,15,15,15,15,15,15,15,15,15
2,1,130165,0,0,0,0,0,0,0,0,0,0
1,1,130166,0,0,0,0,0,0,0,0,0,0
2,1,130166,0,0,0,0,0,0,0,0,0,0
3,1,130166,0,0,0,0,0,0,0,0,0,0
4,1,130166,0,0,0,0,0,0,0,0,0,0
5,1,130166,0,0,0,0,0,5,0,0,0,0
1,1,130167,0,0,0,0,0,0,0,0,0,0
1,1,130168,0,0,0,0,0,0,0,0,0,0
1,1,130169,0,0,0,0,0,0,0,0,0,0
2,1,130169,0,0,0,0,0,0,0,0,0,0
1,1,130170,0,0,0,0,0,0,17,0,0,0
1,1,130171,0,0,0,0,0,0,0,0,0,14
2,1,130171,0,0,0,0,0,0,0,0,0,0
1,1,130172,0,0,0,0,0,0,0,0,0,0
2,1,130172,0,0,0,0,0,0,0,0,0,0
1,1,130173,0,0,0,7,0,0,0,0,0,0
1,1,130174,0,0,0,0,0,0,0,0,3,0
1,1,130175,0,0,0,0,0,0,0,0,0,0
1,1,130176,0,0,0,0,0,0,0,0,0,0
2,1,130176,0,6,0,0,0,0,0,0,0,0
1,1,130177,0,0,0,0,0,0,0,0,0,0
2,1,130177,0,0,0,0,0,0,0,0,0,0
1,1,130178,19,19,19,19,19,19,19,19,19,19
1,1,130179,0,0,0,0,0,0,0,0,0,0
2,1,130179,2,2,2,2,2,2,2,2,2,2
1,1,130180,13,13,13,13,13,13,13,13,13,13
1,1,130181,18,18,18,18,18,18,18,18,18,18
0,1,130182,16,16,16,16,16,16,16,16,16,16
1,1,130182,0,0,0,0,0,0,0,0,0,0
1,1,130183,0,0,0,0,0,0,0,0,0,0
2,1,130183,0,0,0,0,0,0,0,0,0,0
1,1,130184,0,0,0,0,0,0,0,0,0,0
2,1,130184,0,0,0,0,0,0,0,0,0,0
0,1,130185,0,0,0,0,0,0,0,0,0,0
1,1,130185,0,0,0,0,0,0,0,0,0,0
1,1,130186,0,0,0,0,0,0,0,0,0,0
2,1,130186,0,0,0,0,0,0,0,0,0,0
1,1,130187,22,22,22,22,22,22,22,22,22,22
1,1,130188,18,18,18,18,18,18,18,18,18,18
1,1,130189,25,25,25,25,25,25,25,25,25,25
2,1,130189,0,0,0,0,0,0,0,0,0,0
3,1,130189,0,0,0,0,0,0,0,9,0,0
1,3,130190,10,22,38,24,14,12,17,0,12,14
1,1,130191,0,0,0,0,0,0,0,0,0,0
2,1,130191,0,0,0,0,0,10,0,0,0,0
0,1,130192,0,23,11,43,14,21,18,0,38,0
1,1,130192,0,0,0,0,0,0,0,0,0,0
1,1,130193,22,0,0,0,0,0,20,0,0,0
1,1,130194,23,23,23,23,23,23,23,23,23,23
2,1,130194,0,0,0,0,0,0,0,0,0,0
1,1,130195,21,21,21,21,21,21,21,21,21,21
2,1,130195,0,0,0,0,0,0,0,0,0,0
1,1,130196,0,0,0,0,0,0,0,0,0,0
2,1,130196,0,0,0,0,0,0,0,0,0,0
3,1,130196,0,0,0,0,0,0,0,0,0,0
0,1,130197,24,0,27,8,11,0,55,0,26,28
1,1,130197,6,0,5,9,0,0,0,0,0,0
1,1,130198,12,10,13,13,0,4,7,20,9,11
1,1,130199,0,0,0,0,0,0,0,0,0,0
2,1,130199,0,0,0,0,0,0,0,0,0,15
1,1,130200,10,10,10,10,10,10,10,10,10,10
1,1,130201,8,0,26,15,0,0,0,0,0,0
1,1,130202,0,0,0,0,0,0,0,0,0,0
2,1,130202,0,0,0,0,0,0,0,0,0,0
1,1,130203,0,9,0,0,4,0,0,0,10,13
1,1,130204,0,0,0,0,0,0,0,0,0,0
2,1,130204,0,0,0,0,0,0,0,0,0,0
1,1,130205,0,0,0,0,0,0,0,0,0,0
2,1,130205,0,9,8,10,0,0,0,0,0,21
1,1,130206,0,0,0,0,0,0,0,0,0,0
2,1,130206,0,0,0,0,0,0,0,0,0,0
1,1,130207,0,0,0,0,0,0,0,6,0,0
2,1,130207,0,0,0,0,0,0,0,0,0,0
1,1,130208,0,0,0,0,0,0,0,0,0,0
2,1,130208,0,0,0,0,0,0,0,0,0,0
3,1,130208,0,0,0,0,0,0,0,0,0,0
1,1,130209,0,17,0,0,0,0,0,0,0,0
2,1,130209,0,0,0,0,0,0,0,0,0,0
0,1,130210,0,0,0,0,0,0,0,0,0,0
1,1,130210,0,0,0,0,0,0,0,0,0,0
1,1,130211,18,12,8,20,11,8,17,15,25,9
1,1,130212,0,0,0,0,0,0,0,0,7,0
2,1,130212,0,0,0,0,0,0,0,0,0,0
1,1,130213,0,0,0,0,0,0,0,0,0,0
2,1,130213,0,0,0,0,0,0,0,0,0,0
1,1,130214,22,22,22,22,22,22,22,22,22,22
1,1,130215,0,0,0,0,0,0,0,0,6,0
2,1,130215,0,0,0,4,0,0,0,0,0,0
1,1,130216,0,0,0,0,0,0,0,0,0,0
2,1,130216,0,0,0,0,0,0,0,0,0,0
1,1,130217,0,0,0,0,0,0,0,0,0,0
2,1,130217,0,0,0,0,0,0,0,0,0,0
1,1,130218,0,0,0,0,0,0,0,0,0,0
1,1,130219,0,0,0,0,0,0,0,0,0,0
1,1,130220,12,12,12,12,12,12,12,12,12,12
2,1,130220,5,5,5,5,5,5,5,5,5,5
0,1,130221,0,0,0,9,0,0,0,0,0,0
1,1,130221,0,0,0,0,0,0,0,0,0,0
1,1,130222,0,0,0,0,0,0,0,0,0,0
2,1,130222,0,0,0,0,0,0,6,0,0,0
1,1,130223,15,15,15,15,15,15,15,15,15,15
2,1,130223,0,0,0,0,0,0,0,0,0,0
3,1,130223,0,0,0,0,0,0,0,0,0,0
1,1,130224,23,0,0,0,0,0,0,0,0,0
1,1,130225,6,6,6,6,6,6,6,6,6,6
1,1,130226,0,0,0,0,0,0,0,0,0,0
1,1,130227,0,0,0,0,0,0,0,0,0,0
1,1,130228,0,0,0,0,0,0,0,20,0,0
1,1,130229,0,0,0,0,0,0,0,0,0,0
1,1,130230,21,21,21,21,21,21,21,21,21,21
1,1,130231,0,0,0,0,0,0,0,0,0,0
2,1,130231,0,0,0,0,0,0,0,0,0,0
1,1,130232,0,0,0,0,0,0,0,0,0,0
2,1,130232,0,0,0,0,0,0,0,0,0,0
0,1,130233,0,0,0,0,0,0,0,0,0,0
1,1,130233,0,0,0,37,0,0,17,0,0,16
2,1,130233,0,0,0,0,0,0,0,0,6,0
0,1,130234,0,0,0,0,0,0,0,0,0,0
1,1,130234,0,0,0,0,0,0,0,0,0,0
1,1,130235,0,0,0,0,0,0,0,0,0,0
2,1,130235,0,0,0,0,0,0,0,0,0,0
1,1,130236,0,0,0,0,0,0,0,0,0,0
2,1,130236,0,0,0,0,0,0,0,0,0,0
1,1,130237,17,17,17,17,17,17,17,17,17,17
1,1,130238,25,25,25,25,25,25,25,25,25,25
1,1,130239,0,0,0,0,0,0,0,0,0,0
2,1,130239,0,0,0,0,0,0,0,0,0,0
1,1,130240,0,0,0,0,0,0,0,0,0,0
2,1,130240,0,0,0,0,0,0,0,0,0,0
1,1,130241,13,44,8,21,13,28,11,18,10,9
2,1,130241,0,0,0,0,0,0,0,0,0,0
3,1,130241,0,0,0,0,0,5,0,0,0,0
1,1,130242,16,16,16,16,16,16,16,16,16,16
1,1,130243,0,0,0,0,0,0,0,0,0,0
1,1,130244,0,0,0,0,0,0,0,0,0,0
2,1,130244,0,0,0,0,0,0,0,0,0,0
1,1,130245,0,0,0,0,0,0,0,0,0,0
1,1,130246,0,0,0,0,0,0,0,0,0,0
2,1,130246,0,0,0,0,0,0,0,0,0,0
3,1,130246,0,0,0,0,0,0,0,0,0,0
1,1,130247,0,0,0,0,0,0,17,0,0,13
2,1,130247,0,0,0,0,0,0,0,0,0,0
1,1,130248,0,0,0,0,0,0,0,0,0,0
2,1,130248,2,0,0,0,0,0,0,0,0,0
1,1,130249,9,0,0,0,6,33,0,0,0,0
1,1,130250,0,0,0,0,0,0,0,0,0,0
2,1,130250,0,0,0,0,0,0,0,0,0,0
0,1,130251,33,33,33,33,33,33,33,33,33,33
1,1,130251,0,0,0,0,0,0,0,0,0,0
1,1,130252,24,24,24,24,24,24,24,24,24,24
1,1,130253,28,28,28,28,28,28,28,28,28,28
1,1,130254,9,8,7,9,0,0,0,0,17,0
1,1,130255,0,0,0,0,0,0,0,0,0,0
2,1,130255,0,0,0,0,0,0,0,0,0,0
3,1,130255,0,0,0,0,0,0,0,0,0,0
1,1,130256,0,0,0,0,0,0,0,0,0,0
2,1,130257,28,0,0,4,0,17,0,0,20,18
1,1,130258,0,0,15,0,19,24,0,0,0,0
1,1,130259,15,25,18,0,6,15,9,15,16,7