VEH_NO,PER_NO,ST_CASE,P1,P2,P3,P4,P5,P6,P7,P8,P9,P10
1,1,130260,15,15,15,15,15,15,15,15,15,15
2,1,130260,0,0,0,0,0,0,0,0,0,0
1,1,130261,16,16,16,16,16,16,16,16,16,16
1,1,130262,0,0,0,0,0,0,0,0,0,0
1,1,130263,0,0,0,0,0,0,0,0,0,0
2,1,130263,0,0,0,0,0,0,0,0,0,0
1,1,130264,0,0,0,0,0,0,0,0,0,0
2,1,130264,0,0,0,0,0,0,0,0,0,0
1,1,130265,0,11,0,0,0,0,0,0,0,0
2,1,130265,0,0,0,0,0,0,0,0,0,0
3,1,130265,0,0,0,0,0,0,0,0,0,0
1,1,130266,0,0,0,0,0,0,0,0,0,0
1,1,130267,0,0,0,0,0,0,0,0,0,0
2,1,130267,0,0,0,0,0,0,0,0,0,0
1,1,130268,0,0,0,0,0,0,0,0,0,0
2,1,130268,0,0,0,22,25,14,0,0,0,19
1,1,130269,0,0,0,0,0,0,0,0,0,0
2,1,130269,0,0,0,0,0,0,0,0,0,0
1,1,130270,0,0,8,0,0,0,0,0,0,10
2,1,130270,0,0,0,0,0,0,0,0,0,0
1,1,130271,0,0,0,0,0,0,0,0,0,0
2,1,130271,0,0,0,0,0,0,0,0,0,0
3,1,130271,0,0,0,0,0,0,0,0,0,0
4,1,130271,0,0,0,0,4,0,0,0,0,0
5,1,130271,0,0,0,0,0,0,0,0,0,0
6,1,130271,0,0,0,0,0,3,6,0,0,0
1,1,130272,0,0,0,0,12,0,0,0,0,2
2,1,130272,0,0,0,0,0,0,0,0,0,0
1,1,130273,15,0,0,0,0,18,0,0,0,0
1,1,130274,0,0,0,0,0,0,0,0,0,0
2,1,130274,0,0,0,0,0,0,0,0,0,0
3,1,130274,0,0,0,0,0,0,0,0,0,0
0,1,130275,0,0,0,0,16,0,0,0,0,0
1,1,130275,0,0,16,0,0,0,0,0,0,0
1,1,130276,0,0,0,0,0,0,0,0,0,0
1,1,130277,0,0,0,0,0,0,0,0,0,0
2,1,130277,0,0,11,0,0,0,0,0,0,0
1,1,130278,0,0,0,0,0,0,0,0,0,0
2,1,130278,0,0,6,0,0,0,0,0,0,0
1,1,130279,0,0,0,0,0,0,0,0,0,0
1,1,130280,24,24,24,24,24,24,24,24,24,24
2,1,130280,0,0,0,0,0,0,0,0,0,0
1,1,130281,29,29,29,29,29,29,29,29,29,29
1,1,130282,10,10,10,10,10,10,10,10,10,10
2,1,130282,0,0,0,0,0,0,0,0,0,0
1,1,130283,0,0,9,0,0,0,0,0,0,0
2,1,130283,0,0,0,0,0,0,0,0,0,0
1,1,130284,0,0,0,22,0,0,13,0,0,0
0,1,130285,0,30,27,27,0,29,0,0,0,0
1,1,130285,0,0,0,0,0,0,0,0,0,0
1,1,130286,0,0,0,0,0,0,0,0,0,0
2,1,130286,0,0,0,0,0,0,0,0,0,0
1,1,130287,0,0,0,0,0,0,0,0,0,0
2,1,130287,0,0,0,0,0,0,0,0,0,0
3,1,130287,0,0,0,0,0,0,0,0,0,0
1,1,130288,0,0,0,0,0,0,0,0,0,0
2,1,130288,0,0,0,0,0,0,0,0,0,0
1,1,130289,0,0,0,0,0,0,0,0,0,0
2,1,130289,0,0,0,0,0,16,0,0,0,0
1,1,130290,7,0,0,0,0,0,0,16,9,0
2,1,130290,0,0,0,0,0,0,0,0,0,0
0,1,130291,7,18,0,12,18,6,23,26,13,0
1,1,130291,22,22,22,22,22,22,22,22,22,22
1,1,130292,0,0,0,0,0,0,0,0,0,0
0,1,130293,0,0,0,0,0,0,0,0,0,0
1,1,130293,0,9,0,0,0,0,0,0,0,0
1,1,130294,4,4,4,4,4,4,4,4,4,4
1,1,130295,0,10,0,0,8,3,12,11,0,8
2,1,130295,0,0,0,0,0,0,0,0,0,0
1,1,130296,0,0,0,0,0,0,0,0,0,0
2,1,130296,0,0,0,0,0,0,0,0,0,0
1,1,130297,0,0,0,0,0,0,0,0,0,0
2,1,130297,0,0,0,0,0,0,0,0,0,0
3,1,130297,0,0,0,0,0,0,0,0,0,0
1,1,130298,0,0,0,0,0,0,0,0,0,0
0,1,130299,0,31,0,0,13,38,22,0,27,9
1,1,130299,0,0,0,0,0,0,0,0,0,0
0,1,130300,0,0,27,15,0,22,0,17,24,32
1,1,130300,0,18,0,0,0,0,0,0,0,3
1,1,130301,12,12,12,12,12,12,12,12,12,12
2,1,130301,0,0,0,0,0,0,0,0,0,0
1,1,130302,14,14,14,14,14,14,14,14,14,14
1,1,130303,10,12,22,0,19,0,0,0,17,13
1,1,130304,0,0,0,0,0,0,0,0,0,0
2,1,130304,18,10,5,17,0,20,10,18,7,21
1,1,130305,2,0,0,0,0,0,0,0,0,0
2,1,130305,0,0,0,0,0,0,0,0,0,0
1,1,130306,0,0,0,0,0,0,19,0,0,0
2,1,130306,0,0,0,0,0,0,0,0,0,0
1,1,130307,0,0,0,0,0,0,0,0,17,0
2,1,130307,0,0,0,0,0,0,0,0,0,0
1,1,130308,11,16,0,24,0,0,0,19,21,0
0,1,130309,0,17,31,0,0,0,0,0,0,0
1,1,130309,0,8,0,0,0,8,0,0,0,13
1,1,130310,8,8,8,8,8,8,8,8,8,8
1,1,130311,0,0,0,0,0,0,0,0,0,0
1,1,130312,3,3,3,3,3,3,3,3,3,3
2,1,130312,0,0,0,0,0,0,0,0,0,0
1,1,130313,17,17,17,17,17,17,17,17,17,17
1,1,130314,0,0,0,0,0,0,0,0,0,0
2,1,130314,0,0,0,0,0,0,0,0,0,0
0,1,130315,0,0,0,0,0,0,0,0,0,0
1,1,130315,0,0,0,0,0,0,0,0,0,0
1,1,130316,0,0,0,0,0,0,0,0,0,0
2,1,130316,0,0,0,0,0,0,0,0,0,0
1,1,130317,0,0,0,0,0,0,0,0,0,0
2,1,130317,0,0,0,0,0,0,0,0,0,0
1,1,130318,0,0,0,0,0,0,0,0,0,0
1,1,130319,0,0,0,0,0,0,0,0,0,0
0,1,130320,15,24,0,0,0,26,14,0,0,11
1,1,130320,0,12,0,18,0,0,0,9,0,0
0,1,130321,0,15,0,0,0,0,0,0,0,13
1,1,130321,0,0,0,0,0,0,0,0,0,0
1,1,130322,0,0,0,0,0,0,0,0,0,0
2,1,130322,0,0,0,0,0,0,0,0,0,0
0,1,130323,0,0,0,0,0,0,0,0,0,0
1,1,130323,0,0,0,0,0,0,0,0,10,0
1,1,130324,0,0,0,0,0,0,0,0,0,0
0,1,130325,0,0,0,0,0,0,0,0,0,0
1,1,130325,0,0,7,12,0,0,15,0,0,0
0,1,130326,34,34,34,34,34,34,34,34,34,34
1,1,130326,15,0,0,0,0,0,0,0,0,14
1,1,130327,0,0,0,33,0,0,0,0,0,0
2,1,130327,0,0,0,0,0,0,0,0,0,0
0,1,130328,39,39,39,39,39,39,39,39,39,39
1,1,130328,9,9,0,0,19,0,18,0,0,0
1,1,130329,0,0,0,0,0,0,0,0,0,0
2,1,130329,0,0,0,0,0,0,0,0,0,0
1,1,130330,9,0,15,19,20,16,11,16,19,13
1,1,130331,0,0,0,0,0,0,0,0,0,0
1,1,130332,0,0,0,0,0,0,0,0,0,0
2,1,130332,0,0,0,0,0,0,0,0,0,0
1,1,130333,0,0,0,0,0,0,0,0,0,0
1,1,130334,0,14,0,0,0,0,21,0,12,0
2,1,130334,0,0,0,0,0,0,0,0,0,0
3,1,130334,0,0,0,0,0,0,0,0,0,0
1,1,130335,24,24,24,24,24,24,24,24,24,24
1,1,130336,0,0,0,0,0,0,0,0,0,0
2,1,130336,0,0,0,0,0,17,0,0,0,0
1,1,130337,0,0,0,0,0,0,0,0,0,0
2,1,130337,0,0,0,0,0,0,0,0,0,0
1,1,130338,0,0,0,0,0,0,0,13,0,10
2,1,130338,0,0,0,0,0,0,0,0,0,0
1,1,130339,0,0,0,0,0,0,0,0,0,0
1,1,130340,0,0,0,0,0,0,0,0,0,0
2,1,130340,0,0,0,0,0,0,0,0,0,0
1,1,130341,0,0,0,0,0,0,0,0,0,0
2,1,130341,0,0,0,0,0,0,0,0,0,0
1,1,130342,17,17,17,17,17,17,17,17,17,17
2,1,130342,0,0,25,4,0,0,3,17,0,3
1,1,130343,0,0,0,0,0,0,0,0,0,0
1,1,130344,0,0,0,0,0,0,0,0,21,0
2,1,130344,0,0,0,0,0,0,0,0,0,0
1,1,130345,0,0,0,0,0,0,0,0,0,0
1,1,130346,25,25,25,25,25,25,25,25,25,25
1,1,130347,0,0,0,0,0,0,0,0,0,0
2,1,130347,0,0,0,3,0,0,0,0,0,0
1,1,130348,18,18,18,18,18,18,18,18,18,18
1,1,130349,0,0,0,0,0,0,0,0,0,0
2,1,130349,0,0,0,0,0,0,0,0,0,0
1,1,130350,35,0,0,0,18,0,0,0,0,24
0,1,130351,0,0,0,0,0,0,0,0,4,0
1,1,130351,0,0,0,0,0,0,0,0,0,0
2,1,130351,0,0,0,0,0,0,0,0,0,0
1,1,130352,18,18,18,18,18,18,18,18,18,18
2,1,130352,0,0,0,0,0,0,0,0,0,0
1,1,130353,0,0,0,0,0,0,0,0,0,0
2,1,130353,14,0,0,0,0,0,0,0,0,0
1,1,130354,0,0,0,0,4,12,0,0,0,0
1,1,130355,0,0,0,0,0,0,0,0,0,0
0,1,130356,22,22,22,22,22,22,22,22,22,22
1,1,130356,16,0,0,0,0,0,15,7,0,4
1,1,130357,36,36,36,36,36,36,36,36,36,36
1,1,130358,27,27,27,27,27,27,27,27,27,27
1,1,130359,0,0,0,0,0,0,0,0,0,0
2,1,130359,0,0,0,0,0,0,0,0,0,0
1,1,130360,0,0,0,0,0,0,0,0,0,0
2,1,130360,0,0,0,0,0,0,0,0,0,0
1,1,130361,0,0,0,0,0,0,0,0,0,0
2,1,130361,0,0,0,0,0,0,0,0,0,0
1,1,130362,0,3,0,0,0,0,0,0,0,0
2,1,130362,0,0,0,0,0,0,0,0,0,0
1,1,130363,21,21,21,21,21,21,21,21,21,21
1,1,130364,0,0,0,0,0,0,0,0,0,0
2,1,130364,0,0,0,0,0,0,0,0,0,0
1,1,130365,0,0,0,0,0,0,0,0,0,0
2,1,130365,0,0,0,0,0,0,0,0,0,0
1,1,130366,12,12,12,12,12,12,12,12,12,12
2,1,130366,0,0,0,0,0,0,0,0,0,0
1,1,130367,0,0,0,0,0,0,0,0,0,0
0,1,130368,25,23,16,14,17,0,14,9,26,0
1,1,130368,14,0,0,0,0,0,0,0,16,0
1,1,130369,8,8,8,8,8,8,8,8,8,8
1,1,130370,9,0,0,0,0,0,0,0,13,0
1,1,130371,0,18,0,18,0,16,11,25,15,28
2,1,130371,0,0,0,0,0,0,0,0,0,0
1,1,130372,0,0,0,0,0,0,0,0,11,0
2,1,130372,0,0,0,0,0,0,0,0,0,0
3,1,130372,0,0,0,11,0,14,8,0,20,0
1,1,130373,23,23,23,23,23,23,23,23,23,23
1,1,130374,16,0,30,15,15,10,13,0,0,20
1,1,130375,0,0,0,0,0,0,14,0,0,0
1,1,130376,0,34,4,0,10,0,10,0,9,12
1,1,130377,16,16,16,16,16,16,16,16,16,16
1,1,130378,0,0,0,7,0,0,0,12,0,0
1,1,130379,15,15,15,15,15,15,15,15,15,15
1,1,130380,17,17,17,17,17,17,17,17,17,17
1,1,130381,25,25,25,25,25,25,25,25,25,25
0,1,130382,0,0,0,0,0,0,0,0,0,0
1,1,130382,0,0,0,0,0,0,0,0,0,0
1,1,130383,0,0,0,10,0,0,0,0,0,0
1,1,130384,0,0,0,0,0,0,0,0,0,0
2,1,130384,0,0,0,0,0,0,0,0,19,0
1,1,130385,0,0,0,0,0,0,0,0,0,0
1,1,130386,20,20,20,20,20,20,20,20,20,20
2,1,130386,0,0,0,0,0,0,0,0,0,0
1,1,130387,0,0,0,0,0,0,0,14,0,0
1,1,130388,0,0,0,0,0,0,0,0,0,0
2,1,130388,0,0,0,0,0,0,0,0,0,0
1,1,130389,0,0,0,0,0,0,0,0,0,0
2,1,130389,0,0,0,0,0,0,0,0,0,0
0,1,130390,0,20,0,14,22,0,0,14,0,0
1,1,130390,0,0,0,13,0,0,0,0,0,0
1,1,130391,0,0,0,0,0,0,0,0,0,0
2,1,130391,0,0,0,0,0,0,0,0,0,18
1,1,130392,4,4,4,4,4,4,4,4,4,4
2,1,130392,0,0,0,12,0,0,30,0,0,0
0,1,130393,0,0,0,0,0,0,0,0,0,0
1,1,130393,0,0,0,0,0,0,0,0,0,0
2,1,130393,0,0,0,0,0,0,0,0,0,0
1,1,130394,0,0,0,0,0,0,0,0,0,0
2,1,130394,17,0,0,4,0,0,0,0,0,0
1,1,130395,0,0,0,13,0,0,10,7,22,14
2,1,130395,0,0,13,0,0,0,0,0,0,0
1,1,130396,0,0,0,0,0,0,0,0,0,8
2,1,130396,0,0,0,0,0,0,0,0,0,0
1,1,130397,25,25,25,25,25,25,25,25,25,25
1,1,130398,16,16,16,16,16,16,16,16,16,16
1,1,130399,0,0,0,0,0,0,0,0,0,0
2,1,130399,0,0,0,0,0,0,0,0,0,0
1,1,130400,0,0,21,0,7,11,0,0,15,0
1,1,130401,0,0,0,0,0,0,0,0,0,0
1,1,130402,0,0,0,0,0,0,0,0,0,0
2,1,130402,0,0,0,0,0,0,0,0,0,0
1,1,130403,0,0,12,0,27,0,0,0,0,0
0,1,130404,0,0,0,0,0,0,11,0,0,0
1,1,130404,0,0,0,0,0,0,0,0,0,0
1,1,130405,22,22,22,22,22,22,22,22,22,22
1,1,130406,18,22,4,6,19,33,13,21,31,8
1,1,130407,0,0,0,0,0,0,0,0,0,0
2,1,130407,0,0,0,0,0,0,0,0,0,0
1,1,130408,0,0,0,0,0,0,0,0,0,0
2,1,130408,0,0,0,0,4,13,0,0,0,0
1,1,130409,5,5,5,5,5,5,5,5,5,5
2,1,130409,0,0,0,0,0,0,0,0,0,0
1,1,130410,17,17,17,17,17,17,17,17,17,17
1,1,130411,0,0,0,0,0,0,0,0,0,0
2,1,130411,0,0,0,0,0,0,0,0,0,0
3,1,130411,0,0,0,0,0,0,0,0,0,0
0,1,130412,0,11,0,23,11,24,37,27,0,35
1,1,130412,0,0,0,0,0,0,0,0,0,0
0,1,130413,31,31,31,31,31,31,31,31,31,31
1,1,130413,12,0,0,0,0,0,0,0,0,0
1,1,130414,8,0,4,19,0,0,11,0,17,0
1,1,130415,0,0,0,0,0,0,0,0,0,0
1,1,130416,0,0,0,0,0,0,0,0,0,0
1,1,130417,20,0,0,16,0,0,19,0,0,19
1,1,130418,0,0,0,0,0,0,0,0,0,0
2,1,130418,0,0,0,0,0,0,0,8,0,0
0,1,130419,0,0,0,0,0,0,0,0,0,0
1,1,130419,0,0,0,0,0,0,0,0,0,0
1,1,130420,0,0,0,0,0,0,8,0,0,0
2,1,130420,0,0,0,0,0,0,0,0,0,0
1,1,130421,3,3,3,3,3,3,3,3,3,3
1,1,130422,28,28,28,28,28,28,28,28,28,28
1,1,130423,0,0,0,0,0,0,0,0,0,0
1,1,130424,0,0,0,0,0,0,0,0,0,0
2,1,130424,0,0,0,0,0,0,0,0,0,0
1,1,130425,0,0,0,0,0,0,0,0,0,0
2,1,130425,0,0,0,0,0,0,0,0,0,0
1,1,130426,0,0,0,0,0,0,0,0,0,0
1,1,130427,0,0,20,0,23,0,17,0,0,0
2,1,130427,0,0,0,0,0,0,0,0,0,0
1,1,130428,0,0,0,0,0,0,0,0,0,0
2,1,130428,0,0,0,0,0,0,0,0,0,0
1,1,130429,0,0,0,0,0,0,0,0,0,0
1,1,130430,0,0,0,0,4,0,0,0,0,0
1,1,130431,26,26,26,26,26,26,26,26,26,26
2,1,130431,0,0,0,0,0,0,0,0,0,0
0,1,130432,0,0,0,0,0,0,0,0,0,0
1,1,130432,0,0,0,0,0,0,0,0,0,0
1,1,130433,0,0,0,10,24,0,0,0,0,0
2,1,130433,0,0,0,0,0,0,0,0,0,0
1,1,130434,0,0,0,7,0,0,0,0,0,0
2,1,130434,0,0,0,0,0,0,0,0,0,0
1,1,130435,0,0,0,0,20,0,12,0,0,0
1,1,130436,0,0,0,0,0,0,0,0,0,0
1,1,130437,0,0,0,0,0,0,0,0,0,0
2,1,130437,0,0,0,0,0,0,0,0,0,0
1,1,130438,0,0,0,0,0,0,0,0,0,0
2,1,130438,0,0,0,0,0,0,0,0,0,0
1,1,130439,11,11,11,11,11,11,11,11,11,11
1,1,130440,0,0,0,0,0,0,0,0,0,0
1,1,130441,0,0,0,0,0,0,0,0,0,0
1,1,130442,0,0,0,0,0,0,0,0,0,0
1,1,130443,10,10,10,10,10,10,10,10,10,10
1,1,130444,0,0,0,0,0,0,0,0,0,0
1,1,130445,0,0,0,0,0,0,0,0,0,0
2,1,130445,0,0,0,0,0,0,0,0,0,0
1,1,130446,0,0,0,0,0,0,0,0,0,0
0,1,130447,0,0,0,0,0,0,0,0,0,0
1,1,130447,0,0,0,0,0,0,0,0,0,0
1,1,130448,0,0,0,0,0,0,0,0,0,0
2,1,130448,11,0,0,0,0,0,0,0,0,0
1,1,130449,0,0,0,0,0,0,0,0,0,0
2,1,130449,0,0,0,0,0,0,15,0,0,0
0,1,130450,0,0,0,0,0,0,0,0,0,0
1,1,130450,0,0,0,0,0,0,0,0,0,0
1,1,130451,0,0,0,0,0,0,0,0,0,0
2,1,130451,0,0,0,0,0,0,0,0,0,0
1,1,130452,0,0,0,0,0,0,14,0,0,0
2,1,130452,0,0,0,0,0,0,0,0,0,0
3,1,130452,0,0,0,0,29,0,0,0,0,0
4,1,130452,0,11,15,0,0,0,0,0,0,30
1,1,130453,0,0,0,0,0,0,0,0,0,0
2,1,130453,0,5,0,0,0,0,0,0,0,0
1,1,130454,0,0,0,0,0,0,0,0,0,0
2,1,130454,0,0,0,0,0,0,0,0,0,0
1,1,130455,9,9,9,9,9,9,9,9,9,9
1,1,130456,0,5,0,0,0,0,0,0,0,13
1,1,130457,0,0,0,0,0,0,0,0,0,0
2,1,130457,0,0,0,0,0,0,0,0,0,0
1,1,130458,12,12,12,12,12,12,12,12,12,12
2,1,130458,0,0,0,0,0,0,0,0,0,0
1,1,130459,24,0,0,0,0,0,7,0,0,0
1,1,130460,7,7,7,7,7,7,7,7,7,7
2,1,130460,0,0,0,0,0,0,0,0,0,0
3,1,130460,0,0,0,0,0,0,0,0,0,0
1,1,130461,0,0,0,0,0,0,0,0,0,0
2,1,130461,11,11,11,11,11,11,11,11,11,11
1,1,130462,10,10,10,10,10,10,10,10,10,10
1,1,130463,0,0,0,0,0,0,0,0,0,0
1,1,130464,6,6,6,6,6,6,6,6,6,6
2,1,130464,0,0,0,0,0,0,0,0,0,9
1,1,130465,0,0,0,0,0,0,0,0,0,0
2,1,130465,0,0,0,0,0,0,0,0,0,0
3,1,130465,0,0,0,0,0,0,0,0,0,0
1,1,130466,0,0,0,0,0,0,0,0,0,0
2,1,130466,0,0,0,0,0,0,0,0,0,0
3,1,130466,0,0,5,0,0,0,0,0,0,0
4,1,130466,0,0,0,0,0,0,0,0,0,0
1,1,130467,0,0,0,0,0,0,0,0,0,0
1,1,130468,8,8,8,8,8,8,8,8,8,8
1,1,130469,0,0,0,0,0,0,0,0,0,0
1,1,130470,0,0,0,0,0,0,0,0,0,0
1,1,130471,5,5,5,5,5,5,5,5,5,5
1,1,130472,0,0,0,9,0,0,0,0,15,0
2,1,130472,0,0,0,0,0,0,0,0,0,0
1,1,130473,0,0,0,0,0,0,0,0,0,0
2,1,130473,0,0,0,0,0,14,0,0,0,0
3,1,130473,0,0,0,0,0,0,7,0,0,0
1,1,130474,0,0,0,0,0,0,0,0,0,0
2,1,130474,0,0,0,0,0,0,0,0,0,0
1,1,130475,16,19,10,23,13,5,31,22,17,0
1,1,130476,4,8,0,27,0,23,0,1,20,0
1,1,130477,0,0,0,0,0,0,0,0,0,0
2,1,130477,0,0,0,0,0,0,0,0,0,0
3,1,130477,0,0,0,0,0,0,0,0,0,0
4,1,130477,0,0,0,0,0,0,0,0,0,0
1,1,130478,26,0,0,0,7,11,0,0,0,14
1,1,130479,9,9,9,9,9,9,9,9,9,9
1,1,130480,0,0,0,0,0,0,0,0,0,0
1,1,130481,23,23,23,23,23,23,23,23,23,23
1,1,130482,0,0,0,0,28,36,0,0,0,0
1,1,130483,13,13,13,13,13,13,13,13,13,13
1,1,130484,0,0,0,0,0,0,0,0,0,0
2,1,130484,0,0,0,0,0,0,0,0,0,0
1,1,130485,0,0,0,0,0,0,0,0,0,0
1,1,130486,0,0,0,0,0,0,0,0,0,0
1,1,130487,0,0,0,0,0,0,0,0,0,0
2,1,130487,0,0,0,0,0,0,0,0,0,0
1,1,130488,0,0,0,0,0,0,0,0,0,0
1,1,130489,0,0,0,0,0,0,0,0,0,0
1,1,130490,0,0,0,0,0,0,0,0,0,0
1,1,130491,24,11,22,0,0,14,0,11,9,0
1,1,130492,18,18,18,18,18,18,18,18,18,18
1,1,130493,0,0,0,4,0,17,4,11,0,6
1,1,130494,0,0,0,0,0,12,0,0,0,0
1,1,130495,13,0,35,0,24,0,0,0,0,0
1,1,130496,15,15,15,15,15,15,15,15,15,15
1,1,130497,0,0,0,0,0,0,0,0,0,0
1,1,130498,0,0,0,0,0,0,0,0,0,0
2,1,130498,0,0,0,0,0,0,0,0,0,0
1,1,130499,0,16,0,0,7,0,0,0,0,15
1,1,130500,0,0,0,0,0,0,0,0,0,0
2,1,130500,0,0,0,0,0,0,0,0,0,0
1,1,130501,0,8,0,0,0,0,0,0,0,0
2,1,130501,0,0,0,0,0,0,0,0,0,0
1,1,130502,0,0,0,0,0,7,0,0,12,18
1,1,130503,0,0,0,0,0,0,0,0,0,0
2,1,130503,0,0,0,0,0,0,0,0,0,0
1,1,130504,13,13,13,13,13,13,13,13,13,13
1,1,130505,20,20,20,20,20,20,20,20,20,20
1,1,130506,0,0,0,0,0,0,0,0,0,0
1,1,130507,0,0,0,0,0,0,0,0,0,0
1,1,130508,9,9,9,9,9,9,9,9,9,9
1,1,130509,0,0,15,0,0,0,0,0,20,0
1,1,130510,24,0,16,0,18,23,0,0,0,7
1,1,130511,0,0,0,0,0,0,0,0,0,0
2,1,130511,0,0,0,0,0,0,0,0,0,0
1,1,130512,0,0,0,0,0,0,0,0,0,0
2,1,130512,0,0,0,0,0,0,0,0,0,0
1,1,130513,0,0,0,0,0,0,0,0,0,0
1,1,130514,24,24,24,24,24,24,24,24,24,24
2,1,130514,0,0,0,0,0,0,0,0,0,0
3,1,130514,0,0,3,0,0,0,0,0,0,0
1,1,130515,17,25,25,35,27,23,31,0,17,0
1,1,130516,17,17,17,17,17,17,17,17,17,17
1,1,130517,0,0,0,0,0,0,0,0,0,0
1,1,130518,0,0,0,0,0,0,0,0,0,0
2,1,130518,0,0,0,0,0,0,0,0,0,0
1,1,130519,0,0,0,0,0,0,0,0,0,0
1,1,130520,0,0,0,0,0,0,0,0,0,0
1,1,130521,30,0,26,23,11,9,0,34,8,0
0,1,130522,0,0,0,0,0,0,0,0,0,0
1,1,130522,0,0,0,0,0,0,0,0,0,0
1,1,130523,0,0,0,0,0,0,0,0,0,0
2,1,130523,0,0,0,0,0,0,0,0,0,0
1,1,130524,0,0,0,0,0,0,0,0,0,0
1,1,130525,12,16,25,24,22,16,11,5,0,14
2,1,130525,9,0,0,0,0,0,0,0,0,0
1,1,130526,0,0,0,0,0,0,0,0,0,0
2,1,130526,0,0,0,0,0,0,0,0,0,0
1,1,130527,0,0,0,0,0,0,0,0,0,0
2,1,130527,0,0,0,0,0,0,0,0,0,0
1,1,130528,7,7,7,7,7,7,7,7,7,7
1,1,130529,0,0,0,0,0,0,0,0,0,0
2,1,130529,0,0,0,0,0,0,0,0,0,0
3,1,130529,0,0,0,0,0,0,0,0,0,0
1,1,130530,0,0,0,0,0,0,0,0,0,0
2,1,130530,4,0,0,0,0,0,0,0,0,0
1,1,130531,0,0,0,0,0,0,0,0,0,0
2,1,130531,0,0,0,0,0,0,0,0,0,0
3,1,130531,0,0,0,0,0,0,0,0,0,0
1,1,130532,0,0,0,10,0,0,0,0,0,0
1,1,130533,0,0,0,0,0,0,0,0,0,0
2,1,130533,0,0,0,0,0,0,0,0,0,0
1,1,130534,0,0,0,0,0,0,0,0,0,0
2,1,130534,0,0,0,0,0,0,0,0,0,0
0,1,130535,30,24,13,25,26,6,13,0,4,26
1,1,130535,0,8,8,0,0,0,0,0,0,0
2,1,130535,0,0,0,0,0,0,0,0,0,0
1,1,130536,0,25,30,0,0,14,0,24,0,27
2,1,130536,0,0,0,8,10,0,0,0,0,15
1,1,130537,0,0,0,0,0,0,0,0,0,0
2,1,130537,0,0,0,0,0,0,0,0,0,0
3,1,130537,0,0,0,0,0,0,0,0,0,0
1,1,130538,0,0,0,0,0,0,0,0,0,0
2,1,130538,0,0,0,0,0,0,0,0,0,0
1,1,130539,0,0,0,0,0,0,0,0,0,0
2,1,130539,0,0,0,0,0,0,0,0,0,0
0,1,130540,0,0,0,0,0,0,0,0,0,0
1,1,130540,0,0,0,0,0,0,0,0,0,0
1,1,130541,15,15,15,15,15,15,15,15,15,15
1,1,130542,0,0,0,0,0,0,0,0,12,0
2,1,130542,0,0,0,0,0,0,0,0,0,0
1,1,130543,0,0,0,0,0,0,0,0,0,0
2,1,130543,0,0,0,0,0,0,0,0,0,0
1,1,130544,37,37,37,37,37,37,37,37,37,37
1,1,130545,0,0,0,0,0,0,0,0,0,0
2,1,130545,0,0,0,0,0,0,0,0,0,0
1,1,130546,6,15,0,0,0,0,0,0,0,0
2,1,130546,0,0,0,0,8,0,0,0,0,0
1,1,130547,0,0,0,0,0,0,0,0,0,0
1,1,130548,0,24,0,18,0,0,0,0,0,0
2,1,130548,0,0,16,0,0,0,0,0,0,0
1,1,130549,7,7,7,7,7,7,7,7,7,7
1,1,130550,0,0,0,0,0,0,0,0,0,0
2,1,130550,0,0,0,0,0,0,0,0,0,0
1,1,130551,20,0,0,0,0,0,0,0,0,0
1,1,130552,0,0,0,0,0,0,0,0,0,0
2,1,130552,0,0,7,0,0,0,0,0,0,0
1,1,130553,0,0,0,0,0,0,0,0,0,0
2,1,130553,0,0,0,0,0,0,0,0,0,0
1,1,130554,12,0,10,0,0,0,9,0,24,18
1,1,130555,0,0,0,0,0,0,0,0,0,0
1,1,130556,12,12,12,12,12,12,12,12,12,12
1,1,130557,16,16,16,16,16,16,16,16,16,16
1,1,130558,0,0,0,0,0,0,0,0,0,0
1,1,130559,0,0,0,0,0,0,0,0,0,0
2,1,130559,0,0,0,0,0,8,0,0,0,0
1,1,130560,0,0,0,0,0,0,0,11,0,0
1,1,130561,0,0,0,0,0,0,0,0,0,0
2,1,130561,0,0,0,0,0,0,0,0,0,0
3,1,130561,0,0,0,0,0,0,0,0,0,0
4,1,130561,0,0,0,0,0,0,0,0,0,0
1,1,130562,3,3,3,3,3,3,3,3,3,3
1,1,130563,24,24,24,24,24,24,24,24,24,24
1,1,130564,0,0,0,0,0,0,0,0,0,0
2,1,130564,0,0,0,0,0,0,0,0,0,0
1,1,130565,0,0,3,0,0,0,0,0,0,0
2,1,130565,0,0,0,0,0,0,0,0,0,0
3,1,130565,0,0,0,0,0,0,0,0,0,0
1,1,130566,0,0,0,0,0,0,0,0,0,0
2,1,130566,19,0,0,0,0,0,18,0,0,0
1,1,130567,25,25,25,25,25,25,25,25,25,25
1,1,130568,17,17,17,17,17,17,17,17,17,17
0,1,130569,19,19,19,19,19,19,19,19,19,19
1,1,130569,0,0,0,0,0,0,0,0,0,0
1,1,130570,0,0,0,0,0,21,0,0,0,21
2,1,130570,0,0,0,0,0,0,0,16,0,0
1,1,130571,22,0,0,19,0,22,0,24,27,0
1,1,130572,0,0,0,11,0,0,7,0,0,0
1,1,130573,0,0,0,0,0,0,0,0,0,0
1,1,130574,0,0,0,0,0,0,0,0,0,0
2,1,130574,0,0,0,0,0,0,0,0,0,0
1,1,130575,13,0,0,15,0,3,23,14,12,22
1,1,130576,20,20,20,20,20,20,20,20,20,20
2,1,130576,0,0,0,0,0,0,0,0,0,0
1,1,130577,13,13,13,13,13,13,13,13,13,13