VEH_NO,PER_NO,ST_CASE,P1,P2,P3,P4,P5,P6,P7,P8,P9,P10
2,1,130577,17,17,17,17,17,17,17,17,17,17
1,1,130578,19,12,0,10,11,34,22,18,4,5
1,1,130579,0,0,0,0,0,0,0,0,0,0
1,1,130580,0,23,0,0,0,0,0,0,0,0
2,1,130580,0,0,0,0,0,0,0,0,0,0
3,1,130580,0,0,0,0,0,0,12,0,0,0
1,1,130581,7,0,10,0,0,0,0,10,0,0
0,1,130582,0,0,0,0,0,13,0,0,0,0
1,1,130582,0,0,0,0,0,0,0,0,0,0
1,1,130583,0,0,0,0,0,0,0,0,0,0
2,1,130583,0,0,0,0,0,0,0,0,0,0
1,1,130584,0,0,0,0,0,0,0,0,0,0
2,1,130584,0,0,0,0,0,0,0,0,0,0
1,1,130585,0,11,13,0,0,2,0,0,0,0
1,1,130586,0,0,15,12,0,0,0,0,0,0
1,1,130587,0,0,0,0,0,0,0,0,0,0
1,1,130588,4,14,11,20,9,12,0,13,1,14
1,1,130589,0,0,0,0,0,0,0,0,0,0
2,1,130589,0,0,0,0,0,0,0,0,0,0
1,1,130590,0,0,10,0,0,0,19,0,0,8
2,1,130590,0,0,0,0,0,0,0,0,0,0
1,1,130591,0,0,0,0,0,0,0,0,0,0
2,1,130591,0,0,0,0,0,0,0,0,0,0
1,1,130592,12,12,12,12,12,12,12,12,12,12
1,1,130593,0,0,0,0,0,0,0,0,0,0
1,1,130594,25,25,35,22,15,24,32,38,20,10
1,1,130595,0,0,0,0,0,0,0,0,0,0
2,1,130595,0,0,0,0,0,0,0,0,0,0
1,1,130596,0,0,0,0,9,28,0,0,6,0
1,1,130597,0,0,0,0,0,0,0,0,0,0
1,1,130598,0,0,0,0,0,0,0,0,0,0
2,1,130598,0,0,0,0,0,0,0,0,0,0
1,1,130599,0,0,0,0,0,0,0,0,0,0
2,1,130599,0,0,0,0,0,20,4,0,8,0
1,1,130600,7,7,7,7,7,7,7,7,7,7
1,1,130601,0,0,0,0,0,0,0,0,0,0
2,1,130601,0,0,0,0,0,0,0,0,0,0
1,1,130602,26,26,26,26,26,26,26,26,26,26
1,1,130603,0,0,0,0,0,0,0,0,0,0
2,1,130603,0,0,0,0,0,0,8,0,0,0
1,1,130604,0,0,0,0,0,0,0,0,0,23
1,1,130605,0,0,0,0,0,0,0,0,5,0
2,1,130605,0,0,0,0,0,0,0,0,0,0
1,1,130606,25,25,25,25,25,25,25,25,25,25
1,1,130607,27,27,27,27,27,27,27,27,27,27
1,1,130608,27,27,27,27,27,27,27,27,27,27
1,1,130609,0,0,0,0,0,0,0,0,0,0
1,1,130610,0,0,0,0,0,0,0,0,0,0
1,1,130611,13,13,13,13,13,13,13,13,13,13
0,1,130612,0,0,0,0,0,0,0,0,0,0
1,1,130612,12,12,12,12,12,12,12,12,12,12
1,1,130613,0,0,0,0,0,0,0,0,0,0
1,1,130614,0,0,0,0,0,0,0,0,0,0
2,1,130614,0,0,0,0,0,0,0,0,0,0
1,1,130615,20,20,20,20,20,20,20,20,20,20
1,1,130616,21,21,21,21,21,21,21,21,21,21
1,1,130617,0,0,0,0,0,0,0,0,0,0
2,1,130617,0,0,0,0,0,0,0,0,0,0
1,1,130618,0,0,0,0,0,0,0,12,0,0
2,1,130618,0,0,0,0,0,0,0,0,0,0
1,1,130619,29,29,29,29,29,29,29,29,29,29
1,1,130620,0,0,0,0,0,0,0,0,0,0
2,1,130620,4,0,0,0,0,0,0,0,0,3
1,1,130621,0,0,0,0,0,0,0,0,0,0
2,1,130621,0,0,0,0,0,0,0,0,0,0
3,1,130621,0,0,0,0,0,0,0,0,0,0
4,1,130621,0,0,0,0,0,0,0,0,0,0
1,1,130622,0,0,0,0,0,0,0,0,0,0
2,1,130622,0,0,0,0,0,0,0,0,0,0
1,1,130623,18,18,18,18,18,18,18,18,18,18
1,1,130624,10,10,10,10,10,10,10,10,10,10
1,1,130625,0,0,0,0,22,10,0,0,0,18
2,1,130625,0,0,4,0,0,0,0,0,0,0
1,1,130626,6,6,6,6,6,6,6,6,6,6
1,1,130627,0,0,0,0,0,0,0,0,0,0
2,1,130627,0,0,0,0,0,0,0,0,0,0
3,1,130627,0,0,0,0,0,0,0,0,0,0
1,1,130628,0,0,0,0,0,0,0,0,0,0
1,1,130629,18,18,18,18,18,18,18,18,18,18
2,1,130629,0,0,0,0,0,0,0,0,0,0
3,1,130629,0,0,0,7,0,0,0,0,0,0
4,1,130629,9,0,0,0,0,0,0,0,20,0
5,1,130629,0,0,0,15,0,0,0,0,0,0
6,1,130629,0,0,0,0,0,0,0,0,0,0
0,1,130630,0,0,0,0,25,0,0,11,0,0
0,2,130630,14,0,0,0,17,0,0,0,29,24
1,1,130630,13,0,0,0,0,0,0,0,0,0
1,1,130631,0,0,0,0,0,0,0,0,0,0
2,1,130631,0,0,0,0,0,0,0,0,0,0
1,1,130632,0,0,0,0,0,0,0,0,0,0
2,1,130632,0,0,0,0,0,0,0,0,0,0
3,1,130632,0,0,0,0,0,0,0,0,0,0
0,1,130633,12,20,19,15,0,0,0,0,24,12
1,1,130633,0,0,0,0,0,0,0,0,0,0
1,1,130634,0,19,9,0,0,0,0,23,0,20
1,1,130635,0,0,0,0,0,0,0,0,0,0
1,1,130636,9,9,9,9,9,9,9,9,9,9
1,1,130637,0,0,0,4,0,0,0,0,0,0
2,1,130637,0,0,0,0,0,0,0,0,0,0
1,1,130638,25,25,25,25,25,25,25,25,25,25
1,1,130639,4,18,5,4,5,0,0,0,16,14
1,1,130640,0,0,0,0,0,0,0,0,0,0
2,1,130640,0,0,0,0,0,0,0,0,0,0
0,1,130641,0,0,0,0,0,0,0,0,0,0
1,1,130641,0,0,0,0,0,0,0,0,0,0
1,1,130642,0,0,0,0,0,0,0,0,0,0
2,1,130642,0,0,0,0,0,0,0,0,0,0
1,1,130643,8,8,8,8,8,8,8,8,8,8
1,1,130644,0,0,0,0,0,0,0,0,0,0
1,1,130645,0,0,0,0,0,7,0,0,18,0
1,1,130646,0,0,0,0,0,0,0,0,0,0
1,1,130647,0,0,0,0,0,0,0,0,0,0
1,1,130648,12,12,12,12,12,12,12,12,12,12
1,1,130649,0,0,0,0,0,0,0,0,0,0
2,1,130649,0,0,0,0,0,0,0,0,0,0
0,1,130650,0,0,0,0,20,22,0,33,33,7
1,1,130650,0,0,0,0,0,0,0,0,0,0
1,1,130651,10,10,10,10,10,10,10,10,10,10
1,1,130652,0,0,0,0,0,0,0,0,0,0
1,1,130653,0,0,0,0,0,0,0,0,0,0
1,1,130654,23,23,23,23,23,23,23,23,23,23
2,1,130654,0,0,0,0,0,0,0,0,0,0
1,1,130655,16,16,16,16,16,16,16,16,16,16
1,1,130656,0,0,0,0,23,0,0,0,0,0
2,1,130656,0,0,0,0,0,0,0,0,0,0
1,1,130657,0,0,31,24,14,12,31,22,15,7
1,1,130658,0,0,0,0,0,0,0,0,0,0
2,1,130658,0,0,0,0,0,0,0,0,0,0
1,1,130659,0,0,0,0,0,0,0,0,0,0
1,1,130660,0,0,0,0,17,0,0,0,0,0
2,1,130660,0,0,0,0,0,0,0,0,0,0
1,1,130661,0,0,0,0,0,0,0,0,0,0
2,1,130661,0,0,0,0,0,0,0,0,0,0
1,1,130662,0,0,0,0,0,0,0,0,0,0
2,1,130662,0,0,0,0,0,0,0,0,0,29
1,1,130663,0,0,0,28,13,5,18,18,29,0
1,1,130664,0,0,0,0,0,0,0,0,0,0
2,1,130664,0,0,0,0,0,0,0,0,0,0
1,1,130665,0,0,0,0,0,0,0,0,0,0
1,1,130666,0,0,0,0,0,0,0,0,0,0
2,1,130666,0,0,0,0,0,0,0,0,0,25
1,1,130667,0,0,0,0,0,0,0,0,0,0
2,1,130667,0,0,0,0,0,0,0,0,0,0
1,1,130668,0,0,0,0,0,0,0,0,0,0
2,1,130668,0,0,0,0,0,0,0,0,0,0
1,1,130669,0,0,0,0,0,0,0,0,0,15
2,1,130669,0,0,0,0,0,0,0,0,0,0
1,1,130670,0,0,0,0,0,0,0,0,0,0
2,1,130670,0,0,0,0,0,0,0,0,0,0
1,1,130671,0,0,0,0,0,0,0,0,0,0
2,1,130671,0,0,0,0,0,0,0,0,0,0
0,1,130672,0,0,0,13,6,13,12,0,19,25
1,1,130672,0,0,0,0,0,0,0,0,0,0
1,1,130673,0,0,0,0,0,0,0,15,18,0
1,1,130674,0,0,0,0,0,0,0,0,0,0
1,1,130675,0,0,0,0,0,0,0,0,0,0
1,1,130676,8,9,11,7,17,0,19,9,0,8
2,1,130676,0,0,0,0,0,0,0,0,0,0
1,1,130678,0,0,0,0,0,0,0,0,0,0
2,1,130678,0,0,0,0,0,0,0,0,0,0
0,1,130679,25,0,22,0,27,0,13,23,0,2
1,1,130679,9,9,9,9,9,9,9,9,9,9
0,1,130680,10,10,10,10,10,10,10,10,10,10
1,1,130680,3,13,19,14,13,18,4,11,12,20
1,1,130681,0,0,0,0,0,0,0,0,0,0
2,1,130681,0,0,0,0,0,0,0,0,0,0
1,1,130682,8,16,0,0,0,0,0,22,0,0
2,1,130682,0,0,0,0,0,0,0,0,0,0
0,1,130683,0,11,17,22,0,0,0,0,0,0
1,1,130683,9,0,0,0,0,13,0,26,0,0
1,1,130684,0,0,0,0,0,0,7,0,0,0
2,1,130684,0,0,0,0,0,0,0,0,0,0
1,1,130685,0,0,6,0,0,0,0,0,0,0
2,1,130685,18,0,0,0,0,0,0,0,0,0
1,1,130686,0,0,0,0,0,0,0,0,0,0
1,1,130687,0,0,0,0,0,0,0,0,0,0
1,1,130688,0,0,0,0,0,0,0,0,0,0
1,1,130689,0,0,0,0,0,0,0,0,0,0
2,1,130689,0,0,0,0,0,0,0,0,0,0
1,1,130690,0,0,0,0,0,0,0,0,0,0
2,1,130690,0,0,0,0,0,0,0,0,0,0
1,1,130691,0,0,0,0,0,0,0,0,0,0
2,1,130691,0,0,0,0,0,0,0,0,0,0
1,1,130692,17,17,17,17,17,17,17,17,17,17
1,1,130693,0,0,0,0,0,0,0,0,0,0
2,1,130693,0,0,0,0,0,0,0,0,0,0
1,1,130694,0,0,0,0,0,0,0,0,0,0
1,1,130695,16,16,16,16,16,16,16,16,16,16
1,1,130696,0,0,0,0,0,0,0,0,0,0
2,1,130696,0,0,0,0,0,0,0,0,0,0
3,1,130696,0,0,0,0,0,0,0,0,0,0
4,1,130696,0,0,0,0,0,0,0,0,0,0
5,1,130696,0,0,0,0,0,0,0,0,0,0
6,1,130696,0,0,0,0,0,0,0,0,0,0
7,1,130696,0,0,0,0,0,0,0,0,10,0
8,1,130696,0,0,0,0,0,0,0,0,0,0
1,1,130697,23,0,0,0,0,10,0,0,0,0
1,1,130698,0,0,0,0,0,0,0,0,0,0
2,1,130698,0,0,0,0,0,0,0,0,0,0
1,1,130699,0,0,0,0,0,0,0,0,0,0
2,1,130699,0,0,0,0,0,0,0,0,0,0
1,1,130700,25,25,25,25,25,25,25,25,25,25
1,1,130701,17,17,17,17,17,17,17,17,17,17
1,1,130702,31,31,31,31,31,31,31,31,31,31
1,1,130703,18,18,18,18,18,18,18,18,18,18
2,1,130703,0,0,0,0,0,0,0,0,0,0
1,1,130704,8,8,8,8,8,8,8,8,8,8
1,1,130705,23,23,23,23,23,23,23,23,23,23
1,1,130706,0,0,0,0,0,0,0,0,0,0
1,1,130707,0,0,0,0,0,0,0,0,0,0
2,1,130707,13,13,13,13,13,13,13,13,13,13
1,1,130708,32,32,32,32,32,32,32,32,32,32
1,1,130709,0,0,0,0,0,0,0,0,0,0
2,1,130709,0,0,0,0,0,0,0,0,0,0
3,1,130709,0,0,0,0,0,0,0,0,0,0
1,1,130710,24,24,24,24,24,24,24,24,24,24
1,1,130711,0,41,0,0,0,0,0,0,0,0
2,1,130711,0,0,0,0,0,0,0,0,0,0
3,1,130711,0,0,0,0,0,0,0,0,0,0
4,1,130711,0,0,0,0,0,0,0,0,0,0
1,1,130712,0,0,8,0,0,0,0,0,0,0
2,1,130712,0,0,0,0,0,0,16,0,0,0
1,1,130713,0,0,0,0,0,0,0,0,0,0
1,1,130714,28,28,28,28,28,28,28,28,28,28
1,1,130715,0,0,0,0,0,0,0,0,0,0
2,1,130715,0,0,0,0,0,0,0,0,0,0
0,1,130716,0,23,39,0,0,21,15,0,0,28
1,1,130716,0,0,19,0,0,0,9,9,0,0
1,1,130717,0,0,0,0,0,0,0,0,0,0
2,1,130717,0,0,0,0,0,0,0,18,0,0
3,1,130717,0,0,0,0,0,0,0,0,0,0
4,1,130717,0,0,0,0,0,0,0,0,0,0
1,1,130718,0,0,0,0,0,0,0,0,0,0
1,1,130719,18,14,29,6,20,20,23,0,45,26
0,1,130720,0,0,0,0,0,0,0,0,0,0
1,1,130720,0,0,0,0,0,0,0,0,0,0
1,1,130721,0,0,0,0,0,0,0,0,0,0
2,1,130721,0,0,0,0,0,0,0,0,0,0
0,1,130722,0,0,0,0,0,0,0,0,0,0
2,1,130722,0,0,0,0,0,0,0,0,0,0
1,1,130723,0,0,0,0,0,0,0,0,0,0
2,1,130723,0,0,0,0,0,0,0,0,0,0
1,1,130724,0,0,0,0,0,0,0,0,0,0
2,1,130724,0,0,0,0,0,0,0,0,0,0
1,1,130725,0,0,0,0,0,0,0,0,0,0
1,1,130726,0,0,0,0,0,0,0,0,0,0
2,1,130726,0,0,0,0,0,0,0,0,0,0
1,1,130727,24,24,24,24,24,24,24,24,24,24
2,1,130727,0,0,0,0,7,0,0,0,0,0
1,1,130728,0,0,0,0,0,0,0,0,0,0
1,1,130729,0,0,4,0,0,0,0,0,0,0
1,1,130730,0,0,0,0,0,0,0,0,0,0
2,1,130730,0,0,0,0,0,0,0,0,0,0
1,1,130731,21,21,21,21,21,21,21,21,21,21
2,1,130731,0,0,0,0,0,0,0,0,0,0
3,1,130731,0,0,0,0,9,0,0,0,0,7
1,1,130732,17,17,17,17,17,17,17,17,17,17
2,1,130732,0,0,0,0,0,0,0,0,0,0
1,1,130733,0,0,0,0,0,0,0,0,0,0
1,1,130734,6,6,6,6,6,6,6,6,6,6
1,1,130735,0,0,0,0,0,0,0,0,0,0
2,1,130735,7,7,7,7,7,7,7,7,7,7
1,1,130736,0,0,0,0,0,0,0,0,0,0
1,1,130737,0,0,0,0,0,0,0,0,0,0
2,1,130737,0,0,0,0,0,0,0,0,0,0
1,1,130738,0,0,0,0,0,0,0,0,0,0
2,1,130738,0,0,0,0,0,0,0,0,0,0
1,1,130739,0,0,0,0,0,0,0,0,0,0
2,1,130739,0,0,0,0,0,0,0,0,0,0
1,1,130740,0,0,0,0,0,0,0,0,0,0
2,1,130740,0,0,0,0,0,0,0,0,0,0
1,1,130741,0,0,0,0,0,0,0,0,0,0
2,1,130741,0,0,0,0,0,0,0,0,7,0
1,1,130742,0,0,10,0,0,0,0,0,0,0
2,1,130742,0,0,0,0,0,0,0,0,0,0
1,1,130743,0,0,0,0,0,0,0,0,0,0
1,1,130744,0,0,0,15,0,0,0,0,0,0
1,1,130745,0,0,0,0,0,0,0,0,0,0
2,1,130745,0,0,0,0,0,0,0,0,0,0
3,1,130745,0,0,0,0,0,0,0,0,0,0
1,1,130746,0,0,0,5,0,0,0,0,0,0
1,1,130747,0,0,0,0,0,0,0,0,0,0
2,1,130747,0,0,0,0,0,0,0,0,0,0
1,1,130748,18,18,18,18,18,18,18,18,18,18
1,1,130749,0,0,0,0,0,0,0,0,0,0
1,1,130750,19,19,19,19,19,19,19,19,19,19
1,1,130751,0,0,0,0,0,0,0,0,0,0
1,1,130752,0,0,0,0,0,0,0,0,0,0
2,1,130752,5,5,5,5,5,5,5,5,5,5
1,1,130753,0,0,10,0,0,0,37,0,0,0
1,1,130754,0,0,0,0,0,0,0,0,0,0
1,1,130755,0,0,0,0,0,0,0,0,0,0
1,1,130756,0,13,0,0,0,0,19,0,38,12
1,1,130757,0,0,0,10,0,0,0,0,0,0
2,1,130757,0,0,0,0,0,0,0,0,3,0
1,1,130758,0,0,0,0,0,0,0,0,0,0
2,1,130758,0,0,0,0,0,0,0,0,0,0
1,1,130759,0,0,0,0,0,0,0,0,0,0
2,1,130759,0,0,0,0,0,0,0,0,0,0
1,1,130760,0,0,0,0,0,0,0,0,0,0
2,1,130760,0,0,0,0,0,0,0,0,0,0
1,1,130761,22,19,0,0,0,0,0,0,0,12
1,1,130762,19,19,19,19,19,19,19,19,19,19
1,1,130763,0,0,0,0,0,0,0,0,0,0
2,1,130763,0,0,0,0,0,0,0,0,0,0
1,1,130764,0,0,0,0,0,0,0,0,0,0
2,1,130764,0,0,0,0,0,0,0,0,0,0
1,1,130765,0,0,0,0,0,0,0,0,0,0
0,1,130766,0,0,0,0,0,0,0,0,0,0
1,1,130766,0,0,0,0,0,0,0,0,0,0
1,1,130767,0,0,0,0,0,0,0,0,0,0
1,1,130768,0,0,0,0,0,0,0,0,0,0
2,1,130768,0,0,0,0,0,0,0,0,0,0
1,1,130769,0,31,14,0,29,0,19,0,21,0
1,1,130770,0,0,0,0,0,0,0,0,0,0
1,1,130771,17,17,17,17,17,17,17,17,17,17
1,1,130772,23,23,23,23,23,23,23,23,23,23
1,1,130773,0,0,0,0,0,0,0,0,0,0
2,1,130773,0,0,0,0,0,0,0,0,0,0
1,1,130774,6,8,17,14,0,10,14,6,22,12
1,1,130775,0,0,0,0,0,0,0,0,0,0
1,1,130776,0,0,0,0,0,0,0,0,0,0
2,1,130776,0,0,0,0,0,0,0,0,0,0
1,1,130777,0,0,0,0,0,0,0,0,0,0
0,1,130778,0,0,0,0,0,0,0,0,0,0
1,1,130778,0,0,0,0,0,0,0,0,0,0
2,1,130778,0,0,0,0,0,0,0,0,0,0
1,1,130779,0,0,0,0,0,0,0,0,0,0
2,1,130779,0,0,0,0,0,0,0,0,0,0
3,1,130779,0,0,0,0,0,0,0,0,0,0
4,1,130779,0,0,0,0,0,0,0,0,0,0
1,1,130780,0,0,20,10,22,0,0,23,17,0
2,1,130780,0,0,0,0,0,0,0,0,0,0
1,1,130781,0,0,0,0,0,0,0,0,0,0
1,1,130782,0,0,0,0,0,0,0,0,0,0
2,1,130782,0,0,0,0,0,0,0,0,0,0
1,1,130783,0,0,0,0,0,0,0,0,0,0
2,1,130783,0,0,0,4,8,0,0,0,0,0
1,1,130784,0,0,0,0,0,0,0,0,0,0
2,1,130784,0,0,0,0,0,0,0,0,0,0
1,1,130785,15,15,15,15,15,15,15,15,15,15
1,1,130786,0,0,0,0,0,0,0,0,0,0
1,1,130787,0,0,0,0,0,0,0,0,0,0
2,1,130787,0,0,0,0,0,0,0,0,0,0
1,1,130788,0,0,16,0,0,14,0,0,0,0
2,1,130788,0,0,0,0,0,0,22,0,9,17
1,1,130789,14,14,14,14,14,14,14,14,14,14
1,1,130790,21,21,21,21,21,21,21,21,21,21
2,1,130790,0,0,23,0,0,0,0,0,0,0
0,1,130791,29,29,29,29,29,29,29,29,29,29
1,1,130791,9,0,11,0,0,0,0,0,0,0
1,1,130792,19,19,19,19,19,19,19,19,19,19
1,1,130793,0,0,0,0,0,0,0,0,0,0
2,1,130793,0,0,0,0,0,0,0,0,0,0
3,1,130793,0,0,0,0,0,0,0,0,0,0
1,1,130794,0,0,0,0,0,0,0,0,0,0
1,1,130795,0,0,0,0,0,0,0,0,0,0
2,1,130795,0,0,0,0,0,0,0,0,0,0
1,1,130796,0,0,0,0,0,0,0,0,0,0
2,1,130796,0,0,0,0,0,0,7,0,0,0
1,1,130797,0,0,0,0,0,0,0,15,0,14
2,1,130797,0,0,0,0,0,0,0,0,0,0
1,1,130798,0,0,0,0,0,0,0,0,0,0
2,1,130798,0,0,0,0,0,0,0,0,0,0
0,1,130799,0,0,0,0,0,0,0,0,0,0
1,1,130799,0,0,0,0,0,0,0,0,0,0
1,1,130800,0,0,0,0,0,0,0,0,0,0
2,1,130800,0,0,0,0,0,0,0,0,0,0
1,1,130801,13,14,9,20,18,5,30,0,12,14
1,1,130802,4,24,0,17,0,14,19,15,24,21
2,1,130802,0,0,0,0,0,0,0,0,0,0
1,1,130803,0,0,0,0,0,0,0,0,0,0
2,1,130803,0,0,0,0,0,0,0,0,0,6
1,1,130804,0,0,0,0,0,0,0,0,0,0
1,1,130805,0,0,0,0,0,0,0,0,0,0
2,1,130805,0,0,0,0,0,17,0,0,0,0
1,1,130806,19,19,19,19,19,19,19,19,19,19
1,1,130807,19,19,19,19,19,19,19,19,19,19
2,1,130807,0,0,0,0,0,0,0,0,0,0
1,1,130808,0,0,0,0,0,0,0,0,0,0
2,1,130808,0,0,0,0,0,0,0,0,0,0
1,1,130809,0,0,0,0,0,0,0,0,0,0
2,1,130809,0,0,0,0,0,0,0,0,0,0
1,1,130810,30,30,30,30,30,30,30,30,30,30
0,1,130811,23,23,23,23,23,23,23,23,23,23
1,1,130811,7,0,0,0,7,0,9,0,21,0
1,1,130812,0,0,0,0,0,0,0,0,0,0
2,1,130812,0,0,0,0,0,0,0,0,28,0
1,1,130813,0,0,0,0,0,0,0,7,0,0
2,1,130813,0,6,0,0,0,17,0,0,0,0
1,1,130814,0,0,0,0,0,0,0,0,0,0
2,1,130814,0,0,0,0,0,0,0,0,0,0
1,1,130815,0,0,0,0,0,0,0,0,0,23
1,1,130816,0,0,0,0,0,3,0,8,0,0
2,1,130816,0,0,0,0,0,0,0,0,0,0
1,1,130817,15,15,15,15,15,15,15,15,15,15
1,1,130818,0,0,0,0,0,0,0,0,0,0
1,1,130819,16,16,16,16,16,16,16,16,16,16
1,1,130820,0,0,0,0,0,0,0,0,0,0
0,1,130821,19,17,0,27,17,0,36,0,22,0
1,1,130821,0,0,0,0,0,0,0,0,0,0
1,1,130822,0,0,0,0,0,0,9,0,0,0
2,1,130822,0,0,0,0,2,0,0,0,0,0
1,1,130823,0,0,0,23,0,0,0,0,15,0
1,1,130824,0,0,0,0,0,0,0,0,0,0
2,1,130824,0,0,0,0,0,0,0,0,0,0
1,1,130825,0,0,0,0,0,0,0,0,0,0
1,1,130826,0,0,0,0,0,0,0,0,0,0
2,1,130826,0,0,0,0,0,0,0,0,0,0
1,1,130827,18,18,18,18,18,18,18,18,18,18
1,1,130828,0,0,0,0,0,0,0,0,0,0
1,1,130829,0,0,0,0,0,0,0,0,0,0
1,1,130830,29,29,29,29,29,29,29,29,29,29
1,1,130831,0,0,0,0,0,0,0,0,0,0
1,1,130832,14,10,8,0,0,0,13,16,0,0
2,1,130832,0,4,0,0,0,0,0,0,0,0
1,1,130833,13,13,13,13,13,13,13,13,13,13
1,1,130834,0,17,0,0,0,0,0,0,0,0
2,1,130834,0,0,0,0,0,0,0,0,0,0
1,1,130835,0,0,0,0,0,0,0,0,0,0
2,1,130835,0,0,0,35,0,0,0,0,0,0
3,1,130835,0,0,0,0,0,0,0,0,0,0
1,1,130836,0,0,0,0,0,0,0,0,0,0
2,1,130836,0,0,0,0,0,0,0,0,0,0
1,1,130837,0,0,0,0,0,0,0,0,0,0
2,1,130837,0,0,9,0,0,0,0,12,0,0
1,1,130838,6,6,6,6,6,6,6,6,6,6
1,1,130839,0,0,0,0,0,0,0,0,0,0
2,1,130839,0,0,0,0,0,0,0,0,0,0
1,1,130840,0,0,0,0,0,0,6,0,0,0
1,1,130841,0,0,0,0,0,0,0,0,0,0
2,1,130841,0,0,0,0,0,0,0,0,0,0
1,1,130842,0,0,0,0,0,0,0,0,0,0
1,1,130843,0,0,0,0,0,0,0,0,0,0
2,1,130843,0,0,0,0,0,0,0,0,0,0
1,1,130844,0,0,0,0,0,0,0,0,0,12
2,1,130844,0,0,0,0,0,0,0,0,0,0
1,1,130845,0,0,0,0,0,0,0,0,0,0
2,1,130845,0,0,0,0,0,0,0,0,0,0
1,1,130846,0,0,0,0,0,0,0,0,0,0
2,1,130846,0,0,0,0,0,0,0,0,0,0
1,1,130847,0,0,0,0,0,0,0,0,0,0
1,1,130848,0,0,0,0,0,0,0,0,0,0
1,1,130849,0,0,0,0,0,0,0,0,0,0
0,1,130850,0,0,0,0,0,0,0,0,0,0
1,1,130850,0,0,0,0,0,0,0,0,0,0
1,1,130851,0,0,0,0,0,0,0,0,0,0
2,1,130851,0,0,0,0,0,0,0,0,0,0
1,1,130852,0,19,27,12,0,0,19,0,0,0
1,1,130853,19,19,19,19,19,19,19,19,19,19
2,1,130853,3,14,5,17,17,16,0,25,0,11
1,1,130854,24,24,24,24,24,24,24,24,24,24
1,1,130855,14,16,0,0,25,18,5,0,21,14
2,1,130855,0,0,0,0,0,0,0,0,0,0
1,1,130856,26,26,26,26,26,26,26,26,26,26
1,1,130857,0,0,0,0,0,0,0,0,0,0
2,1,130857,0,0,0,0,0,0,0,0,0,0
3,1,130857,0,0,0,0,0,10,0,0,0,0
1,1,130858,0,0,0,0,0,0,0,0,0,0
1,1,130859,9,9,9,9,9,9,9,9,9,9
1,1,130860,0,0,0,0,0,0,0,0,0,0
2,1,130860,0,0,0,0,0,0,0,0,0,0
1,1,130861,6,0,0,10,11,2,0,12,0,5
1,1,130862,0,0,0,0,0,0,0,0,0,0
2,1,130862,0,0,0,0,0,0,0,0,0,0
0,1,130863,0,0,0,0,0,0,0,0,0,0
0,2,130863,0,0,39,0,0,0,0,34,0,0
1,1,130863,0,0,0,0,0,0,0,0,0,0
1,1,130864,2,2,2,2,2,2,2,2,2,2
2,1,130864,0,0,0,0,0,0,0,0,0,0
3,1,130864,0,0,0,0,0,0,0,0,0,0
1,1,130865,13,13,13,13,13,13,13,13,13,13
1,1,130866,0,0,0,0,0,6,0,0,0,0
1,1,130867,0,0,0,0,0,0,0,0,0,0
2,1,130867,0,0,0,0,0,0,0,0,0,0
1,1,130868,0,0,0,0,0,0,0,0,0,0
2,1,130868,0,0,0,0,0,0,0,0,0,0
0,1,130869,0,15,14,0,0,0,0,0,18,24
1,1,130869,0,0,0,0,0,3,0,0,0,0
1,1,130870,13,13,13,13,13,13,13,13,13,13
2,1,130870,0,0,0,0,0,0,0,0,0,0
0,1,130871,0,17,0,33,11,0,0,44,0,0
1,1,130871,0,0,0,0,0,0,0,0,0,0
1,1,130872,0,0,0,0,0,0,0,0,0,19
2,1,130872,0,0,0,0,0,0,0,0,0,0
1,1,130873,0,0,0,0,0,0,0,0,0,0
2,1,130873,0,0,0,0,0,0,0,0,0,0
1,1,130874,13,0,0,0,0,0,0,0,0,0
2,1,130874,0,0,0,0,0,0,0,0,0,0
1,1,130875,7,7,7,7,7,7,7,7,7,7
1,1,130876,0,0,0,0,0,0,0,0,0,0
1,1,130877,0,0,0,0,0,0,0,0,0,0
0,1,130878,0,7,0,0,0,0,0,0,0,0
1,1,130878,10,10,10,10,10,10,10,10,10,10
1,1,130879,0,0,0,0,0,0,0,0,0,0
2,1,130879,0,0,0,0,0,0,0,0,0,0
3,1,130879,0,0,0,0,0,0,0,0,0,0
1,1,130880,15,15,15,15,15,15,15,15,15,15
2,1,130880,0,0,0,0,0,0,0,0,0,0
1,1,130881,0,0,0,0,0,0,0,0,0,0
2,1,130881,0,0,0,0,0,0,0,0,0,0
1,1,130882,0,0,0,0,0,0,0,0,0,0
1,1,130883,0,11,0,0,0,0,0,0,0,0
1,1,130884,0,0,0,22,0,0,0,0,0,0
1,1,130885,0,0,0,0,0,0,0,0,0,0
1,1,130886,0,0,0,0,0,0,0,0,0,0
1,1,130887,0,12,6,16,11,22,20,22,27,20
1,1,130888,0,0,0,0,0,0,0,0,0,0
1,1,130889,0,0,0,16,0,0,0,0,0,0
2,1,130889,4,0,0,0,0,0,0,0,0,0
1,1,130890,0,0,0,0,0,7,0,0,0,0
2,1,130890,31,21,0,12,18,6,6,0,0,8
1,1,130891,0,24,0,10,24,6,0,0,0,0
2,1,130891,0,0,0,0,0,0,0,0,0,0
1,1,130892,22,22,22,22,22,22,22,22,22,22
1,1,130893,4,4,4,4,4,4,4,4,4,4
1,1,130894,0,0,0,0,0,0,0,0,0,0
1,1,130895,13,18,0,19,20,12,9,7,0,21
2,1,130895,0,0,0,0,0,0,0,0,0,0
3,1,130895,0,0,0,0,0,0,0,0,0,0