VEH_NO,PER_NO,ST_CASE,P1,P2,P3,P4,P5,P6,P7,P8,P9,P10
1,1,130896,0,0,0,0,0,0,0,0,0,0
2,1,130896,0,0,6,0,0,0,0,0,4,0
1,1,130897,15,24,11,14,16,21,23,15,15,19
2,1,130897,0,0,0,0,0,0,0,0,0,0
3,1,130897,0,0,0,0,0,0,0,0,0,10
1,1,130898,13,13,13,13,13,13,13,13,13,13
2,1,130898,0,0,0,0,0,0,0,0,0,0
1,1,130899,0,0,0,0,0,0,0,0,0,0
1,1,130900,18,18,18,18,18,18,18,18,18,18
1,1,130901,0,0,0,0,0,0,0,0,0,0
2,1,130901,0,0,0,0,0,0,0,0,0,0
1,1,130902,0,0,0,0,0,0,4,0,15,0
2,1,130902,0,0,0,0,0,0,0,0,0,14
1,1,130903,0,0,0,0,0,0,0,0,0,0
0,1,130904,0,4,15,0,0,22,0,0,0,29
1,1,130904,0,0,0,0,0,0,0,0,0,0
2,1,130904,0,0,0,0,0,0,0,0,0,0
3,1,130904,0,0,0,0,0,0,0,0,0,0
1,1,130905,0,0,0,0,0,0,0,0,0,0
2,1,130905,0,0,0,0,0,0,0,0,0,0
1,1,130906,0,0,0,0,0,0,0,0,0,0
0,1,130907,0,0,0,0,0,0,0,0,0,0
1,1,130907,0,0,0,0,0,0,0,0,0,0
1,1,130908,0,0,0,10,0,0,5,7,0,0
1,1,130909,0,0,0,0,0,0,0,0,0,0
2,1,130909,0,0,0,0,0,5,9,0,0,0
1,1,130910,11,11,11,11,11,11,11,11,11,11
0,1,130911,0,0,0,0,0,0,0,0,0,0
1,1,130911,0,0,0,0,0,0,0,0,0,0
1,1,130912,0,0,0,0,0,0,0,0,0,0
2,1,130912,0,0,0,0,0,0,0,0,0,0
3,1,130912,0,0,0,0,0,0,0,0,0,0
1,1,130913,0,0,0,0,0,0,0,0,0,0
2,1,130913,0,0,0,0,0,0,0,0,0,0
1,1,130914,9,0,0,0,14,0,0,2,0,39
1,1,130915,14,14,14,14,14,14,14,14,14,14
1,1,130916,7,15,0,0,0,0,0,0,17,0
1,1,130917,0,0,0,0,0,0,0,0,0,0
2,1,130917,0,0,0,0,0,0,0,0,0,0
0,1,130918,0,0,0,0,0,0,0,0,0,0
1,1,130918,0,0,0,0,0,0,0,0,0,0
1,1,130919,0,0,10,0,0,0,0,0,0,0
2,1,130919,0,0,0,0,0,0,0,0,0,0
3,1,130919,0,0,0,0,0,0,0,0,0,0
1,1,130920,20,20,20,20,20,20,20,20,20,20
2,1,130920,0,0,0,0,0,0,0,0,0,0
1,1,130921,7,7,7,7,7,7,7,7,7,7
2,1,130921,0,0,0,0,0,0,0,0,0,0
3,1,130921,0,0,0,0,0,0,0,0,5,0
4,1,130921,0,0,0,0,0,0,0,0,0,0
1,1,130922,0,0,0,0,0,0,0,0,0,0
2,1,130922,11,11,11,11,11,11,11,11,11,11
1,1,130923,28,28,28,28,28,28,28,28,28,28
1,1,130924,22,22,22,22,22,22,22,22,22,22
0,1,130925,0,0,0,0,0,0,0,0,0,0
1,1,130925,0,0,0,11,0,0,0,0,0,0
1,1,130926,0,0,0,0,0,0,0,0,0,0
1,1,130927,0,0,0,0,0,0,0,0,0,0
2,1,130927,0,0,0,0,0,0,0,0,0,0
1,1,130928,0,0,0,0,0,0,0,0,0,0
2,1,130928,0,0,0,0,0,0,0,0,0,0
1,1,130929,0,0,0,0,0,0,0,0,0,0
1,1,130930,0,0,0,0,0,0,0,0,0,0
2,1,130930,0,0,0,0,0,0,0,0,0,0
1,1,130931,14,11,20,9,13,17,13,22,0,28
1,1,130932,0,0,0,0,0,0,0,0,0,0
1,1,130933,0,0,0,0,0,0,0,0,0,0
2,1,130933,0,0,0,0,0,0,0,0,0,0
1,1,130934,0,0,0,0,0,0,0,0,0,0
1,1,130935,0,0,0,0,0,0,0,0,0,0
2,1,130935,0,0,0,0,0,0,0,0,0,0
3,1,130935,0,0,0,0,0,0,0,0,0,0
1,1,130936,0,0,0,0,0,0,0,0,0,0
2,1,130936,0,0,0,0,0,0,0,13,0,0
1,1,130937,0,0,0,0,0,0,0,0,0,0
1,1,130938,0,0,0,0,0,0,0,0,0,0
2,1,130938,0,0,0,0,0,0,0,11,0,0
1,1,130939,0,0,0,0,0,0,0,0,0,0
2,1,130939,0,0,0,0,0,0,0,0,0,0
1,1,130940,0,0,0,0,0,0,0,0,0,0
2,1,130940,0,0,0,0,0,0,0,0,0,0
0,1,130941,0,0,0,0,0,0,0,0,0,0
1,1,130941,0,0,0,0,0,0,0,0,0,0
1,1,130942,0,0,40,0,0,0,0,0,0,0
2,1,130942,0,0,0,0,0,0,0,0,0,0
1,1,130943,16,22,0,0,0,0,0,15,16,0
2,1,130943,0,0,13,0,0,9,0,0,0,0
1,1,130944,4,4,4,4,4,4,4,4,4,4
0,1,130945,16,16,16,16,16,16,16,16,16,16
1,1,130945,0,0,0,0,0,0,0,25,0,0
1,1,130946,0,0,0,0,0,0,0,0,0,0
1,1,130947,0,0,0,0,9,0,0,0,0,0
2,1,130947,0,0,0,0,0,0,0,0,0,0
1,1,130948,0,13,0,0,0,0,0,0,0,0
1,1,130949,0,0,0,0,0,0,0,0,0,0
1,1,130950,0,0,0,0,0,0,0,0,0,0
2,1,130950,0,0,0,0,0,0,0,0,0,0
1,1,130951,18,18,18,18,18,18,18,18,18,18
1,1,130952,11,22,0,0,16,16,0,25,0,0
2,1,130952,0,0,0,9,18,0,0,0,0,0
1,1,130953,13,9,14,0,0,0,0,0,30,0
2,1,130953,0,0,0,0,0,0,0,0,0,0
1,1,130954,17,17,17,17,17,17,17,17,17,17
2,1,130954,0,0,0,0,0,0,0,0,0,0
1,1,130955,0,0,17,0,0,0,0,0,0,0
1,1,130956,9,9,9,9,9,9,9,9,9,9
1,1,130957,11,11,11,11,11,11,11,11,11,11
1,1,130958,10,16,0,0,0,0,0,0,0,0
1,1,130959,21,21,21,21,21,21,21,21,21,21
1,1,130960,0,0,0,0,0,0,0,0,0,0
1,1,130961,0,0,0,0,0,0,0,0,0,0
2,1,130961,0,0,0,0,0,0,0,0,0,0
1,1,130962,17,17,17,17,17,17,17,17,17,17
1,1,130963,0,8,0,0,0,0,0,0,0,0
2,1,130963,0,0,0,0,0,0,0,0,0,0
1,1,130964,0,0,0,0,0,0,0,0,0,0
2,1,130964,0,0,0,0,0,0,0,0,0,0
1,1,130965,22,9,0,28,0,0,0,19,25,0
1,1,130966,0,0,0,0,0,0,0,0,0,0
2,1,130966,0,0,0,0,0,0,0,0,0,0
1,1,130967,0,0,0,0,0,4,0,0,0,0
2,1,130967,0,0,0,0,0,0,0,0,0,0
1,1,130968,0,0,0,0,0,0,0,0,0,0
2,1,130968,0,0,0,0,0,0,0,0,0,0
3,1,130968,0,0,0,0,0,0,0,0,0,0
1,1,130969,0,0,0,0,0,0,0,0,0,0
2,1,130969,0,0,0,0,0,0,0,0,0,0
1,1,130970,0,0,0,0,0,9,0,0,0,20
1,1,130971,15,15,15,15,15,15,15,15,15,15
1,1,130972,0,0,36,13,0,0,0,0,19,0
2,1,130972,0,0,0,0,9,0,0,0,0,0
1,1,130973,0,0,0,0,0,0,0,0,0,0
2,1,130973,0,0,0,0,0,0,0,0,0,0
1,1,130974,0,12,0,12,0,0,0,18,22,24
0,1,130975,0,0,0,0,0,0,0,0,0,0
1,1,130975,0,0,0,0,0,0,0,0,0,0
1,1,130976,0,0,0,0,0,0,0,0,0,0
2,1,130976,0,0,0,0,0,0,0,0,0,0
1,1,130977,0,0,0,0,0,0,0,0,0,0
2,1,130977,0,0,0,0,0,0,0,0,0,0
1,1,130978,0,0,0,0,0,0,0,0,0,0
0,1,130979,0,0,0,0,0,0,0,0,0,0
1,1,130979,0,0,0,0,0,0,0,0,12,0
1,1,130980,0,0,0,0,0,0,0,0,0,0
2,1,130980,0,0,0,0,0,0,0,0,0,0
0,1,130981,21,21,21,21,21,21,21,21,21,21
1,1,130981,0,0,0,0,0,0,0,0,0,0
1,1,130982,0,0,0,0,0,0,0,0,0,0
2,1,130982,0,0,0,0,0,0,0,0,0,0
1,1,130983,0,0,0,0,0,0,0,0,0,0
1,1,130984,0,0,0,0,0,0,0,0,0,0
1,1,130985,0,0,0,0,0,0,0,0,0,0
2,1,130985,0,0,13,0,0,0,0,0,0,0
1,1,130986,20,15,0,13,0,9,27,29,27,10
2,1,130986,0,0,0,0,0,0,0,18,0,0
1,1,130987,0,0,0,23,0,0,0,0,0,0
1,1,130988,12,12,12,12,12,12,12,12,12,12
1,1,130989,11,11,11,11,11,11,11,11,11,11
1,1,130990,0,0,0,0,0,0,0,0,0,0
1,1,130991,0,0,0,0,0,8,0,0,0,0
0,1,130992,0,0,0,0,0,0,0,0,0,0
1,1,130992,0,0,0,0,0,0,0,0,0,0
1,1,130993,0,0,0,0,0,0,0,0,0,0
2,1,130993,0,0,0,0,0,0,0,0,0,0
1,1,130994,0,0,0,0,0,0,0,0,0,0
2,1,130994,0,4,0,0,0,0,0,0,0,0
1,1,130995,0,0,13,0,0,0,0,0,0,0
2,1,130995,0,0,0,0,0,0,0,0,0,0
1,1,130996,0,0,0,0,0,0,0,0,0,0
2,1,130996,0,0,0,0,0,0,0,0,0,0
1,1,130997,0,0,0,0,0,0,0,0,0,0
1,1,130998,6,0,0,10,0,0,0,0,0,0
2,1,130998,0,0,0,0,0,0,0,0,0,0
1,1,130999,0,0,0,0,0,0,0,0,0,0
2,1,130999,0,0,0,0,0,13,0,0,0,0
1,1,131000,0,0,0,0,0,0,0,0,0,0
2,1,131000,0,0,0,0,0,0,0,0,0,0
3,1,131000,0,0,0,0,0,0,0,0,0,0
1,1,131001,0,0,0,0,0,31,14,20,0,0
1,1,131002,0,0,0,0,0,0,0,0,0,0
1,1,131003,14,14,14,14,14,14,14,14,14,14
0,1,131004,0,0,0,30,16,0,0,0,24,0
1,1,131004,0,0,0,0,0,0,11,0,0,7
1,1,131005,23,23,23,23,23,23,23,23,23,23
1,1,131006,3,6,0,0,0,0,0,0,0,0
2,1,131006,0,0,0,0,0,0,0,12,0,0
1,1,131007,14,10,0,20,0,13,22,16,10,19
1,1,131008,0,0,0,0,0,0,0,0,0,0
1,1,131009,0,0,0,0,0,0,0,0,0,0
2,1,131009,0,0,0,0,0,0,0,0,0,0
1,1,131010,28,28,28,28,28,28,28,28,28,28
1,1,131011,21,0,7,17,0,22,18,19,15,11
0,1,131012,0,0,0,0,0,0,0,0,0,0
1,1,131012,0,0,0,0,0,0,0,0,0,0
1,1,131013,22,22,22,22,22,22,22,22,22,22
1,1,131014,23,20,0,11,0,0,3,0,0,5
1,1,131015,16,0,0,21,0,10,10,0,15,0
1,1,131016,0,0,0,0,0,0,0,0,0,0
2,1,131016,0,0,0,0,0,0,0,0,0,0
0,1,131017,0,17,12,0,0,0,0,34,0,0
1,1,131017,0,0,0,0,0,0,0,0,0,0
1,1,131018,0,0,0,0,0,0,0,0,0,0
2,1,131018,0,0,0,0,0,0,0,0,0,0
3,1,131018,0,0,0,0,0,0,0,0,0,0
1,1,131019,0,0,0,0,0,0,0,0,0,0
1,1,131020,6,0,0,0,0,0,20,15,0,0
0,1,131021,23,23,23,23,23,23,23,23,23,23
1,1,131021,0,0,0,0,0,0,0,0,0,0
1,1,131022,17,0,20,14,0,13,12,0,0,6
2,1,131022,0,0,2,0,0,0,0,0,3,0
0,1,131023,28,28,28,28,28,28,28,28,28,28
1,1,131023,0,0,0,0,0,0,0,0,0,10
1,1,131024,4,4,4,4,4,4,4,4,4,4
1,1,131025,0,0,0,0,0,0,0,0,0,0
2,1,131025,0,0,0,0,0,0,0,0,0,0
3,1,131025,0,0,0,0,0,0,0,0,0,0
1,1,131026,0,0,0,0,0,0,0,0,0,0
2,1,131026,0,0,0,0,0,0,0,0,0,0
1,1,131027,28,0,0,3,27,11,0,19,25,0
1,1,131028,0,0,0,0,0,0,0,0,0,0
2,1,131028,0,0,0,0,0,0,0,0,0,0
1,1,131029,0,0,0,0,0,0,0,0,0,0
1,1,131030,0,0,0,0,0,0,0,0,0,0
2,1,131030,0,0,0,0,0,0,0,14,0,0
3,1,131030,0,0,6,0,0,0,0,0,0,7
1,1,131031,0,0,22,0,0,22,0,9,0,0
0,1,131032,0,0,0,0,0,0,0,0,0,0
1,1,131032,0,0,0,0,0,0,0,0,0,0
1,1,131033,5,5,5,5,5,5,5,5,5,5
1,1,131034,0,0,0,0,0,0,0,0,0,0
2,1,131034,0,0,0,0,0,0,0,0,0,0
1,1,131035,0,0,0,0,0,0,0,0,0,0
2,1,131035,5,5,5,5,5,5,5,5,5,5
1,1,131036,0,0,0,0,0,0,22,0,0,0
1,1,131037,0,0,0,0,0,0,0,0,0,0
2,1,131037,0,0,0,0,0,0,0,0,0,0
1,1,131038,0,0,0,0,0,0,0,0,0,11
2,1,131038,0,0,0,7,0,0,0,0,0,0
3,1,131038,0,0,0,0,0,0,0,0,0,0
0,1,131039,0,0,0,0,0,0,0,0,20,0
1,1,131039,0,0,0,0,0,0,0,0,0,0
0,1,131040,0,0,0,0,0,0,0,0,0,0
1,1,131040,0,0,0,0,0,0,0,0,0,0
1,1,131041,0,0,0,0,0,0,12,0,0,0
2,1,131041,0,0,0,0,0,0,0,0,0,0
1,1,131042,15,15,15,15,15,15,15,15,15,15
1,1,131043,0,0,0,0,0,0,0,0,0,0
2,1,131043,0,0,0,0,0,0,0,0,0,0
3,1,131043,0,11,0,0,7,0,0,0,0,0
4,1,131043,0,0,0,0,0,0,0,0,0,0
1,1,131044,21,21,21,21,21,21,21,21,21,21
1,1,131045,0,18,8,0,13,4,0,0,0,0
1,1,131046,16,16,16,16,16,16,16,16,16,16
1,1,131047,0,0,0,0,0,0,0,0,0,0
2,1,131047,0,0,0,0,0,0,0,0,2,0
1,1,131048,0,0,0,0,0,0,0,0,0,0
2,1,131048,0,0,0,0,0,0,0,0,0,0
1,1,131049,0,0,0,0,0,0,0,0,0,0
1,1,131050,0,0,0,0,0,0,0,0,0,0
2,1,131050,25,25,25,25,25,25,25,25,25,25
1,1,131051,0,0,0,0,0,0,0,0,0,0
2,1,131051,0,0,0,0,0,0,0,0,0,0
1,1,131052,0,0,0,11,0,0,0,0,0,0
2,1,131052,0,0,0,0,0,0,0,0,0,0
3,1,131052,0,0,0,0,0,0,0,0,0,0
1,1,131053,13,17,0,7,0,0,0,0,0,0
2,1,131053,0,0,0,0,0,0,0,0,0,0
1,1,131054,14,0,0,0,0,0,0,17,0,0
1,1,131055,0,0,0,0,0,0,0,0,0,0
1,1,131056,17,17,17,17,17,17,17,17,17,17
2,1,131056,0,0,0,0,0,0,0,0,0,0
1,1,131057,0,0,0,0,0,0,0,0,0,0
2,1,131057,0,0,0,0,14,0,0,0,0,0
0,1,131058,17,17,17,17,17,17,17,17,17,17
1,1,131058,0,0,0,0,0,0,0,0,0,0
1,1,131059,22,22,22,22,22,22,22,22,22,22
1,1,131060,0,0,0,0,0,0,0,0,0,0
0,1,131061,0,0,24,13,32,0,0,7,30,0
1,1,131061,0,0,0,0,0,6,0,0,0,0
1,1,131062,0,0,0,0,0,0,0,0,0,0
2,1,131062,0,0,0,0,0,0,0,0,0,0
1,1,131063,30,30,30,30,30,30,30,30,30,30
1,1,131064,0,0,0,0,0,0,0,0,0,0
0,1,131065,0,12,38,40,21,10,10,17,23,0
1,1,131065,11,11,11,11,11,11,11,11,11,11
1,1,131066,0,0,0,0,15,0,0,0,0,0
2,1,131066,0,0,0,0,0,0,0,0,0,0
3,1,131066,0,0,0,0,0,0,0,0,0,0
1,1,131067,0,0,0,0,0,0,0,0,0,0
1,1,131068,0,0,0,0,0,0,0,0,0,0
0,1,131069,23,23,23,23,23,23,23,23,23,23
1,1,131069,13,0,0,0,0,0,0,0,0,0
1,1,131070,0,0,0,0,0,0,30,0,0,0
1,1,131071,0,0,0,0,0,0,0,0,0,0
2,1,131071,0,0,2,0,0,0,0,0,0,0
1,1,131072,10,10,10,10,10,10,10,10,10,10
1,1,131073,16,16,16,16,16,16,16,16,16,16
1,1,131074,13,13,13,13,13,13,13,13,13,13
1,1,131075,18,23,8,26,27,33,0,0,45,19
1,1,131076,0,0,0,0,0,0,0,0,0,0
1,1,131077,0,0,0,0,0,0,0,0,0,0
1,1,131078,9,9,9,9,9,9,9,9,9,9
1,1,131079,18,18,18,18,18,18,18,18,18,18
1,1,131080,0,0,0,0,0,0,0,0,0,0
1,1,131081,0,0,0,0,0,0,0,0,0,0
2,1,131081,0,0,0,0,0,0,0,0,0,0
1,1,131082,0,0,0,0,0,0,0,0,0,0
2,1,131082,0,0,0,0,0,0,0,0,0,0
1,1,131083,0,0,0,0,0,0,0,0,0,0
1,1,131084,0,0,0,9,0,0,42,0,0,0
0,1,131085,21,21,21,21,21,21,21,21,21,21
1,1,131085,3,9,6,3,3,8,3,0,11,4
2,1,131085,0,10,0,14,0,26,0,0,30,0
3,1,131085,21,13,0,24,0,0,0,28,0,8
1,1,131086,0,0,0,0,0,0,0,0,0,0
2,1,131086,0,0,0,0,0,0,0,0,0,0
1,1,131087,23,23,23,23,23,23,23,23,23,23
2,1,131087,0,0,0,0,0,0,0,0,0,0
3,1,131087,0,6,19,0,0,0,0,6,0,0
1,1,131088,0,0,0,0,0,0,0,23,0,0
1,1,131089,14,13,10,9,19,9,23,19,17,22
1,1,131090,21,21,21,21,21,21,21,21,21,21
1,1,131091,0,0,12,0,8,0,0,0,0,0
1,1,131092,19,19,19,19,19,19,19,19,19,19
1,1,131093,0,0,0,0,0,0,0,0,0,0
2,1,131093,0,0,0,0,0,0,0,0,0,0
1,1,131094,0,0,0,0,0,0,0,0,0,0
2,1,131094,0,0,0,0,0,0,0,0,0,0
1,1,131095,0,0,0,0,0,4,0,7,27,0
1,1,131096,0,0,0,0,0,0,0,0,0,0
1,1,131097,25,25,25,25,25,25,25,25,25,25
0,1,131098,0,0,0,0,0,0,0,19,0,0
1,1,131098,0,12,0,0,0,7,0,0,0,0
1,1,131099,3,3,3,3,3,3,3,3,3,3
1,1,131100,0,0,0,0,0,0,0,0,0,0
1,1,131101,0,0,0,0,0,0,0,0,0,0
2,1,131101,0,0,0,0,0,0,0,0,0,0
1,1,131102,0,0,0,0,0,0,0,0,0,0
2,1,131102,0,0,0,0,0,0,0,0,13,0
1,1,131103,0,0,0,0,0,0,0,0,0,0
2,1,131103,0,0,0,0,0,0,0,0,0,0
1,1,131104,0,0,0,0,0,0,0,0,0,0
2,1,131104,0,0,16,0,0,0,0,0,0,0
1,1,131105,25,14,0,0,0,18,16,25,9,12
1,1,131106,18,18,18,18,18,18,18,18,18,18
2,1,131106,0,0,0,0,0,0,0,0,0,0
1,1,131107,22,22,22,22,22,22,22,22,22,22
2,1,131107,0,0,0,0,0,0,0,0,0,0
1,1,131108,6,4,9,0,32,0,0,0,0,0
1,1,131109,0,0,0,0,0,0,0,0,0,0
2,1,131109,0,0,0,0,0,0,0,0,0,0
1,1,131110,0,36,0,0,0,14,0,0,0,0
1,1,131111,0,0,0,0,0,0,0,0,0,0
1,1,131112,0,0,0,0,0,0,0,0,0,0
2,1,131112,0,0,0,0,0,0,0,0,0,0
1,1,131113,20,20,20,20,20,20,20,20,20,20
1,1,131114,14,0,16,10,14,5,7,6,0,7
2,1,131114,0,0,0,0,6,0,0,0,3,9
3,1,131114,8,0,0,10,0,0,11,10,15,0
1,1,131115,3,3,3,3,3,3,3,3,3,3
1,1,131116,0,0,0,0,0,0,0,0,0,0
2,1,131116,0,0,0,0,0,0,0,0,0,0
3,1,131116,0,0,0,0,0,0,0,0,0,0
1,1,131117,0,7,2,0,0,0,0,0,0,0
2,1,131117,0,0,0,0,0,0,0,0,0,0
1,1,131118,10,10,10,10,10,10,10,10,10,10
1,1,131119,0,0,0,0,0,0,0,0,0,0
0,1,131120,31,31,31,31,31,31,31,31,31,31
1,1,131120,0,0,13,0,0,0,5,0,0,0
1,1,131121,7,7,7,7,7,7,7,7,7,7
1,1,131122,11,11,11,11,11,11,11,11,11,11
1,1,131123,0,0,0,0,0,0,0,0,0,0
2,1,131123,0,0,0,0,0,0,0,0,0,0
1,1,131124,0,0,0,0,0,0,0,0,0,0
2,1,131124,0,0,0,0,0,0,0,0,0,0
1,1,131125,27,0,28,9,12,0,7,23,0,20
1,1,131126,12,12,12,12,12,12,12,12,12,12
1,1,131127,35,35,35,35,35,35,35,35,35,35
1,1,131128,0,0,0,0,0,0,0,0,0,0
2,1,131128,0,0,0,0,0,0,0,0,0,0
3,1,131128,0,0,0,13,0,0,0,0,0,0
1,1,131129,20,20,20,20,20,20,20,20,20,20
1,1,131130,11,5,10,6,7,7,9,13,6,12
2,1,131130,11,11,11,11,11,11,11,11,11,11
3,1,131130,0,0,0,0,0,0,0,0,0,0
1,1,131131,0,0,0,0,0,0,0,0,0,0
2,1,131131,0,0,0,0,0,0,0,0,0,0
1,1,131132,0,0,0,0,0,0,0,0,0,0
2,1,131132,0,0,0,0,0,0,0,0,0,0
1,1,131133,19,19,19,19,19,19,19,19,19,19
1,1,131134,16,16,16,16,16,16,16,16,16,16
1,1,131135,16,16,16,16,16,16,16,16,16,16
2,1,131135,0,0,0,0,0,0,0,0,0,0
1,1,131136,0,0,0,0,0,0,0,0,0,0
2,1,131136,0,0,0,0,0,0,0,0,0,0
1,1,131137,0,0,0,10,20,0,21,0,0,11
1,1,131138,0,0,0,0,0,0,0,0,0,0
2,1,131138,0,0,0,0,0,0,0,0,0,0
1,1,131139,10,0,15,0,0,22,12,0,0,0
1,1,131140,13,13,13,13,13,13,13,13,13,13
1,1,131141,2,2,2,2,2,2,2,2,2,2
1,1,131143,8,8,8,8,8,8,8,8,8,8
1,1,131144,0,0,0,0,0,0,0,0,0,0
1,1,131145,0,0,0,0,10,0,12,0,0,0
1,1,131146,0,22,0,9,0,10,13,7,0,0
1,1,131147,0,0,0,0,0,0,0,0,0,0
2,1,131147,0,0,0,0,0,0,0,0,0,0
0,1,131148,23,23,23,23,23,23,23,23,23,23
1,1,131148,0,0,0,0,0,12,0,6,0,0
1,1,131149,0,0,0,0,0,0,0,0,0,0
2,1,131149,0,0,0,0,0,0,0,0,0,0
1,1,131150,0,0,0,0,0,0,0,0,0,0
1,1,131151,0,0,0,0,0,0,0,0,0,0
2,1,131151,0,0,0,0,0,0,0,0,0,0
3,1,131151,0,0,0,0,0,0,0,0,0,0
0,1,131152,6,0,25,22,0,0,0,0,0,0
1,1,131152,0,0,0,0,0,0,0,13,0,0
2,1,131152,0,16,19,0,0,0,6,5,0,16
1,1,131153,0,0,0,0,0,0,0,0,0,0
2,1,131153,0,0,0,0,0,0,0,0,0,0
1,1,131154,25,0,0,0,0,0,0,16,0,0
1,1,131155,20,20,20,20,20,20,20,20,20,20
1,1,131156,6,0,0,16,15,29,17,20,7,17
2,1,131156,0,0,0,0,0,0,0,0,0,0
1,1,131157,0,0,0,0,0,0,0,0,0,0
2,1,131157,0,0,0,0,0,0,0,0,0,0
1,1,131158,19,19,19,19,19,19,19,19,19,19
1,1,131159,11,11,11,11,11,11,11,11,11,11
1,1,131160,0,0,0,0,0,0,0,0,0,0
2,1,131160,0,0,0,0,0,0,0,0,0,0
1,1,131161,10,10,10,10,10,10,10,10,10,10
1,1,131162,0,0,0,0,0,0,0,0,0,0
2,1,131162,0,0,0,0,0,0,0,0,0,0
1,1,131163,0,0,0,0,0,0,0,0,0,0
2,1,131163,0,0,0,0,0,0,0,0,0,0
0,1,131164,0,0,0,0,0,0,0,0,0,0
0,2,131164,0,0,0,0,0,0,0,0,0,0
1,1,131164,0,0,0,11,0,0,0,0,0,0
1,1,131165,0,0,0,0,0,0,0,0,0,0
2,1,131165,0,0,0,7,0,0,0,0,2,0
1,1,131166,0,0,0,0,0,0,0,0,0,0
2,1,131166,0,0,0,0,0,0,0,0,0,0
1,1,131167,0,0,17,0,18,0,0,0,21,0
1,1,131168,0,0,0,0,0,0,0,0,0,0
2,1,131168,0,0,0,0,0,0,0,0,0,0
3,1,131168,0,10,0,0,0,0,0,0,0,0
1,1,131169,0,0,0,0,0,0,0,0,0,0
2,1,131169,0,0,0,0,0,0,0,0,0,0
1,1,131170,0,0,0,0,0,0,0,0,0,0
2,1,131170,0,0,0,0,0,0,0,0,0,0
3,1,131170,0,0,0,23,0,0,0,0,0,21
4,1,131170,0,0,0,0,0,0,0,0,0,0
1,1,131171,0,0,0,0,0,0,0,7,0,0
2,1,131171,0,0,0,0,0,0,0,0,0,0
1,1,131172,21,21,21,21,21,21,21,21,21,21
2,1,131172,0,0,0,0,0,0,0,0,0,0
1,1,131173,19,19,19,19,19,19,19,19,19,19
1,1,131174,0,0,0,0,0,0,0,0,0,0
0,1,131175,0,9,0,0,0,18,26,30,13,20
1,1,131175,15,0,6,0,0,0,19,0,0,0
2,1,131175,0,11,0,0,0,0,4,4,0,0
1,1,131176,0,0,0,0,0,0,0,0,0,0
2,1,131176,0,0,0,0,0,0,0,0,0,0
1,1,131177,0,0,0,0,0,0,0,0,0,5
1,1,131178,21,21,21,21,21,21,21,21,21,21
2,1,131178,0,0,0,0,0,0,0,0,0,0
0,1,131179,0,0,0,0,0,0,0,0,0,0
1,1,131179,0,0,0,0,0,0,0,0,0,0
1,1,131180,30,30,30,30,30,30,30,30,30,30
1,1,131181,0,0,0,0,0,0,0,0,0,0
1,1,131182,0,14,0,0,0,9,0,0,0,0
1,1,131183,0,0,0,0,9,0,0,0,0,0
2,1,131183,0,0,0,0,0,0,0,0,0,0
1,1,131184,0,0,0,0,0,0,0,0,0,0
2,1,131184,0,0,0,0,0,0,0,0,0,0
1,1,131185,0,3,0,0,0,0,0,0,0,13
2,1,131185,0,0,0,0,0,0,0,0,0,0
1,1,131186,0,0,18,0,0,0,0,0,0,0
2,1,131186,0,0,0,0,0,5,0,0,0,0
1,1,131187,27,27,27,27,27,27,27,27,27,27
2,1,131187,0,0,0,0,0,0,0,0,0,0
1,1,131188,0,0,0,0,0,0,0,0,0,0
2,1,131188,0,0,0,0,0,0,0,0,0,0
1,1,131189,0,0,0,0,0,0,0,0,0,0
1,1,131190,0,0,0,0,0,0,0,0,0,0
2,1,131190,0,0,0,0,0,0,0,0,0,0
1,1,131191,0,0,0,0,0,0,0,0,0,0
1,1,131192,0,0,0,0,0,0,0,0,0,0
2,1,131192,0,0,0,0,0,0,0,0,0,4
1,1,131193,0,0,0,0,0,0,0,0,0,0
2,1,131193,0,0,0,0,0,0,0,0,0,0
1,1,131194,0,0,0,0,0,0,0,0,0,0
2,1,131194,0,0,0,0,0,0,0,0,0,0
1,1,131195,0,0,0,0,0,0,0,0,0,14
1,1,131196,0,0,0,0,0,0,0,0,0,0
2,1,131196,0,0,0,0,0,0,0,0,0,0
1,1,131197,0,0,0,0,0,0,0,0,0,0
1,1,131198,0,16,0,0,0,0,0,0,0,0
0,1,131199,18,13,6,31,15,25,0,0,27,8
1,1,131199,0,0,0,0,0,0,0,0,0,0
1,1,131200,0,0,0,0,0,0,0,0,0,0
2,1,131200,0,0,0,0,0,0,0,0,0,0
1,1,131201,0,0,0,0,0,0,0,0,0,0
2,1,131201,0,0,0,0,0,0,0,0,0,0
1,1,131202,31,31,31,31,31,31,31,31,31,31
1,1,131203,0,0,0,0,0,0,0,0,0,0
1,1,131204,17,17,17,17,17,17,17,17,17,17
1,1,131205,0,0,0,0,0,0,0,0,0,0
2,1,131205,0,0,0,0,0,0,0,0,0,0
3,1,131205,0,0,0,0,0,0,0,0,0,0
1,1,131206,0,0,7,22,0,0,0,0,0,0
0,1,131207,12,12,12,12,12,12,12,12,12,12
1,1,131207,0,0,0,0,0,0,0,0,0,0
1,1,131208,23,23,23,23,23,23,23,23,23,23
2,1,131208,0,0,0,0,0,0,0,0,0,0
1,1,131209,19,19,19,19,19,19,19,19,19,19