VEH_NO,PER_NO,ST_CASE,P1,P2,P3,P4,P5,P6,P7,P8,P9,P10
1,1,131210,25,25,25,25,25,25,25,25,25,25
0,1,131211,38,25,19,42,11,7,13,22,30,33
1,1,131211,0,0,0,0,0,0,0,0,0,0
1,1,131212,0,0,0,0,0,0,0,0,0,0
2,1,131212,0,0,0,0,0,0,0,0,0,0
0,1,131213,31,33,17,0,26,0,13,14,33,0
1,1,131213,0,0,0,0,0,0,0,0,0,0
2,1,131213,0,0,0,0,0,9,0,0,0,0
3,1,131213,0,0,0,0,0,0,0,0,0,0
1,1,131214,0,0,0,0,0,0,0,0,0,0
2,1,131214,0,0,0,0,0,0,0,0,0,0
0,1,131215,0,0,0,0,0,0,0,0,0,12
1,1,131215,0,0,0,0,0,0,0,0,0,0
1,1,131216,0,0,0,0,0,0,0,0,0,0
1,1,131217,0,8,0,22,0,0,0,0,0,0
1,1,131218,0,0,0,0,0,0,15,0,0,0
2,1,131218,0,0,0,0,0,0,0,0,0,0
1,1,131219,25,25,25,25,25,25,25,25,25,25
0,1,131220,0,0,0,14,0,0,20,0,0,10
1,1,131220,0,0,0,0,0,0,17,0,0,0
1,1,131221,0,0,0,0,0,0,0,0,0,11
1,1,131222,26,26,26,26,26,26,26,26,26,26
0,1,131223,26,26,26,26,26,26,26,26,26,26
1,1,131223,0,0,17,6,0,0,4,0,0,0
1,1,131224,0,8,19,0,30,38,0,0,0,0
1,1,131225,0,0,0,0,0,0,0,0,0,0
2,1,131225,0,0,0,0,0,0,0,0,0,0
1,1,131226,0,0,0,0,0,0,12,0,0,0
2,1,131226,0,0,0,0,0,0,0,0,0,0
0,1,131227,0,40,0,0,0,0,0,0,14,0
1,1,131227,0,0,0,0,0,0,0,0,0,0
1,1,131228,30,30,30,30,30,30,30,30,30,30
1,1,131229,29,29,29,29,29,29,29,29,29,29
2,1,131229,0,0,0,0,0,0,0,0,0,0
3,1,131229,0,0,0,0,0,0,0,0,0,0
1,1,131230,0,0,0,0,0,0,0,0,0,0
2,1,131230,0,0,0,0,0,0,0,0,0,0
1,1,131231,5,5,5,5,5,5,5,5,5,5
1,1,131232,0,0,0,0,0,0,0,0,0,0
2,1,131232,0,0,0,0,0,0,0,0,0,0
1,1,131233,0,0,0,0,0,0,0,0,0,0
2,1,131233,0,0,0,0,0,0,0,0,3,0
1,1,131234,0,0,0,0,0,0,0,0,0,0
2,1,131234,0,0,0,0,0,0,0,0,0,0
1,1,131235,0,0,0,0,0,0,0,0,0,0
2,1,131235,0,0,0,0,0,0,0,0,0,0
1,1,131236,0,0,0,0,0,0,0,0,0,0
2,1,131236,0,0,0,0,0,0,0,0,0,0
1,1,131237,22,22,22,22,22,22,22,22,22,22
1,1,131238,0,0,0,0,0,0,0,0,0,0
2,1,131238,0,0,0,0,0,0,0,0,0,0
3,1,131238,0,0,0,0,0,0,0,0,0,0
1,1,131239,0,0,0,0,0,0,0,0,0,0
1,1,131240,6,0,0,0,0,0,0,0,0,13
2,1,131240,0,0,0,0,0,0,0,0,0,0
1,1,131241,0,0,0,0,0,0,0,0,0,0
2,1,131241,0,0,0,0,0,0,0,0,0,0
1,1,131242,0,0,0,0,0,0,0,0,0,0
2,1,131242,0,0,0,0,0,0,0,0,0,0
3,1,131242,0,0,0,0,0,0,0,0,0,26
1,1,131243,0,0,0,0,0,0,0,0,0,0
1,1,131244,9,9,9,9,9,9,9,9,9,9
1,1,131245,0,0,0,0,0,0,0,0,0,0
2,1,131245,0,0,0,0,0,0,0,0,0,0
1,1,131246,0,0,0,0,0,0,0,0,0,0
2,1,131246,0,0,0,0,0,0,0,0,0,0
1,1,131247,0,0,0,0,0,0,0,0,0,0
2,1,131247,0,0,0,0,0,0,0,0,0,0
1,1,131248,0,15,0,0,0,0,0,0,0,10
2,1,131248,0,0,0,0,0,0,0,0,0,0
1,1,131249,0,0,0,0,0,0,0,0,0,0
2,1,131249,0,0,0,0,0,0,0,0,0,0
1,1,131250,0,0,0,8,0,18,20,11,0,13
1,1,131251,0,0,0,0,0,0,0,0,0,0
2,1,131251,0,0,0,0,0,0,0,0,0,0
1,1,131252,0,0,0,0,0,28,0,9,26,12
1,1,131253,0,0,0,0,0,0,0,0,0,0
1,1,131254,22,16,14,0,0,22,28,0,0,14
1,1,131255,0,0,0,0,0,0,0,0,0,0
1,1,131256,0,0,0,0,0,0,0,0,0,0
1,1,131257,0,0,0,0,0,0,0,0,0,0
1,1,131258,0,0,0,0,0,0,0,0,0,0
2,1,131258,0,0,0,0,0,0,0,0,0,0
1,1,131259,14,0,11,0,0,0,15,0,0,0
1,1,131260,0,0,0,15,0,19,0,0,0,0
1,1,131261,32,32,32,32,32,32,32,32,32,32
1,1,131262,13,13,13,13,13,13,13,13,13,13
1,1,131263,0,0,0,0,0,0,0,0,0,0
2,1,131263,0,0,0,0,0,0,0,0,0,0
1,1,131264,0,0,0,0,0,0,0,0,0,0
2,1,131264,0,0,0,0,0,0,0,0,0,0
1,1,131265,21,21,21,21,21,21,21,21,21,21
0,1,131266,0,0,7,0,0,0,0,0,0,0
1,1,131266,0,0,0,0,0,0,0,0,0,0
1,1,131267,16,16,16,16,16,16,16,16,16,16
1,1,131268,0,0,0,0,0,0,0,0,0,0
2,1,131268,0,0,0,0,0,0,0,0,0,0
0,1,131269,28,28,28,28,28,28,28,28,28,28
1,1,131269,0,0,0,0,0,0,0,0,0,0
1,1,131270,11,11,11,11,11,11,11,11,11,11
2,1,131270,0,0,0,0,0,0,0,0,0,0
1,1,131271,0,0,0,0,0,0,0,0,0,0
2,1,131271,0,0,0,0,0,0,0,0,0,0
1,1,131272,0,0,0,0,0,0,0,0,0,0
1,1,131273,0,0,0,0,0,0,0,0,0,0
1,1,131274,0,0,0,0,0,0,0,0,0,0
1,1,131275,4,4,4,4,4,4,4,4,4,4
0,1,131276,0,0,0,0,24,6,0,0,0,0
1,1,131276,0,0,0,0,0,0,0,0,0,0
2,1,131276,0,0,0,0,0,0,0,0,16,0
1,1,131277,0,0,0,0,0,0,0,0,0,0
2,1,131277,0,0,0,0,0,0,0,0,0,0
3,1,131277,0,0,0,0,0,0,0,0,0,0
1,1,131278,0,0,0,0,0,0,0,0,0,0
2,1,131278,0,0,0,0,0,0,0,0,0,0
1,1,131279,0,0,0,0,0,0,0,0,0,0
2,1,131279,0,0,0,0,0,0,0,0,0,0
1,1,131280,0,0,0,0,0,0,15,0,22,9
1,1,131281,11,11,11,11,11,11,11,11,11,11
0,1,131282,0,0,0,0,0,0,0,0,0,0
1,1,131282,0,0,0,0,0,0,0,0,0,0
1,1,131283,0,0,0,0,0,0,0,0,0,0
1,1,131284,0,0,0,23,0,0,0,0,0,0
1,1,131285,2,2,2,2,2,2,2,2,2,2
2,1,131285,0,0,0,0,0,0,0,0,0,0
3,1,131285,0,0,0,0,0,0,0,0,0,0
1,1,131286,0,0,0,0,0,0,0,0,0,0
2,1,131286,0,0,0,0,0,0,0,0,0,0
1,1,131287,0,0,0,0,0,0,0,0,0,0
0,1,131288,11,16,5,0,0,23,0,30,0,0
1,1,131288,14,14,14,14,14,14,14,14,14,14
0,1,131289,0,0,0,0,0,0,0,0,0,0
1,1,131289,0,0,0,0,0,0,0,0,0,0
1,1,131290,0,0,0,0,0,0,0,0,0,0
2,1,131290,0,0,0,0,0,0,0,0,0,0
3,1,131290,0,0,0,0,0,0,0,0,0,0
0,1,131291,0,0,0,0,0,0,0,0,0,0
1,1,131291,0,0,0,0,0,0,0,0,0,0
1,1,131292,0,0,0,0,0,0,0,0,0,0
0,1,131293,0,0,0,0,0,0,0,0,0,0
1,1,131293,0,0,0,0,0,0,0,0,0,0
0,1,131294,0,0,0,0,0,0,0,0,6,0
1,1,131294,0,0,0,0,0,0,0,0,0,0
1,1,131295,0,0,0,0,0,0,0,0,0,4
2,1,131295,0,0,0,0,0,0,0,0,0,0
0,1,131296,27,7,0,0,18,13,8,0,0,28
1,1,131296,0,0,0,0,0,0,0,0,0,0
1,1,131297,0,0,0,0,0,0,0,18,0,0
1,1,131298,0,0,0,0,0,0,0,0,0,0
1,1,131299,0,0,0,0,0,0,0,0,0,0
2,1,131299,0,0,0,0,0,0,0,0,0,0
1,1,131300,0,0,0,0,0,0,0,0,0,0
2,1,131300,0,0,0,0,0,0,0,0,0,0
1,1,131301,0,0,0,0,0,0,0,0,8,25
2,1,131301,0,0,0,0,0,0,0,0,0,0
3,1,131301,0,0,0,0,0,0,0,0,0,0
0,1,131302,23,23,23,23,23,23,23,23,23,23
1,1,131302,0,0,0,0,0,0,0,0,0,0
0,1,131303,0,0,0,0,0,0,0,0,0,0
1,1,131303,0,0,0,0,0,0,0,0,0,0
1,1,131304,0,0,0,0,0,0,0,0,0,0
2,1,131304,0,15,0,0,0,0,0,15,21,0
1,1,131305,0,0,0,0,0,0,0,0,0,0
2,1,131305,0,0,0,0,0,0,0,0,0,0
3,1,131305,0,0,0,0,0,0,0,0,0,0
4,1,131305,0,0,0,0,0,0,0,0,0,0
5,1,131305,0,0,0,0,0,0,0,0,0,0
1,1,131306,18,18,18,18,18,18,18,18,18,18
2,1,131306,0,0,0,0,0,0,0,0,0,0
1,1,131307,0,0,0,0,0,0,0,0,0,0
0,1,131308,0,0,0,0,0,0,0,0,0,0
1,1,131308,0,0,0,0,0,0,0,0,0,0
1,1,131309,2,2,2,2,2,2,2,2,2,2
1,1,131310,29,29,29,29,29,29,29,29,29,29
2,1,131310,0,0,0,0,0,0,0,0,0,0
1,1,131311,0,0,0,0,0,0,0,0,0,0
2,1,131311,0,0,0,0,0,0,0,0,0,0
0,1,131312,0,0,0,0,0,0,0,0,0,0
1,1,131312,0,0,0,0,0,0,0,0,0,0
1,1,131313,0,0,0,0,0,0,0,0,0,0
1,1,131314,0,0,0,7,19,17,0,0,17,0
2,1,131314,0,0,0,0,0,0,0,0,0,0
1,1,131315,30,11,18,22,20,0,0,22,15,0
1,1,131316,0,0,0,0,0,0,0,0,0,0
1,1,131317,17,17,17,17,17,17,17,17,17,17
1,1,131318,35,35,35,35,35,35,35,35,35,35
0,1,131319,0,0,0,0,0,0,0,0,0,0
1,1,131319,0,0,0,0,0,0,0,0,0,0
0,1,131320,30,21,7,22,24,30,23,13,26,14
1,1,131320,0,0,0,0,0,9,0,0,0,0
2,1,131320,15,0,0,0,0,0,0,0,0,0
0,1,131321,0,0,0,0,0,0,0,0,0,0
1,1,131321,0,0,6,0,0,0,0,0,0,0
1,1,131322,0,0,0,0,0,0,0,0,14,0
2,1,131322,0,0,0,0,0,0,0,0,0,0
3,1,131322,0,0,0,0,0,0,0,0,0,0
1,1,131323,2,2,2,2,2,2,2,2,2,2
2,1,131323,0,0,0,0,0,0,0,0,0,0
1,1,131324,13,13,13,13,13,13,13,13,13,13
0,1,131325,26,20,25,0,0,26,0,25,0,0
1,1,131325,0,0,0,10,0,5,11,0,0,0
1,1,131326,26,26,26,26,26,26,26,26,26,26
2,1,131326,0,0,0,0,0,0,0,16,0,0
0,1,131327,17,17,17,17,17,17,17,17,17,17
1,1,131327,0,0,0,0,0,0,0,0,0,0
1,1,131328,0,0,0,0,0,0,0,0,0,0
2,1,131328,0,0,0,20,0,0,0,0,0,0
1,1,131329,0,0,0,0,0,0,0,0,0,0
1,1,131330,0,0,0,0,0,0,0,0,0,0
2,1,131330,0,0,0,0,0,0,0,0,0,0
3,1,131330,0,0,0,8,0,0,0,0,0,0
0,1,131331,30,30,30,30,30,30,30,30,30,30
1,1,131331,0,0,0,0,0,0,0,0,0,0
1,1,131332,22,11,8,27,17,13,13,17,13,13
1,1,131333,0,0,0,0,0,0,0,0,0,0
0,1,131334,0,0,0,0,0,0,0,0,0,0
1,1,131334,2,2,2,2,2,2,2,2,2,2
1,1,131335,31,31,31,31,31,31,31,31,31,31
1,1,131336,0,0,0,0,0,0,0,0,0,0
2,1,131336,0,0,0,0,0,0,0,0,0,0
1,1,131337,0,0,0,0,0,0,0,0,0,0
2,1,131337,0,0,0,0,0,0,0,0,0,0
1,1,131338,0,0,0,0,0,0,0,0,0,0
2,1,131338,0,0,0,0,0,0,0,0,0,0
1,1,131339,0,0,0,0,0,0,0,0,0,0
1,1,131340,3,3,3,3,3,3,3,3,3,3
1,1,131341,19,18,19,22,18,19,20,31,39,19
1,1,131342,6,6,6,6,6,6,6,6,6,6
1,1,131343,35,0,0,15,13,0,0,16,20,0
1,1,131344,0,0,0,0,0,0,0,0,0,0
2,1,131344,0,0,0,0,0,0,0,0,0,0
0,1,131345,36,0,0,5,6,0,32,0,0,29
1,1,131345,0,0,0,0,0,0,0,0,0,0
1,1,131346,0,11,0,0,0,0,28,0,0,0
1,1,131347,0,0,0,0,0,0,0,0,0,0
2,1,131347,0,0,0,0,0,0,0,0,0,0
1,1,131348,0,0,0,0,24,0,0,0,0,19
2,1,131348,0,0,0,0,0,0,0,0,0,0
1,1,131349,0,4,0,0,0,7,0,0,0,0
1,1,131350,0,0,0,0,0,0,0,0,0,0
2,1,131350,0,0,0,0,0,0,0,0,0,0
0,1,131351,20,20,20,20,20,20,20,20,20,20
1,1,131351,0,0,0,0,0,0,0,5,0,0
1,1,131352,0,0,0,0,0,0,0,0,0,0
2,1,131352,0,0,0,0,0,0,0,0,0,0
3,1,131352,0,0,0,0,0,0,0,0,0,0
4,1,131352,0,0,0,0,0,0,0,0,0,0
1,1,131353,0,0,24,8,13,0,17,0,16,0
0,1,131354,0,0,0,0,3,0,17,0,20,9
1,1,131354,0,0,0,0,0,0,0,0,0,0
1,1,131355,27,27,27,27,27,27,27,27,27,27
1,1,131356,29,29,29,29,29,29,29,29,29,29
1,1,131357,0,0,0,0,0,0,0,0,0,0
0,1,131358,0,0,0,0,26,48,0,30,0,0
1,1,131358,2,0,0,0,5,0,0,0,0,0
0,1,131359,0,0,0,0,0,0,0,0,0,0
1,1,131359,0,8,0,0,0,0,0,0,0,0
0,1,131360,0,0,2,0,0,0,13,0,0,0
1,1,131360,0,0,0,0,0,0,0,0,0,0
1,1,131361,19,19,19,19,19,19,19,19,19,19
2,1,131361,0,0,0,0,0,0,0,0,0,0
1,1,131362,0,0,11,0,0,0,0,0,8,0
2,1,131362,16,0,0,6,0,0,0,0,0,8
3,1,131362,0,0,0,0,0,0,0,0,0,0
4,1,131362,0,0,0,0,0,0,0,0,0,0
1,1,131363,29,29,29,29,29,29,29,29,29,29
2,1,131363,0,0,0,0,0,13,0,0,0,0
1,1,131364,0,0,0,0,0,32,0,0,0,0
2,1,131364,0,0,0,0,0,0,0,0,0,0
1,1,131365,0,0,0,0,0,0,0,0,0,0
2,1,131365,0,0,0,0,0,0,0,0,0,0
1,1,131366,0,0,0,0,0,0,0,5,0,0
2,1,131366,0,0,0,0,0,0,0,0,0,0
1,1,131367,24,24,24,24,24,24,24,24,24,24
1,1,131368,0,0,0,0,0,0,0,0,0,0
2,1,131368,0,0,0,0,0,0,0,0,0,0
3,1,131368,0,0,0,0,0,0,0,0,0,0
0,1,131369,0,0,0,0,0,0,0,0,0,0
1,1,131369,0,0,0,0,0,0,0,0,0,0
1,1,131370,26,26,26,26,26,26,26,26,26,26
1,1,131371,0,0,5,0,12,0,0,0,0,0
2,1,131371,0,0,0,0,0,0,0,0,0,9
1,1,131372,0,0,0,0,0,0,0,0,0,0
1,1,131373,0,0,0,0,0,0,0,0,0,0
2,1,131373,0,0,0,0,0,0,0,0,0,0
1,1,131374,0,0,7,0,0,0,0,0,0,0
2,1,131374,0,0,0,0,0,0,0,0,0,0
1,1,131375,12,12,12,12,12,12,12,12,12,12
1,1,131376,0,0,0,0,0,0,0,0,0,0
2,1,131376,0,0,0,0,0,0,0,0,0,0
1,1,131377,24,24,24,24,24,24,24,24,24,24
2,1,131377,0,0,0,0,0,0,0,0,0,0
1,1,131378,0,0,0,0,0,0,0,0,0,0
1,1,131379,0,0,0,0,0,0,0,0,0,0
1,1,131380,0,0,0,0,0,0,0,0,0,0
1,1,131381,0,0,0,0,0,0,0,0,0,0
1,1,131382,0,0,0,0,0,13,0,0,0,13
2,1,131382,0,0,0,15,0,0,0,0,0,0
3,1,131382,15,15,15,15,15,15,15,15,15,15
1,1,131383,28,28,28,28,28,28,28,28,28,28
2,1,131383,0,2,0,0,0,0,0,0,5,0
1,1,131384,0,0,0,0,0,0,0,0,0,0
1,1,131385,0,11,0,12,0,18,0,0,26,0
2,1,131385,0,0,0,0,0,0,0,0,0,0
1,1,131386,0,0,0,0,0,0,0,0,12,0
1,1,131387,13,13,13,13,13,13,13,13,13,13
2,1,131387,0,0,0,0,0,0,0,0,0,0
1,1,131388,0,0,0,0,0,0,0,0,0,0
1,1,131389,0,4,0,0,8,19,16,20,0,17
1,1,131390,0,0,0,0,0,0,0,0,0,0
2,1,131390,0,0,0,0,0,0,0,0,0,0
1,1,131391,0,0,0,0,0,0,0,0,0,0
1,1,131392,14,0,7,0,0,0,0,13,0,0
2,1,131392,0,0,0,0,0,0,0,0,0,0
0,1,131393,0,27,0,30,0,0,0,0,0,0
1,1,131393,5,18,8,19,10,0,19,12,18,15
1,1,131394,0,0,0,0,0,0,0,0,0,0
1,1,131395,0,0,0,4,0,0,0,0,0,0
1,1,131396,0,0,6,0,0,0,0,0,0,0
2,1,131396,0,0,8,0,0,0,14,0,0,0
1,1,131397,20,20,20,20,20,20,20,20,20,20
1,1,131398,15,0,0,0,0,0,0,0,0,0
0,1,131399,29,29,29,29,29,29,29,29,29,29
1,1,131399,9,5,0,7,3,8,0,0,20,0
1,1,131400,0,0,0,0,0,0,0,0,0,0
2,1,131400,0,0,0,0,0,0,19,0,0,0
1,1,131401,15,15,15,15,15,15,15,15,15,15
0,1,131402,0,0,0,0,0,0,0,0,0,11
1,1,131402,0,0,0,0,0,0,0,0,0,0
1,1,131403,0,0,0,0,0,0,0,0,0,0
2,1,131403,16,16,16,16,16,16,16,16,16,16
1,1,131404,0,0,0,0,0,0,0,0,0,0
2,1,131404,0,0,0,0,0,0,0,0,0,0
1,1,131405,0,0,0,0,0,0,0,0,0,0
0,1,131406,23,0,0,26,6,19,25,0,22,35
1,1,131406,0,0,0,0,0,0,0,0,0,0
1,1,131407,10,10,10,10,10,10,10,10,10,10
1,1,131408,11,11,11,11,11,11,11,11,11,11
0,1,131409,13,27,0,0,13,11,0,0,18,0
1,1,131409,0,0,0,0,0,0,0,0,0,0
1,1,131410,0,19,24,21,0,14,0,0,0,11
1,1,131411,0,0,0,0,0,0,0,0,0,0
1,1,131412,0,0,0,0,20,16,0,0,0,0
2,1,131412,0,0,0,0,0,0,0,0,0,22
1,1,131413,0,0,0,0,0,0,0,0,0,0
2,1,131413,0,0,0,0,8,0,0,0,12,6
1,1,131414,0,0,22,3,0,0,11,4,0,0
1,1,131415,0,0,0,0,0,0,0,0,0,0
2,1,131415,0,0,0,0,0,0,0,0,0,0
1,1,131416,18,18,18,18,18,18,18,18,18,18
2,1,131416,0,0,0,0,0,0,0,0,0,0
1,1,131417,23,23,23,23,23,23,23,23,23,23
1,1,131418,11,0,2,17,0,8,9,0,0,0
2,1,131418,0,0,0,0,0,0,0,0,0,0
1,1,131419,0,0,0,0,0,0,0,17,0,0
2,1,131419,0,2,0,0,0,0,0,0,0,0
0,1,131420,0,0,0,0,0,16,0,0,0,0
1,1,131420,0,0,0,0,0,0,0,0,0,10
1,1,131421,0,0,0,0,0,0,0,0,0,0
2,1,131421,0,0,0,0,0,0,0,0,0,0
1,1,131422,0,0,0,0,0,0,0,0,0,0
2,1,131422,0,0,0,0,0,0,0,0,0,0
0,1,131423,12,12,12,12,12,12,12,12,12,12
1,1,131423,0,0,0,0,0,0,0,0,0,0
1,1,131424,0,0,0,0,17,0,0,0,4,0
1,1,131425,0,0,0,0,0,0,0,0,0,0
2,1,131425,0,12,0,0,29,0,0,0,0,7
1,1,131426,0,0,0,0,0,0,0,0,0,0
2,1,131426,0,0,0,0,0,0,0,0,0,0
1,1,131427,19,19,19,19,19,19,19,19,19,19
1,1,131428,9,0,0,0,0,6,17,0,0,0
1,1,131429,18,5,9,26,19,15,16,20,14,9
0,1,131430,24,24,24,24,24,24,24,24,24,24
1,1,131430,0,0,0,0,0,0,0,0,0,0
1,1,131431,0,0,0,0,0,0,0,0,11,0
1,1,131432,0,0,0,0,0,0,0,0,0,0
1,1,131433,3,0,0,0,25,24,0,0,0,14
1,1,131434,11,11,11,11,11,11,11,11,11,11
1,1,131435,0,17,0,0,0,0,0,0,23,29
1,1,131436,0,19,22,0,0,18,0,0,3,0
1,1,131437,0,0,0,0,0,0,0,0,0,0
0,1,131438,0,22,33,14,21,10,14,39,0,20
1,1,131438,0,0,0,0,0,0,0,0,0,0
1,1,131439,0,0,0,2,0,0,0,0,18,0
2,1,131439,0,0,0,0,0,0,0,0,0,0
1,1,131440,0,0,0,0,0,0,0,0,0,0
2,1,131440,0,0,0,0,0,0,0,0,0,0
1,1,131441,0,0,0,0,0,0,0,0,0,0
2,1,131441,0,0,0,0,0,0,0,0,9,0
3,1,131441,0,0,0,0,0,0,0,0,0,0
4,1,131441,0,0,0,21,0,0,0,0,0,0
1,1,131442,16,26,0,20,0,0,0,0,12,0
1,1,131443,0,0,0,0,0,0,0,0,0,0
2,1,131443,0,0,0,0,0,0,0,0,0,0
1,1,131444,22,22,22,22,22,22,22,22,22,22
2,1,131444,0,0,0,0,0,4,0,0,0,0
1,1,131445,0,0,0,0,0,0,0,0,0,0
2,1,131445,0,0,0,0,0,0,0,0,0,0
3,1,131445,0,0,0,0,0,6,0,0,0,0
4,1,131445,0,0,0,0,0,0,0,0,0,0
5,1,131445,5,2,0,0,7,0,3,3,0,0
1,1,131446,16,16,16,16,16,16,16,16,16,16
1,1,131447,0,0,0,0,0,0,0,0,0,0
0,1,131448,2,2,2,2,2,2,2,2,2,2
1,1,131448,0,12,0,0,11,0,0,0,0,0
1,1,131449,0,0,0,0,0,0,0,0,0,0
2,1,131449,0,0,0,0,0,0,0,0,0,0
0,1,131450,0,0,0,0,0,0,0,0,0,0
1,1,131450,0,0,0,0,0,0,0,0,0,0
1,1,131451,0,19,0,0,0,0,0,0,0,0
2,1,131451,0,0,0,0,0,0,0,0,0,0
3,1,131451,0,0,0,0,0,0,0,0,0,0
4,1,131451,0,0,0,0,0,0,0,0,0,0
5,1,131451,0,0,0,0,0,0,0,0,0,0
1,1,131452,0,0,0,0,0,0,0,0,0,0
2,1,131452,0,0,0,0,0,0,0,0,0,0
1,1,131454,0,0,0,0,0,0,0,0,0,0
1,1,131455,0,0,0,0,0,0,0,0,0,0
2,1,131455,0,0,0,0,0,0,0,0,0,0
1,1,131456,14,14,14,14,14,14,14,14,14,14
2,1,131456,0,0,18,0,0,0,0,0,0,0
3,1,131456,0,0,0,0,0,0,0,0,0,0
1,1,131457,23,23,33,5,38,18,33,15,12,26
1,1,131458,0,0,0,0,0,0,0,0,0,0
2,1,131458,0,0,0,0,0,0,0,0,0,0
0,1,131459,0,0,0,0,0,0,18,0,0,0
1,1,131459,12,0,0,0,7,0,0,15,0,0
1,1,131460,0,0,0,0,0,0,0,0,0,0
2,1,131460,0,0,0,0,0,0,0,0,0,0
1,1,131461,0,0,17,0,0,0,0,0,0,0
2,1,131461,0,0,0,0,0,16,0,0,0,0
1,1,131462,0,0,0,0,0,0,0,0,0,0
2,1,131462,0,0,0,0,0,0,0,0,0,0
0,1,131463,0,0,22,0,0,0,23,0,0,0
1,1,131463,0,0,0,0,0,0,0,0,0,0
2,1,131463,0,0,0,0,0,0,0,0,0,0
3,1,131463,0,0,0,0,0,0,0,0,0,0
1,1,131464,3,0,0,9,0,0,0,0,0,17
1,1,131465,6,6,6,6,6,6,6,6,6,6
2,1,131465,0,0,0,0,0,0,0,0,0,0
1,1,131466,10,10,10,10,10,10,10,10,10,10
1,1,131467,0,0,12,4,0,0,0,0,0,0
1,1,131468,0,0,0,6,0,0,0,0,0,0
2,1,131468,0,0,0,0,0,0,0,0,0,0
1,1,131469,0,0,0,0,0,0,0,0,0,0
2,1,131469,0,0,0,0,0,0,0,0,0,0
3,1,131469,0,0,0,0,0,0,0,0,0,0
1,1,131470,25,19,19,8,12,19,8,10,8,11
1,1,131471,20,20,20,20,20,20,20,20,20,20
2,1,131471,0,0,0,0,0,0,0,0,0,0
1,1,131472,0,0,15,0,0,0,0,0,0,0
2,1,131472,3,3,3,3,3,3,3,3,3,3
0,1,131473,24,24,24,24,24,24,24,24,24,24
1,1,131473,15,15,15,15,15,15,15,15,15,15
1,1,131474,0,0,0,0,0,0,0,0,0,0
1,1,131475,0,0,24,0,0,7,0,0,0,0
1,1,131476,0,0,0,0,0,0,0,0,0,0
2,1,131476,0,0,0,0,0,0,0,0,0,0
1,1,131477,0,0,0,0,0,0,0,0,0,0
2,1,131477,0,0,0,0,0,0,0,0,0,0
1,1,131478,0,0,0,0,0,0,0,0,0,0
0,1,131479,21,21,21,21,21,21,21,21,21,21
1,1,131479,0,0,0,0,0,0,0,0,0,0
1,1,131480,0,0,0,0,0,0,0,0,0,0
2,1,131480,0,0,0,0,0,0,0,0,0,0
0,1,131481,40,40,40,40,40,40,40,40,40,40
1,1,131481,11,11,11,11,11,11,11,11,11,11
1,1,131482,0,0,0,0,0,0,0,0,0,0
2,1,131482,0,0,0,0,0,0,0,0,0,0
3,1,131482,0,0,0,0,0,0,0,0,0,0
1,1,131483,0,0,0,0,0,0,0,0,0,0
2,1,131483,0,0,0,0,0,0,0,0,0,0
1,1,131484,0,0,0,0,0,0,0,0,0,0
2,1,131484,0,0,0,0,0,0,0,0,0,0
1,1,131485,0,0,0,0,0,0,0,0,0,0
2,1,131485,0,0,0,0,0,0,0,0,0,0
3,1,131485,0,0,0,0,0,0,0,0,0,0
1,1,131486,0,0,0,0,0,0,16,0,0,0
1,1,131487,0,0,0,0,0,0,0,0,0,0
1,1,131488,0,0,10,0,5,0,0,0,0,0
2,1,131488,0,0,0,0,0,0,0,0,0,0
1,1,131489,0,0,0,0,0,0,0,0,0,0
2,1,131489,0,0,0,0,0,0,0,0,0,0
1,1,131490,43,28,17,6,18,19,25,19,17,21
1,1,131491,22,18,7,14,25,15,9,2,10,12
1,1,131492,4,4,4,4,4,4,4,4,4,4
1,1,131493,5,0,0,0,0,0,3,19,0,0
1,1,131495,0,0,0,0,0,0,0,0,0,0
2,1,131495,13,13,13,13,13,13,13,13,13,13
1,1,131496,0,0,0,0,0,0,0,0,0,0
2,1,131496,0,0,0,0,0,0,0,0,0,0
1,1,150001,0,0,12,0,0,0,14,0,0,0
1,1,150002,24,24,24,24,24,24,24,24,24,24
2,1,150002,0,0,0,0,0,0,0,0,0,0
0,1,150003,0,0,0,0,0,0,0,0,0,0
1,1,150003,0,0,0,0,22,0,0,0,0,0
1,1,150005,0,0,0,0,0,0,0,0,0,0
2,1,150005,0,0,0,0,0,0,0,0,0,0
0,1,150006,0,0,0,0,0,0,0,0,0,0
1,1,150006,0,0,0,0,0,0,0,0,0,0
0,1,150007,0,0,0,0,0,0,0,0,0,0
1,1,150007,0,0,0,0,0,0,0,0,0,0
0,1,150008,0,0,0,0,0,0,0,0,0,0
0,2,150008,0,0,0,0,0,0,0,0,0,0
1,1,150008,0,0,0,0,0,0,0,0,0,0
0,1,150009,0,0,0,0,0,0,0,0,0,0
1,1,150009,0,0,0,0,0,0,0,0,0,0
0,1,150010,0,0,0,0,0,0,0,0,0,0
1,1,150010,0,0,0,0,0,0,0,0,0,0
1,1,150011,6,6,6,6,6,6,6,6,6,6
2,1,150011,0,0,0,0,0,0,0,0,0,0
1,1,150012,5,5,5,5,5,5,5,5,5,5
2,1,150012,0,0,0,0,0,0,0,0,0,0
1,1,150013,0,0,0,0,0,0,0,0,0,0
2,1,150013,0,0,0,0,0,0,0,0,0,0
1,1,150014,0,0,0,0,0,0,0,0,0,0
0,1,150015,0,0,0,0,0,0,0,0,0,0
1,1,150015,16,10,24,0,18,0,0,0,0,0