VEH_NO,PER_NO,ST_CASE,P1,P2,P3,P4,P5,P6,P7,P8,P9,P10
1,1,150016,47,47,47,47,47,47,47,47,47,47
1,1,150017,0,0,0,0,0,0,0,0,0,0
0,1,150018,0,0,0,0,0,0,0,0,0,0
1,1,150018,0,0,0,0,0,0,0,0,0,0
1,1,150019,0,0,0,0,0,0,0,0,0,0
1,1,150020,0,0,0,0,0,0,0,0,0,0
2,1,150020,23,0,9,0,0,0,0,0,0,0
1,1,150021,0,0,0,0,0,0,0,0,0,0
2,1,150021,0,0,0,0,0,0,0,0,0,0
1,1,150022,23,23,23,23,23,23,23,23,23,23
2,1,150022,23,23,23,23,23,23,23,23,23,23
0,1,150023,0,0,0,0,0,0,0,0,0,0
1,1,150023,0,0,0,0,0,0,0,0,0,0
1,1,150024,6,0,0,0,0,8,0,0,14,13
0,1,150025,14,14,14,14,14,14,14,14,14,14
1,1,150025,0,0,0,0,0,0,0,0,0,5
1,1,150026,0,0,0,0,0,0,0,0,0,0
2,1,150026,0,0,0,0,0,0,0,0,0,0
0,1,150027,0,0,0,0,0,0,0,0,0,0
1,1,150027,0,0,0,0,0,0,0,0,0,0
0,1,150028,0,0,0,0,0,0,0,0,0,0
1,1,150028,1,1,1,1,1,1,1,1,1,1
1,1,150029,0,0,0,0,0,0,0,0,0,0
2,1,150029,0,0,0,0,0,0,0,0,0,0
0,1,150030,1,1,1,1,1,1,1,1,1,1
1,1,150030,11,9,0,18,4,7,5,2,19,0
1,1,150031,0,0,0,0,0,0,0,0,0,0
1,1,150032,5,5,5,5,5,5,5,5,5,5
1,1,150033,0,0,0,0,0,0,0,0,0,0
2,1,150033,0,0,0,0,0,0,0,0,0,0
1,1,150034,0,0,0,0,0,0,0,0,0,0
1,1,150035,12,12,12,12,12,12,12,12,12,12
2,1,150035,0,0,0,0,0,0,0,0,0,0
3,1,150035,0,0,0,0,0,0,0,0,0,0
1,1,150036,2,2,2,2,2,2,2,2,2,2
1,1,150037,20,20,20,20,20,20,20,20,20,20
2,1,150037,0,0,0,0,0,0,0,0,0,0
1,1,150038,0,0,0,0,0,0,0,0,0,0
1,1,150039,0,0,0,0,0,0,0,0,0,0
2,1,150039,0,0,0,0,0,0,0,0,0,0
1,1,150040,0,0,0,0,0,0,0,0,0,0
1,1,150041,14,14,14,14,14,14,14,14,14,14
1,1,150042,0,0,0,0,0,0,0,0,0,0
2,1,150042,0,0,0,0,0,0,0,0,0,0
1,1,150043,0,0,0,0,0,0,0,0,0,0
2,1,150043,0,0,0,0,0,0,0,0,0,0
0,1,150044,0,0,0,0,0,0,0,0,0,0
1,1,150044,0,0,0,0,0,0,0,0,0,0
1,1,150045,0,0,0,0,0,0,0,0,0,0
2,1,150045,0,0,0,0,0,0,0,0,0,0
1,1,150046,17,17,17,17,17,17,17,17,17,17
0,1,150047,14,14,14,14,14,14,14,14,14,14
1,1,150047,14,14,14,14,14,14,14,14,14,14
1,1,150048,17,17,17,17,17,17,17,17,17,17
1,1,150049,16,16,16,16,16,16,16,16,16,16
0,1,150050,2,2,2,2,2,2,2,2,2,2
1,1,150050,0,0,0,0,0,0,0,0,0,0
1,1,150051,0,0,0,8,0,0,0,0,0,0
1,1,150052,0,0,0,0,0,0,0,0,0,0
1,1,150054,0,0,0,0,0,0,0,0,0,0
2,1,150054,0,0,0,0,0,0,0,0,0,0
1,1,150055,24,24,24,24,24,24,24,24,24,24
2,1,150055,0,0,0,0,0,0,0,0,0,0
1,1,150056,0,0,0,0,0,0,0,0,0,0
1,1,150057,4,4,4,4,4,4,4,4,4,4
2,1,150057,0,0,0,0,0,0,0,0,0,0
1,1,150058,21,21,21,21,21,21,21,21,21,21
2,1,150058,14,14,14,14,14,14,14,14,14,14
1,1,150059,0,0,0,0,0,0,0,0,0,0
2,1,150059,0,0,0,0,0,0,0,0,0,0
0,1,150060,13,23,18,11,23,12,0,5,15,9
0,2,150060,22,22,22,22,22,22,22,22,22,22
1,1,150060,0,0,0,0,0,0,0,0,0,0
1,1,150061,0,0,0,0,0,0,0,0,0,0
2,1,150061,0,5,7,0,0,0,0,0,0,0
1,1,150062,2,2,2,2,2,2,2,2,2,2
2,1,150062,2,2,2,2,2,2,2,2,2,2
1,1,150063,0,6,0,0,0,0,13,0,0,0
2,1,150063,0,0,0,0,0,0,0,0,0,0
1,1,150064,3,3,3,3,3,3,3,3,3,3
1,1,150065,12,12,12,12,12,12,12,12,12,12
1,1,150066,0,0,0,0,0,0,0,0,0,0
2,1,150066,2,2,2,2,2,2,2,2,2,2
1,1,150067,0,0,0,0,0,0,0,0,0,0
2,1,150067,0,0,0,0,0,0,0,0,0,0
3,1,150067,0,0,0,0,0,0,0,0,0,0
1,1,150068,0,0,0,0,0,0,0,0,0,0
0,1,150069,0,0,0,0,0,0,0,0,0,0
1,1,150069,15,15,15,15,15,15,15,15,15,15
1,1,150070,0,0,0,0,0,0,0,0,0,0
2,1,150070,0,0,0,0,0,0,0,0,0,0
1,1,150071,0,0,0,0,0,0,0,0,0,0
2,1,150071,0,0,0,0,0,0,0,0,0,0
3,1,150071,0,0,0,0,0,0,0,0,0,0
1,1,150072,0,0,0,0,0,0,0,0,0,0
2,1,150072,0,0,0,0,0,0,0,0,0,0
1,1,150073,13,22,11,22,13,15,13,12,12,24
1,1,150074,30,30,30,30,30,30,30,30,30,30
1,1,150075,3,3,3,3,3,3,3,3,3,3
1,1,150076,23,23,23,23,23,23,23,23,23,23
1,1,150077,0,0,0,0,0,0,0,0,0,0
0,1,150078,25,25,25,25,25,25,25,25,25,25
1,1,150078,0,0,0,0,0,0,0,0,0,0
1,1,150079,24,24,24,24,24,24,24,24,24,24
0,1,150080,0,0,0,0,0,0,0,0,0,0
0,2,150080,0,0,0,0,0,0,0,0,8,0
1,1,150080,0,0,0,0,0,0,0,0,0,0
1,1,150081,0,0,0,0,0,0,0,0,0,0
1,1,150082,2,2,2,2,2,2,2,2,2,2
1,1,150083,0,0,0,0,0,0,0,0,0,0
0,1,150084,32,32,32,32,32,32,32,32,32,32
1,1,150084,0,0,0,0,16,0,0,0,0,0
1,1,150085,0,0,0,0,0,0,0,0,0,0
2,1,150085,0,0,0,0,0,0,0,0,0,0
1,1,150086,0,0,0,0,0,0,0,0,0,0
0,1,150087,0,0,0,0,0,0,0,0,0,0
1,1,150087,0,0,0,0,0,0,0,0,0,0
1,1,150088,10,10,10,10,10,10,10,10,10,10
1,1,150089,0,0,0,0,0,0,0,0,0,0
1,1,150090,0,0,0,0,0,0,0,0,0,0
0,1,150091,0,0,0,0,0,0,0,0,0,0
1,1,150091,22,0,0,0,0,0,0,14,0,0
1,1,150093,18,18,18,18,18,18,18,18,18,18
1,1,150094,1,1,1,1,1,1,1,1,1,1
2,1,150094,1,1,1,1,1,1,1,1,1,1
1,1,150095,28,28,28,28,28,28,28,28,28,28
1,1,150097,13,13,13,13,13,13,13,13,13,13
1,1,150098,1,1,1,1,1,1,1,1,1,1
2,1,150098,1,1,1,1,1,1,1,1,1,1
0,1,150099,0,0,0,0,0,0,0,0,0,0
1,1,150099,0,0,0,0,0,0,0,0,0,0
0,1,150100,0,0,0,0,0,0,0,0,0,0
1,1,150100,0,0,0,0,0,0,0,0,0,0
1,1,150101,17,17,17,17,17,17,17,17,17,17
1,1,150102,15,15,15,15,15,15,15,15,15,15
1,1,150103,0,0,0,0,0,0,0,0,0,0
2,1,150103,2,2,2,2,2,2,2,2,2,2
1,1,150104,24,24,24,24,24,24,24,24,24,24
1,1,150105,42,42,42,42,42,42,42,42,42,42
2,1,150105,0,0,0,0,0,0,0,0,0,0
1,1,150106,0,0,0,0,0,0,0,0,0,0
2,1,150106,2,2,2,2,2,2,2,2,2,2
1,1,150107,0,0,0,0,0,0,0,0,0,0
2,1,150107,0,0,0,0,0,0,0,0,0,0
1,1,150108,0,0,0,0,0,0,10,0,9,0
1,1,150109,14,14,14,14,14,14,14,14,14,14
1,1,150110,10,10,10,10,10,10,10,10,10,10
0,1,150111,0,0,0,0,0,0,0,0,0,0
1,1,150111,0,0,0,0,0,0,0,0,0,0
0,1,150112,8,8,8,8,8,8,8,8,8,8
0,2,150112,0,14,0,0,17,0,9,0,0,6
1,1,150112,0,0,10,0,0,21,0,23,0,0
1,1,150113,21,21,21,21,21,21,21,21,21,21
2,1,150113,9,9,9,9,9,9,9,9,9,9
0,1,150114,0,0,0,0,0,0,0,0,0,0
1,1,150114,0,0,0,0,0,0,0,0,0,0
1,1,150115,19,19,19,19,19,19,19,19,19,19
0,1,150116,0,0,0,0,0,0,0,0,0,0
1,1,150116,0,0,0,0,0,0,0,0,0,0
0,1,150117,9,9,9,9,9,9,9,9,9,9
1,1,150117,62,0,20,8,10,0,0,0,12,0
1,1,150118,0,0,0,0,0,0,0,0,0,0
2,1,150118,0,0,0,0,0,0,0,0,0,0
3,1,150118,0,0,0,0,14,0,0,11,0,0
1,1,150119,13,13,13,13,13,13,13,13,13,13
1,1,150120,15,15,15,15,15,15,15,15,15,15
0,1,150121,23,23,23,23,23,23,23,23,23,23
1,1,150121,0,0,0,0,0,0,0,0,0,0
1,1,150122,0,0,0,0,0,0,0,0,0,0
2,1,150122,0,0,0,0,0,0,0,0,0,0
0,1,150123,0,0,0,0,0,0,0,0,0,0
1,1,150123,0,0,0,0,0,0,0,0,0,0
1,1,150124,24,24,24,24,24,24,24,24,24,24
2,1,150124,0,6,0,0,0,0,0,0,18,0
1,1,150125,21,21,21,21,21,21,21,21,21,21
1,1,150126,18,18,18,18,18,18,18,18,18,18
1,1,150127,0,0,0,0,0,0,0,23,0,0
2,1,150127,0,0,0,0,0,0,0,0,0,0
1,1,150128,14,14,14,14,14,14,14,14,14,14
1,1,150129,0,12,6,5,4,21,0,33,9,6
1,1,160001,0,0,0,0,0,0,0,0,0,0
2,1,160001,0,0,0,0,0,0,0,0,0,0
1,1,160002,0,0,0,0,0,0,0,0,0,0
1,1,160003,24,24,24,24,24,24,24,24,24,24
1,1,160004,0,0,0,0,0,0,0,0,0,0
1,1,160005,0,0,0,0,0,0,0,0,0,0
2,1,160005,0,0,0,0,0,0,0,0,0,0
1,2,160006,0,15,22,0,0,0,0,0,0,0
1,1,160007,3,3,3,3,3,3,3,3,3,3
1,1,160008,0,0,0,0,0,0,0,0,0,0
2,1,160008,17,17,17,17,17,17,17,17,17,17
0,1,160009,0,0,6,0,10,0,0,0,0,0
1,1,160009,0,0,0,0,0,0,0,0,0,0
1,1,160010,0,0,0,0,0,0,0,0,0,0
2,1,160010,0,0,0,0,0,0,0,0,0,0
1,1,160011,21,21,21,21,21,21,21,21,21,21
1,1,160012,11,11,11,11,11,11,11,11,11,11
1,1,160013,0,0,0,0,0,0,0,0,0,0
2,1,160013,0,0,0,0,0,0,0,0,0,0
1,2,160014,0,7,12,8,28,0,0,13,0,0
1,1,160015,18,18,18,18,18,18,18,18,18,18
2,1,160015,0,0,0,0,0,0,0,0,0,0
0,1,160016,0,0,0,0,0,0,0,0,0,0
1,1,160016,0,0,0,0,0,0,0,0,0,0
1,1,160017,0,0,0,0,0,0,0,0,0,0
2,1,160017,0,0,0,0,0,0,0,0,0,0
1,1,160018,0,0,0,0,0,0,0,0,0,0
2,1,160018,0,0,0,0,0,0,0,0,0,0
1,1,160019,7,7,7,7,7,7,7,7,7,7
1,1,160020,0,0,0,0,0,0,0,0,0,0
1,1,160021,21,21,21,21,21,21,21,21,21,21
1,1,160022,0,0,0,0,0,0,0,0,0,0
1,1,160023,0,7,0,0,0,0,0,11,0,0
2,1,160023,0,0,0,0,0,0,0,0,0,0
3,1,160023,0,0,0,0,0,0,0,0,0,0
1,1,160024,0,0,12,0,0,0,0,0,0,0
1,1,160025,0,0,0,0,0,0,0,0,0,0
1,1,160026,0,0,0,0,0,0,0,0,0,0
2,1,160026,0,0,0,0,0,0,0,0,0,0
1,1,160027,0,0,0,0,0,0,0,0,0,0
1,1,160028,0,0,0,0,0,0,0,0,0,0
1,1,160029,0,0,0,0,0,0,0,0,0,0
1,1,160030,0,0,0,0,0,0,0,0,0,0
2,1,160030,0,0,0,0,0,0,0,0,0,0
1,1,160031,28,28,28,28,28,28,28,28,28,28
1,1,160032,0,0,0,0,0,0,0,0,0,0
1,1,160033,0,0,0,0,0,0,0,0,0,0
1,1,160034,0,0,0,0,0,0,0,0,0,0
1,1,160035,0,0,0,0,0,0,0,0,0,0
2,1,160035,0,0,0,0,0,0,0,0,0,0
1,1,160036,22,22,22,22,22,22,22,22,22,22
1,1,160037,16,16,16,16,16,16,16,16,16,16
0,1,160038,28,28,28,28,28,28,28,28,28,28
1,1,160038,0,0,29,10,0,0,0,16,0,14
1,1,160039,21,21,21,21,21,21,21,21,21,21
0,1,160040,0,0,0,0,0,0,0,0,0,0
1,1,160040,0,0,0,0,0,0,0,0,0,0
1,1,160041,0,0,0,0,0,27,0,0,0,0
1,1,160042,0,0,0,0,0,0,0,0,0,0
2,1,160042,0,0,0,0,0,0,0,0,0,0
1,1,160043,0,0,0,0,0,0,0,0,0,0
2,1,160043,0,0,0,0,0,0,0,0,0,0
1,1,160044,0,0,0,0,0,0,0,0,0,0
1,1,160045,0,0,0,0,0,0,0,0,0,0
2,1,160045,0,0,0,0,0,0,0,0,0,0
1,1,160046,20,20,20,20,20,20,20,20,20,20
1,1,160047,16,16,16,16,16,16,16,16,16,16
1,1,160048,0,0,0,0,0,0,0,0,0,0
1,1,160049,0,0,0,0,0,0,0,0,0,0
1,1,160050,19,19,19,19,19,19,19,19,19,19
1,1,160051,26,26,26,26,26,26,26,26,26,26
1,1,160052,0,0,6,12,0,0,0,0,0,0
1,1,160053,0,0,0,0,0,0,0,0,0,0
2,1,160053,0,0,0,0,0,0,0,0,0,0
3,1,160053,0,0,0,0,0,0,0,0,0,0
1,1,160054,23,18,28,29,32,27,10,0,0,7
1,1,160055,0,0,0,19,0,0,0,0,0,0
1,1,160056,0,0,17,0,0,0,0,0,0,0
1,1,160057,0,0,0,5,0,0,9,0,0,0
0,1,160058,0,0,0,0,0,0,0,0,0,0
1,1,160058,0,0,0,0,0,0,0,0,0,0
1,1,160059,30,30,30,30,30,30,30,30,30,30
1,1,160060,0,0,0,0,0,0,0,0,0,0
2,1,160060,0,0,0,0,0,0,0,0,0,0
1,1,160061,45,45,45,45,45,45,45,45,45,45
2,1,160061,0,0,0,0,0,0,0,0,0,0
1,1,160062,25,25,25,25,25,25,25,25,25,25
2,1,160062,0,0,0,0,0,0,0,0,0,0
1,1,160063,11,11,11,11,11,11,11,11,11,11
1,1,160064,7,7,7,7,7,7,7,7,7,7
2,1,160064,0,0,0,0,0,0,0,0,0,0
1,1,160065,0,0,0,0,0,0,0,0,0,0
2,1,160065,0,0,0,0,0,0,0,0,0,0
1,1,160066,18,18,18,18,18,18,18,18,18,18
2,1,160066,0,0,0,0,0,0,0,0,0,0
1,1,160067,0,0,0,0,0,0,0,0,0,0
1,1,160068,10,0,16,17,16,14,14,10,10,0
1,1,160069,0,0,0,0,0,0,0,0,0,0
1,1,160070,0,0,0,0,0,0,0,0,0,0
2,1,160070,0,0,0,0,0,0,0,0,0,0
1,1,160071,0,0,0,0,0,0,0,0,0,0
1,1,160072,0,0,0,0,0,0,0,0,0,0
1,1,160073,0,0,14,0,0,0,0,0,0,0
1,1,160074,18,18,18,18,18,18,18,18,18,18
1,1,160075,7,18,34,33,11,25,32,15,18,8
1,1,160076,7,7,7,7,7,7,7,7,7,7
1,1,160077,10,10,10,10,10,10,10,10,10,10
1,1,160078,0,0,0,0,0,0,0,0,0,0
1,1,160079,0,0,0,0,0,0,0,0,0,0
2,1,160079,0,0,0,0,0,0,0,0,0,0
3,1,160079,0,0,0,0,0,0,0,0,0,0
1,1,160080,17,17,17,17,17,17,17,17,17,17
1,1,160081,22,22,22,22,22,22,22,22,22,22
2,1,160081,0,0,0,0,0,0,0,0,0,0
0,1,160082,0,16,0,8,0,26,8,0,0,0
1,1,160082,0,0,0,0,0,0,0,0,10,0
1,1,160083,0,0,0,0,0,0,0,0,0,0
2,1,160083,0,0,0,0,0,0,0,0,0,0
1,1,160084,4,4,4,4,4,4,4,4,4,4
1,1,160085,0,0,14,0,0,0,0,0,0,0
2,1,160085,0,0,0,0,0,0,0,0,0,0
1,1,160086,0,0,0,0,0,0,0,0,0,0
2,1,160086,15,15,15,15,15,15,15,15,15,15
1,1,160087,0,0,0,0,0,0,0,0,0,0
1,1,160088,0,0,0,0,0,0,0,0,0,0
1,1,160089,19,19,19,19,19,19,19,19,19,19
1,1,160090,0,0,0,0,0,0,0,0,0,0
1,1,160091,0,0,0,0,0,0,0,0,0,0
1,1,160092,0,0,0,0,0,0,0,0,0,0
2,1,160092,0,0,0,0,0,0,0,0,0,0
1,1,160093,22,22,22,22,22,22,22,22,22,22
1,1,160094,0,0,0,0,0,0,0,0,0,0
1,1,160095,0,0,0,0,0,0,0,0,0,0
1,1,160096,0,0,0,0,0,0,0,0,0,0
0,1,160097,0,0,0,0,0,0,0,0,0,0
1,1,160097,0,0,0,0,0,18,0,0,0,0
1,1,160098,6,6,6,6,6,6,6,6,6,6
1,1,160099,0,0,0,0,0,0,0,0,0,0
1,1,160100,0,0,0,0,0,0,0,0,0,0
1,1,160101,0,0,0,0,0,0,0,0,0,0
2,1,160101,0,0,0,0,0,0,0,0,0,0
1,1,160102,14,14,14,14,14,14,14,14,14,14
1,1,160103,7,7,7,7,7,7,7,7,7,7
1,1,160104,12,0,18,21,13,24,6,15,13,30
1,1,160105,0,0,0,0,0,0,0,0,0,0
1,1,160106,0,0,0,0,0,0,0,0,0,0
1,1,160107,23,23,23,23,23,23,23,23,23,23
1,1,160108,0,16,0,14,8,23,0,18,5,6
1,1,160109,0,0,0,0,0,0,0,0,0,0
1,1,160110,20,20,20,20,20,20,20,20,20,20
1,1,160111,0,0,0,0,0,0,0,0,0,0
2,1,160111,0,0,0,0,0,0,0,0,0,0
1,1,160112,0,0,0,0,0,0,0,0,0,0
1,1,160113,0,0,0,0,0,0,0,0,0,0
2,1,160113,0,0,0,0,0,0,0,0,0,0
0,1,160114,0,0,0,0,0,0,0,0,0,0
1,1,160114,0,0,0,0,0,0,0,0,0,0
1,1,160115,5,5,5,5,5,5,5,5,5,5
1,1,160116,0,0,0,0,0,0,0,0,0,0
2,1,160116,13,13,13,13,13,13,13,13,13,13
1,1,160117,18,18,18,18,18,18,18,18,18,18
1,1,160118,0,0,0,0,0,0,0,0,0,0
1,1,160119,0,0,0,0,0,0,0,0,0,0
2,1,160119,0,0,0,0,0,0,0,0,0,0
1,1,160120,0,0,0,0,0,0,0,0,0,0
1,1,160121,0,0,0,0,0,0,0,0,0,0
1,1,160122,29,29,29,29,29,29,29,29,29,29
1,1,160123,14,14,14,14,14,14,14,14,14,14
0,1,160124,33,33,33,33,33,33,33,33,33,33
1,1,160124,6,6,6,6,6,6,6,6,6,6
1,1,160125,0,0,0,0,0,0,0,0,0,0
2,1,160125,0,0,14,0,0,0,0,0,0,0
3,1,160125,0,0,0,0,0,0,0,0,0,0
1,1,160126,15,15,15,15,15,15,15,15,15,15
1,1,160127,0,0,0,0,0,0,0,0,0,12
1,1,160128,0,0,0,0,0,0,0,0,0,0
2,1,160128,0,0,0,0,0,0,0,0,0,0
1,1,160129,7,7,7,7,7,7,7,7,7,7
2,1,160129,0,0,0,0,0,0,0,0,0,0
1,1,160130,16,16,16,16,16,16,16,16,16,16
1,1,160131,5,5,5,5,5,5,5,5,5,5
1,1,160132,0,0,0,0,0,0,0,0,0,0
1,1,160133,0,7,20,0,0,5,0,0,0,0
2,1,160133,0,0,0,0,0,0,0,0,0,0
1,1,160134,0,0,0,0,0,0,0,0,0,0
2,1,160134,0,0,0,0,0,0,0,0,0,0
1,1,160135,0,0,0,0,0,0,0,0,0,0
1,1,160136,0,0,0,0,0,0,0,0,0,0
1,1,160137,18,18,18,18,18,18,18,18,18,18
2,1,160137,0,0,0,0,0,0,0,0,0,0
1,1,160138,5,8,0,8,0,0,0,0,0,10
1,1,160139,0,0,0,0,0,0,0,0,0,0
1,1,160140,0,0,0,0,0,0,0,0,0,0
2,1,160140,0,0,0,0,0,0,0,0,0,0
1,1,160141,0,0,0,0,0,0,0,0,0,0
1,1,160142,10,0,0,0,0,0,0,0,0,0
2,1,160142,0,0,0,0,0,0,0,0,0,0
3,1,160142,0,0,0,0,0,0,0,0,8,0
1,1,160143,0,0,0,0,0,0,0,0,0,0
2,1,160143,0,0,0,0,0,0,0,0,0,0
1,1,160144,0,0,0,0,0,0,0,0,0,0
1,1,160145,16,16,16,16,16,16,16,16,16,16
1,1,160146,16,16,16,16,16,16,16,16,16,16
1,1,160147,0,0,0,0,0,0,0,0,0,0
2,1,160147,0,0,0,0,0,0,0,0,0,0
1,1,160148,19,19,19,19,19,19,19,19,19,19
0,1,160149,0,0,0,0,0,0,0,0,0,0
1,1,160149,0,0,0,0,0,0,0,0,0,0
1,1,160150,0,0,0,0,0,0,0,0,0,0
2,1,160150,0,0,0,0,0,0,0,0,0,0
1,1,160151,13,13,13,13,13,13,13,13,13,13
1,1,160152,23,0,9,0,0,0,0,0,0,0
1,1,160153,20,20,20,20,20,20,20,20,20,20
1,1,160154,3,3,3,3,3,3,3,3,3,3
1,1,160155,0,0,0,0,0,0,0,0,0,0
2,1,160155,0,0,0,9,0,0,0,16,0,0
3,1,160155,0,0,0,0,0,0,0,0,0,0
1,1,160156,24,24,24,24,24,24,24,24,24,24
1,1,160157,0,0,0,0,0,0,0,0,0,0
1,1,160158,0,0,0,0,0,0,0,0,0,0
2,1,160158,20,0,0,0,0,0,0,0,0,0
1,1,160159,0,0,0,0,0,0,0,0,0,0
1,1,160160,0,0,0,0,0,0,0,0,0,0
2,1,160160,0,0,0,0,0,0,0,0,0,0
1,1,160161,25,25,25,25,25,25,25,25,25,25
2,1,160161,0,0,0,0,0,0,0,0,0,0
1,1,160162,12,12,12,12,12,12,12,12,12,12
2,1,160162,0,0,0,0,0,0,0,0,0,0
1,1,160163,6,6,6,6,6,6,6,6,6,6
1,1,160164,0,0,0,0,0,0,0,0,0,0
0,1,160165,0,12,0,0,0,0,0,23,0,0
1,1,160165,5,8,9,7,2,5,25,5,20,0
2,1,160165,0,0,0,0,0,0,0,0,0,0
1,1,160166,0,0,0,0,0,0,0,0,0,0
2,1,160166,0,0,0,0,0,0,0,0,0,0
3,1,160166,0,0,0,0,2,0,0,0,0,0
1,1,160167,0,0,0,0,0,0,0,0,0,0
1,1,160168,0,0,0,0,0,0,0,0,0,0
1,1,160169,0,0,0,0,0,0,0,0,0,0
1,1,160170,0,0,0,0,0,0,0,0,0,0
2,1,160170,0,0,0,0,0,0,0,0,0,0
1,1,160171,0,0,0,0,0,0,0,0,0,0
1,1,160172,0,0,0,0,0,0,0,0,0,0
2,1,160172,25,25,25,25,25,25,25,25,25,25
0,1,160173,0,0,0,0,0,0,0,0,0,0
1,1,160173,0,0,0,0,0,0,0,0,0,0
2,1,160173,0,0,0,0,0,0,0,0,0,0
1,1,160174,0,0,0,0,0,0,0,0,0,0
1,1,160175,0,0,0,0,0,7,0,9,0,0
2,1,160175,0,0,0,0,0,0,0,0,0,0
1,1,160176,19,0,0,0,0,0,0,9,0,0
1,1,160177,0,0,0,0,0,0,0,0,0,0
2,1,160177,0,0,0,0,0,0,0,0,0,0
1,1,160178,22,22,22,22,22,22,22,22,22,22
1,1,160179,2,2,2,2,2,2,2,2,2,2
1,1,160180,0,0,0,0,0,0,0,0,0,0
1,1,160181,0,0,0,0,0,0,0,0,0,0
1,1,160182,0,0,0,0,0,0,0,0,0,0
1,1,160183,21,24,17,21,19,27,14,10,30,16
1,1,160184,0,0,0,0,0,0,0,0,0,0
1,1,160185,36,36,36,36,36,36,36,36,36,36
1,1,160186,0,0,0,0,0,0,0,0,0,0
2,1,160186,0,0,0,0,0,0,0,0,0,0
0,1,160187,0,0,0,0,0,0,0,0,0,0
1,1,160187,0,0,0,0,0,0,0,0,0,0
1,1,160188,0,0,0,0,0,0,0,0,0,0
1,1,160189,0,0,0,0,0,0,0,0,0,0
1,1,160190,0,0,0,0,0,0,0,0,0,0
1,1,160191,0,0,0,0,0,0,0,0,0,0
1,1,160192,0,0,0,0,0,0,0,0,0,0
1,1,160193,0,0,0,0,0,0,0,0,0,0
1,1,160194,0,0,0,0,0,0,0,0,0,0
0,1,160195,0,0,0,0,0,0,0,0,0,0
1,1,160195,9,9,9,9,9,9,9,9,9,9
0,1,160196,0,0,0,0,0,0,0,0,0,0
1,1,160196,0,0,0,0,0,0,0,0,0,0
0,1,160197,0,0,0,0,0,0,0,0,0,0
1,1,160197,0,0,0,0,0,0,0,0,0,0
1,1,160198,17,17,17,17,17,17,17,17,17,17
2,1,160198,0,0,0,0,0,0,0,0,0,0
3,1,160198,0,0,0,0,0,0,0,0,0,0
1,1,160199,10,10,10,10,10,10,10,10,10,10
1,1,160200,19,19,19,19,19,19,19,19,19,19
1,1,160201,0,0,0,0,0,0,0,0,0,0
1,1,160202,17,3,0,23,0,0,10,0,11,0
0,1,160203,0,0,0,0,0,0,0,0,0,0
1,1,160203,0,0,0,0,0,0,0,0,0,0
1,1,160204,0,0,0,0,0,0,0,0,0,0
2,1,160204,0,0,0,0,0,0,0,0,0,0
1,1,160205,0,0,0,0,0,0,0,0,0,0
2,1,160205,0,0,0,0,0,0,0,0,0,21
3,1,160205,0,0,0,0,0,0,0,0,0,0
1,1,160206,0,0,0,0,0,0,0,0,0,0
1,1,160207,0,0,0,0,0,0,0,0,0,0
2,1,160207,0,0,0,0,0,0,0,0,0,0
1,1,160208,0,0,8,0,15,17,17,0,23,16
0,1,160209,5,5,5,5,5,5,5,5,5,5
1,1,160209,13,0,0,0,0,0,13,16,7,10
1,1,160210,0,0,0,0,0,0,0,0,0,0
1,1,160211,30,30,30,30,30,30,30,30,30,30
0,1,160212,0,0,0,13,4,0,0,8,0,0
1,1,160212,0,0,0,0,0,0,0,0,0,0
1,1,160213,0,0,0,0,0,0,0,0,0,0
2,1,160213,0,0,0,0,0,0,0,0,0,0
3,1,160213,4,0,0,0,0,0,0,0,0,0
1,1,160214,21,21,21,21,21,21,21,21,21,21
1,1,160215,0,0,0,0,0,0,0,0,0,0
1,1,160216,0,0,0,0,0,0,0,0,0,5
0,1,160217,11,11,11,11,11,11,11,11,11,11
1,1,160217,0,0,0,0,0,0,0,0,0,0
1,1,160218,0,0,0,0,0,0,0,0,0,0
1,1,170001,0,0,0,0,0,0,0,0,0,0
2,1,170001,0,0,0,0,0,0,0,0,0,0
1,1,170002,0,0,0,0,0,0,0,0,0,0
1,1,170003,0,0,0,0,0,0,0,0,0,0
1,1,170004,16,16,16,16,16,16,16,16,16,16
1,1,170005,0,0,0,0,0,0,0,0,0,0
2,1,170005,0,0,0,0,0,0,0,0,0,0
1,1,170006,31,31,31,31,31,31,31,31,31,31
1,1,170007,0,0,0,0,0,0,0,0,0,0
1,1,170008,20,20,20,20,20,20,20,20,20,20
2,1,170008,0,0,0,0,0,0,0,0,0,0
1,1,170009,0,0,0,0,0,0,0,0,0,0
1,1,170010,0,0,0,0,0,0,0,0,0,0
1,1,170011,28,28,28,28,28,28,28,28,28,28
1,1,170012,17,17,17,17,17,17,17,17,17,17
1,1,170014,17,17,17,17,17,17,17,17,17,17
2,1,170014,11,11,11,11,11,11,11,11,11,11
1,1,170015,0,0,0,0,0,0,0,0,0,0
1,1,170016,0,0,0,0,0,0,0,0,0,0
2,1,170016,0,0,0,0,0,0,0,0,0,0