VEH_NO,PER_NO,ST_CASE,P1,P2,P3,P4,P5,P6,P7,P8,P9,P10
1,1,170017,0,0,0,0,0,0,0,0,0,0
1,1,170018,13,13,13,13,13,13,13,13,13,13
1,1,170019,0,0,0,0,0,0,0,0,0,0
2,1,170019,0,0,0,0,0,0,0,0,0,0
3,1,170019,0,0,0,0,0,0,0,0,3,0
4,1,170019,0,0,0,0,0,0,0,0,0,0
1,1,170020,0,0,0,0,0,0,0,0,0,0
1,1,170021,0,0,0,0,0,0,0,0,0,0
2,1,170021,0,0,0,0,0,0,0,0,0,0
3,1,170021,0,0,0,0,0,0,0,0,0,0
1,1,170022,0,0,0,0,0,0,0,0,0,0
1,1,170023,9,9,9,9,9,9,9,9,9,9
0,1,170024,22,22,22,22,22,22,22,22,22,22
1,1,170024,0,0,0,0,0,0,0,0,0,0
1,1,170025,0,0,0,0,0,0,0,0,0,0
1,1,170026,0,0,0,0,0,0,0,0,0,0
2,1,170026,0,0,0,0,0,0,0,0,0,0
1,1,170027,22,22,22,22,22,22,22,22,22,22
1,1,170028,17,17,17,17,17,17,17,17,17,17
1,1,170029,0,0,0,0,0,0,0,0,0,0
2,1,170029,0,0,0,0,0,0,0,0,0,0
1,1,170030,9,9,9,9,9,9,9,9,9,9
1,1,170031,0,0,0,0,0,0,0,0,0,0
2,1,170031,0,0,0,0,0,0,0,4,0,0
1,1,170032,0,0,0,0,0,0,0,0,0,0
2,1,170032,0,0,0,0,0,0,0,0,0,0
1,1,170033,0,0,11,0,0,0,0,0,0,0
2,1,170033,0,0,0,0,0,0,0,0,0,0
0,1,170034,22,22,22,22,22,22,22,22,22,22
1,1,170034,0,0,0,0,0,0,0,0,0,0
1,1,170035,0,0,0,0,0,0,0,0,0,0
2,1,170035,0,0,0,0,0,0,0,0,0,0
3,1,170035,0,0,0,0,0,0,0,0,0,0
0,1,170036,0,0,0,0,0,0,0,0,0,0
0,2,170036,0,0,0,0,15,0,27,0,0,0
1,1,170036,7,7,7,7,7,7,7,7,7,7
1,1,170037,0,0,0,0,0,0,0,0,0,0
2,1,170037,0,0,0,0,0,0,0,0,0,0
1,1,170038,0,0,0,0,0,0,0,0,0,0
2,1,170038,0,0,0,0,0,0,0,0,0,0
3,1,170038,0,0,0,0,0,0,0,0,0,0
1,1,170039,0,0,0,0,0,0,0,0,0,0
2,1,170039,0,0,0,0,0,0,0,0,0,0
1,1,170041,0,0,0,0,0,0,0,0,0,0
2,1,170041,0,0,0,0,0,0,0,0,0,0
1,2,170042,25,25,25,25,25,25,25,25,25,25
0,1,170043,0,0,0,0,0,0,0,0,0,0
1,1,170043,0,0,0,0,0,0,0,0,0,0
1,1,170044,17,17,17,17,17,17,17,17,17,17
2,1,170044,0,0,0,0,0,0,0,0,0,0
3,1,170044,0,0,0,0,0,0,0,0,0,0
1,1,170045,0,0,0,0,0,0,0,0,0,0
1,1,170046,0,0,0,0,0,0,0,0,0,0
2,1,170046,0,0,0,0,0,0,0,0,0,0
0,1,170047,0,0,0,0,0,0,0,0,0,0
1,1,170047,0,0,0,0,0,0,0,0,0,0
1,1,170049,0,0,0,0,0,0,0,0,0,0
2,1,170049,0,0,0,0,0,0,0,0,0,0
1,1,170050,0,0,0,0,0,0,0,0,0,0
2,1,170050,0,0,0,0,0,0,0,0,0,0
0,1,170051,0,0,0,0,0,0,0,0,0,0
1,1,170051,0,0,0,0,0,0,0,0,0,0
1,1,170052,0,0,0,0,0,0,0,0,0,0
2,1,170052,0,0,0,0,0,0,0,0,0,0
1,1,170053,16,16,16,16,16,16,16,16,16,16
2,1,170053,0,0,0,0,0,0,0,0,0,0
3,1,170053,0,0,0,0,0,0,0,0,0,0
0,1,170054,0,0,0,0,0,0,0,0,0,0
1,1,170054,0,0,0,0,0,0,0,0,0,0
0,1,170055,29,29,29,29,29,29,29,29,29,29
1,1,170055,0,0,0,0,0,0,0,0,0,0
0,1,170056,30,30,30,30,30,30,30,30,30,30
1,1,170056,0,0,0,0,0,0,0,0,0,0
1,1,170057,0,0,0,0,0,0,0,0,0,0
1,1,170058,0,0,0,0,0,0,34,0,0,0
2,1,170058,0,0,0,0,0,0,0,0,0,0
1,1,170059,0,0,0,0,0,0,0,0,0,0
0,1,170060,9,9,9,9,9,9,9,9,9,9
1,1,170060,13,3,5,14,9,14,4,0,12,8
2,1,170060,0,0,0,0,0,0,3,0,0,0
3,1,170060,0,0,0,0,13,0,10,0,5,0
1,1,170061,19,19,19,19,19,19,19,19,19,19
0,1,170062,0,0,0,0,0,0,0,0,0,0
0,2,170062,0,0,0,0,0,0,0,0,0,0
0,3,170062,0,0,0,0,0,0,0,0,0,0
1,1,170062,0,0,0,0,0,0,0,0,0,0
2,1,170062,0,0,0,0,0,16,0,0,0,0
1,1,170063,0,0,0,0,0,0,0,0,0,0
1,1,170064,0,0,0,0,0,0,0,0,0,0
2,1,170064,0,0,0,0,0,20,0,0,0,0
1,1,170065,0,0,0,0,0,0,0,0,0,0
2,1,170065,0,0,0,0,0,7,0,0,0,0
3,1,170065,0,0,0,0,0,0,0,0,0,0
4,1,170065,0,0,0,0,0,0,0,0,0,0
0,1,170066,17,17,17,17,17,17,17,17,17,17
1,1,170066,6,0,2,5,9,0,10,17,4,0
1,1,170067,0,0,0,0,0,0,0,0,0,0
1,1,170068,0,0,0,0,0,0,0,0,0,0
1,1,170069,15,15,15,15,15,15,15,15,15,15
2,1,170069,0,0,0,0,0,0,0,0,0,0
1,1,170070,21,21,21,21,21,21,21,21,21,21
1,1,170071,18,18,18,18,18,18,18,18,18,18
1,1,170072,5,5,5,5,5,5,5,5,5,5
2,1,170072,7,7,7,7,7,7,7,7,7,7
1,1,170073,22,22,22,22,22,22,22,22,22,22
1,1,170074,28,28,28,28,28,28,28,28,28,28
1,1,170075,11,11,11,11,11,11,11,11,11,11
2,1,170075,0,0,0,0,0,0,0,0,0,0
1,1,170076,20,20,20,20,20,20,20,20,20,20
1,1,170077,0,0,0,0,0,0,0,0,0,0
1,1,170078,0,0,0,0,0,0,0,0,0,0
2,1,170078,0,13,0,0,0,0,0,0,0,0
1,1,170079,16,16,16,16,16,16,16,16,16,16
1,1,170080,0,0,0,0,0,0,0,0,0,0
2,1,170080,0,0,0,0,0,0,0,0,0,0
1,1,170081,13,13,13,13,13,13,13,13,13,13
2,1,170081,5,0,0,0,0,0,0,0,23,0
1,1,170082,0,0,0,0,0,0,0,0,0,0
2,1,170082,0,0,0,0,0,0,0,0,0,0
1,1,170083,14,14,14,14,14,14,14,14,14,14
1,1,170084,0,0,0,0,0,0,0,0,0,0
1,1,170085,12,12,12,12,12,12,12,12,12,12
2,1,170085,0,0,0,0,0,0,0,0,0,0
1,1,170086,0,0,0,0,0,0,0,0,0,0
2,1,170086,0,0,0,0,0,0,0,0,0,0
1,1,170087,8,8,8,8,8,8,8,8,8,8
2,1,170087,0,0,0,0,0,0,0,0,0,0
1,1,170088,0,0,0,0,0,0,0,0,0,0
2,1,170088,0,0,0,0,0,0,0,0,0,0
3,1,170088,0,0,0,0,0,0,0,0,0,0
1,1,170089,23,23,23,23,23,23,23,23,23,23
1,1,170090,0,0,0,0,0,0,0,0,0,0
1,1,170091,18,18,18,18,18,18,18,18,18,18
1,1,170092,0,0,0,0,0,0,0,0,0,0
2,1,170092,0,0,0,0,0,0,0,0,0,0
3,1,170092,0,0,0,0,0,0,0,0,0,0
1,1,170093,0,0,0,0,0,0,0,0,0,0
2,1,170093,0,0,0,0,0,0,4,0,0,0
1,1,170094,0,0,0,0,0,0,0,0,0,0
2,1,170094,0,0,0,0,0,0,0,0,0,0
3,1,170094,0,0,0,0,0,0,0,0,0,0
4,1,170094,0,0,0,0,0,0,0,0,0,0
1,1,170095,0,0,0,0,0,0,0,0,0,0
2,1,170095,0,0,0,0,0,0,0,0,0,0
1,1,170096,0,0,0,0,3,0,0,0,0,0
1,1,170097,6,6,6,6,6,6,6,6,6,6
1,1,170098,0,0,0,0,0,0,0,0,0,0
2,1,170098,0,0,0,0,0,0,0,0,0,0
3,1,170098,0,0,0,0,0,0,0,0,0,0
4,1,170098,0,0,0,0,0,0,0,0,0,0
1,1,170099,0,0,0,0,0,0,0,0,0,0
2,1,170099,18,18,18,18,18,18,18,18,18,18
1,1,170100,0,0,0,0,0,0,0,0,0,0
0,1,170101,0,0,0,0,0,0,0,0,0,0
1,1,170101,0,0,0,0,0,0,0,0,0,0
1,1,170102,0,0,0,0,0,0,0,0,0,0
2,1,170102,0,0,0,0,0,0,0,0,0,0
0,1,170103,0,0,0,0,0,0,0,0,0,0
0,2,170103,0,0,0,0,0,0,0,0,0,0
0,3,170103,0,0,0,0,0,0,0,0,0,0
1,1,170103,0,0,0,0,0,0,0,0,0,0
1,1,170104,0,0,0,0,0,0,0,0,0,0
2,1,170104,0,0,0,0,0,0,0,0,0,0
1,1,170105,14,14,14,14,14,14,14,14,14,14
1,1,170106,15,15,15,15,15,15,15,15,15,15
1,1,170107,11,11,11,11,11,11,11,11,11,11
1,1,170108,0,0,0,0,0,0,0,0,0,0
1,1,170109,16,16,16,16,16,16,16,16,16,16
0,1,170110,0,0,0,0,0,0,0,0,0,0
1,1,170110,0,0,0,0,0,0,0,0,0,0
1,1,170111,19,11,24,22,22,24,10,6,15,23
2,1,170111,24,24,24,24,24,24,24,24,24,24
1,1,170112,0,0,0,0,0,0,0,0,0,0
2,1,170112,0,0,0,0,0,0,0,10,0,0
0,1,170113,12,12,12,12,12,12,12,12,12,12
1,1,170113,0,11,0,0,0,0,0,0,12,15
1,1,170114,0,0,0,0,0,0,0,0,0,0
1,1,170115,15,15,15,15,15,15,15,15,15,15
0,1,170116,0,0,0,0,0,0,0,0,0,0
1,1,170116,0,0,0,0,0,0,0,0,0,0
2,1,170116,14,14,14,14,14,14,14,14,14,14
0,1,170117,21,21,21,21,21,21,21,21,21,21
1,1,170117,18,18,18,18,18,18,18,18,18,18
1,1,170118,12,12,12,12,12,12,12,12,12,12
2,1,170118,8,8,8,8,8,8,8,8,8,8
1,1,170119,0,0,0,0,0,0,0,0,0,0
2,1,170119,0,0,0,0,0,0,0,0,0,0
1,1,170120,0,0,0,0,0,0,0,0,0,0
2,1,170120,0,0,0,0,0,0,0,0,0,0
0,1,170121,0,0,0,0,0,0,0,0,0,0
1,1,170121,0,0,0,0,0,0,0,0,0,0
1,1,170122,17,17,17,17,17,17,17,17,17,17
1,1,170123,0,0,0,0,0,0,0,0,0,0
1,1,170124,0,0,0,0,0,0,0,0,0,0
2,1,170124,0,0,0,0,0,0,0,0,0,0
1,1,170125,22,22,22,22,22,22,22,22,22,22
1,1,170126,0,0,0,0,0,0,0,0,0,0
2,1,170126,0,0,0,0,0,0,0,18,0,0
3,1,170126,0,0,0,0,0,0,0,0,0,0
1,1,170127,0,0,0,0,0,0,0,0,0,0
2,1,170127,0,0,0,0,15,0,12,0,0,0
3,1,170127,0,0,0,13,0,0,0,0,0,0
1,1,170128,0,0,0,0,0,0,0,0,0,0
1,1,170129,0,0,0,0,0,0,0,0,0,0
2,1,170129,0,0,0,0,0,0,0,0,0,0
3,1,170129,0,0,0,0,0,0,0,0,0,0
1,1,170130,0,0,0,0,0,0,0,0,11,0
2,1,170130,0,0,0,0,0,0,0,0,0,0
1,1,170131,26,26,26,26,26,26,26,26,26,26
1,1,170132,0,0,0,5,0,0,0,0,0,0
2,1,170132,0,0,0,0,0,0,0,0,0,0
0,1,170133,0,0,0,0,0,0,0,0,0,0
1,1,170133,0,0,0,0,0,0,0,0,0,0
1,1,170134,21,21,21,21,21,21,21,21,21,21
2,1,170134,0,0,0,0,0,0,0,0,0,0
1,1,170135,0,0,0,0,0,0,0,0,0,0
2,1,170135,0,0,0,0,0,0,0,0,0,0
1,1,170136,0,0,0,0,0,0,0,0,0,0
2,1,170136,0,0,0,0,0,0,0,0,0,0
1,1,170137,0,0,0,0,0,0,0,0,0,0
1,1,170138,0,0,0,0,0,0,0,0,0,0
1,1,170139,0,0,0,0,0,0,0,0,0,0
2,1,170139,0,0,0,0,0,0,0,0,0,0
1,1,170140,11,11,11,11,11,11,11,11,11,11
1,1,170141,35,35,35,35,35,35,35,35,35,35
1,1,170142,35,35,35,35,35,35,35,35,35,35
1,1,170143,14,14,14,14,14,14,14,14,14,14
1,1,170144,0,0,0,0,0,0,0,0,0,7
1,1,170145,0,0,0,0,0,0,0,0,0,0
1,1,170146,9,9,9,9,9,9,9,9,9,9
1,1,170147,0,0,0,0,0,0,0,0,0,0
2,1,170147,0,0,0,0,0,0,0,0,0,0
1,1,170148,0,0,0,0,0,0,0,0,0,0
2,1,170148,0,0,0,0,0,0,0,0,0,0
1,1,170149,0,0,3,0,0,14,0,0,0,0
1,1,170150,27,27,27,27,27,27,27,27,27,27
1,1,170151,17,17,17,17,17,17,17,17,17,17
1,1,170152,12,12,12,12,12,12,12,12,12,12
0,1,170153,0,0,0,0,0,0,0,0,0,0
1,1,170153,0,0,0,0,0,0,0,0,0,0
1,1,170154,0,0,0,0,0,0,0,0,0,0
1,1,170155,0,0,0,0,0,0,0,0,0,0
1,1,170156,0,0,0,0,0,0,0,0,0,0
1,1,170157,0,0,0,0,0,0,0,0,0,0
2,1,170157,0,0,0,0,0,0,0,0,0,0
1,1,170158,0,0,0,0,0,0,0,0,0,0
2,1,170158,0,0,0,0,0,0,0,0,0,0
1,1,170159,12,12,12,12,12,12,12,12,12,12
1,1,170160,13,13,13,13,13,13,13,13,13,13
0,1,170161,0,0,0,0,0,0,0,0,0,0
0,2,170161,0,0,0,0,0,17,0,0,32,0
1,1,170161,16,16,16,16,16,16,16,16,16,16
1,1,170162,0,0,0,0,0,0,0,0,0,0
1,1,170163,21,21,21,21,21,21,21,21,21,21
1,1,170164,0,0,0,0,0,0,0,0,0,0
1,1,170165,0,0,0,0,0,0,7,0,0,0
2,1,170165,11,0,0,0,17,0,0,0,23,0
1,1,170166,0,0,0,0,0,0,0,0,0,0
1,1,170167,0,0,0,0,0,0,0,0,0,15
2,1,170167,1,1,1,1,1,1,1,1,1,1
0,1,170169,21,21,21,21,21,21,21,21,21,21
1,1,170169,1,1,1,1,1,1,1,1,1,1
1,1,170170,0,0,0,0,0,0,0,0,0,0
1,1,170171,0,0,0,0,0,0,0,0,0,0
2,1,170171,0,0,0,0,0,0,0,0,0,0
1,1,170172,11,11,11,11,11,11,11,11,11,11
2,1,170172,0,0,0,0,0,0,0,0,0,0
1,1,170173,0,0,0,0,0,0,0,0,0,0
2,1,170173,17,17,17,17,17,17,17,17,17,17
1,1,170174,21,21,21,21,21,21,21,21,21,21
1,1,170175,0,0,0,12,0,0,0,0,0,0
2,1,170175,0,0,0,0,0,0,0,0,0,0
1,1,170176,0,0,0,0,0,0,0,0,0,0
1,1,170177,29,29,29,29,29,29,29,29,29,29
1,1,170178,12,12,12,12,12,12,12,12,12,12
1,1,170179,0,0,0,0,0,0,0,0,0,0
2,1,170179,0,0,0,0,0,0,0,0,0,0
1,1,170180,29,29,29,29,29,29,29,29,29,29
2,1,170180,0,0,0,0,0,0,0,0,0,0
3,1,170180,0,0,0,0,0,0,0,0,0,0
1,1,170181,0,0,0,0,0,0,0,0,0,0
2,1,170181,0,0,0,0,0,0,0,0,0,0
1,1,170182,21,21,21,21,21,21,21,21,21,21
1,1,170183,0,0,0,0,0,0,0,0,0,0
1,1,170184,15,15,15,15,15,15,15,15,15,15
2,1,170184,0,0,0,0,0,0,0,0,0,0
1,1,170185,28,28,28,28,28,28,28,28,28,28
2,1,170185,0,0,0,0,0,0,0,0,0,0
0,1,170186,0,0,0,0,0,20,18,0,0,26
1,1,170186,0,0,0,0,0,0,0,0,0,0
1,1,170187,0,0,0,0,0,0,0,0,0,0
1,1,170188,0,0,0,0,0,0,0,0,0,0
1,1,170189,0,0,0,0,0,0,0,0,0,0
1,1,170190,22,22,22,22,22,22,22,22,22,22
1,1,170191,19,19,19,19,19,19,19,19,19,19
1,1,170192,17,17,17,17,17,17,17,17,17,17
1,1,170194,19,19,19,19,19,19,19,19,19,19
1,1,170195,7,7,7,7,7,7,7,7,7,7
1,1,170196,0,0,0,0,0,0,0,0,0,0
2,1,170196,0,0,0,0,0,0,0,0,0,0
1,1,170197,21,21,21,21,21,21,21,21,21,21
2,1,170197,0,0,0,0,0,0,0,0,0,0
3,1,170197,30,0,0,0,0,0,0,0,14,0
1,1,170198,15,15,15,15,15,15,15,15,15,15
1,1,170199,0,0,0,0,0,0,0,0,0,0
2,1,170199,0,0,0,0,0,0,0,0,0,0
1,1,170200,13,13,13,13,13,13,13,13,13,13
2,1,170200,0,0,0,0,0,0,0,0,0,0
1,1,170201,0,0,0,0,0,0,0,0,0,0
2,1,170201,0,0,0,0,0,0,0,0,0,0
3,1,170201,0,0,0,0,0,0,0,0,0,0
1,1,170202,0,0,0,0,0,0,0,0,0,0
0,1,170203,37,37,37,37,37,37,37,37,37,37
1,1,170203,0,0,0,0,0,0,0,0,0,0
1,1,170204,0,0,0,0,0,0,0,0,0,0
2,1,170204,5,27,0,2,10,17,0,10,0,7
1,1,170205,16,16,16,16,16,16,16,16,16,16
1,1,170206,0,0,0,0,0,0,0,0,0,0
2,1,170206,0,0,0,0,0,0,0,0,0,0
1,1,170207,12,12,12,12,12,12,12,12,12,12
1,1,170208,20,20,20,20,20,20,20,20,20,20
0,1,170209,15,15,15,15,15,15,15,15,15,15
1,1,170209,0,0,0,0,0,0,15,0,0,0
0,1,170210,0,0,0,20,0,0,0,0,0,0
1,1,170210,0,0,8,0,0,0,0,0,0,0
0,1,170211,32,23,0,0,21,23,34,22,19,34
1,1,170211,13,11,8,2,2,11,19,9,3,20
1,1,170212,0,0,0,0,0,0,0,0,0,0
2,1,170212,0,0,0,0,0,0,0,0,0,0
1,1,170213,39,39,39,39,39,39,39,39,39,39
1,1,170214,0,0,0,0,0,0,0,0,0,0
2,1,170214,0,0,0,0,0,0,0,0,0,0
0,1,170215,15,15,15,15,15,15,15,15,15,15
1,1,170215,15,0,0,17,0,0,0,0,0,0
1,1,170216,0,0,0,0,0,0,0,0,0,0
2,1,170216,0,0,0,0,0,0,0,0,0,0
1,1,170217,0,0,0,0,0,0,0,0,0,0
2,1,170217,0,0,0,0,0,6,0,0,0,0
0,1,170218,0,0,0,0,0,0,0,0,0,0
1,1,170218,0,2,12,0,0,11,3,0,17,0
1,1,170219,0,0,0,0,0,0,0,0,0,0
2,1,170219,0,0,0,0,0,0,0,0,0,0
0,1,170220,0,0,0,0,0,0,0,0,0,0
1,1,170220,0,0,0,0,0,0,0,0,0,0
1,1,170221,0,0,0,0,0,0,0,0,0,0
1,1,170222,0,0,0,0,0,0,0,0,0,0
2,1,170222,0,0,0,0,0,0,0,0,0,0
1,1,170223,0,0,0,0,0,0,0,10,0,0
1,1,170224,18,18,18,18,18,18,18,18,18,18
1,1,170225,16,16,16,16,16,16,16,16,16,16
1,1,170226,0,0,0,0,0,0,0,0,0,0
2,1,170226,0,0,0,0,0,0,0,0,0,0
3,1,170226,0,0,0,0,0,0,0,0,0,0
4,1,170226,0,0,0,0,0,0,0,0,0,0
1,1,170227,3,3,3,3,3,3,3,3,3,3
1,1,170228,12,12,12,12,12,12,12,12,12,12
2,1,170228,0,0,0,0,0,0,0,0,0,0
1,1,170229,0,0,0,0,0,0,0,0,0,0
1,1,170230,0,0,0,0,0,0,0,0,0,0
0,1,170231,21,21,21,21,21,21,21,21,21,21
1,1,170231,0,0,0,0,0,0,0,0,0,0
1,1,170232,20,20,20,20,20,20,20,20,20,20
1,1,170233,0,0,0,0,0,0,0,0,0,0
1,1,170234,30,30,30,30,30,30,30,30,30,30
0,1,170235,13,13,13,13,13,13,13,13,13,13
1,1,170235,19,0,7,14,0,8,6,9,0,8
0,1,170236,27,27,27,27,27,27,27,27,27,27
1,1,170236,0,0,0,0,0,0,0,0,0,0
1,1,170237,0,0,0,0,0,0,0,0,0,0
2,1,170237,0,0,0,0,0,0,0,0,0,0
0,1,170238,0,0,0,0,0,0,0,0,0,0
1,1,170238,19,19,19,19,19,19,19,19,19,19
1,1,170239,0,0,0,0,0,0,0,0,0,0
1,1,170240,6,6,6,6,6,6,6,6,6,6
1,1,170241,2,2,2,2,2,2,2,2,2,2
2,1,170241,11,11,11,11,11,11,11,11,11,11
1,1,170242,3,3,3,3,3,3,3,3,3,3
1,1,170243,10,0,0,0,0,0,0,0,0,0
2,1,170243,0,0,0,0,0,0,0,0,0,0
3,1,170243,0,0,0,0,0,0,0,0,0,0
0,1,170244,20,20,20,20,20,20,20,20,20,20
1,1,170244,0,0,0,0,0,0,0,0,0,0
1,1,170245,0,0,4,0,7,0,10,0,8,4
2,1,170245,0,0,0,0,0,0,0,0,0,0
1,1,170246,0,11,0,11,20,0,0,0,12,0
2,1,170246,21,21,21,21,21,21,21,21,21,21
1,1,170247,17,17,17,17,17,17,17,17,17,17
2,1,170247,18,18,18,18,18,18,18,18,18,18
0,1,170248,0,0,0,0,0,0,0,0,0,0
1,1,170248,0,0,0,0,0,0,0,0,0,0
0,1,170249,0,0,0,0,0,0,0,0,0,0
1,1,170249,0,0,0,0,0,0,0,0,0,0
1,1,170250,31,31,31,31,31,31,31,31,31,31
0,1,170251,0,0,0,0,0,0,0,0,0,0
1,1,170251,0,0,0,0,0,0,0,0,0,0
1,1,170252,22,22,22,22,22,22,22,22,22,22
1,1,170253,0,0,0,0,0,0,0,0,0,0
2,1,170253,0,0,0,0,0,0,0,0,0,0
1,1,170254,23,23,23,23,23,23,23,23,23,23
1,1,170255,17,17,17,17,17,17,17,17,17,17
2,1,170255,0,0,0,0,0,0,0,0,0,0
1,1,170256,13,13,13,13,13,13,13,13,13,13
0,1,170257,0,0,0,0,0,0,0,0,0,0
1,1,170257,0,0,0,0,0,0,0,0,0,0
1,1,170258,12,12,12,12,12,12,12,12,12,12
1,1,170259,0,0,0,0,0,0,0,0,0,0
1,1,170260,0,0,0,0,0,0,0,0,0,0
1,1,170261,0,0,0,0,0,0,0,0,0,0
2,1,170261,0,0,0,0,0,0,0,0,0,0
0,1,170263,14,14,14,14,14,14,14,14,14,14
1,1,170263,0,0,16,0,0,0,0,0,0,0
0,1,170264,0,0,0,0,0,0,0,0,0,0
1,1,170264,0,0,0,0,0,0,0,0,0,0
1,1,170265,3,3,3,3,3,3,3,3,3,3
1,1,170266,14,14,14,14,14,14,14,14,14,14
2,1,170266,0,0,0,0,0,0,0,0,0,0
1,1,170267,16,16,16,16,16,16,16,16,16,16
1,1,170268,7,7,7,7,7,7,7,7,7,7
2,1,170268,0,0,0,0,0,0,0,0,0,0
1,1,170269,0,0,0,0,0,0,0,0,0,0
0,1,170270,3,3,3,3,3,3,3,3,3,3
0,2,170270,0,0,0,0,0,0,0,0,0,0
1,1,170270,14,14,14,14,14,14,14,14,14,14
0,1,170271,24,24,24,24,24,24,24,24,24,24
1,1,170271,0,19,6,0,0,10,0,20,0,0
1,1,170272,21,21,21,21,21,21,21,21,21,21
1,1,170273,0,0,0,0,0,0,0,0,0,0
2,1,170273,0,0,0,0,0,0,0,0,0,0
1,1,170274,10,10,10,10,10,10,10,10,10,10
2,1,170274,0,0,0,0,0,0,0,0,0,0
1,1,170275,17,17,17,17,17,17,17,17,17,17
1,1,170276,1,1,1,1,1,1,1,1,1,1
2,1,170276,0,0,0,0,0,0,0,6,0,0
1,1,170277,0,0,22,3,0,0,25,0,0,12
0,1,170278,1,1,1,1,1,1,1,1,1,1
1,1,170278,8,0,0,0,0,0,0,0,0,0
1,1,170279,0,0,0,0,0,0,0,0,0,0
2,1,170279,0,0,0,0,0,0,0,0,0,0
3,1,170279,0,0,0,0,0,0,0,0,0,0
4,1,170279,0,0,0,0,0,0,0,0,0,0
0,1,170280,32,32,32,32,32,32,32,32,32,32
1,1,170280,0,0,0,15,0,0,15,0,0,0
1,1,170281,0,0,0,0,0,0,0,0,0,0
2,1,170281,0,0,0,0,0,0,0,4,0,0
1,1,170282,13,13,13,13,13,13,13,13,13,13
1,1,170283,0,0,0,0,0,0,0,0,0,0
2,1,170283,0,0,0,0,0,0,0,0,0,0
3,1,170283,0,0,0,0,0,10,0,0,0,0
1,1,170284,11,11,11,11,11,11,11,11,11,11
1,1,170285,0,0,0,0,0,0,0,0,0,0
2,1,170285,0,0,0,0,0,0,0,0,0,0
3,1,170285,0,0,0,0,0,0,0,0,0,0
1,1,170286,0,0,0,0,0,0,0,0,0,0
2,1,170286,0,0,0,0,0,0,0,0,0,0
0,1,170287,0,0,0,0,0,0,0,0,0,0
1,1,170287,0,0,0,0,0,0,0,0,0,0
2,1,170287,0,0,0,0,0,0,0,0,0,0
1,1,170288,5,5,5,5,5,5,5,5,5,5
2,1,170288,0,0,0,2,0,12,0,0,0,0
1,1,170289,0,0,0,0,0,0,0,0,0,0
2,1,170289,0,0,0,0,0,0,0,0,0,0
1,1,170290,0,0,0,0,0,0,0,0,0,0
1,1,170291,15,15,15,15,15,15,15,15,15,15
1,1,170292,16,16,16,16,16,16,16,16,16,16
1,1,170293,0,0,0,0,0,0,0,0,0,0
1,1,170294,0,0,0,0,0,0,0,0,0,0
2,1,170294,0,0,0,0,0,0,0,0,0,0
1,1,170295,13,13,13,13,13,13,13,13,13,13
2,1,170295,9,0,14,12,13,10,0,10,0,4
1,1,170296,19,19,19,19,19,19,19,19,19,19
1,1,170297,9,9,9,9,9,9,9,9,9,9
2,1,170297,1,1,1,1,1,1,1,1,1,1
1,1,170298,0,0,0,0,0,0,0,0,0,0
0,1,170299,13,13,13,13,13,13,13,13,13,13
1,1,170299,0,0,0,0,0,0,0,0,0,0
1,1,170300,7,21,5,15,21,4,24,0,15,8
1,1,170302,19,19,19,19,19,19,19,19,19,19
2,1,170302,0,0,0,0,0,0,0,0,0,0
0,1,170303,0,0,0,0,0,0,0,0,0,0
1,1,170303,16,7,0,0,15,10,0,14,0,10
1,1,170304,0,0,0,0,0,0,0,0,0,0
1,1,170305,0,0,0,0,0,0,0,0,0,0
2,1,170305,0,0,0,0,0,0,0,0,0,0
1,1,170306,0,0,0,0,0,0,0,0,0,0
1,1,170307,0,0,0,0,0,0,0,0,0,0
2,1,170307,0,0,0,0,0,0,0,0,0,0
1,1,170308,25,25,25,25,25,25,25,25,25,25
1,1,170309,5,5,5,5,5,5,5,5,5,5
1,1,170310,36,36,36,36,36,36,36,36,36,36
1,1,170311,18,18,18,18,18,18,18,18,18,18
1,1,170312,0,0,0,0,0,0,0,10,0,0
2,1,170312,0,0,0,0,0,0,0,0,0,0
3,1,170312,0,0,0,0,0,0,0,0,0,0
1,1,170313,0,0,0,0,0,0,20,0,0,15
0,1,170314,3,3,3,3,3,3,3,3,3,3
1,1,170314,0,0,0,0,0,0,0,0,0,0
1,1,170315,17,17,17,17,17,17,17,17,17,17
1,1,170316,0,0,0,0,6,0,0,0,0,0
1,1,170317,0,0,0,0,0,0,0,0,0,0
2,1,170317,0,0,0,0,0,0,0,0,0,0
1,1,170318,11,11,11,11,11,11,11,11,11,11
1,1,170319,0,0,0,0,0,0,0,0,0,0
2,1,170319,0,8,0,0,22,0,0,0,0,0
3,1,170319,0,0,0,0,0,0,0,0,0,0
1,1,170320,0,0,0,0,0,0,0,0,0,0
1,1,170321,0,0,0,0,0,0,0,0,0,0