VEH_NO,PER_NO,ST_CASE,P1,P2,P3,P4,P5,P6,P7,P8,P9,P10
0,1,170635,0,0,0,0,0,0,0,0,0,0
1,1,170635,0,0,0,0,0,0,0,0,0,0
1,1,170636,0,0,0,0,0,0,0,0,0,0
2,1,170636,0,0,0,0,0,0,0,0,0,0
1,1,170637,0,0,0,0,0,0,0,0,0,0
1,1,170638,0,0,0,0,0,0,0,0,0,0
2,1,170638,0,0,0,0,0,0,0,0,0,0
1,1,170639,32,32,32,32,32,32,32,32,32,32
1,1,170640,20,20,20,20,20,20,20,20,20,20
0,1,170641,17,17,17,17,17,17,17,17,17,17
1,1,170641,3,0,0,0,0,0,30,7,8,0
1,1,170642,0,0,0,0,0,0,0,0,0,0
1,1,170643,26,26,26,26,26,26,26,26,26,26
1,1,170644,12,12,12,12,12,12,12,12,12,12
1,1,170645,0,0,0,0,0,0,0,0,0,0
2,1,170645,8,0,0,0,0,11,0,0,0,0
3,1,170645,0,0,6,0,0,0,0,1,15,0
1,1,170646,0,0,0,0,0,0,0,0,0,0
2,1,170646,0,0,0,0,0,0,0,0,0,0
3,1,170646,0,0,0,0,0,0,0,0,0,0
1,1,170647,21,21,21,21,21,21,21,21,21,21
1,1,170648,37,37,37,37,37,37,37,37,37,37
0,1,170649,39,39,39,39,39,39,39,39,39,39
1,1,170649,14,14,14,14,14,14,14,14,14,14
1,1,170650,22,22,22,22,22,22,22,22,22,22
2,1,170650,0,0,0,0,0,5,0,21,0,0
1,1,170651,14,14,14,14,14,14,14,14,14,14
1,1,170652,0,0,0,0,0,0,0,0,0,0
0,1,170653,0,0,0,0,0,0,0,0,0,0
1,1,170653,0,0,0,0,0,0,0,0,0,0
1,1,170654,0,0,0,0,0,0,0,0,0,0
2,1,170654,0,0,0,0,0,0,0,0,0,0
0,1,170656,0,0,0,0,0,0,0,0,0,0
1,1,170656,0,0,0,0,0,0,0,0,0,0
1,1,170657,7,13,0,0,8,2,0,8,0,0
1,1,170658,0,0,0,0,0,0,0,0,0,0
1,1,170659,9,9,9,9,9,9,9,9,9,9
1,1,170660,1,1,1,1,1,1,1,1,1,1
2,1,170660,0,0,0,0,0,0,0,0,10,0
0,1,170661,0,0,0,0,0,0,0,0,0,0
1,1,170661,0,0,0,0,0,0,0,0,0,0
0,1,170662,0,0,0,0,0,0,0,0,0,0
1,1,170662,0,0,0,19,13,0,0,21,0,6
1,1,170663,0,0,0,0,11,0,0,0,0,0
1,1,170664,11,11,11,11,11,11,11,11,11,11
2,1,170664,0,0,0,0,0,0,0,0,0,0
1,1,170665,0,0,0,0,0,0,0,0,0,0
2,1,170665,0,0,0,0,0,0,0,0,0,0
1,1,170666,0,0,0,0,0,0,0,0,0,0
2,1,170666,0,7,0,0,0,0,0,0,0,0
1,1,170667,19,19,19,19,19,19,19,19,19,19
1,1,170668,0,0,0,0,0,0,0,0,0,0
1,1,170669,0,0,0,0,0,0,0,0,0,0
1,1,170670,0,0,0,0,0,0,0,0,0,0
2,1,170670,1,1,1,1,1,1,1,1,1,1
3,1,170670,0,0,16,0,0,0,0,0,0,0
1,1,170671,0,0,0,0,0,0,0,0,0,0
1,1,170672,0,0,0,0,0,0,0,0,0,0
2,1,170672,12,12,12,12,12,12,12,12,12,12
1,1,170673,0,0,0,0,0,0,0,0,0,0
1,1,170674,0,0,0,0,0,0,0,0,0,0
2,1,170674,0,0,0,17,0,0,0,0,0,0
1,1,170675,0,0,0,0,0,0,0,0,0,0
2,1,170675,0,0,0,0,0,0,0,0,0,0
3,1,170675,0,0,0,0,0,0,0,0,0,0
4,1,170675,0,0,0,0,0,0,0,0,0,0
5,1,170675,0,0,0,0,0,0,0,0,0,0
1,1,170676,24,24,24,24,24,24,24,24,24,24
2,1,170676,0,0,0,0,0,0,0,0,0,0
1,1,170677,1,1,1,1,1,1,1,1,1,1
2,1,170677,0,0,0,4,0,0,10,0,0,0
1,1,170678,0,0,0,0,0,0,0,0,0,0
2,1,170678,0,0,0,0,0,0,0,0,0,0
1,1,170679,0,0,0,0,0,0,0,0,0,0
2,1,170679,0,0,0,0,0,0,0,0,0,0
1,1,170680,0,0,0,0,0,0,0,0,0,0
2,1,170680,0,0,0,0,0,0,0,0,0,0
0,1,170681,13,13,13,13,13,13,13,13,13,13
1,1,170681,10,10,10,10,10,10,10,10,10,10
1,1,170682,18,0,0,0,16,0,0,0,0,0
1,1,170683,23,23,23,23,23,23,23,23,23,23
1,1,170684,0,0,0,0,0,0,0,0,0,0
1,1,170685,0,0,0,0,0,0,0,0,0,0
2,1,170685,0,0,0,0,0,0,0,0,0,0
1,1,170686,26,26,26,26,26,26,26,26,26,26
0,1,170687,0,0,0,0,0,0,0,0,0,0
1,1,170687,5,0,0,0,0,0,0,0,0,0
0,1,170688,2,2,2,2,2,2,2,2,2,2
1,1,170688,0,0,0,0,0,0,0,0,0,0
1,1,170689,17,17,17,17,17,17,17,17,17,17
2,1,170689,0,0,0,0,0,0,0,0,0,0
1,1,170690,0,0,0,0,0,0,0,0,0,0
2,1,170690,0,0,0,0,0,0,0,0,0,0
1,1,170691,0,0,0,0,0,0,17,0,0,0
1,1,170692,26,26,26,26,26,26,26,26,26,26
1,1,170693,8,11,24,20,0,16,9,0,11,17
1,1,170694,0,0,0,0,0,0,0,0,0,0
2,1,170694,0,0,0,0,0,0,0,0,0,0
1,1,170695,0,0,0,0,0,0,0,0,0,0
1,1,170696,0,0,0,0,0,0,0,0,0,0
2,1,170696,0,0,0,0,0,0,0,0,0,0
0,1,170697,11,11,11,11,11,11,11,11,11,11
0,2,170697,12,12,12,12,12,12,12,12,12,12
1,1,170697,17,17,17,17,17,17,17,17,17,17
1,1,170698,0,0,0,0,0,0,0,0,0,0
1,1,170699,15,0,0,0,0,0,19,0,0,0
2,1,170699,13,13,13,13,13,13,13,13,13,13
1,1,170700,14,14,14,14,14,14,14,14,14,14
1,1,170701,26,26,26,26,26,26,26,26,26,26
1,1,170702,0,0,0,0,0,0,0,0,0,0
0,1,170703,0,0,0,0,0,0,0,0,0,0
1,1,170703,0,11,0,0,0,0,0,0,0,0
1,1,170704,14,14,14,14,14,14,14,14,14,14
2,1,170704,0,0,0,0,0,0,0,0,0,0
1,1,170705,18,18,18,18,18,18,18,18,18,18
1,1,170706,0,0,0,0,0,0,0,0,0,0
2,1,170706,0,0,0,0,0,0,0,0,0,0
1,1,170707,0,0,0,0,0,0,0,0,0,0
2,1,170707,0,0,0,0,0,0,0,0,0,0
0,1,170708,14,31,0,25,24,0,29,0,0,21
1,1,170708,0,0,0,0,0,0,0,0,0,0
1,1,170709,0,0,0,0,0,0,0,0,0,0
1,1,170710,11,11,11,11,11,11,11,11,11,11
2,1,170710,0,0,0,0,0,0,0,0,0,0
3,1,170710,0,0,0,0,0,0,0,0,0,0
1,1,170711,0,0,0,0,0,0,0,0,0,0
2,1,170711,20,16,10,0,0,0,7,0,0,0
1,1,170712,0,0,12,18,12,0,0,0,0,0
1,1,170713,0,0,0,0,0,0,0,0,0,0
1,1,170714,0,0,0,0,0,0,0,0,0,0
2,1,170714,0,0,0,0,0,0,0,0,0,0
1,1,170715,7,0,0,17,0,0,0,0,20,10
2,1,170715,0,0,0,0,0,0,0,0,0,0
3,1,170715,0,0,0,0,0,0,0,0,0,0
0,1,170716,6,6,6,6,6,6,6,6,6,6
1,1,170716,0,6,7,0,0,0,0,0,0,0
1,1,170717,0,0,0,0,0,0,0,0,0,0
1,1,170718,8,0,0,0,0,0,0,0,0,0
2,1,170718,0,0,0,0,0,0,0,0,0,0
1,1,170719,0,0,0,0,0,0,0,0,0,0
2,1,170719,0,0,0,0,0,0,0,0,0,0
3,1,170719,0,0,0,0,0,0,0,0,0,0
0,1,170720,0,0,0,0,0,0,0,0,0,0
1,1,170720,0,0,0,0,0,0,0,0,0,0
1,1,170721,0,0,0,0,0,0,0,0,0,0
2,1,170721,0,0,0,0,0,0,0,0,0,0
1,1,170722,0,0,0,0,0,0,0,0,0,0
2,1,170722,0,0,0,0,0,0,0,0,0,0
1,1,170723,0,0,0,0,0,0,0,0,0,0
1,1,170724,22,22,22,22,22,22,22,22,22,22
2,1,170724,0,0,0,0,0,0,0,0,0,0
3,1,170724,0,0,0,0,0,0,0,0,0,0
1,1,170725,1,1,1,1,1,1,1,1,1,1
2,1,170725,0,0,0,0,0,0,0,0,0,0
0,1,170726,2,2,2,2,2,2,2,2,2,2
1,1,170726,0,0,0,0,0,0,0,0,0,11
1,1,170727,0,0,0,0,0,0,0,0,0,0
2,1,170727,0,0,0,0,0,0,0,0,0,0
1,1,170728,0,0,0,0,0,0,0,0,0,0
2,1,170728,0,0,0,0,0,0,0,0,0,0
0,1,170729,0,0,0,0,0,0,0,0,0,0
1,1,170729,14,0,0,8,0,16,0,19,17,5
1,1,170730,0,0,0,0,0,0,0,0,0,0
2,1,170730,0,0,0,0,0,0,0,0,0,0
1,1,170731,0,0,0,0,0,0,0,0,0,0
2,1,170731,0,0,0,0,0,0,0,0,0,0
1,1,170732,22,22,22,22,22,22,22,22,22,22
1,1,170733,5,11,19,7,13,16,2,20,15,0
2,1,170733,0,0,0,0,0,0,0,0,0,0
1,1,170734,0,0,0,0,0,0,0,0,0,0
0,1,170735,1,1,1,1,1,1,1,1,1,1
1,1,170735,0,0,0,0,0,0,0,0,0,0
1,1,170736,0,0,0,0,0,0,0,0,0,0
2,1,170736,9,9,9,9,9,9,9,9,9,9
0,1,170737,3,3,3,3,3,3,3,3,3,3
1,1,170737,0,0,0,0,0,0,0,0,0,0
1,1,170738,0,0,16,0,23,0,0,0,0,19
2,1,170738,0,0,0,0,0,0,0,0,0,0
1,1,170739,0,0,0,0,0,0,0,0,0,0
2,1,170739,0,0,0,0,0,0,0,0,0,0
1,1,170740,0,0,0,0,0,0,0,0,0,0
2,1,170740,0,0,0,0,0,0,0,0,0,0
0,1,170741,0,0,0,0,0,0,0,0,0,0
1,1,170741,0,0,0,0,0,0,0,0,0,0
1,1,170742,0,0,0,0,0,0,0,0,0,0
2,1,170742,0,0,0,0,0,0,0,0,0,0
1,1,170743,0,0,5,0,0,0,0,0,0,0
1,1,170744,13,13,13,13,13,13,13,13,13,13
2,1,170744,0,0,11,0,0,0,0,0,0,0
1,1,170745,0,0,0,0,0,0,0,0,0,0
2,1,170745,0,0,0,0,0,0,0,0,0,0
3,1,170745,0,0,0,0,0,0,0,0,0,0
0,1,170746,0,0,0,0,0,0,0,0,0,0
1,1,170746,0,0,0,0,0,0,0,0,0,0
1,1,170747,16,16,16,16,16,16,16,16,16,16
1,1,170748,15,15,15,15,15,15,15,15,15,15
1,1,170749,0,0,14,0,0,0,0,0,0,0
2,1,170749,0,0,0,0,0,0,0,0,0,0
1,1,170750,0,0,0,0,0,0,0,0,0,0
1,1,170751,15,15,15,15,15,15,15,15,15,15
1,1,170752,0,0,0,0,0,0,0,0,0,0
2,1,170752,0,0,0,0,0,0,0,0,0,0
1,1,170753,16,16,16,16,16,16,16,16,16,16
1,1,170754,17,0,10,0,0,0,15,0,0,0
2,1,170754,0,4,0,0,0,0,0,0,0,0
0,1,170755,0,0,0,0,0,0,0,0,0,8
1,1,170755,0,0,0,0,0,0,0,0,0,0
0,1,170756,0,0,0,0,0,0,0,0,0,0
1,1,170756,0,0,0,0,0,0,0,0,0,0
0,1,170757,0,0,0,0,0,0,0,0,0,0
1,1,170757,18,18,18,18,18,18,18,18,18,18
1,1,170758,14,0,0,0,0,0,0,0,0,0
1,1,170759,0,0,0,0,0,0,0,0,0,0
1,1,170761,0,0,0,0,0,0,0,0,0,0
2,1,170761,0,0,0,0,0,0,0,0,0,0
1,1,170762,0,0,0,0,0,0,0,0,0,0
1,1,170763,0,0,0,0,0,0,0,0,0,0
2,1,170763,0,0,0,0,0,0,0,0,0,0
1,1,170764,9,0,0,0,0,0,0,0,0,0
1,1,170765,0,11,0,0,0,0,0,9,0,0
0,1,170766,0,0,0,0,0,0,0,0,0,0
1,1,170766,0,0,0,0,0,0,0,0,0,0
1,1,170767,15,15,15,15,15,15,15,15,15,15
2,1,170767,0,0,0,0,0,0,0,0,0,0
0,1,170768,0,0,0,0,0,0,0,0,0,0
1,1,170768,0,0,0,0,0,0,0,0,0,0
1,1,170769,18,18,18,18,18,18,18,18,18,18
2,1,170769,0,0,0,0,0,0,5,0,0,0
3,1,170769,0,0,0,0,0,0,0,0,0,0
1,1,170770,0,0,0,0,0,0,0,0,0,0
2,1,170770,0,0,0,0,0,0,0,0,0,0
1,1,170771,7,7,7,7,7,7,7,7,7,7
1,1,170772,0,0,0,0,0,0,0,0,0,0
2,1,170772,0,0,0,0,0,0,0,0,0,0
1,1,170773,0,0,0,0,0,0,0,0,0,0
1,1,170774,16,16,16,16,16,16,16,16,16,16
1,1,170775,22,22,22,22,22,22,22,22,22,22
1,1,170776,0,23,22,0,0,0,0,0,0,17
1,1,170777,3,3,3,3,3,3,3,3,3,3
2,1,170777,0,0,0,0,0,0,0,0,0,0
1,1,170778,0,0,0,0,0,0,0,0,0,0
2,1,170778,1,1,1,1,1,1,1,1,1,1
1,1,170779,0,0,0,0,0,0,0,0,0,0
1,1,170780,1,1,1,1,1,1,1,1,1,1
0,1,170781,0,0,0,0,0,0,0,0,0,0
1,1,170781,0,0,0,0,0,0,0,0,0,0
1,1,170782,15,15,15,15,15,15,15,15,15,15
1,1,170783,0,0,0,0,0,0,0,0,0,0
1,1,170784,0,0,0,0,8,0,0,0,0,0
2,1,170784,0,15,0,0,0,0,0,0,0,0
1,1,170785,0,0,0,0,0,0,0,0,0,0
2,1,170785,0,0,0,0,0,0,0,0,0,0
1,1,170786,0,0,0,0,0,0,0,0,0,0
1,1,170787,18,18,18,18,18,18,18,18,18,18
2,1,170787,0,0,0,0,0,0,0,0,0,0
3,1,170787,0,0,0,0,0,0,0,0,0,0
1,1,170788,0,0,0,0,0,0,0,0,0,0
2,1,170788,0,10,0,0,0,0,0,0,0,0
1,1,170789,33,33,33,33,33,33,33,33,33,33
2,1,170789,0,0,0,0,0,0,0,0,0,0
3,1,170789,0,0,0,0,0,0,0,0,0,0
1,1,170790,17,17,17,17,17,17,17,17,17,17
1,1,170791,0,0,0,0,0,0,0,0,0,0
0,1,170792,0,0,0,0,0,0,0,0,0,0
1,1,170792,0,0,0,0,0,0,0,0,0,0
1,1,170793,0,0,0,0,0,0,0,0,0,0
1,1,170794,2,2,2,2,2,2,2,2,2,2
2,1,170794,0,0,0,0,0,0,0,0,0,0
1,1,170795,0,0,0,0,0,0,0,0,0,0
2,1,170795,0,0,0,0,0,8,0,0,0,0
3,1,170795,0,0,0,0,0,0,0,0,0,0
4,1,170795,0,0,0,0,0,0,0,0,0,0
1,1,170796,0,0,0,0,0,0,0,0,0,0
2,1,170796,0,0,0,0,0,0,0,0,0,0
1,1,170797,18,18,18,18,18,18,18,18,18,18
1,1,170798,0,0,0,0,0,0,0,0,0,0
2,1,170798,9,9,9,9,9,9,9,9,9,9
0,1,170799,19,15,13,0,0,0,9,0,36,20
1,1,170799,0,0,0,0,0,0,0,0,0,0
1,1,170801,0,0,0,0,0,0,0,0,0,0
2,1,170801,0,0,0,0,0,0,0,0,0,0
1,1,170802,17,17,12,13,0,0,0,0,11,9
1,1,170803,0,0,0,0,0,0,0,0,0,0
2,1,170803,0,0,0,0,0,0,0,0,0,0
0,1,170804,8,8,8,8,8,8,8,8,8,8
1,1,170804,6,6,6,6,6,6,6,6,6,6
0,1,170805,4,4,4,4,4,4,4,4,4,4
1,1,170805,0,0,5,0,9,0,0,0,0,0
1,1,170806,10,13,0,0,6,0,0,0,0,11
0,1,170807,0,0,0,0,0,0,0,0,0,0
1,1,170807,0,0,0,0,0,0,0,0,0,0
1,1,170808,0,0,0,0,0,0,0,0,0,0
1,1,170809,17,17,17,17,17,17,17,17,17,17
1,1,170810,22,22,22,22,22,22,22,22,22,22
2,1,170810,14,14,14,14,14,14,14,14,14,14
3,1,170810,0,0,0,11,8,0,0,0,0,0
1,1,170811,23,23,23,23,23,23,23,23,23,23
1,1,170812,0,0,0,0,0,0,0,0,0,0
2,1,170812,0,0,0,0,0,0,0,0,0,0
1,1,170814,20,20,20,20,20,20,20,20,20,20
1,1,170815,0,0,0,0,0,0,0,0,0,0
1,1,170816,0,0,0,0,0,0,0,0,0,0
2,1,170816,0,0,0,0,0,0,0,0,0,0
3,1,170816,0,0,0,0,0,0,0,0,0,0
1,1,170817,0,0,0,0,0,0,0,0,0,0
2,1,170817,0,0,0,0,0,0,0,0,0,0
1,1,170818,23,23,23,23,23,23,23,23,23,23
2,1,170818,0,0,0,0,0,0,0,0,0,0
1,1,170819,0,0,0,0,0,0,0,0,0,0
2,1,170819,0,0,0,0,0,0,0,0,0,0
1,1,170820,25,25,25,25,25,25,25,25,25,25
2,1,170820,1,1,1,1,1,1,1,1,1,1
1,1,170821,0,0,0,0,0,0,0,0,0,0
2,1,170821,0,0,0,0,0,0,0,4,0,0
3,1,170821,0,0,0,0,0,0,0,0,0,0
1,1,170822,7,7,7,7,7,7,7,7,7,7
1,1,170823,0,0,0,0,0,0,0,0,0,0
1,1,170825,21,21,21,21,21,21,21,21,21,21
0,1,170826,0,0,0,0,0,0,0,0,0,0
1,1,170826,0,0,0,0,0,0,0,0,0,0
0,1,170827,0,0,0,0,0,0,0,0,0,0
1,1,170827,0,31,0,0,0,18,0,21,5,0
1,1,170828,0,0,0,0,0,0,0,0,0,0
2,1,170828,0,0,12,0,0,0,0,0,0,0
0,1,170829,0,0,0,0,0,0,0,0,0,0
1,1,170829,0,0,0,0,0,0,0,0,0,0
1,1,170830,0,0,0,0,0,0,0,0,0,0
2,1,170830,0,0,0,0,0,0,0,0,0,0
3,1,170830,0,0,0,0,0,0,0,0,0,0
0,1,170831,0,0,0,0,0,16,0,0,19,0
1,1,170831,0,0,0,0,0,0,0,0,0,0
1,1,170832,0,0,0,0,0,0,0,0,0,0
2,1,170832,0,0,0,0,0,0,0,0,0,0
1,1,170833,0,0,0,0,0,0,0,0,0,0
2,1,170833,0,0,0,0,0,0,0,0,0,0
1,1,170834,10,10,10,10,10,10,10,10,10,10
1,1,170835,13,13,13,13,13,13,13,13,13,13
1,1,170836,0,0,0,0,0,0,0,0,0,0
1,1,170837,0,0,0,0,0,0,0,0,0,0
1,1,170838,16,16,16,16,16,16,16,16,16,16
2,1,170838,0,0,0,0,0,0,0,0,0,0
3,1,170838,11,11,11,11,11,11,11,11,11,11
4,1,170838,0,21,0,0,0,0,0,0,8,28
1,1,170839,26,26,26,26,26,26,26,26,26,26
1,1,170840,0,0,0,0,0,0,0,0,0,0
2,1,170840,0,0,0,0,0,0,0,0,0,0
1,1,170841,20,20,20,20,20,20,20,20,20,20
0,1,170842,30,30,30,30,30,30,30,30,30,30
0,2,170842,0,0,0,0,0,0,0,0,0,0
1,1,170842,8,8,8,8,8,8,8,8,8,8
1,1,170843,0,0,0,0,0,0,0,0,0,0
2,1,170843,0,0,0,0,5,0,0,0,0,0
3,1,170843,0,0,0,0,0,0,0,0,0,0
1,1,170844,0,0,0,0,0,0,0,0,0,0
2,1,170844,0,0,0,0,0,0,0,0,0,0
1,1,170845,0,0,0,0,0,0,0,0,0,0
1,1,170846,10,7,11,8,9,11,5,14,25,22
1,1,170847,0,0,0,0,0,0,0,0,0,0
2,1,170847,0,0,4,0,0,0,0,7,0,0
1,1,170848,11,11,11,11,11,11,11,11,11,11
2,1,170848,0,0,0,0,0,0,0,0,0,0
1,1,170849,11,11,11,11,11,11,11,11,11,11
1,1,170850,0,0,0,0,0,0,0,0,0,0
2,1,170850,0,0,0,0,0,0,0,0,0,0
3,1,170850,0,0,0,0,0,0,0,0,0,0
1,1,170851,0,0,0,0,0,0,0,0,0,0
2,1,170851,0,0,0,0,0,0,0,0,0,0
1,1,170852,0,23,0,0,0,0,0,0,0,0
2,1,170852,0,0,0,18,0,0,10,0,0,0
1,1,170853,0,0,0,0,0,0,0,0,0,0
2,1,170853,0,0,0,0,0,0,0,0,0,0
1,1,170854,0,0,0,0,0,0,0,0,0,0
2,1,170854,0,0,0,0,0,0,0,0,0,0
3,1,170854,0,0,0,0,0,0,0,0,0,0
1,1,170855,0,0,0,0,0,0,0,0,0,0
2,1,170855,1,1,1,1,1,1,1,1,1,1
1,1,170856,0,0,0,0,0,0,0,0,0,0
2,1,170856,0,0,0,0,0,0,0,0,0,0
1,1,170857,0,0,0,8,0,0,0,13,0,0
2,1,170857,0,0,0,0,0,0,0,0,0,0
1,1,170858,14,14,14,14,14,14,14,14,14,14
1,1,170859,0,0,0,0,0,0,0,0,0,0
2,1,170859,0,0,0,0,0,0,0,0,0,0
1,1,170860,0,0,0,0,0,0,0,0,0,0
2,1,170860,0,0,0,0,0,0,0,0,0,0
1,1,170862,0,0,0,0,0,0,0,0,0,0
2,1,170862,0,0,0,0,0,0,0,0,0,0
1,1,170863,19,19,19,19,19,19,19,19,19,19
2,1,170863,0,0,0,0,0,0,0,0,0,0
0,1,170864,1,1,1,1,1,1,1,1,1,1
0,2,170864,0,4,0,0,0,11,0,0,0,0
1,1,170864,11,0,3,21,0,11,6,5,0,4
0,1,170865,0,0,0,0,0,0,0,0,0,0
1,1,170865,11,0,0,4,9,0,21,15,4,0
1,1,170866,0,0,0,0,0,0,0,0,0,0
2,1,170866,0,0,0,0,0,0,0,0,0,0
3,1,170866,0,0,0,0,0,0,0,0,0,0
1,1,170867,0,0,0,0,0,0,0,0,0,0
0,1,170868,28,28,28,28,28,28,28,28,28,28
1,1,170868,0,0,0,0,0,0,0,0,0,0
1,1,170869,16,16,16,16,16,16,16,16,16,16
2,1,170869,0,0,0,0,0,0,0,9,0,0
1,1,170870,6,6,6,6,6,6,6,6,6,6
2,1,170870,0,0,0,0,0,0,0,0,0,0
0,1,170871,0,0,0,0,0,0,0,0,0,0
1,1,170871,0,0,0,0,0,0,0,0,0,0
1,1,170872,11,11,11,11,11,11,11,11,11,11
1,1,170873,3,3,3,3,3,3,3,3,3,3
2,1,170873,0,0,0,0,0,0,0,0,0,0
1,1,170874,0,0,0,0,0,0,0,0,0,0
2,1,170874,0,0,0,0,0,0,0,0,0,0
1,1,170875,5,5,5,5,5,5,5,5,5,5
2,1,170875,0,0,0,0,0,0,0,0,0,0
1,1,170876,0,0,0,0,0,0,0,0,0,0
1,1,170877,0,0,0,0,0,0,0,0,0,0
1,1,170878,16,16,16,16,16,16,16,16,16,16
1,1,170879,15,9,0,12,8,0,0,0,22,7
2,1,170879,0,0,0,0,0,0,0,0,0,0
3,1,170879,0,0,0,0,0,0,0,10,0,0
1,1,170880,32,20,22,25,20,19,14,19,20,30
1,1,170881,22,22,22,22,22,22,22,22,22,22
1,1,170882,0,0,0,0,0,0,0,0,0,0
2,1,170882,0,0,0,0,0,0,0,0,0,0
3,1,170882,0,0,0,0,0,0,0,0,0,0
1,1,170883,0,0,0,0,0,0,0,0,0,0
2,1,170883,0,0,0,0,0,0,0,0,0,0
1,1,170884,0,0,0,0,0,0,0,0,0,0
2,1,170884,0,0,0,0,0,0,0,0,0,0
0,1,170885,0,0,0,0,0,0,0,0,0,0
1,1,170885,0,0,0,0,0,0,0,0,0,0
0,1,170886,11,11,11,11,11,11,11,11,11,11
1,1,170886,14,14,14,14,14,14,14,14,14,14
1,1,170887,0,7,0,0,0,0,0,0,0,0
1,1,170888,6,6,6,6,6,6,6,6,6,6
1,1,170889,0,0,0,0,0,0,0,0,0,0
1,1,170890,0,0,0,0,0,0,0,0,0,0
1,1,170891,0,0,0,0,0,0,0,0,0,0
0,1,170892,0,0,0,0,0,0,0,0,0,0
1,1,170892,0,0,0,0,0,0,0,0,0,0
1,1,170893,0,0,0,0,0,0,0,0,0,0
1,1,170894,24,24,24,24,24,24,24,24,24,24
0,1,170895,0,0,0,0,0,0,0,0,0,0
1,1,170895,0,0,0,0,0,0,0,0,0,0
1,1,170896,14,14,14,14,14,14,14,14,14,14
1,1,170897,12,12,12,12,12,12,12,12,12,12
0,1,170898,0,0,0,0,0,0,0,0,0,0
1,1,170898,5,5,5,5,5,5,5,5,5,5
1,1,170899,10,16,11,0,4,27,10,6,8,8
2,1,170899,0,0,0,0,0,0,0,0,0,7
1,1,170900,0,0,0,0,0,0,0,0,0,0
2,1,170900,0,0,0,0,0,0,0,0,0,0
1,1,170901,0,0,0,0,0,0,0,0,0,0
2,1,170901,10,10,10,10,10,10,10,10,10,10
1,1,170902,26,8,13,35,11,0,24,20,0,21
0,1,170903,0,0,0,0,0,0,0,0,0,0
1,1,170903,0,0,0,0,0,0,0,0,0,0
1,1,170904,16,16,16,16,16,16,16,16,16,16
1,1,170905,7,7,7,7,7,7,7,7,7,7
1,1,170906,7,0,0,0,0,0,15,17,9,20
2,1,170906,16,16,16,16,16,16,16,16,16,16
1,1,170907,17,17,17,17,17,17,17,17,17,17
0,1,170908,0,0,6,0,0,0,0,0,0,0
1,1,170908,3,3,3,3,3,3,3,3,3,3
1,1,170909,0,0,0,0,0,0,0,0,0,0
2,1,170909,0,0,0,0,0,0,0,0,0,0
1,1,170910,13,13,13,13,13,13,13,13,13,13
1,1,170911,0,0,0,0,0,0,0,0,0,0
2,1,170911,0,0,0,0,0,0,0,0,0,0
1,1,170912,0,0,0,0,0,0,0,0,0,0
2,1,170912,0,0,0,15,0,0,0,0,0,0
1,1,170913,0,0,0,0,0,0,0,0,0,0
1,1,170914,0,0,0,0,0,0,0,0,0,0
2,1,170914,0,0,0,0,0,0,0,0,0,0
1,1,170915,0,0,0,0,0,0,0,0,0,0
1,1,170916,18,18,18,18,18,18,18,18,18,18
2,1,170916,2,2,2,2,2,2,2,2,2,2
1,1,170917,0,0,0,0,0,0,0,0,0,0
1,1,170918,2,2,2,2,2,2,2,2,2,2
1,1,170919,0,0,0,0,0,14,0,0,0,0
1,1,170920,0,0,10,0,12,16,0,9,22,20
0,1,170921,12,12,12,12,12,12,12,12,12,12
0,2,170921,32,23,20,23,32,23,21,26,22,6
1,1,170921,7,15,0,0,0,25,21,0,15,1
0,1,170922,0,0,0,0,0,0,0,0,0,0
1,1,170922,0,0,0,0,0,0,0,0,0,0
1,1,170923,0,0,0,0,0,0,0,0,0,0
2,1,170923,0,0,0,0,0,0,0,0,0,0
0,1,170924,0,0,0,0,0,0,0,0,0,0
1,1,170924,0,0,0,0,0,0,0,0,0,0
1,1,170925,0,0,0,0,0,0,0,0,0,0
2,1,170925,0,0,0,0,0,0,0,0,0,0
1,1,170926,0,0,0,0,0,0,0,0,0,0
2,1,170926,0,0,0,0,0,0,0,0,0,0
0,1,170927,26,26,26,26,26,26,26,26,26,26
0,2,170927,20,20,20,20,20,20,20,20,20,20
1,1,170927,0,0,0,0,0,0,0,0,0,0
0,1,170928,0,0,0,0,0,0,7,0,23,0
1,1,170928,0,0,0,0,0,0,0,0,0,0
1,1,170929,0,0,0,0,0,0,0,0,0,0
0,1,170930,16,16,16,16,16,16,16,16,16,16
1,1,170930,0,0,0,0,0,0,0,10,0,0
1,1,170931,0,0,0,0,0,0,0,0,0,0
2,1,170931,0,0,0,0,0,0,0,0,0,0
3,1,170931,0,0,0,0,0,0,0,0,0,0
1,1,170932,17,17,17,17,17,17,17,17,17,17
2,1,170932,0,0,0,0,0,0,0,0,0,0
1,1,170933,0,0,0,0,0,0,0,0,0,0
2,1,170933,0,0,0,0,0,19,0,0,0,0
1,1,170934,14,0,6,0,0,0,0,0,25,5
1,1,170935,0,17,6,0,14,0,13,20,18,0
2,1,170935,0,0,0,0,0,0,0,0,0,0
0,1,170936,0,0,0,0,0,0,0,0,0,0
1,1,170936,0,0,0,0,0,0,0,0,0,0
1,1,170937,11,11,11,11,11,11,11,11,11,11