VEH_NO,PER_NO,ST_CASE,P1,P2,P3,P4,P5,P6,P7,P8,P9,P10
1,1,170938,0,0,0,0,0,0,0,0,0,0
1,1,170939,9,9,9,9,9,9,9,9,9,9
1,1,170940,23,23,23,23,23,23,23,23,23,23
2,1,170940,0,0,0,0,0,0,0,0,0,0
1,1,170941,0,0,0,0,0,0,0,0,0,0
2,1,170941,0,0,0,0,0,0,0,0,0,0
1,1,170942,15,15,15,15,15,15,15,15,15,15
1,1,170943,0,0,0,0,0,0,0,0,0,0
1,1,170944,0,0,0,0,0,0,0,0,0,0
0,1,170945,0,0,0,0,0,0,0,0,0,0
1,1,170945,0,0,0,0,0,0,0,0,0,0
1,1,170946,23,23,23,23,23,23,23,23,23,23
0,1,170947,0,0,0,0,0,0,0,0,0,0
1,1,170947,15,15,15,15,15,15,15,15,15,15
1,1,170948,0,6,0,12,0,0,0,0,0,0
2,1,170948,0,0,0,0,0,0,0,0,0,0
1,1,170949,19,19,19,19,19,19,19,19,19,19
2,1,170949,0,0,0,0,0,0,0,0,0,0
3,1,170949,0,0,0,0,0,0,0,0,0,0
1,1,170950,17,17,17,17,17,17,17,17,17,17
2,1,170950,6,6,6,6,6,6,6,6,6,6
3,1,170950,0,0,0,15,0,0,0,0,0,0
1,1,170951,13,13,13,13,13,13,13,13,13,13
1,1,170952,0,0,0,0,0,0,0,0,0,0
2,1,170952,0,0,0,0,0,0,0,0,0,0
1,1,170953,0,13,2,0,15,0,0,0,0,0
2,1,170953,0,0,0,0,0,0,0,0,0,0
1,1,170954,0,0,0,0,0,0,0,0,0,0
2,1,170954,0,0,0,0,0,0,0,0,0,0
1,1,170955,0,0,0,0,0,0,0,0,0,0
2,1,170955,0,0,0,0,0,0,0,0,0,0
3,1,170955,0,0,0,0,0,0,0,0,0,0
4,1,170955,0,0,0,0,0,0,0,0,0,0
0,1,170956,28,28,28,28,28,28,28,28,28,28
1,1,170956,0,0,0,0,0,0,0,0,0,0
1,1,170957,0,0,0,0,0,0,0,0,0,0
2,1,170957,0,0,0,0,0,0,0,0,0,0
1,1,170958,0,0,0,0,0,0,0,0,0,0
1,1,170959,19,19,19,19,19,19,19,19,19,19
1,1,170960,0,0,0,0,0,0,0,0,0,0
1,1,170961,15,15,15,15,15,15,15,15,15,15
1,1,170962,18,18,18,18,18,18,18,18,18,18
1,1,170963,0,0,0,0,0,0,0,0,0,0
2,1,170963,0,0,0,0,0,0,0,0,0,0
1,1,170964,0,0,0,0,0,0,0,0,0,0
2,1,170964,0,0,0,0,0,0,0,0,0,0
1,1,170965,0,0,0,0,0,0,0,0,0,0
2,1,170965,0,0,0,0,0,0,0,0,0,0
3,1,170965,0,0,0,0,0,0,0,0,0,0
1,1,170966,0,0,0,0,0,0,0,0,0,0
2,1,170966,0,0,0,0,0,0,0,0,0,0
1,1,170967,1,1,1,1,1,1,1,1,1,1
2,1,170967,0,0,0,0,0,0,0,0,0,0
1,1,170968,21,21,21,21,21,21,21,21,21,21
2,1,170968,10,0,0,0,0,0,0,0,0,0
1,1,170969,0,0,0,0,0,0,0,0,0,0
2,1,170969,0,0,0,0,0,0,0,0,0,0
1,1,170970,0,0,0,0,0,0,0,0,0,0
2,1,170970,0,0,0,0,0,0,0,0,0,0
1,1,170971,0,0,0,0,0,0,0,0,0,0
2,1,170971,0,0,0,0,0,0,0,0,0,0
1,1,170972,15,0,0,0,0,0,0,0,0,0
2,1,170972,0,0,0,0,0,0,0,0,0,0
1,1,170973,0,0,0,0,0,0,0,0,0,0
2,1,170973,0,0,0,0,0,0,0,0,0,0
1,1,170974,0,0,0,0,0,0,0,0,0,0
2,1,170974,0,0,0,0,0,0,0,0,9,0
3,1,170974,0,0,0,0,0,0,0,0,0,0
1,1,170975,0,0,0,0,13,0,0,0,0,0
2,1,170975,0,0,0,0,0,0,0,0,0,0
1,1,170976,0,0,0,0,0,0,0,0,0,0
2,1,170976,0,0,0,0,0,0,0,0,0,0
3,1,170976,0,0,0,0,0,0,0,0,0,0
4,1,170976,0,0,0,0,0,0,0,0,0,0
5,1,170976,0,0,0,0,0,0,0,0,0,0
6,1,170976,0,0,0,0,0,0,0,31,0,0
7,1,170976,0,0,0,0,0,0,0,0,0,0
1,1,170977,16,16,16,16,16,16,16,16,16,16
1,1,170978,28,28,28,28,28,28,28,28,28,28
1,1,170979,0,0,0,0,0,0,0,0,0,0
2,1,170979,0,0,0,0,0,0,0,0,0,0
1,1,170980,0,0,0,0,0,0,0,0,0,0
2,1,170980,10,8,7,8,14,20,17,17,12,6
1,1,170981,0,0,0,0,0,0,0,0,8,23
2,1,170981,24,24,24,24,24,24,24,24,24,24
1,1,170982,0,0,0,0,0,0,0,0,0,0
2,1,170982,0,0,0,0,0,0,0,0,0,0
0,1,170983,26,26,26,26,26,26,26,26,26,26
1,1,170983,0,0,0,0,0,0,0,0,0,0
1,1,170984,19,19,19,19,19,19,19,19,19,19
1,1,170985,0,0,0,0,8,0,0,0,0,0
1,1,170986,8,8,8,8,8,8,8,8,8,8
1,1,170987,0,0,0,0,0,0,0,0,0,0
2,1,170987,0,0,0,0,0,0,0,0,0,0
1,1,170988,0,0,0,0,0,0,0,0,0,0
1,1,170989,0,0,0,0,16,0,0,0,14,0
0,1,170990,14,14,14,14,14,14,14,14,14,14
1,1,170990,0,0,0,0,0,0,0,0,0,0
0,1,170991,0,0,0,0,0,0,0,0,0,0
1,1,170991,10,0,0,7,9,6,8,3,0,0
1,1,170992,19,19,19,19,19,19,19,19,19,19
0,1,170993,0,0,0,0,0,0,0,0,0,0
1,1,170993,0,0,0,0,0,0,0,0,0,0
1,1,170994,0,0,0,0,0,0,0,0,0,0
2,1,170994,0,0,0,0,0,0,0,0,0,0
1,1,170995,0,0,0,0,0,0,0,0,0,0
2,1,170995,0,0,0,0,0,0,0,0,0,0
1,1,170996,0,0,0,0,0,0,0,0,0,0
1,1,170998,0,0,0,0,0,0,0,0,0,0
2,1,170998,0,0,0,0,0,0,0,0,0,0
1,1,170999,24,24,24,24,24,24,24,24,24,24
2,1,170999,2,0,0,0,17,12,0,0,0,0
0,1,171000,0,0,0,0,0,0,0,0,0,0
1,1,171000,0,0,0,0,0,0,0,0,0,0
0,1,171001,15,15,15,15,15,15,15,15,15,15
1,1,171001,12,0,9,0,0,0,10,0,23,12
0,1,171002,0,0,0,0,0,0,0,0,0,0
1,1,171002,0,0,0,0,0,0,0,0,0,0
0,1,171003,22,22,22,22,22,22,22,22,22,22
1,1,171003,0,0,0,0,0,0,0,0,0,0
1,1,171004,0,0,0,0,0,0,0,0,0,0
2,1,171004,0,0,0,0,0,0,0,0,0,0
1,1,171005,2,2,2,2,2,2,2,2,2,2
1,1,171006,0,7,33,0,0,0,31,0,11,0
1,1,171007,0,0,0,0,0,0,0,0,0,0
0,1,171008,19,0,0,0,0,9,0,0,0,0
0,2,171008,0,0,0,0,0,0,0,0,0,0
1,1,171008,0,0,0,0,0,0,0,0,0,0
1,1,171009,16,16,16,16,16,16,16,16,16,16
1,1,171010,0,0,0,0,0,22,32,0,0,0
1,1,171011,0,0,0,0,0,0,0,0,0,0
2,1,171011,0,0,0,0,0,0,0,0,0,0
1,1,171012,0,0,0,0,0,0,0,0,0,0
2,1,171012,0,0,0,0,0,0,0,0,0,0
1,1,171013,0,0,0,10,0,14,0,0,0,0
1,1,171014,15,15,15,15,15,15,15,15,15,15
1,1,171015,0,0,0,0,0,0,0,0,0,0
2,1,171015,0,0,0,0,0,0,0,0,0,22
1,1,171016,0,0,0,0,0,0,0,0,0,4
1,1,171017,10,10,10,10,10,10,10,10,10,10
2,1,171017,0,0,0,0,0,0,0,0,0,0
1,1,171018,0,0,0,0,0,0,0,0,0,0
2,1,171018,0,0,0,0,0,0,0,0,0,0
1,1,171019,7,7,7,7,7,7,7,7,7,7
2,1,171019,3,3,3,3,3,3,3,3,3,3
1,1,171020,0,0,0,0,0,0,0,0,0,0
2,1,171020,0,0,0,0,0,0,0,0,0,0
3,1,171020,0,0,0,0,0,0,0,0,0,0
1,1,171021,0,0,0,0,0,0,0,0,0,0
2,1,171021,0,0,0,0,0,0,0,0,0,0
1,1,171022,26,26,26,26,26,26,26,26,26,26
1,1,171023,0,0,0,0,0,0,0,0,0,0
1,1,171024,0,0,0,0,0,0,0,0,0,0
2,1,171024,0,0,0,0,0,0,0,0,0,0
3,1,171024,0,0,0,0,0,0,0,0,0,0
0,1,171025,0,0,0,0,0,6,0,0,0,0
1,1,171025,0,0,0,0,0,0,0,0,0,0
1,1,171026,17,17,17,17,17,17,17,17,17,17
2,1,171026,0,0,0,0,0,0,0,0,0,0
1,1,171027,0,0,0,0,0,0,0,0,0,0
2,1,171027,0,0,0,0,0,0,0,0,0,0
1,1,171028,0,0,0,0,0,0,0,0,0,0
2,1,171028,0,0,0,0,0,0,0,0,0,0
1,1,171029,26,26,26,26,26,26,26,26,26,26
1,1,171030,0,0,0,0,0,0,0,0,0,0
2,1,171030,0,0,0,0,0,0,0,0,0,0
1,1,171031,19,19,19,19,19,19,19,19,19,19
1,1,171032,40,40,40,40,40,40,40,40,40,40
1,1,171033,0,0,0,0,0,0,6,0,0,0
2,1,171033,20,0,14,0,0,0,0,0,0,0
1,1,171034,0,0,0,0,0,0,0,0,0,0
0,1,171035,0,0,0,0,0,0,0,0,0,0
1,1,171035,0,0,0,0,0,0,0,0,0,0
1,1,171036,18,18,18,18,18,18,18,18,18,18
1,1,171037,0,0,0,0,0,0,0,0,0,0
1,1,171038,20,20,20,20,20,20,20,20,20,20
1,1,171039,0,0,0,0,0,0,0,0,0,0
2,1,171039,0,0,0,0,0,0,0,0,0,0
1,1,171040,0,0,0,0,0,0,0,0,0,0
2,1,171040,0,0,0,0,0,0,0,0,0,0
1,1,171041,0,0,0,0,0,0,0,0,0,0
2,1,171041,0,0,0,0,0,0,0,0,0,0
1,1,171042,0,0,0,0,0,0,0,0,0,0
2,1,171042,0,0,0,0,0,0,0,0,0,0
1,1,171043,0,0,0,0,0,0,0,0,0,0
0,1,171044,35,8,14,0,29,0,24,0,0,0
1,1,171044,0,0,0,0,0,0,0,0,0,0
1,1,171045,19,19,19,19,19,19,19,19,19,19
1,1,171046,0,0,0,0,0,0,0,0,0,0
2,1,171046,0,0,0,0,0,0,0,0,0,0
3,1,171046,0,0,0,0,0,0,0,0,0,0
4,1,171046,0,0,0,0,0,0,0,0,0,0
1,1,171047,20,20,20,20,20,20,20,20,20,20
1,1,171048,0,0,0,0,0,0,0,0,0,0
2,1,171048,0,0,0,0,0,0,0,0,0,0
1,1,171049,27,27,27,27,27,27,27,27,27,27
1,1,171050,25,25,25,25,25,25,25,25,25,25
0,1,171051,0,0,0,0,0,0,0,0,0,0
1,1,171051,0,0,0,0,0,0,0,0,0,0
1,1,171052,0,0,0,0,0,0,0,0,0,0
2,1,171052,0,0,0,0,0,0,0,0,0,0
0,1,171053,30,30,30,30,30,30,30,30,30,30
1,1,171053,0,0,0,0,0,0,0,0,0,0
1,1,171054,16,16,16,16,16,16,16,16,16,16
1,1,171055,21,21,21,21,21,21,21,21,21,21
2,1,171055,0,0,0,0,0,0,0,0,0,0
1,1,171056,11,11,11,11,11,11,11,11,11,11
2,1,171056,0,0,0,0,0,0,0,0,0,0
3,1,171056,0,0,0,0,0,0,0,0,0,0
4,1,171056,0,0,0,0,0,0,0,0,0,0
5,1,171056,0,0,0,0,0,0,0,0,0,0
1,1,171057,0,0,0,0,0,0,0,0,0,0
0,1,171058,0,0,0,0,0,0,0,0,0,0
0,2,171058,0,0,0,0,0,0,0,0,0,0
0,3,171058,0,0,0,0,0,0,0,0,0,0
0,4,171058,0,0,0,0,0,0,0,0,0,0
1,1,171058,0,0,0,0,0,0,0,0,0,0
1,1,171059,10,10,10,10,10,10,10,10,10,10
2,1,171059,0,0,0,0,0,12,0,0,0,0
1,1,171060,22,22,22,22,22,22,22,22,22,22
2,1,171060,0,0,0,0,0,0,0,0,0,0
3,1,171060,0,0,0,0,0,0,0,0,0,0
1,1,171061,0,0,0,0,4,0,0,0,0,0
2,1,171061,13,13,13,13,13,13,13,13,13,13
0,1,171062,0,0,0,0,0,0,0,0,0,0
1,1,171062,0,0,4,0,0,0,0,0,0,0
0,1,171063,36,36,36,36,36,36,36,36,36,36
1,1,171063,0,9,0,0,9,0,0,0,0,0
1,1,171064,0,0,0,0,0,0,0,0,0,0
1,1,171065,8,8,8,8,8,8,8,8,8,8
1,1,171066,0,0,0,0,0,0,0,0,0,0
2,1,171066,0,0,0,0,0,11,0,0,0,11
1,1,171067,39,39,39,39,39,39,39,39,39,39
1,1,171068,0,3,0,19,7,0,4,13,16,11
2,1,171068,5,5,5,5,5,5,5,5,5,5
1,1,171069,0,0,0,0,0,0,0,0,0,0
2,1,171069,0,0,0,0,0,0,0,0,0,0
3,1,171069,0,0,0,0,0,0,0,0,0,0
1,1,171070,0,0,0,0,0,0,0,0,0,0
1,1,171071,0,0,0,0,9,4,0,15,42,0
1,1,171072,0,0,0,0,0,0,0,0,0,0
1,1,171073,0,0,0,0,0,0,0,0,0,0
2,1,171073,0,0,0,0,0,16,0,0,0,0
1,1,171074,17,17,17,17,17,17,17,17,17,17
1,1,171075,17,17,17,17,17,17,17,17,17,17
2,1,171075,0,0,0,0,0,0,0,0,0,0
3,1,171075,0,0,0,0,0,0,0,0,0,0
1,1,171076,34,34,34,34,34,34,34,34,34,34
2,1,171076,0,0,0,0,0,0,0,0,0,0
1,1,171077,12,12,12,12,12,12,12,12,12,12
1,1,171078,0,0,0,0,0,0,0,0,0,0
0,1,171079,0,0,0,0,0,0,0,0,0,0
1,1,171079,5,0,4,2,4,4,16,8,8,9
2,1,171079,0,0,0,0,0,0,0,0,0,0
1,1,171080,0,0,0,0,0,0,0,0,0,0
1,1,171081,0,0,0,0,0,0,0,0,0,0
2,1,171081,0,0,0,0,0,0,0,0,0,0
1,1,171082,19,19,19,19,19,19,19,19,19,19
1,1,171083,22,22,22,22,22,22,22,22,22,22
1,1,171084,3,3,3,3,3,3,3,3,3,3
2,1,171084,0,0,0,0,0,0,0,0,0,0
1,1,171085,43,43,43,43,43,43,43,43,43,43
1,1,171086,28,28,28,28,28,28,28,28,28,28
2,1,171086,0,0,0,0,0,0,0,0,0,0
0,1,171087,0,0,0,0,0,0,0,0,0,4
1,1,171087,0,0,0,0,0,0,0,0,0,0
1,1,171088,17,17,17,17,17,17,17,17,17,17
0,1,171089,0,0,0,0,0,0,26,0,0,0
1,1,171089,0,0,0,0,0,0,0,0,0,0
1,1,171090,0,0,10,0,10,0,0,0,0,0
1,1,171091,20,20,20,20,20,20,20,20,20,20
2,1,171091,0,0,0,0,0,0,10,0,0,0
1,1,171092,0,0,0,0,0,0,0,0,0,0
2,1,171092,0,0,0,0,0,0,0,0,0,0
1,1,171093,0,0,0,0,0,0,0,0,0,0
2,1,171093,0,0,0,0,0,0,0,0,0,0
0,1,171094,32,0,0,28,0,20,0,0,20,40
1,1,171094,0,0,0,0,0,0,0,0,0,0
1,1,171095,0,0,0,0,0,0,0,0,0,0
2,1,171095,0,0,0,0,0,0,0,0,0,0
1,1,171096,17,17,17,17,17,17,17,17,17,17
1,1,171097,0,0,0,0,0,0,0,0,0,0
2,1,171097,0,0,0,0,0,0,0,0,0,0
3,1,171097,0,0,0,0,0,0,0,0,0,0
1,1,171098,27,27,27,27,27,27,27,27,27,27
0,1,171099,0,0,0,0,0,0,0,0,0,0
1,1,171099,5,5,5,5,5,5,5,5,5,5
1,1,171100,0,0,0,0,0,0,0,11,0,0
2,1,171100,0,0,0,13,0,8,0,0,0,22
1,1,171102,0,0,0,0,0,0,0,0,0,0
0,1,171103,0,0,0,0,0,0,0,0,0,0
1,1,171103,0,0,0,0,0,0,0,0,0,0
1,1,171104,0,0,0,0,0,0,0,0,0,0
2,1,171104,0,0,0,0,0,0,0,0,0,0
0,1,171105,0,0,0,0,0,0,0,0,0,0
1,1,171105,0,0,0,0,0,0,0,0,0,0
2,1,171105,0,0,0,0,0,0,0,0,0,0
1,1,171106,0,0,0,0,0,0,0,0,0,0
2,1,171106,0,0,0,0,0,0,0,0,0,0
1,1,171107,12,12,12,12,12,12,12,12,12,12
0,1,171108,24,0,0,0,23,16,37,0,19,13
1,1,171108,15,8,18,6,20,11,20,15,12,22
1,1,171109,16,16,16,16,16,16,16,16,16,16
0,1,171110,16,16,16,16,16,16,16,16,16,16
0,2,171110,0,14,21,12,19,21,0,12,16,25
1,1,171110,13,13,13,13,13,13,13,13,13,13
1,1,171111,0,0,0,0,0,0,0,0,0,0
0,1,171112,25,25,25,25,25,25,25,25,25,25
1,1,171112,0,0,0,0,0,0,0,0,0,0
1,1,171113,8,8,8,8,8,8,8,8,8,8
0,1,171114,0,0,0,0,0,0,0,0,0,0
0,2,171114,11,0,0,0,0,0,0,0,0,0
1,1,171114,0,0,0,0,0,0,0,0,0,0
0,1,171115,0,0,0,0,0,0,0,0,0,0
1,1,171115,0,0,0,0,0,0,0,0,0,0
1,1,171116,0,0,0,0,0,0,0,0,0,0
2,1,171116,0,0,0,0,8,0,0,0,0,0
1,1,171117,28,28,28,28,28,28,28,28,28,28
1,1,171118,0,0,0,0,0,0,0,0,0,0
1,1,171119,20,20,20,20,20,20,20,20,20,20
1,1,171120,15,15,15,15,15,15,15,15,15,15
0,1,171121,0,0,0,0,0,0,0,0,0,0
1,1,171121,23,0,0,0,0,0,0,4,0,0
1,1,171122,0,0,0,0,0,0,0,0,0,0
2,1,171122,0,0,0,0,0,0,0,0,0,0
0,1,171123,0,0,0,0,0,0,0,0,0,0
1,1,171123,0,0,0,0,0,0,0,0,0,0
1,1,171124,0,0,0,0,0,0,0,0,0,0
1,1,171125,8,8,8,8,8,8,8,8,8,8
1,1,171126,0,0,0,0,0,0,0,0,0,0
2,1,171126,0,0,0,0,0,0,0,0,0,0
1,1,171127,0,0,0,0,0,0,0,0,0,0
2,1,171127,0,0,0,0,0,0,0,0,0,0
1,1,171128,0,0,0,0,0,0,0,0,0,0
1,1,171129,16,16,16,16,16,16,16,16,16,16
1,1,171130,0,0,0,0,0,0,0,0,0,0
2,1,171130,0,0,0,0,0,0,0,0,0,0
0,1,171131,0,0,0,0,0,0,0,0,0,0
1,1,171131,0,0,0,0,0,0,0,0,0,0
1,1,171132,1,1,1,1,1,1,1,1,1,1
2,1,171132,0,0,0,0,0,0,0,0,0,0
1,1,171133,30,30,30,30,30,30,30,30,30,30
1,1,171134,10,10,10,10,10,10,10,10,10,10
2,1,171134,0,0,0,0,0,0,0,0,0,0
1,1,171135,0,0,0,0,0,0,0,0,0,0
1,1,171136,0,0,0,0,0,0,0,11,0,0
1,1,171137,0,0,0,0,0,0,0,0,0,0
0,1,171138,0,0,0,0,0,0,0,0,0,0
1,1,171138,0,0,13,3,11,0,0,0,0,9
2,1,171138,13,0,0,0,0,0,0,0,0,0
1,1,171139,0,0,0,0,0,0,0,0,0,0
2,1,171139,0,0,0,0,0,0,0,0,0,0
3,1,171139,0,0,0,0,0,0,0,0,0,0
1,1,171140,25,25,25,25,25,25,25,25,25,25
2,1,171140,0,0,0,0,0,0,0,0,0,0
3,1,171140,0,0,19,13,28,0,0,0,16,0
1,1,171141,8,8,8,8,8,8,8,8,8,8
0,1,171142,0,0,0,0,0,0,0,0,0,0
1,1,171142,0,0,0,0,12,0,0,0,0,0
1,1,171143,0,0,0,0,0,0,0,0,0,0
1,1,171144,17,17,17,17,17,17,17,17,17,17
0,1,171145,0,0,0,0,0,0,0,0,0,0
1,1,171145,0,0,0,0,0,0,0,0,0,0
1,1,171146,0,0,0,0,0,0,0,4,0,0
1,1,171147,13,0,0,21,34,0,0,0,0,20
1,1,171148,0,0,0,0,0,0,0,0,0,0
2,1,171148,0,0,0,0,0,0,0,0,0,0
3,1,171148,0,0,0,0,0,0,0,0,0,0
1,1,180001,24,24,24,24,24,24,24,24,24,24
1,1,180002,0,0,0,0,0,0,0,0,0,0
1,1,180003,9,14,5,18,23,19,8,14,10,15
2,1,180003,25,25,25,25,25,25,25,25,25,25
1,1,180004,0,0,0,0,0,0,0,0,0,0
2,1,180004,0,0,0,0,0,0,0,0,8,0
1,1,180005,17,0,0,0,0,0,0,0,0,0
1,1,180006,0,0,0,0,0,0,0,0,0,0
2,1,180006,0,0,0,0,0,0,0,0,0,0
1,1,180007,0,0,0,0,0,5,0,0,22,0
2,1,180007,0,0,0,0,0,0,0,0,0,0
1,1,180008,0,0,0,0,0,0,0,0,0,0
2,1,180008,0,0,0,0,0,0,0,0,0,0
1,1,180009,0,0,0,0,0,0,0,0,0,0
1,1,180010,0,0,0,0,29,0,0,0,0,0
1,1,180011,20,20,20,20,20,20,20,20,20,20
1,1,180012,12,12,12,12,12,12,12,12,12,12
1,1,180013,21,21,21,21,21,21,21,21,21,21
1,1,180014,0,0,0,0,0,0,0,0,0,0
2,1,180014,0,0,0,0,0,0,16,0,0,0
3,1,180014,0,0,0,0,0,0,0,0,0,0
1,1,180015,0,0,0,0,0,15,0,32,0,0
2,1,180015,0,0,0,0,0,0,0,0,0,0
1,1,180016,0,0,0,0,0,0,0,0,0,0
2,1,180016,0,0,0,0,0,0,0,0,0,0
1,1,180018,0,0,0,0,0,0,0,0,0,0
2,1,180018,0,0,0,0,0,0,0,0,0,0
1,1,180019,0,0,0,0,0,0,0,0,0,0
1,1,180020,15,0,0,0,0,6,0,0,5,0
1,1,180021,0,0,0,0,0,0,0,0,0,0
2,1,180021,0,0,0,0,0,0,0,0,0,0
3,1,180021,0,0,0,0,0,0,0,0,0,0
1,1,180022,23,23,23,23,23,23,23,23,23,23
1,1,180023,0,0,0,0,0,0,0,0,0,0
1,1,180024,0,0,0,0,0,0,0,0,0,0
2,1,180024,0,0,0,0,0,0,0,0,0,0
1,1,180025,0,0,0,0,0,0,0,0,0,0
2,1,180025,0,0,0,0,0,0,0,0,0,0
1,1,180026,0,0,0,19,0,0,0,0,21,12
1,1,180027,15,15,15,15,15,15,15,15,15,15
1,1,180028,6,0,0,0,0,0,0,0,0,0
1,1,180029,0,0,0,0,0,0,0,0,0,0
2,1,180029,0,0,0,0,7,0,0,0,0,0
0,1,180030,17,17,17,17,17,17,17,17,17,17
1,1,180030,2,2,2,2,2,2,2,2,2,2
1,1,180031,37,37,37,37,37,37,37,37,37,37
1,1,180032,0,0,0,0,0,0,0,0,0,0
2,1,180032,0,0,0,0,0,0,0,0,0,0
3,1,180032,0,0,0,0,0,0,0,0,0,0
1,1,180033,24,24,24,24,24,24,24,24,24,24
1,1,180034,4,4,4,4,4,4,4,4,4,4
2,1,180034,0,0,0,0,0,0,0,0,0,0
0,1,180035,0,0,0,0,0,0,0,0,0,0
1,1,180035,0,0,0,0,0,0,0,0,0,0
1,1,180036,0,0,0,0,0,0,0,0,0,0
1,1,180037,0,0,0,0,0,0,26,0,20,0
1,1,180038,13,13,13,13,13,13,13,13,13,13
1,1,180040,0,0,0,0,0,0,0,0,0,0
2,1,180040,0,0,0,0,0,0,0,13,0,0
1,1,180041,0,0,0,0,0,0,0,0,0,0
1,1,180042,0,0,0,0,0,0,0,0,0,0
2,1,180042,0,0,0,0,0,0,0,0,0,0
1,1,180043,0,0,0,0,0,0,0,0,0,0
1,1,180044,0,0,0,0,0,0,0,0,0,0
2,1,180044,0,0,0,0,0,0,0,0,0,0
1,1,180045,0,0,0,0,0,0,0,0,0,0
1,1,180046,0,0,0,0,0,0,0,0,0,0
2,1,180046,0,0,0,0,0,0,0,0,0,17
0,1,180047,0,0,0,0,0,0,0,0,0,0
1,1,180047,0,0,0,0,0,0,0,0,0,0
1,1,180048,0,0,0,0,0,0,0,0,0,0
2,1,180048,0,0,0,0,0,0,0,0,0,0
3,1,180048,0,0,0,0,0,0,0,0,0,0
4,1,180048,0,0,0,0,0,0,0,0,0,0
1,1,180049,0,0,0,0,0,0,0,0,0,0
2,1,180049,0,0,0,0,0,0,0,0,0,0
1,1,180050,22,22,22,22,22,22,22,22,22,22
1,1,180051,10,9,0,0,0,0,0,11,0,0
1,1,180052,0,9,0,7,0,0,10,0,28,11
1,1,180053,0,0,0,0,0,0,0,0,0,0
1,1,180054,0,0,0,0,0,0,0,0,0,0
2,1,180054,0,0,0,0,0,0,0,0,0,0
3,1,180054,0,0,0,0,0,0,0,0,0,0
1,1,180055,0,0,0,0,0,0,0,0,0,0
1,1,180056,0,0,0,0,0,0,0,0,0,0
1,1,180057,16,16,16,16,16,16,16,16,16,16
1,1,180058,0,0,0,0,0,0,0,0,0,0
2,1,180058,0,0,0,0,0,0,0,0,0,0
1,1,180059,0,0,0,0,0,0,0,0,0,0
2,1,180059,0,0,0,0,0,0,0,0,0,0
1,1,180060,0,0,0,0,0,0,0,0,0,0
2,1,180060,0,0,0,0,0,0,0,0,0,0
1,1,180061,0,0,0,0,0,0,0,0,0,0
2,1,180061,0,0,0,0,0,0,0,0,0,0
1,1,180062,0,27,0,0,0,0,17,0,20,9
1,1,180063,0,0,0,0,0,0,0,0,0,0
1,1,180064,19,19,19,19,19,19,19,19,19,19
1,1,180066,16,16,16,16,16,16,16,16,16,16
1,1,180067,0,0,0,0,0,0,0,0,0,0
1,1,180068,0,0,0,0,0,0,0,0,0,0
2,1,180068,0,0,0,0,0,0,0,0,0,0
0,1,180069,0,16,0,0,0,0,0,0,0,0
1,1,180069,0,0,0,0,0,0,0,0,0,0
1,1,180070,0,2,0,0,0,0,0,0,0,0
2,1,180070,0,0,0,0,0,0,0,0,0,0
1,1,180071,0,0,0,0,3,0,0,0,0,0
2,1,180071,0,0,0,0,0,0,0,0,0,0
0,1,180072,0,0,0,0,0,0,0,0,0,0
1,1,180072,0,0,0,0,0,0,0,0,0,0
1,1,180073,23,0,13,0,3,8,0,0,0,7
1,1,180074,9,9,9,9,9,9,9,9,9,9
1,1,180075,0,0,0,0,0,0,0,0,0,0
1,1,180076,0,0,0,0,0,0,0,0,0,0
2,1,180076,0,0,0,0,0,0,0,0,0,0
1,1,180077,0,0,0,0,0,0,0,0,0,0
2,1,180077,0,0,0,0,0,0,0,0,0,0
1,1,180078,0,0,0,0,0,0,0,0,0,0
2,1,180078,0,0,0,0,0,0,0,0,0,0
3,1,180078,0,0,0,0,0,0,0,0,0,0
4,1,180078,0,0,0,0,0,0,0,0,0,0
1,1,180079,25,25,25,25,25,25,25,25,25,25
1,1,180080,0,0,0,0,0,0,0,0,0,0
2,1,180080,0,0,0,0,0,0,0,0,0,0
1,1,180081,16,16,16,16,16,16,16,16,16,16
1,1,180082,17,17,17,17,17,17,17,17,17,17
1,1,180083,0,6,0,0,0,0,0,0,0,0
2,1,180083,0,0,0,0,0,0,0,0,0,0
0,1,180084,0,0,7,0,0,27,15,0,0,14
1,1,180084,17,17,17,17,17,17,17,17,17,17
1,1,180085,0,0,0,0,0,0,0,0,0,0
1,1,180086,0,0,0,0,0,0,0,0,0,0
2,1,180086,0,0,0,0,0,0,0,0,0,0
1,1,180087,0,0,0,0,0,0,0,0,0,0
1,1,180088,26,26,26,26,26,26,26,26,26,26
1,1,180089,0,0,0,0,0,0,0,0,0,0
2,1,180089,0,0,0,0,0,0,0,0,0,0
1,1,180090,0,0,0,0,0,0,0,0,0,0
2,1,180090,0,0,0,0,0,0,0,0,0,0
1,1,180091,0,0,0,0,0,0,0,0,0,0
2,1,180091,0,0,0,0,0,0,0,0,0,0
1,1,180092,0,0,0,0,0,0,0,0,0,0
1,1,180093,18,18,18,18,18,18,18,18,18,18
0,1,180095,0,0,0,0,0,0,0,0,0,0
1,1,180095,0,0,0,0,0,0,0,0,0,0
2,1,180095,0,0,0,0,0,0,0,0,0,0
1,1,180096,8,0,24,0,13,0,0,0,0,10
1,1,180097,0,0,0,0,0,0,0,0,0,0