VEH_NO,PER_NO,ST_CASE,P1,P2,P3,P4,P5,P6,P7,P8,P9,P10
2,1,180097,0,0,0,0,0,0,0,0,0,0
3,1,180097,0,0,0,0,0,0,0,0,0,0
1,1,180098,35,35,35,35,35,35,35,35,35,35
2,1,180098,0,0,0,0,0,0,0,0,0,0
0,1,180099,0,0,0,0,0,0,0,0,0,0
1,1,180099,0,3,10,0,0,0,0,0,0,0
1,1,180100,19,19,19,19,19,19,19,19,19,19
1,1,180101,0,0,0,0,0,0,0,0,0,0
2,1,180101,0,0,0,0,0,0,0,0,0,0
1,1,180102,0,0,0,0,0,17,0,0,18,0
1,1,180103,13,13,13,13,13,13,13,13,13,13
1,1,180104,18,18,18,18,18,18,18,18,18,18
1,1,180105,0,0,0,0,0,0,0,0,0,0
2,1,180105,0,0,0,0,0,0,0,0,0,0
1,1,180106,0,0,0,0,0,0,0,0,0,0
1,1,180107,0,0,0,18,0,0,0,0,0,0
2,1,180107,0,0,0,0,0,0,0,0,0,0
0,1,180109,15,15,15,15,15,15,15,15,15,15
1,1,180109,0,0,9,5,4,0,23,0,0,0
1,1,180110,18,18,18,18,18,18,18,18,18,18
1,1,180112,10,10,10,10,10,10,10,10,10,10
1,1,180113,24,24,24,24,24,24,24,24,24,24
1,1,180114,0,0,0,0,0,0,0,0,0,0
0,1,180115,0,0,0,0,0,0,0,0,0,0
1,1,180115,0,0,0,0,0,0,0,0,0,0
1,1,180116,36,36,36,36,36,36,36,36,36,36
2,1,180116,0,0,0,0,0,0,21,9,0,0
1,1,180117,0,0,0,0,0,0,0,0,0,0
2,1,180117,0,0,0,0,0,0,0,0,0,0
1,1,180118,0,0,0,0,0,0,0,0,0,0
2,1,180118,0,0,0,0,0,0,0,0,0,0
0,1,180119,0,0,0,0,0,0,0,0,0,0
1,1,180119,0,0,0,0,0,0,0,0,0,0
0,1,180120,0,0,6,19,0,0,0,0,0,0
1,1,180120,21,21,21,21,21,21,21,21,21,21
1,1,180121,0,0,0,0,0,8,0,0,0,0
2,1,180121,0,0,0,0,0,0,0,0,0,0
1,1,180122,0,0,0,0,0,0,0,0,0,0
1,1,180123,24,24,24,24,24,24,24,24,24,24
2,1,180123,0,0,0,0,0,0,0,0,0,0
1,1,180124,0,0,0,0,0,0,0,0,0,0
1,1,180125,0,0,0,0,0,0,0,0,0,0
1,1,180129,0,0,0,0,0,0,0,0,0,0
1,1,180130,0,0,0,0,0,0,0,0,0,0
1,1,180131,18,18,18,18,18,18,18,18,18,18
2,1,180131,0,0,0,0,0,0,0,0,0,0
3,1,180131,0,0,0,0,0,0,0,0,0,0
1,1,180132,0,0,0,0,0,0,0,0,0,0
2,1,180132,0,0,0,0,0,0,0,0,0,0
3,1,180132,0,0,0,0,0,0,0,0,0,0
1,1,180133,0,7,0,0,0,0,0,0,0,0
2,1,180133,0,0,0,0,0,0,0,0,0,0
1,1,180134,0,0,0,0,0,0,0,0,0,0
1,1,180135,15,15,15,15,15,15,15,15,15,15
1,1,180136,37,37,37,37,37,37,37,37,37,37
1,1,180137,0,0,0,0,0,0,0,0,0,0
2,1,180137,0,0,0,0,0,0,0,0,0,0
1,1,180139,0,0,0,0,0,0,0,0,0,0
2,1,180139,0,0,0,0,0,0,0,0,0,0
3,1,180139,0,0,0,0,0,0,0,0,0,0
4,1,180139,0,0,0,0,0,0,0,0,0,0
1,1,180140,0,0,0,0,0,0,0,0,0,0
2,1,180140,0,0,0,0,0,0,0,0,0,0
1,1,180141,28,28,28,28,28,28,28,28,28,28
1,1,180142,0,0,0,0,0,0,0,0,0,0
1,1,180143,0,0,0,0,0,0,0,0,0,0
2,1,180143,0,0,0,0,0,0,0,0,0,0
1,1,180144,31,31,31,31,31,31,31,31,31,31
2,1,180144,0,0,0,0,0,0,0,0,0,0
3,1,180144,0,0,0,0,0,0,0,0,0,0
1,1,180145,0,3,0,0,0,0,0,0,5,0
1,1,180146,0,22,7,0,0,0,0,0,8,0
1,1,180147,0,0,0,0,0,0,0,0,0,0
2,1,180147,0,0,0,0,0,0,0,0,0,0
3,1,180147,0,0,0,0,0,0,0,0,0,0
1,1,180148,0,0,0,0,0,0,0,0,0,0
2,1,180148,0,0,0,0,0,0,0,0,0,0
1,1,180149,0,0,0,0,0,0,0,0,0,0
2,1,180149,0,0,0,0,0,0,0,0,0,0
1,1,180150,0,0,0,0,0,0,0,0,0,0
0,1,180151,9,9,9,9,9,9,9,9,9,9
0,2,180151,19,19,19,19,19,19,19,19,19,19
0,3,180151,0,6,0,0,0,0,0,0,0,0
0,4,180151,0,0,0,0,0,0,0,28,0,0
1,1,180151,4,0,17,4,0,0,0,0,0,0
1,1,180152,18,18,18,18,18,18,18,18,18,18
1,1,180153,0,0,0,0,0,0,0,0,0,0
2,1,180153,25,25,25,25,25,25,25,25,25,25
1,1,180155,0,0,0,0,0,0,0,0,0,0
2,1,180155,0,0,0,0,0,0,0,0,0,0
1,1,180156,0,0,0,0,0,0,0,0,0,0
2,1,180156,0,0,0,0,0,0,0,0,0,0
3,1,180156,0,0,0,0,0,0,0,0,0,0
1,1,180157,2,2,2,2,2,2,2,2,2,2
1,1,180158,20,20,20,20,20,20,20,20,20,20
1,1,180159,0,0,0,0,31,0,0,20,8,12
1,1,180160,18,18,18,18,18,18,18,18,18,18
1,1,180161,15,15,15,15,15,15,15,15,15,15
1,1,180162,0,0,0,10,0,0,0,0,0,0
2,1,180162,0,0,0,0,0,7,0,0,0,0
0,1,180163,0,0,0,0,0,0,0,0,0,0
1,1,180163,0,0,0,0,0,0,0,0,0,0
1,1,180164,0,0,0,0,0,0,0,0,0,0
1,1,180165,0,0,0,0,0,0,0,0,0,0
2,1,180165,0,0,0,0,0,0,0,0,0,0
0,1,180166,0,0,0,0,0,0,0,0,0,0
1,1,180166,0,0,0,0,0,0,0,0,0,0
1,1,180167,0,0,0,0,0,0,0,0,0,0
1,1,180168,18,18,18,18,18,18,18,18,18,18
2,1,180168,0,0,0,0,0,0,0,0,0,0
1,1,180170,7,7,7,7,7,7,7,7,7,7
1,1,180171,8,0,0,0,0,0,0,5,0,0
1,1,180172,0,0,0,0,0,0,0,0,0,0
2,1,180172,0,0,0,0,0,0,0,0,0,0
1,1,180173,0,0,0,0,0,0,0,0,0,27
1,1,180174,24,24,24,24,24,24,24,24,24,24
1,1,180175,0,11,25,24,0,14,9,18,0,17
1,1,180176,20,16,10,26,25,0,12,5,32,18
1,1,180177,26,26,26,26,26,26,26,26,26,26
1,1,180178,0,0,0,0,0,0,0,0,0,0
2,1,180178,0,0,0,0,0,0,0,0,0,0
1,1,180179,0,0,0,0,0,0,0,0,0,0
1,1,180180,16,16,16,16,16,16,16,16,16,16
1,1,180181,6,6,6,6,6,6,6,6,6,6
1,1,180182,0,0,0,0,0,0,0,0,0,0
2,1,180182,0,0,0,0,0,0,0,0,0,0
1,1,180183,10,10,10,10,10,10,10,10,10,10
2,1,180183,0,0,0,0,0,0,0,0,0,0
1,1,180184,0,0,0,0,0,0,0,0,0,0
1,1,180185,0,0,0,0,0,0,0,0,0,0
1,1,180186,0,0,0,0,0,0,0,0,0,0
1,1,180187,24,24,24,24,24,24,24,24,24,24
1,1,180188,0,0,0,0,0,0,0,0,0,0
1,1,180189,22,22,22,22,22,22,22,22,22,22
1,1,180190,26,0,0,11,0,0,5,17,10,0
1,1,180191,0,0,0,0,0,0,0,0,0,0
2,1,180191,0,0,0,0,0,0,0,0,0,0
1,1,180192,19,19,19,19,19,19,19,19,19,19
2,1,180192,0,0,0,0,0,0,0,0,0,0
1,1,180193,0,0,0,0,0,0,0,0,0,0
1,1,180194,29,29,29,29,29,29,29,29,29,29
1,1,180195,0,0,0,0,0,0,0,0,0,0
2,1,180195,0,0,0,0,0,0,0,0,0,0
1,1,180196,9,9,9,9,9,9,9,9,9,9
1,1,180197,26,26,26,26,26,26,26,26,26,26
1,1,180198,0,0,0,0,0,0,0,0,0,0
2,1,180198,0,0,0,0,0,0,0,0,0,0
1,1,180199,0,0,19,0,0,0,0,0,0,0
1,1,180200,19,19,19,19,19,19,19,19,19,19
1,1,180201,6,6,6,6,6,6,6,6,6,6
1,1,180202,0,0,0,0,0,0,0,0,0,0
2,1,180202,0,0,0,0,0,0,0,0,0,0
3,1,180202,0,0,0,0,0,0,0,0,0,0
1,1,180203,14,14,14,14,14,14,14,14,14,14
1,1,180204,0,0,0,0,0,0,0,0,0,0
2,1,180204,0,0,0,0,0,0,0,0,0,0
0,1,180205,0,0,0,0,0,0,0,0,0,0
0,2,180205,0,0,0,0,31,0,0,0,30,0
1,1,180205,0,0,0,0,0,0,0,0,0,0
1,1,180206,0,0,0,0,0,0,0,0,0,0
2,1,180206,0,0,0,0,0,0,0,0,0,0
1,1,180207,0,0,0,0,0,0,0,0,0,0
1,1,180208,0,0,0,0,7,0,0,0,0,0
2,1,180208,0,0,0,0,0,0,0,0,0,0
1,1,180209,0,0,0,0,0,0,0,0,0,0
2,1,180209,0,0,0,0,0,0,0,0,0,0
1,1,180210,0,0,0,0,0,0,0,0,0,0
2,1,180210,0,0,0,0,0,0,0,0,0,0
1,1,180211,0,13,18,20,18,0,0,0,0,21
1,1,180212,0,0,0,0,0,0,0,0,0,0
1,1,180213,0,0,0,0,0,0,0,0,0,0
2,1,180213,0,0,0,0,0,0,0,0,0,0
1,1,180214,0,0,0,0,0,0,0,0,0,0
2,1,180214,0,0,0,0,0,0,0,0,0,0
3,1,180214,0,0,0,0,0,0,0,0,0,0
1,1,180215,0,0,0,0,0,0,0,0,0,0
2,1,180215,0,0,0,0,0,0,0,0,0,0
1,1,180216,0,0,0,0,0,0,0,0,0,0
0,1,180217,0,0,0,0,0,0,0,0,0,0
1,1,180217,0,0,0,0,0,0,0,0,0,0
1,1,180218,0,0,0,0,0,0,0,0,0,0
1,1,180219,9,9,9,9,9,9,9,9,9,9
1,1,180220,0,0,0,0,7,0,0,0,0,0
2,1,180220,0,0,0,0,0,0,0,0,0,0
1,1,180221,0,0,0,0,0,0,0,0,0,0
2,1,180221,0,0,0,0,0,0,0,0,0,0
1,1,180222,16,16,16,16,16,16,16,16,16,16
1,1,180223,22,22,22,22,22,22,22,22,22,22
1,1,180224,0,0,0,0,0,0,0,0,0,0
2,1,180224,0,0,0,0,0,0,0,0,0,0
1,1,180225,16,16,16,16,16,16,16,16,16,16
2,1,180225,0,0,0,0,0,0,0,0,0,0
1,1,180226,0,0,0,0,0,0,0,0,0,0
2,1,180226,0,0,0,0,0,0,0,0,0,0
1,1,180227,0,0,0,0,0,0,0,0,0,0
2,1,180227,0,0,0,0,0,0,0,0,0,0
3,1,180227,0,0,0,0,0,0,0,0,0,0
4,1,180227,0,0,0,0,0,0,0,0,0,0
5,1,180227,0,0,0,0,0,0,0,0,0,0
6,1,180227,0,0,0,0,0,0,0,0,0,0
7,1,180227,0,0,0,0,0,0,0,0,0,0
1,1,180228,0,0,0,0,0,0,0,0,0,0
2,1,180228,0,0,0,0,0,0,0,0,0,0
1,1,180229,0,0,0,0,0,0,0,0,0,0
2,1,180229,0,0,0,0,0,0,0,0,0,0
3,1,180229,0,0,0,0,0,0,0,0,0,0
1,1,180230,10,10,10,10,10,10,10,10,10,10
1,1,180231,2,2,2,2,2,2,2,2,2,2
1,1,180232,0,0,0,0,0,0,0,0,0,0
1,1,180233,0,0,0,0,0,0,0,0,0,0
2,1,180233,0,0,0,0,0,0,0,0,0,0
1,1,180234,0,0,0,0,0,0,0,10,0,20
1,1,180235,3,3,3,3,3,3,3,3,3,3
1,1,180236,0,0,0,0,0,0,0,0,0,0
2,1,180236,0,0,0,0,0,0,0,0,0,0
1,1,180237,21,21,21,21,21,21,21,21,21,21
2,1,180237,0,0,0,0,0,0,0,0,0,0
1,1,180238,0,0,0,0,0,0,0,0,0,0
2,1,180238,0,0,0,0,0,0,0,0,0,0
1,1,180239,0,0,0,0,0,0,0,0,0,0
1,1,180240,0,0,0,0,0,0,0,0,0,0
2,1,180240,0,0,0,0,0,0,0,0,0,0
1,1,180241,0,0,0,0,0,0,0,0,0,0
2,1,180241,0,0,0,0,0,0,0,0,0,0
1,1,180242,30,30,30,30,30,30,30,30,30,30
2,1,180242,0,0,0,0,0,0,0,0,0,0
1,1,180243,0,0,0,0,0,0,0,0,0,0
2,1,180243,0,0,0,0,0,0,0,14,0,0
3,1,180243,0,0,0,0,0,0,0,0,0,0
4,1,180243,0,0,0,0,0,0,0,0,0,0
1,1,180244,0,0,0,4,0,0,0,0,19,0
2,1,180244,0,0,0,0,0,0,0,0,0,0
1,1,180245,0,0,0,0,0,0,0,0,0,0
1,1,180246,0,0,0,0,9,0,0,0,0,0
2,1,180246,0,0,0,0,0,0,0,0,0,0
1,1,180247,19,19,19,19,19,19,19,19,19,19
2,1,180248,13,13,13,13,13,13,13,13,13,13
1,1,180249,0,17,0,0,0,0,0,0,0,0
1,1,180250,2,2,2,2,2,2,2,2,2,2
2,1,180250,0,0,0,0,0,0,0,0,0,0
0,1,180251,0,0,0,0,0,0,0,0,0,0
1,1,180251,0,0,0,0,0,0,0,0,0,0
1,1,180252,0,0,0,0,0,0,24,0,0,0
2,1,180252,0,0,0,0,0,0,0,0,0,0
1,1,180253,35,21,13,19,27,20,22,20,28,10
2,1,180253,0,0,0,0,0,0,0,0,0,0
1,1,180254,0,0,0,0,0,0,0,0,0,0
2,1,180254,0,0,0,0,0,0,0,0,0,0
1,1,180255,0,0,0,0,0,0,0,0,0,0
2,1,180255,0,0,0,0,0,0,0,0,0,0
1,1,180256,0,0,0,0,0,0,0,0,0,0
1,1,180257,0,0,0,0,5,0,0,0,0,0
2,1,180257,0,0,0,0,0,0,0,0,0,0
1,1,180258,0,0,0,0,0,0,0,0,0,0
1,1,180259,0,0,0,0,0,0,0,0,0,0
2,1,180259,0,0,0,0,0,0,0,0,0,0
1,1,180260,0,0,0,0,0,0,0,0,0,0
1,1,180261,0,0,0,0,0,0,0,0,0,0
1,1,180262,24,24,24,24,24,24,24,24,24,24
1,1,180263,4,4,4,4,4,4,4,4,4,4
1,1,180264,0,0,0,0,0,0,0,0,0,0
2,1,180264,0,0,0,0,0,0,0,0,0,0
1,1,180265,0,0,0,0,0,0,0,0,0,0
2,1,180265,12,0,0,0,0,0,10,0,25,5
1,1,180266,0,0,0,0,0,0,0,0,0,0
2,1,180266,11,11,11,11,11,11,11,11,11,11
1,1,180267,0,0,0,0,0,0,0,0,0,0
0,1,180268,0,0,0,0,0,0,0,0,0,0
1,1,180268,0,0,0,0,0,0,0,0,0,0
1,1,180269,29,29,29,29,29,29,29,29,29,29
1,1,180270,0,25,0,0,0,0,12,0,0,0
1,1,180271,0,0,0,0,0,0,0,0,0,0
1,1,180272,0,0,0,0,0,0,0,0,0,0
2,1,180272,0,0,0,0,0,0,0,0,0,0
1,1,180273,0,0,0,0,0,0,0,0,0,0
2,1,180273,0,0,0,0,0,0,0,0,0,0
1,1,180274,0,0,0,0,0,0,0,0,0,0
2,1,180274,0,0,0,0,0,0,0,0,0,0
1,1,180275,0,0,13,0,0,0,0,0,0,11
1,1,180276,0,0,0,0,0,0,0,0,0,0
2,1,180276,0,0,0,0,0,0,0,0,0,0
3,1,180276,0,0,0,0,0,0,0,0,0,0
1,1,180277,0,0,0,0,0,0,0,0,0,0
1,1,180278,0,0,0,0,0,0,0,0,0,0
1,1,180279,0,0,0,0,0,0,0,0,0,0
2,1,180279,0,0,0,0,0,0,0,0,0,0
1,1,180280,29,18,0,0,21,6,0,21,0,0
2,1,180280,0,0,0,0,0,0,0,0,0,0
1,1,180281,0,0,0,0,0,0,0,0,0,0
2,1,180281,31,31,31,31,31,31,31,31,31,31
1,1,180282,0,0,0,0,0,0,0,0,0,0
2,1,180282,0,0,0,0,0,0,0,0,0,0
1,1,180283,14,14,14,14,14,14,14,14,14,14
1,1,180284,0,0,0,13,0,0,0,0,0,0
1,1,180285,0,0,0,0,0,0,0,0,0,0
1,1,180286,0,0,0,0,0,0,0,0,0,0
1,1,180287,15,15,15,15,15,15,15,15,15,15
1,1,180288,0,0,0,0,0,0,0,0,0,0
1,1,180289,22,22,22,22,22,22,22,22,22,22
1,1,180290,0,0,0,0,0,0,0,0,0,0
2,1,180290,0,0,0,0,0,0,0,0,0,0
1,1,180291,0,0,0,0,0,0,0,0,0,0
2,1,180291,0,0,0,0,0,0,0,0,0,0
1,1,180292,0,0,0,0,0,0,0,0,0,0
2,1,180292,0,0,0,0,0,0,0,0,0,0
1,1,180293,0,0,0,0,0,0,0,0,0,0
2,1,180293,0,0,0,0,0,0,0,0,0,0
1,1,180294,17,17,17,17,17,17,17,17,17,17
1,1,180295,0,0,0,0,0,0,0,0,0,0
2,1,180295,0,0,0,0,0,0,0,0,0,0
1,1,180296,9,9,9,9,9,9,9,9,9,9
1,1,180297,22,22,22,22,22,22,22,22,22,22
0,1,180298,20,0,0,0,0,0,0,0,0,4
1,1,180298,0,0,0,0,0,0,0,0,0,0
1,1,180299,0,0,0,0,0,0,0,0,0,0
2,1,180299,0,0,0,0,0,0,0,0,0,0
1,1,180300,0,0,0,0,0,0,0,0,11,0
1,1,180301,3,3,3,3,3,3,3,3,3,3
2,1,180301,0,0,0,0,0,0,0,0,0,0
1,1,180302,0,0,0,0,0,0,0,0,0,0
1,1,180303,31,31,31,31,31,31,31,31,31,31
2,1,180303,0,0,0,0,0,0,0,0,0,0
1,1,180304,0,0,0,0,0,0,0,0,0,0
2,1,180304,0,0,0,0,0,0,0,0,0,0
1,1,180305,31,31,31,31,31,31,31,31,31,31
1,1,180306,19,19,19,19,19,19,19,19,19,19
1,1,180308,0,0,0,0,0,0,0,0,0,0
1,1,180309,0,0,0,0,0,0,0,0,0,0
1,1,180310,0,0,0,9,0,0,0,0,0,0
1,1,180311,19,19,19,19,19,19,19,19,19,19
0,1,180312,0,0,0,0,0,0,0,0,0,0
0,2,180312,0,0,0,0,0,0,0,0,0,0
0,3,180312,0,0,0,0,0,0,0,0,0,0
1,1,180312,0,0,0,0,0,0,0,0,0,0
1,1,180313,0,0,0,0,0,0,0,0,0,0
2,1,180313,0,0,0,0,0,0,0,0,0,0
1,1,180314,3,3,3,3,3,3,3,3,3,3
1,1,180315,0,0,0,0,0,0,0,0,0,0
1,1,180316,0,0,0,0,0,0,0,0,0,0
2,1,180316,0,0,0,0,0,0,0,0,0,0
1,1,180317,0,0,0,0,0,0,0,0,0,0
1,1,180318,12,12,12,12,12,12,12,12,12,12
1,1,180319,0,0,0,0,0,0,0,0,0,0
1,1,180320,0,0,0,0,0,0,0,0,0,0
2,1,180320,0,0,0,0,0,0,0,0,0,0
1,1,180321,0,0,0,0,0,0,0,0,0,0
2,1,180321,0,0,0,0,0,0,0,0,0,0
1,1,180322,0,0,0,0,0,0,0,0,0,0
1,1,180323,0,0,0,0,0,0,0,0,0,0
1,1,180324,0,0,0,0,0,0,0,0,0,0
1,1,180325,7,7,7,7,7,7,7,7,7,7
1,1,180326,0,0,0,0,0,0,0,0,0,0
2,1,180326,0,0,0,0,0,0,0,0,0,0
1,1,180327,0,0,0,0,0,0,0,0,0,0
2,1,180327,0,0,0,0,0,0,0,0,0,0
1,1,180328,0,0,0,0,0,0,0,0,0,0
2,1,180328,0,0,0,0,0,0,0,0,0,0
1,1,180329,0,0,0,0,0,0,0,0,0,0
2,1,180329,0,0,0,0,0,0,0,0,0,0
0,1,180330,0,0,17,0,0,0,2,0,0,27
1,1,180330,0,0,0,0,0,0,0,0,0,0
1,1,180331,17,17,17,17,17,17,17,17,17,17
1,1,180332,0,0,0,0,0,0,0,0,0,0
1,1,180333,15,15,15,15,15,15,15,15,15,15
1,1,180334,0,0,0,0,0,0,0,0,0,0
0,1,180335,0,0,0,0,0,0,0,0,0,0
2,1,180335,0,0,0,0,0,0,0,0,0,0
1,1,180336,0,0,0,0,0,0,0,0,0,0
1,1,180337,0,0,0,0,0,0,0,0,0,0
1,1,180338,30,30,30,30,30,30,30,30,30,30
1,1,180339,0,0,0,0,0,0,0,0,0,0
2,1,180339,0,0,0,0,0,0,0,0,0,0
0,1,180340,0,0,0,0,0,0,0,0,0,0
1,1,180340,0,0,0,0,0,0,0,0,0,0
1,1,180341,0,0,0,0,0,0,0,0,0,0
2,1,180341,0,0,0,26,0,0,0,0,0,0
1,1,180342,0,0,0,0,0,0,0,0,0,0
2,1,180342,0,0,0,0,0,0,0,0,0,0
1,1,180343,16,16,16,16,16,16,16,16,16,16
1,1,180344,2,2,2,2,2,2,2,2,2,2
1,1,180345,17,17,17,17,17,17,17,17,17,17
1,1,180346,0,0,0,0,0,0,0,0,0,0
1,1,180347,0,0,0,0,0,0,0,0,0,0
2,1,180347,0,0,0,0,0,0,0,0,0,0
1,1,180348,0,0,0,0,0,0,0,0,0,0
2,1,180348,0,0,0,0,0,0,0,0,0,0
1,1,180349,0,0,0,0,0,0,0,0,0,0
1,1,180350,0,0,0,0,0,0,0,0,0,0
1,1,180351,18,18,18,18,18,18,18,18,18,18
1,1,180352,0,0,0,0,0,0,0,0,0,0
2,1,180352,0,0,0,0,0,0,0,0,0,0
1,1,180353,23,23,23,23,23,23,23,23,23,23
1,1,180354,0,0,0,0,0,0,0,0,0,0
2,1,180354,0,0,0,0,0,0,0,0,0,0
1,1,180355,0,0,0,0,0,0,0,0,0,0
2,1,180355,0,0,0,0,0,0,0,0,0,0
1,1,180356,20,20,20,20,20,20,20,20,20,20
1,1,180357,0,0,0,0,0,0,0,0,0,0
2,1,180357,0,0,0,11,0,0,0,0,0,0
1,1,180358,0,0,0,0,0,0,0,0,0,0
2,1,180358,0,0,0,0,0,0,0,0,0,0
1,1,180359,13,13,13,13,13,13,13,13,13,13
1,1,180360,29,29,29,29,29,29,29,29,29,29
1,1,180361,29,29,29,29,29,29,29,29,29,29
1,1,180362,0,0,0,0,0,0,0,0,0,0
1,1,180363,8,8,8,8,8,8,8,8,8,8
2,1,180363,0,0,0,0,0,0,0,0,0,0
0,1,180364,0,0,0,0,0,0,0,0,0,0
1,1,180364,0,0,0,0,0,0,0,0,0,0
1,1,180365,10,10,10,10,10,10,10,10,10,10
1,1,180366,0,20,0,0,0,0,0,0,0,17
1,1,180367,24,24,24,24,24,24,24,24,24,24
1,1,180368,13,13,13,13,13,13,13,13,13,13
1,1,180369,0,0,0,0,0,0,0,0,0,0
2,1,180369,0,0,0,0,0,0,0,0,0,6
3,1,180369,0,0,0,0,0,0,0,0,0,0
1,1,180370,0,0,0,0,0,0,0,0,0,0
1,1,180371,0,0,0,0,0,0,0,0,0,0
1,1,180372,9,14,0,0,13,0,25,12,0,0
1,1,180373,0,0,0,0,0,0,0,0,0,0
2,1,180373,0,0,0,0,0,0,0,0,0,0
1,1,180374,0,0,0,0,0,0,0,0,0,0
1,1,180375,15,15,15,15,15,15,15,15,15,15
2,1,180375,0,0,0,0,0,9,3,0,0,0
1,1,180376,0,0,0,0,0,0,0,0,0,0
2,1,180376,0,0,0,0,0,0,0,0,0,0
1,1,180377,0,0,0,0,0,0,0,0,0,0
2,1,180377,0,0,0,0,0,0,0,0,0,0
1,1,180378,0,0,0,0,0,0,0,0,0,0
2,1,180378,0,0,0,0,0,0,0,0,0,0
0,1,180379,0,0,0,0,0,0,0,0,0,0
1,1,180379,0,0,0,0,0,0,0,0,0,0
1,1,180380,0,0,0,0,0,0,0,0,0,0
1,1,180381,0,0,0,0,0,0,0,0,0,0
2,1,180381,0,0,0,0,0,0,0,0,0,0
1,1,180382,0,0,0,0,0,0,0,0,0,0
1,1,180383,0,0,0,0,0,0,0,0,0,0
2,1,180383,0,0,0,0,0,0,0,0,0,0
1,1,180384,19,19,19,19,19,19,19,19,19,19
2,1,180384,0,0,0,0,0,0,0,0,0,0
1,1,180385,0,0,0,0,0,0,0,0,0,0
2,1,180385,11,11,11,11,11,11,11,11,11,11
3,1,180385,3,3,3,3,3,3,3,3,3,3
4,1,180385,0,0,0,0,0,0,0,0,0,0
1,1,180386,0,0,0,0,0,0,0,0,0,0
2,1,180386,0,0,0,0,0,0,0,0,0,0
3,1,180386,0,0,0,0,0,0,0,0,0,0
1,1,180387,0,0,0,0,0,0,0,0,0,0
2,1,180387,0,0,0,0,0,0,0,0,0,0
1,1,180388,0,0,0,0,0,0,0,0,0,0
2,1,180388,0,0,0,0,0,0,0,0,0,0
1,1,180389,0,0,0,0,0,0,0,0,0,0
2,1,180389,0,0,0,0,0,0,0,0,0,0
1,1,180390,0,0,0,0,0,0,0,0,0,0
2,1,180390,0,0,0,0,0,0,0,0,0,0
1,1,180391,0,0,0,0,0,0,0,0,0,0
2,1,180391,0,0,0,0,0,0,0,0,0,0
1,1,180392,0,0,0,0,0,0,0,0,0,0
2,1,180392,0,0,0,0,0,0,0,0,0,0
1,1,180393,0,0,0,0,12,0,9,0,0,8
1,1,180394,19,0,13,3,24,29,17,18,10,0
1,1,180395,0,0,0,0,0,0,0,0,0,0
2,1,180395,0,0,0,0,0,0,0,0,0,0
1,1,180396,0,0,0,0,5,0,19,0,0,0
1,1,180397,0,0,0,0,0,0,0,0,0,0
2,1,180397,0,0,0,0,0,0,0,0,0,0
3,1,180397,0,0,0,0,0,0,0,0,0,0
4,1,180397,0,0,0,0,0,0,3,0,0,0
1,1,180398,19,19,19,19,19,19,19,19,19,19
1,1,180399,0,0,0,0,0,0,0,0,0,0
1,1,180400,25,25,25,25,25,25,25,25,25,25
2,1,180400,0,0,0,0,0,0,6,0,0,0
1,1,180401,0,0,0,0,6,10,0,0,0,0
1,1,180402,0,0,14,0,17,0,24,0,0,0
2,1,180402,0,0,0,0,0,0,0,0,0,7
3,1,180402,0,0,0,0,0,0,0,0,0,0
1,1,180403,32,32,32,32,32,32,32,32,32,32
1,1,180404,0,0,0,0,0,0,0,0,0,0
1,1,180405,0,0,0,0,0,0,0,0,0,0
1,1,180406,0,0,0,0,0,0,0,0,0,0
2,1,180406,0,0,0,0,0,0,0,0,0,0
1,1,180407,0,0,0,0,0,0,0,0,0,0
1,1,180408,15,15,15,15,15,15,15,15,15,15
2,1,180408,0,0,0,0,0,0,0,0,0,0
0,1,180409,0,0,0,0,0,0,0,0,0,0
1,1,180409,1,1,1,1,1,1,1,1,1,1
1,1,180410,0,0,0,0,0,0,0,0,0,0
1,1,180411,0,0,0,0,0,0,0,0,0,0
2,1,180411,0,0,0,0,0,0,0,0,0,0
1,1,180412,17,17,17,17,17,17,17,17,17,17
1,1,180413,12,12,12,12,12,12,12,12,12,12
2,1,180413,7,13,31,0,0,0,13,0,0,23
3,1,180413,0,0,0,0,0,0,0,0,0,0
1,1,180414,0,0,0,0,0,0,0,0,0,0
0,1,180415,0,0,0,0,0,0,0,0,0,0
1,1,180415,0,0,0,0,0,0,13,0,0,0
0,1,180416,0,0,0,0,0,0,0,0,0,0
1,1,180416,0,0,0,0,0,0,0,0,0,12
1,1,180417,0,0,0,0,0,0,0,0,0,0
2,1,180417,0,0,0,0,0,0,8,0,11,0
3,1,180417,0,0,0,0,0,0,0,0,0,0
1,1,180418,14,14,14,14,14,14,14,14,14,14
1,1,180419,24,24,24,24,24,24,24,24,24,24
1,1,180420,0,0,0,0,0,0,0,0,0,0
1,1,180421,19,19,19,19,19,19,19,19,19,19
1,1,180422,3,3,3,3,3,3,3,3,3,3
1,1,180423,0,0,0,0,0,0,0,0,0,0
1,1,180424,0,0,0,0,0,0,0,0,0,0
2,1,180424,0,0,0,0,0,0,0,0,0,0
1,1,180425,0,0,0,0,0,0,0,0,0,0
2,1,180425,0,0,0,0,0,0,0,0,0,0
1,1,180426,0,0,0,14,0,18,0,0,19,0
1,1,180427,0,0,0,0,0,0,0,0,0,0
2,1,180427,0,0,4,0,0,0,0,0,0,0
1,1,180428,0,0,0,0,0,0,0,0,0,0
1,1,180429,20,20,20,20,20,20,20,20,20,20
1,1,180430,0,0,0,0,0,0,0,0,0,0
2,1,180430,0,0,0,0,0,0,0,0,0,0