VEH_NO,PER_NO,ST_CASE,P1,P2,P3,P4,P5,P6,P7,P8,P9,P10
0,1,180431,0,0,0,0,0,0,0,0,0,0
1,1,180431,0,0,0,0,0,0,0,0,0,0
1,1,180432,0,0,0,0,0,0,0,0,0,0
2,1,180432,0,0,0,0,0,0,0,0,0,0
3,1,180432,0,0,0,0,0,0,0,0,0,0
1,1,180433,4,0,11,19,8,0,14,0,8,14
1,1,180434,18,0,0,18,28,0,0,21,29,2
2,1,180434,0,0,0,0,0,0,0,0,0,0
0,1,180435,0,0,0,13,0,0,0,0,0,0
0,2,180435,0,0,0,0,0,0,0,0,0,0
1,1,180435,0,0,0,0,0,0,0,0,0,0
1,1,180436,0,0,0,0,0,0,0,0,0,0
2,1,180436,0,0,0,0,0,0,0,0,0,0
0,1,180437,20,12,0,0,0,0,0,10,9,0
1,1,180437,0,0,0,0,0,0,0,0,0,0
1,1,180438,18,18,18,18,18,18,18,18,18,18
1,1,180439,0,0,0,0,0,0,0,0,0,0
2,1,180439,0,0,0,0,0,0,0,0,0,0
1,1,180440,0,0,0,0,0,0,0,0,0,0
1,1,180441,0,0,0,0,0,0,0,28,13,0
1,1,180442,17,17,17,17,17,17,17,17,17,17
1,1,180443,0,0,0,0,0,0,0,0,0,0
0,1,180444,24,24,24,24,24,24,24,24,24,24
1,1,180444,0,0,0,17,0,0,0,0,21,0
1,1,180445,24,24,24,24,24,24,24,24,24,24
1,1,180446,0,0,0,0,0,0,0,0,0,0
1,1,180447,0,0,0,0,0,0,0,0,0,0
2,1,180447,0,0,0,0,0,0,0,0,0,0
3,1,180447,0,0,0,0,0,0,0,0,0,0
4,1,180447,0,0,0,0,0,0,0,0,0,0
1,1,180448,0,0,0,0,0,0,4,0,8,0
1,1,180449,0,0,0,0,0,0,0,0,0,0
2,1,180449,0,0,0,0,0,0,0,0,0,0
1,1,180450,0,0,0,0,0,0,0,0,0,0
1,1,180451,0,0,0,0,0,0,0,0,0,0
2,1,180451,0,13,0,15,0,0,0,0,0,0
1,1,180452,0,0,0,0,0,0,0,0,0,0
2,1,180452,0,0,0,0,0,0,0,0,0,0
0,1,180453,0,0,0,0,0,0,0,0,0,0
1,1,180453,0,0,0,0,0,0,0,0,0,0
1,1,180454,15,15,15,15,15,15,15,15,15,15
1,1,180455,0,0,0,0,0,0,0,0,0,0
1,1,180456,0,0,0,0,0,0,0,0,0,0
2,1,180456,0,0,0,0,0,0,0,0,0,0
3,1,180456,7,0,0,0,0,0,0,0,0,0
1,1,180457,0,0,0,0,0,0,0,0,0,0
1,1,180458,0,0,0,0,0,0,0,0,0,0
1,1,180459,11,11,11,11,11,11,11,11,11,11
0,1,180460,0,0,0,0,0,0,0,0,13,0
1,1,180460,0,0,0,0,0,0,0,0,0,0
1,1,180461,0,0,0,0,0,0,0,0,0,0
2,1,180461,0,0,0,0,0,0,0,0,0,0
3,1,180461,0,0,0,0,0,0,0,0,0,0
1,1,180462,0,0,0,0,0,0,0,0,0,0
2,1,180462,0,0,0,0,0,0,0,0,0,0
1,1,180463,0,0,0,0,0,0,0,0,0,0
2,1,180463,0,0,0,0,0,0,0,0,0,0
0,1,180464,0,0,0,0,0,0,0,0,0,0
0,2,180464,0,0,0,0,0,0,0,0,0,0
1,1,180464,0,0,0,0,0,0,0,0,0,0
1,1,180465,0,0,0,0,0,0,0,0,0,0
2,1,180465,0,0,0,0,0,0,0,0,0,0
1,1,180466,0,0,0,0,0,0,0,0,0,0
1,1,180467,10,0,0,0,0,7,22,4,8,0
0,1,180468,0,0,0,0,0,0,0,0,0,0
1,1,180468,0,0,0,0,0,0,0,0,0,0
1,1,180469,0,0,0,0,0,0,0,0,0,0
2,1,180469,0,0,0,0,0,0,0,0,0,0
1,1,180470,0,15,9,0,0,5,0,13,0,0
1,1,180471,0,0,0,0,0,0,0,0,0,0
1,1,180472,15,15,15,15,15,15,15,15,15,15
1,1,180473,0,0,0,0,0,0,0,0,0,0
1,1,180474,0,0,0,0,0,0,0,0,0,0
2,1,180474,0,0,0,0,0,0,0,0,0,0
1,1,180475,0,0,0,0,0,0,0,0,0,17
1,1,180476,0,0,0,0,0,0,0,0,0,0
1,1,180477,0,0,0,0,0,0,0,0,0,0
2,1,180477,0,0,0,0,0,0,0,0,0,0
1,1,180478,19,19,19,19,19,19,19,19,19,19
1,1,180479,0,0,0,0,0,0,0,0,0,0
2,1,180479,0,0,0,0,0,0,0,0,0,0
1,1,180480,0,0,0,0,10,0,0,0,0,0
2,1,180480,0,0,0,0,0,0,0,0,0,0
1,1,180481,0,0,0,0,0,0,0,0,0,0
2,1,180481,0,0,0,0,0,8,0,0,0,0
0,1,180482,0,0,0,0,0,0,0,0,0,0
1,1,180482,0,0,0,0,0,0,0,0,0,0
0,1,180484,0,0,0,0,0,0,0,0,0,0
1,1,180484,0,0,0,0,0,0,0,0,0,0
1,1,180485,0,0,0,0,0,0,0,0,0,0
1,1,180487,0,0,0,0,0,0,0,0,0,0
2,1,180487,0,0,0,0,0,0,0,0,0,0
1,1,180488,0,0,0,0,0,0,0,0,0,0
2,1,180488,0,0,0,0,0,0,0,0,4,0
0,1,180489,0,0,0,0,0,0,0,0,0,0
1,1,180489,0,0,0,0,0,0,0,0,0,0
2,1,180489,0,0,0,0,0,0,0,0,0,0
1,1,180490,0,0,0,0,0,0,0,0,0,0
1,1,180491,0,0,0,0,0,0,0,0,0,0
2,1,180491,0,0,0,0,0,0,0,0,0,0
1,1,180492,0,0,0,0,0,0,0,14,0,0
1,1,180493,0,13,4,0,7,0,0,0,0,0
2,1,180493,0,0,0,0,0,0,0,0,0,0
1,1,180494,8,8,8,8,8,8,8,8,8,8
2,1,180494,0,0,0,0,0,0,0,0,0,0
1,1,180495,0,0,0,0,0,0,0,0,0,0
1,1,180496,0,0,0,0,0,0,0,0,0,0
2,1,180496,0,0,0,0,0,0,0,0,0,0
1,1,180497,18,18,18,18,18,18,18,18,18,18
1,1,180498,24,24,24,24,24,24,24,24,24,24
2,1,180498,3,3,3,3,3,3,3,3,3,3
1,1,180499,0,0,0,0,0,0,0,0,0,0
2,1,180499,0,0,0,0,0,0,0,0,0,0
1,1,180500,0,0,0,0,0,0,0,0,0,0
2,1,180500,0,0,0,0,0,0,0,0,0,0
1,1,180501,0,0,28,8,9,0,0,0,27,0
2,1,180501,0,9,0,0,24,26,0,22,17,0
1,1,180502,0,0,0,0,0,0,0,0,0,0
2,1,180502,0,0,0,0,0,0,0,0,0,0
1,1,180503,18,18,18,18,18,18,18,18,18,18
1,1,180504,10,0,18,0,29,0,0,32,4,0
1,1,180505,0,0,0,0,0,0,0,0,0,0
1,1,180506,0,0,0,0,0,0,0,0,0,0
2,1,180506,2,2,2,2,2,2,2,2,2,2
1,1,180507,0,0,0,0,0,0,0,0,0,0
1,1,180508,0,0,0,0,0,0,0,0,0,0
1,1,180509,23,23,23,23,23,23,23,23,23,23
1,1,180510,0,0,0,0,0,0,0,0,0,0
1,1,180511,0,0,0,0,0,0,0,0,0,0
1,1,180512,17,17,17,17,17,17,17,17,17,17
1,1,180513,0,0,0,0,0,0,0,0,0,0
2,1,180513,0,0,0,0,0,0,0,0,0,0
1,1,180514,0,0,0,0,0,0,0,0,0,0
2,1,180514,0,0,0,0,0,0,0,0,0,0
3,1,180514,0,0,0,0,0,0,0,0,0,0
4,1,180514,0,0,0,0,0,0,0,0,0,0
5,1,180514,0,0,0,0,0,0,0,0,0,0
6,1,180514,0,0,0,0,0,0,0,0,0,0
7,1,180514,0,0,0,0,0,0,0,0,0,0
1,1,180515,15,0,6,0,0,15,0,0,14,9
1,1,180516,0,0,0,0,0,0,0,0,0,0
2,1,180516,0,0,0,0,0,0,0,0,0,0
1,1,180517,2,2,2,2,2,2,2,2,2,2
1,1,180518,0,0,0,0,0,0,0,0,0,0
2,1,180518,0,0,0,0,0,0,0,0,0,0
1,1,180519,18,18,18,18,18,18,18,18,18,18
1,1,180520,13,13,13,13,13,13,13,13,13,13
2,1,180520,0,0,0,0,0,0,0,0,0,0
3,1,180520,0,0,0,0,0,0,0,0,0,0
1,1,180521,28,28,28,28,28,28,28,28,28,28
2,1,180521,0,0,0,0,0,0,0,0,0,0
1,1,180522,16,16,16,16,16,16,16,16,16,16
2,1,180522,0,0,0,0,0,0,0,0,0,0
1,1,180523,0,0,0,0,0,0,0,0,0,0
2,1,180523,0,0,0,0,0,0,0,0,0,0
1,1,180524,0,0,0,0,0,0,0,0,0,0
2,1,180524,0,0,0,0,0,0,0,0,0,0
1,1,180525,10,0,0,0,0,0,0,0,0,8
1,1,180526,0,0,0,0,0,0,0,0,0,0
1,1,180527,20,16,29,0,10,26,0,9,0,23
1,1,180528,33,33,33,33,33,33,33,33,33,33
2,1,180528,0,0,0,0,0,0,0,0,0,0
0,1,180529,14,14,14,14,14,14,14,14,14,14
1,1,180529,0,11,0,0,0,0,0,6,0,0
1,1,180530,0,0,0,0,0,0,0,0,0,0
2,1,180530,9,9,9,9,9,9,9,9,9,9
1,1,180531,0,0,0,0,0,0,0,0,0,0
2,1,180531,0,0,0,0,0,0,0,0,0,0
1,1,180532,0,0,0,0,0,0,0,0,0,0
2,1,180532,0,0,0,0,0,0,0,0,0,0
1,1,180533,0,0,0,0,0,0,0,0,0,0
2,1,180533,0,0,0,0,0,0,0,0,0,0
1,1,180534,0,0,0,0,0,0,0,0,0,0
2,1,180534,0,0,0,0,0,0,0,0,0,0
1,1,180535,0,0,0,0,0,0,0,0,0,0
2,1,180535,0,0,0,0,0,0,0,0,0,0
1,1,180536,16,16,16,16,16,16,16,16,16,16
1,1,180537,0,0,0,0,0,0,0,0,0,0
2,1,180537,0,0,0,0,0,0,0,0,0,0
1,1,180538,0,0,10,8,0,0,15,0,0,9
1,1,180539,0,0,0,0,0,0,0,0,0,0
1,1,180540,0,0,0,0,0,0,0,0,0,0
1,1,180541,0,0,0,0,0,0,0,0,0,0
2,1,180541,0,0,0,0,0,0,0,0,0,0
3,1,180541,0,0,0,0,0,0,0,0,0,0
1,1,180542,23,23,23,23,23,23,23,23,23,23
1,1,180543,0,0,0,0,0,0,0,0,0,0
2,1,180543,0,0,0,0,0,0,0,0,0,0
1,1,180544,14,14,14,14,14,14,14,14,14,14
1,1,180545,0,16,8,36,10,0,7,0,23,5
2,1,180545,0,0,0,0,0,0,0,0,0,0
1,1,180546,0,0,0,0,0,0,0,0,0,0
1,1,180547,0,0,0,0,0,0,0,0,0,0
1,1,180548,0,0,0,0,0,0,0,0,0,0
2,1,180548,0,0,0,0,0,0,0,0,0,0
1,1,180549,11,11,11,11,11,11,11,11,11,11
1,1,180550,0,0,0,0,0,0,0,0,0,0
2,1,180550,0,0,0,0,0,0,0,0,0,0
1,1,180551,9,9,9,9,9,9,9,9,9,9
1,1,180552,13,13,13,13,13,13,13,13,13,13
1,1,180553,0,0,0,0,0,0,0,0,0,0
2,1,180553,0,0,0,0,0,0,0,0,0,0
1,1,180554,0,0,0,0,0,0,0,0,0,0
1,1,180555,0,0,0,0,0,0,0,0,0,0
2,1,180555,0,0,0,0,0,0,0,0,0,0
1,1,180556,10,10,10,10,10,10,10,10,10,10
1,1,180557,0,0,0,0,0,0,0,0,0,0
1,1,180558,0,0,0,0,0,0,0,0,0,0
1,1,180559,0,0,0,0,0,0,0,0,0,0
2,1,180559,0,0,0,0,0,0,0,0,0,0
1,1,180560,0,0,0,0,0,0,0,0,0,0
2,1,180560,0,0,0,0,0,0,0,0,0,0
1,1,180561,17,17,17,17,17,17,17,17,17,17
1,1,180562,0,0,0,0,0,0,0,0,0,0
2,1,180562,0,0,0,0,0,0,0,0,0,0
1,1,180563,0,0,0,0,0,0,0,0,0,0
2,1,180563,0,0,0,0,0,0,0,0,0,0
1,1,180564,0,0,0,0,0,0,0,0,0,0
2,1,180564,0,0,0,0,0,0,0,0,0,0
1,1,180565,0,0,0,0,0,0,0,0,0,0
2,1,180565,0,0,0,0,0,0,0,0,0,0
1,1,180566,0,0,0,0,0,0,0,0,0,0
2,1,180566,0,0,0,0,0,0,0,0,0,0
3,1,180566,0,0,0,0,0,0,0,0,0,0
4,1,180566,0,0,0,0,0,0,0,0,0,0
1,1,180567,0,0,0,0,0,0,0,0,0,0
2,1,180567,0,0,0,0,0,0,0,0,0,0
1,1,180568,0,0,0,0,0,0,0,0,0,0
2,1,180568,0,0,0,0,0,0,0,0,0,0
1,1,180569,0,0,0,0,0,0,0,0,0,0
1,1,180570,0,0,0,0,0,0,0,0,0,0
2,1,180570,0,0,0,0,0,0,0,0,0,0
1,1,180571,0,0,13,0,0,0,0,0,0,0
1,1,180572,0,0,0,0,0,0,0,0,0,0
1,1,180573,29,29,29,29,29,29,29,29,29,29
1,1,180574,1,1,1,1,1,1,1,1,1,1
1,1,180575,0,0,0,0,0,0,0,0,0,0
1,1,180576,0,0,0,0,0,0,0,0,0,0
2,1,180576,0,0,0,0,0,0,0,0,0,0
1,1,180577,27,27,27,27,27,27,27,27,27,27
1,1,180578,15,2,20,0,9,17,0,15,0,0
1,1,180579,0,0,0,0,0,0,0,0,0,0
2,1,180579,0,0,0,0,0,0,0,0,0,0
1,1,180580,0,12,8,0,0,0,0,0,11,0
1,1,180581,19,19,19,19,19,19,19,19,19,19
1,1,180582,0,0,0,0,0,0,0,0,0,0
2,1,180582,0,0,0,0,0,0,0,0,0,0
1,1,180583,0,0,0,0,0,0,0,0,0,0
1,1,180584,0,0,0,0,0,0,0,0,0,0
2,1,180584,0,0,0,0,0,0,0,0,0,0
1,1,180585,5,0,0,0,0,0,0,0,0,0
2,1,180585,0,0,0,0,0,0,0,0,0,0
1,1,180586,0,0,0,0,0,0,0,0,0,0
2,1,180586,0,0,0,0,0,0,0,0,0,0
1,1,180587,0,0,0,0,0,0,0,0,0,0
2,1,180587,0,0,0,0,0,0,0,0,0,0
3,1,180587,0,0,0,0,0,0,0,0,0,0
1,1,180588,0,0,0,0,0,13,0,0,3,8
2,1,180588,0,0,0,0,0,0,0,0,0,0
1,1,180589,4,4,4,4,4,4,4,4,4,4
1,1,180590,6,6,6,6,6,6,6,6,6,6
2,1,180590,0,0,0,0,0,0,0,0,0,0
1,1,180591,0,0,0,0,0,0,0,0,0,0
2,1,180591,0,0,0,0,0,0,0,0,0,0
3,1,180591,0,0,0,0,0,0,0,0,0,0
1,1,180592,0,0,0,0,0,0,0,0,0,0
2,1,180592,0,0,0,0,0,0,0,0,0,0
1,1,180593,0,0,0,0,0,0,0,0,0,0
2,1,180593,0,0,0,0,0,0,0,0,0,0
1,1,180594,0,0,0,0,0,0,0,0,0,0
2,1,180594,0,0,0,0,0,0,0,0,0,0
1,1,180595,0,0,0,0,0,0,0,0,0,0
2,1,180595,0,0,0,0,0,0,0,0,0,0
1,1,180596,0,0,0,0,0,0,0,0,0,0
2,1,180596,0,0,0,0,0,0,0,0,0,0
1,1,180597,30,30,30,30,30,30,30,30,30,30
1,1,180598,15,15,15,15,15,15,15,15,15,15
1,1,180599,17,17,17,17,17,17,17,17,17,17
1,1,180600,23,23,23,23,23,23,23,23,23,23
1,1,180601,14,0,22,0,0,0,0,0,0,29
2,1,180601,0,0,0,0,0,0,0,0,0,0
3,1,180601,0,0,0,0,0,0,0,0,0,0
1,1,180603,0,0,0,0,0,0,0,17,0,0
2,1,180603,0,0,0,0,0,0,0,0,0,0
0,1,180604,0,0,0,0,0,0,0,0,0,0
1,1,180604,0,0,0,0,0,0,0,0,0,0
1,1,180605,0,0,0,0,0,0,0,0,0,0
2,1,180605,0,0,0,0,0,0,0,0,0,0
1,1,180606,13,13,13,13,13,13,13,13,13,13
0,1,180607,0,0,0,0,0,0,0,0,0,0
1,1,180607,0,0,0,0,0,0,0,0,0,0
1,1,180608,0,0,0,0,0,0,0,0,0,0
1,1,180609,21,21,21,21,21,21,21,21,21,21
1,1,180610,0,0,0,0,0,0,0,0,0,0
2,1,180610,0,0,0,0,0,0,0,0,0,0
1,1,180612,0,0,0,0,0,0,0,0,0,0
2,1,180612,0,0,0,0,31,0,0,0,0,0
1,1,180613,0,0,0,0,0,0,0,0,0,0
2,1,180613,0,0,0,0,0,0,0,0,0,0
1,1,180614,22,22,22,22,22,22,22,22,22,22
2,1,180614,0,0,0,0,0,0,0,0,0,0
1,1,180615,0,0,0,0,0,0,0,5,0,0
2,1,180615,0,0,0,0,0,0,0,0,0,0
1,1,180616,0,0,0,0,0,0,0,0,0,0
2,1,180616,0,0,0,0,0,0,0,0,0,0
3,1,180616,0,0,0,0,0,0,0,0,0,0
4,1,180616,0,0,0,0,0,0,0,0,0,0
0,1,180617,0,0,0,9,0,0,0,0,18,0
1,1,180617,0,0,0,0,0,0,0,0,0,0
1,1,180618,0,0,0,0,4,0,0,0,0,0
2,1,180618,0,0,0,0,0,0,0,0,0,0
1,1,180619,0,0,0,0,0,0,0,0,0,0
1,1,180620,0,0,0,0,0,0,0,0,0,0
2,1,180620,0,0,0,0,0,0,0,0,0,0
3,1,180620,0,0,0,0,0,0,0,0,0,0
1,1,180621,5,5,5,5,5,5,5,5,5,5
1,1,180622,0,0,22,0,0,0,0,0,5,0
1,1,180623,0,0,0,0,0,0,0,0,0,0
1,1,180624,0,0,0,0,0,0,0,0,0,0
2,1,180624,0,0,0,0,0,0,0,0,0,0
1,1,180625,0,0,0,0,0,0,0,0,0,0
2,1,180625,0,0,0,0,0,0,0,0,0,0
1,1,180626,14,14,14,14,14,14,14,14,14,14
1,1,180627,0,0,0,0,0,0,0,0,0,0
2,1,180627,0,0,0,0,0,0,0,0,0,0
1,1,180628,0,0,0,0,0,0,0,0,0,0
2,1,180628,0,0,0,0,0,0,0,0,0,0
1,1,180629,0,0,0,0,0,0,0,0,0,0
2,1,180629,0,0,0,0,0,0,0,0,0,0
1,1,180630,0,0,0,0,0,0,0,0,0,0
1,1,180631,0,0,0,0,0,0,0,0,0,0
2,1,180631,0,0,0,0,0,0,0,0,0,0
0,1,180632,0,0,0,0,0,17,0,0,0,0
0,2,180632,0,0,0,0,0,0,0,0,0,0
1,1,180632,0,0,0,0,0,0,0,0,0,0
1,1,180633,0,0,0,0,0,0,0,0,0,0
2,1,180633,0,0,0,0,0,0,0,0,0,0
3,1,180633,0,0,0,0,0,0,0,0,0,0
1,1,180634,0,0,0,0,0,0,0,0,0,0
2,1,180634,0,0,0,0,0,0,0,0,0,0
0,1,180635,0,0,0,0,0,0,0,0,0,0
1,1,180635,0,0,0,0,0,0,0,0,0,0
1,1,180636,0,0,0,0,0,0,0,0,0,0
2,1,180636,0,0,0,0,0,0,0,0,0,0
1,1,180637,0,0,0,0,0,0,0,0,0,0
2,1,180637,0,0,0,0,0,0,0,0,0,0
1,1,180638,0,0,0,0,0,0,0,0,0,0
1,1,180639,0,0,0,0,0,0,0,0,0,0
2,1,180639,0,0,0,0,0,0,0,0,19,0
1,1,180640,22,22,22,22,22,22,22,22,22,22
2,1,180640,0,0,0,0,0,0,0,0,0,0
3,1,180640,0,0,0,0,0,0,0,0,0,0
1,1,180641,0,0,0,0,0,0,0,0,0,0
2,1,180641,1,1,1,1,1,1,1,1,1,1
1,1,180642,9,9,9,9,9,9,9,9,9,9
1,1,180643,0,0,0,0,0,0,0,0,0,0
2,1,180643,0,0,0,0,0,0,0,0,0,0
1,1,180644,0,0,0,0,0,0,0,0,0,0
2,1,180644,6,6,6,6,6,6,6,6,6,6
1,1,180645,0,0,0,0,0,0,0,0,0,0
2,1,180645,0,0,0,15,0,0,0,0,0,0
3,1,180645,0,0,8,0,0,0,0,0,0,0
1,1,180646,0,0,0,0,0,0,0,0,6,0
2,1,180646,0,6,0,0,0,0,0,0,0,0
3,1,180646,0,0,0,0,0,0,0,0,0,0
1,1,180647,0,0,11,0,0,0,12,0,0,0
0,1,180649,0,0,0,0,32,0,0,0,0,0
1,1,180649,0,0,0,0,0,0,0,0,0,0
1,1,180650,0,0,0,0,0,0,0,0,0,0
2,1,180650,0,0,0,0,0,0,0,0,0,0
3,1,180650,0,0,0,0,0,0,0,0,0,0
1,1,180651,0,0,0,0,17,3,0,0,0,0
1,1,180652,22,22,22,22,22,22,22,22,22,22
1,1,180653,0,0,0,0,0,0,0,0,0,0
1,1,180654,0,0,0,0,0,0,0,0,0,0
2,1,180654,0,0,0,0,5,0,0,0,0,0
1,1,180655,0,0,0,0,0,0,0,0,0,0
1,1,180656,0,0,0,0,0,0,0,0,0,0
1,1,180657,0,0,0,0,0,0,0,0,0,0
1,1,180658,8,8,8,8,8,8,8,8,8,8
0,1,180659,0,11,0,0,0,0,0,0,0,0
1,1,180659,0,0,0,0,0,0,0,0,0,0
1,1,180660,0,0,0,0,0,0,0,0,0,0
2,1,180660,0,0,0,0,0,0,0,0,0,0
1,1,180661,0,0,0,0,0,0,0,0,0,0
2,1,180661,0,0,0,0,0,0,0,0,0,0
3,1,180661,0,0,0,0,0,0,0,0,0,0
1,1,180662,0,0,0,0,0,0,0,0,0,0
0,1,180663,0,0,0,0,33,0,16,0,0,0
1,1,180663,0,0,0,0,0,0,0,0,0,0
0,1,180664,0,0,0,0,0,0,0,0,0,0
1,1,180664,0,0,0,0,0,0,0,0,0,0
1,1,180665,0,0,0,0,0,0,0,0,0,0
2,1,180665,0,0,0,0,0,0,0,0,0,0
1,1,180666,19,19,19,19,19,19,19,19,19,19
1,1,180667,0,0,0,0,0,0,0,0,0,0
2,1,180667,0,0,0,0,0,0,0,0,0,0
3,1,180667,0,0,0,0,0,0,0,0,0,0
1,1,180668,28,28,28,28,28,28,28,28,28,28
1,1,180669,0,0,0,13,15,0,0,0,0,0
2,1,180669,0,0,0,0,0,0,0,0,0,0
1,1,180670,0,0,0,0,0,0,0,0,0,0
2,1,180670,0,0,0,0,0,0,0,0,0,0
1,1,180671,0,33,0,10,0,23,12,59,0,0
2,1,180671,0,0,0,0,0,0,0,0,0,0
0,1,180672,0,0,0,0,0,0,0,0,0,0
2,1,180672,0,0,0,0,0,0,0,0,0,0
1,1,180673,13,13,13,13,13,13,13,13,13,13
1,1,180674,0,0,0,0,0,0,0,0,0,0
1,1,180675,0,0,0,0,0,0,0,0,0,0
1,1,180676,22,22,22,22,22,22,22,22,22,22
1,1,180677,0,0,0,0,0,0,0,0,0,0
2,1,180677,0,0,0,0,0,0,0,0,19,0
1,1,180678,0,0,0,0,0,0,0,0,0,0
1,1,180679,25,25,25,25,25,25,25,25,25,25
1,1,180680,0,0,0,0,0,0,0,0,0,0
1,1,180681,0,0,0,0,0,0,0,0,0,0
0,1,180682,0,0,0,0,0,0,29,0,0,12
1,1,180682,0,0,0,0,0,0,0,0,0,0
1,1,180683,0,0,0,0,0,0,0,0,0,0
1,1,180684,0,0,0,0,0,0,0,0,0,0
2,1,180684,0,0,0,0,0,0,0,0,0,0
1,1,180685,35,0,0,0,0,0,18,15,0,0
0,1,180686,0,0,23,4,20,25,0,16,21,16
1,1,180686,0,0,0,0,0,0,0,0,0,0
1,1,180687,13,13,13,13,13,13,13,13,13,13
0,1,180688,25,25,25,25,25,25,25,25,25,25
1,1,180688,16,0,5,0,0,15,3,0,0,0
1,1,180689,5,5,5,5,5,5,5,5,5,5
1,1,180690,0,0,0,0,0,0,0,0,0,0
1,1,180691,0,0,0,0,0,0,0,0,0,0
2,1,180691,0,0,0,0,0,0,0,0,0,0
0,1,180692,21,0,0,0,0,0,0,0,0,0
1,1,180692,0,0,0,0,0,0,0,0,0,0
1,1,180693,14,14,14,14,14,14,14,14,14,14
1,1,180694,0,0,0,0,0,0,0,0,0,0
0,1,180695,0,0,17,0,0,0,0,16,29,0
1,1,180695,0,0,0,0,0,0,0,0,0,0
1,1,180696,0,0,0,0,0,0,0,0,0,0
2,1,180696,0,0,0,0,0,0,0,0,0,0
3,1,180696,0,0,0,0,0,0,0,0,0,0
1,1,180697,18,18,18,18,18,18,18,18,18,18
2,1,180697,0,0,0,0,0,0,0,0,0,0
1,1,180698,0,0,0,0,0,0,0,0,0,0
2,1,180698,0,0,0,0,0,0,0,0,0,0
1,1,180699,0,0,0,0,27,15,0,0,0,0
2,1,180699,0,0,0,0,0,0,0,0,0,0
3,1,180699,0,0,0,0,0,0,0,0,0,0
1,1,180700,0,0,0,0,0,0,0,0,0,0
1,1,180701,0,0,0,0,0,0,0,0,0,0
2,1,180701,0,0,0,0,0,0,0,0,0,0
1,1,180702,0,0,0,0,0,0,0,0,0,0
2,1,180702,0,0,0,0,0,0,16,0,0,0
1,1,180703,0,0,0,0,0,0,0,0,0,0
2,1,180703,10,0,0,0,0,0,0,0,0,0
1,1,180704,0,0,0,0,0,0,0,0,0,0
2,1,180704,0,0,0,0,0,0,0,0,0,0
1,1,180705,0,0,0,0,0,0,0,0,0,0
2,1,180705,0,0,0,0,12,0,0,0,0,3
1,1,180706,0,0,0,0,0,0,0,0,0,0
1,1,180707,20,20,20,20,20,20,20,20,20,20
1,1,180708,12,16,31,16,19,24,19,23,32,25
0,1,180709,0,0,0,0,0,0,0,0,0,0
1,1,180709,0,0,0,0,0,0,0,0,0,0
1,1,180710,0,0,0,0,0,0,0,0,0,0
1,1,180711,15,15,15,15,15,15,15,15,15,15
1,1,180712,25,25,25,25,25,25,25,25,25,25
1,1,180713,0,0,0,0,0,0,0,0,0,0
2,1,180713,0,0,0,0,0,0,0,0,12,0
0,1,180714,0,0,0,0,0,0,0,0,0,0
1,1,180714,15,15,15,15,15,15,15,15,15,15
0,1,180715,16,16,16,16,16,16,16,16,16,16
1,1,180715,0,0,0,0,0,0,0,0,0,0
1,1,180716,0,0,0,0,0,0,0,0,0,0
2,1,180716,0,0,0,0,0,0,0,0,0,0
3,1,180716,0,0,0,0,0,0,0,0,0,0
1,1,180717,0,0,0,0,0,0,0,0,0,0
2,1,180717,0,0,0,0,0,5,0,0,0,0
3,1,180717,0,0,0,0,0,0,0,0,0,0
4,1,180717,0,0,0,0,0,0,0,0,0,0
5,1,180717,0,0,0,0,0,0,0,0,0,0
1,1,180718,0,0,0,0,0,0,0,0,0,0
1,1,180719,0,0,0,0,0,0,0,0,0,0
1,1,180720,23,23,23,23,23,23,23,23,23,23
2,1,180720,0,0,0,0,0,0,0,0,0,0
3,1,180720,0,0,0,0,0,0,0,0,0,0
0,1,180721,0,0,0,0,0,0,0,0,0,0
1,1,180721,0,0,0,0,0,0,0,0,0,0
1,1,180722,0,0,0,0,0,0,0,0,0,0
2,1,180722,0,0,0,0,0,0,0,0,0,0
0,1,180723,0,0,0,0,0,0,0,0,0,0
1,1,180723,0,0,0,0,0,0,0,0,0,0
1,1,180724,0,0,0,0,0,0,0,0,0,0
2,1,180724,0,0,0,0,0,0,0,0,0,0
1,1,180726,0,0,0,0,0,0,0,0,0,0
1,1,180727,0,0,0,0,0,0,0,0,0,0
2,1,180727,0,0,0,0,0,0,0,0,0,0
1,1,180728,0,0,0,0,0,0,0,0,0,0
2,1,180728,0,0,0,0,0,0,0,0,0,0
3,1,180728,0,0,0,0,0,0,0,0,0,0
1,1,180729,10,0,0,0,0,0,0,0,0,0
1,1,180730,0,0,0,0,0,0,0,0,0,0
2,1,180730,0,0,0,0,0,0,0,0,0,0
1,1,180731,6,6,6,6,6,6,6,6,6,6
1,1,180732,14,0,0,9,0,13,0,0,0,0
2,1,180732,0,13,10,0,0,28,6,0,0,17
1,1,180733,0,0,0,25,0,11,0,0,0,0
1,1,180734,14,14,6,18,19,15,17,19,12,21
2,1,180734,0,0,0,0,0,0,0,0,0,0
1,1,180735,7,26,12,0,0,0,11,0,30,11
0,1,180736,0,0,0,0,0,0,0,0,0,0
1,1,180736,0,0,0,0,0,0,0,0,0,4
1,1,180737,0,0,0,0,0,0,0,0,0,0
2,1,180737,0,0,0,0,0,0,0,0,0,0
1,1,180738,23,23,23,23,23,23,23,23,23,23
2,1,180738,0,0,11,13,26,0,8,20,0,29
1,1,180739,0,0,0,0,0,0,0,0,0,0
1,1,180740,12,12,12,12,12,12,12,12,12,12
1,1,180741,12,12,12,12,12,12,12,12,12,12
1,1,180742,0,0,0,0,0,0,0,0,0,0
2,1,180742,0,0,0,0,0,0,0,0,0,0
1,1,180743,22,22,22,22,22,22,22,22,22,22
0,1,180744,20,33,15,13,0,0,0,14,0,26
1,1,180744,0,0,17,0,0,0,0,0,10,0