VEH_NO,PER_NO,ST_CASE,P1,P2,P3,P4,P5,P6,P7,P8,P9,P10
1,1,180745,18,0,0,52,18,16,29,7,17,12
1,1,180746,0,0,0,0,0,0,0,0,0,0
1,1,180747,0,0,0,0,0,0,0,0,0,0
2,1,180747,0,0,0,0,0,0,0,0,0,0
1,1,180748,0,0,0,0,0,0,0,0,0,0
2,1,180748,0,0,0,0,0,0,0,0,0,0
1,1,180749,0,0,0,0,0,0,0,0,0,0
1,1,180750,2,0,0,0,0,0,0,0,0,0
1,1,180751,0,0,0,0,0,0,0,0,0,0
1,1,180752,5,5,5,5,5,5,5,5,5,5
2,1,180752,0,0,0,0,0,0,0,0,0,0
1,1,180753,0,0,0,0,0,0,0,0,0,0
2,1,180753,0,0,0,0,0,0,0,0,0,0
1,1,180754,0,0,0,0,0,0,0,0,0,0
2,1,180754,0,2,0,0,0,0,0,0,0,0
1,1,180755,0,0,0,0,0,0,0,0,0,0
2,1,180755,0,0,0,0,0,0,0,0,0,0
0,1,180756,0,0,0,0,0,0,0,0,0,0
1,1,180756,0,0,0,0,0,0,0,0,0,0
0,1,180757,0,0,0,0,0,0,0,0,0,0
1,1,180757,0,0,0,0,0,0,0,0,0,0
0,1,180758,0,0,0,0,0,0,0,0,0,0
1,1,180758,0,0,0,0,0,0,0,0,0,0
1,1,180759,0,0,0,0,0,0,0,0,0,0
1,1,180760,0,0,0,0,0,0,0,0,0,0
2,1,180760,0,0,0,0,0,0,0,0,0,0
1,1,180761,0,0,0,0,0,0,0,0,0,0
1,1,180762,6,6,6,6,6,6,6,6,6,6
2,1,180762,0,0,0,0,0,0,0,0,0,0
3,1,180762,2,2,2,2,2,2,2,2,2,2
1,1,180763,14,14,14,14,14,14,14,14,14,14
1,1,180764,23,0,0,0,0,23,13,0,0,0
0,1,180765,0,0,0,0,0,0,0,0,0,0
1,1,180765,0,0,0,0,0,0,0,0,0,0
0,1,180766,0,0,0,0,0,0,0,0,8,0
1,1,180766,12,0,0,0,0,0,0,0,0,0
1,1,180767,0,0,0,0,0,0,0,0,0,0
2,1,180767,0,0,0,0,0,0,0,0,0,0
1,1,180768,22,22,22,22,22,22,22,22,22,22
2,1,180768,0,0,0,0,0,0,0,0,0,0
1,1,180769,0,0,0,0,0,0,0,0,0,0
2,1,180769,0,0,0,0,0,0,0,0,0,0
3,1,180769,0,0,0,0,0,0,0,0,0,0
1,1,180770,10,10,10,10,10,10,10,10,10,10
1,1,180771,0,0,0,0,0,0,0,0,0,0
2,1,180771,0,0,0,0,0,0,0,0,0,0
3,1,180771,0,0,0,0,0,0,0,0,0,0
0,1,180772,0,0,0,0,0,0,0,0,0,0
1,1,180772,0,0,0,0,0,0,0,0,0,0
1,1,180773,0,0,0,0,0,0,0,0,0,0
2,1,180773,0,0,0,5,0,0,0,0,0,0
1,1,180775,0,0,0,0,0,0,0,0,0,0
1,1,180776,60,60,60,60,60,60,60,60,60,60
1,1,180777,0,34,0,0,0,0,0,16,0,0
1,1,180778,0,9,0,0,0,0,0,0,0,0
1,1,180779,0,0,0,0,0,0,0,0,0,0
1,1,180780,0,0,0,0,0,0,0,0,0,0
2,1,180780,0,0,0,0,0,0,0,0,0,0
1,1,180781,0,0,0,0,0,0,0,0,0,0
2,1,180781,0,0,0,0,0,0,0,0,0,0
0,1,180782,0,0,0,0,9,0,0,0,0,0
1,1,180782,0,0,0,0,0,0,0,0,0,0
1,1,180783,0,0,0,0,0,0,0,0,0,0
2,1,180783,0,0,0,0,0,0,0,0,0,0
1,1,180784,0,0,0,0,0,0,0,0,0,0
2,1,180784,0,0,0,0,0,0,0,0,0,0
1,1,180785,0,0,0,0,0,0,0,0,0,0
1,1,180786,22,0,24,0,0,9,0,0,0,0
1,1,180787,0,0,0,0,0,0,0,0,0,0
2,1,180787,0,0,0,0,0,0,0,0,0,0
1,1,180788,0,0,0,0,0,0,0,0,0,0
2,1,180788,0,0,0,0,0,0,0,0,0,0
1,1,180789,0,0,0,0,0,0,0,0,0,0
2,1,180789,0,0,0,0,0,0,0,0,0,0
3,1,180789,0,0,0,0,0,0,0,0,0,0
4,1,180789,0,0,0,0,0,0,0,0,0,0
5,1,180789,0,0,0,0,0,0,0,0,0,0
1,1,180790,0,0,0,0,0,0,0,0,0,0
1,1,180791,0,0,0,0,0,0,0,0,0,0
1,1,180792,8,8,8,8,8,8,8,8,8,8
1,1,180793,17,17,17,17,17,17,17,17,17,17
1,1,180794,0,0,0,0,0,0,0,0,0,0
2,1,180794,0,0,0,0,0,0,0,0,0,0
3,1,180794,0,0,0,0,0,0,0,0,0,0
1,1,180795,0,0,0,0,0,0,0,0,0,0
1,1,180796,0,0,0,0,0,0,0,0,0,0
2,1,180796,0,0,0,0,0,0,0,0,0,0
0,1,180797,0,0,0,0,0,0,0,0,0,0
1,1,180797,0,0,0,0,0,0,0,0,0,0
2,1,180797,0,0,0,0,0,0,0,0,0,0
1,1,180798,0,0,0,0,0,0,0,0,0,0
2,1,180798,0,0,0,0,0,0,0,0,0,0
1,1,180799,19,19,19,19,19,19,19,19,19,19
1,1,180800,0,0,0,0,0,0,0,0,0,0
0,1,180801,0,0,0,0,0,11,0,0,0,0
1,1,180801,0,0,0,0,0,0,0,0,0,0
1,1,180802,0,0,0,0,0,0,0,0,0,0
0,1,180803,16,0,0,21,0,0,0,0,0,2
1,1,180803,0,0,9,0,0,0,0,5,0,0
0,1,180804,25,25,25,25,25,25,25,25,25,25
1,1,180804,0,0,0,0,0,0,0,0,0,0
0,1,180805,30,38,3,30,32,25,22,0,12,5
1,1,180805,0,0,0,0,0,0,0,0,0,0
1,1,180806,0,0,0,0,0,0,0,0,0,0
2,1,180806,0,0,0,0,0,0,0,0,0,0
1,1,180807,0,0,0,0,0,0,0,0,0,0
2,1,180807,0,0,0,0,0,0,0,0,0,0
1,1,180808,0,0,0,0,0,0,0,0,0,0
2,1,180808,0,0,0,0,0,0,0,0,0,0
1,1,180809,11,11,11,11,11,11,11,11,11,11
2,1,180809,0,0,0,0,0,0,0,0,0,0
1,1,180810,0,0,10,0,0,0,0,0,0,0
2,1,180810,0,0,0,0,0,0,0,0,0,0
3,1,180810,0,0,0,0,0,0,0,0,0,0
1,1,180811,0,0,0,0,0,0,0,0,0,0
1,1,180812,0,0,0,0,0,0,0,0,0,0
1,1,180813,0,0,0,0,0,0,0,0,0,0
2,1,180813,0,0,0,0,0,0,0,0,0,0
1,1,180814,0,0,0,0,0,0,0,0,0,0
2,1,180814,0,0,0,0,0,0,0,0,0,0
1,1,180815,0,0,0,0,0,0,0,0,0,0
1,1,180816,0,5,0,0,0,0,0,0,0,0
2,1,180816,0,0,0,0,0,0,0,0,0,0
1,1,180817,0,0,0,0,0,0,0,0,0,0
1,1,180818,0,0,0,0,0,0,0,0,0,0
0,1,180819,0,0,0,0,0,0,0,0,0,0
1,1,180819,0,0,0,0,0,0,0,0,0,0
1,1,180820,0,0,0,0,0,0,0,0,0,0
2,1,180820,0,0,0,0,3,0,0,0,0,0
1,1,180821,0,0,0,0,18,0,0,0,0,0
1,1,180822,0,0,0,0,0,0,0,0,0,0
1,1,180823,15,0,13,16,25,17,31,31,23,0
1,1,180824,0,0,0,0,0,0,0,0,0,0
2,1,180824,5,0,0,0,0,8,0,0,0,0
1,1,190001,21,21,21,21,21,21,21,21,21,21
1,1,190002,0,0,0,0,0,0,0,7,0,0
1,1,190003,0,0,0,0,0,0,0,0,0,0
0,1,190004,0,0,0,0,45,0,0,7,4,0
0,2,190004,0,0,21,38,28,0,25,21,17,5
1,1,190004,0,0,0,0,0,0,0,0,0,0
1,1,190005,0,0,0,0,0,0,0,0,0,0
2,1,190005,0,0,0,0,0,0,0,0,0,0
1,1,190006,0,0,0,0,14,29,25,12,0,0
0,1,190007,13,10,0,0,0,0,0,0,0,0
1,1,190007,0,0,0,0,0,0,0,0,0,0
1,1,190008,25,25,25,25,25,25,25,25,25,25
1,1,190009,0,0,0,0,0,0,0,0,0,0
2,1,190009,0,0,0,0,0,0,0,0,0,0
1,1,190010,11,11,11,11,11,11,11,11,11,11
1,1,190011,0,0,0,0,0,0,0,0,0,0
2,1,190011,0,0,0,0,0,0,0,0,0,0
3,1,190011,0,0,0,0,0,0,0,0,0,0
1,1,190012,0,0,0,0,0,0,0,0,0,0
1,1,190013,0,9,7,0,0,0,0,0,0,0
1,1,190014,0,0,12,0,0,0,0,0,0,0
2,1,190014,0,0,0,0,0,0,0,9,0,0
1,1,190015,0,0,0,13,0,0,0,8,0,0
2,1,190015,0,0,0,0,0,0,0,0,0,0
3,1,190015,0,0,0,0,0,0,0,0,0,0
4,1,190015,0,0,0,0,0,0,0,0,0,0
5,1,190015,0,0,0,0,0,0,0,0,0,0
1,1,190016,4,4,4,4,4,4,4,4,4,4
2,1,190016,0,0,0,0,0,0,0,0,0,0
1,1,190017,0,0,0,0,0,0,0,13,0,0
2,1,190017,0,0,0,0,0,0,0,0,0,0
1,1,190018,0,0,0,0,0,0,0,0,0,0
2,1,190018,0,0,0,0,0,0,0,0,0,0
1,1,190019,0,0,0,0,0,0,0,0,0,0
1,1,190020,0,0,0,0,0,0,0,0,0,0
1,1,190021,0,0,0,0,0,0,0,0,0,0
1,1,190022,0,0,0,0,0,0,0,0,0,0
2,1,190022,0,0,0,0,0,0,0,0,0,0
0,1,190023,21,21,21,21,21,21,21,21,21,21
1,1,190023,0,0,0,0,0,0,0,0,0,0
0,1,190024,17,3,2,15,15,7,26,13,13,42
1,1,190024,0,0,0,0,0,0,0,0,7,0
1,1,190025,18,18,18,18,18,18,18,18,18,18
1,1,190026,0,0,0,0,0,0,0,0,0,0
2,1,190026,0,0,0,0,0,0,0,0,0,0
1,1,190027,0,0,0,0,0,0,0,0,0,0
2,1,190027,18,18,18,18,18,18,18,18,18,18
1,1,190028,29,29,29,29,29,29,29,29,29,29
1,1,190029,3,3,3,3,3,3,3,3,3,3
1,1,190030,0,0,0,0,0,0,0,0,0,0
1,1,190031,26,26,26,26,26,26,26,26,26,26
1,1,190032,0,0,0,0,0,0,0,7,0,0
2,1,190032,0,0,0,0,0,0,0,0,0,0
0,1,190033,0,0,0,43,0,0,0,0,0,0
1,1,190033,0,0,0,0,0,0,0,0,0,0
1,1,190034,0,0,0,0,0,0,0,0,0,0
2,1,190034,0,0,0,0,0,0,0,0,0,0
3,1,190034,0,0,0,0,0,0,0,0,0,0
4,1,190034,0,0,0,0,0,0,0,0,0,0
5,1,190034,0,0,0,0,0,0,0,0,11,0
1,1,190035,13,0,22,18,23,0,14,0,0,14
1,1,190036,27,27,27,27,27,27,27,27,27,27
1,1,190037,0,7,8,0,0,0,0,22,9,9
1,1,190038,1,1,1,1,1,1,1,1,1,1
1,1,190039,0,0,8,8,0,0,0,0,0,0
2,1,190039,0,0,0,0,0,0,0,0,0,0
1,1,190040,0,0,0,0,0,0,0,0,0,0
2,1,190040,0,0,0,0,8,0,0,0,0,0
1,1,190041,0,0,0,0,0,0,0,0,0,0
2,1,190041,0,0,0,0,0,0,0,0,0,0
1,1,190042,0,0,8,0,3,16,0,11,25,19
1,1,190043,0,0,0,0,0,0,0,0,0,0
1,1,190044,0,0,0,0,0,0,0,0,0,0
2,1,190044,0,0,0,0,0,0,0,0,0,0
1,1,190045,0,0,0,0,0,0,0,0,0,0
2,1,190045,0,0,0,0,0,0,0,0,0,0
1,1,190046,0,0,13,0,0,0,0,0,0,0
1,1,190047,0,0,0,0,0,0,0,0,0,0
2,1,190047,0,0,0,0,0,0,0,0,0,0
1,1,190048,0,0,0,0,0,0,0,0,0,0
2,1,190048,0,0,0,0,0,0,0,0,0,0
1,1,190049,0,0,0,0,0,0,0,0,0,0
2,1,190049,0,0,0,0,0,0,0,0,0,0
1,1,190050,5,5,5,5,5,5,5,5,5,5
1,1,190051,0,0,0,0,0,0,0,0,0,0
2,1,190051,0,0,0,0,0,0,0,0,0,0
1,1,190052,0,0,0,0,0,0,0,0,0,0
1,1,190053,0,0,0,0,0,0,0,0,0,0
2,1,190053,0,0,0,0,0,0,0,0,0,0
1,1,190054,4,4,4,4,4,4,4,4,4,4
1,1,190055,0,0,0,0,0,0,0,0,0,0
1,1,190056,0,2,0,0,0,0,0,0,0,0
1,1,190057,10,40,23,0,0,0,0,8,20,17
1,1,190058,0,0,0,0,0,0,0,0,0,0
2,1,190058,0,0,0,0,0,0,0,0,0,0
3,1,190058,0,0,0,0,0,0,0,13,8,0
1,1,190059,0,0,0,0,13,11,0,0,0,0
1,1,190060,0,0,0,0,0,0,0,0,0,0
0,1,190061,0,16,0,0,20,0,0,31,0,0
1,1,190061,3,3,3,3,3,3,3,3,3,3
1,1,190062,0,0,0,0,0,0,0,0,0,0
2,1,190062,0,0,0,0,0,0,0,0,0,0
1,1,190063,0,0,0,0,0,0,0,0,0,0
2,1,190063,0,0,0,0,0,0,0,0,0,0
1,1,190064,0,0,0,0,0,0,0,0,0,0
2,1,190064,0,0,0,0,0,0,0,0,0,0
1,1,190065,10,0,0,0,5,0,0,0,15,0
1,1,190066,0,0,0,0,11,8,0,0,0,0
1,1,190067,4,0,0,0,0,0,0,0,0,0
2,1,190067,0,0,0,0,0,0,0,0,0,0
1,1,190068,0,0,0,0,0,0,0,0,0,0
2,1,190068,0,0,0,0,0,0,0,0,0,0
1,1,190070,2,0,0,0,12,0,16,0,0,0
2,1,190070,0,0,0,0,0,0,0,0,0,0
1,1,190071,8,0,0,0,0,0,0,0,0,0
2,1,190071,0,0,0,0,0,0,0,0,0,0
1,1,190072,0,0,0,0,0,0,0,0,0,0
2,1,190072,0,0,0,0,0,0,0,0,0,12
1,1,190074,0,0,0,0,0,0,0,0,0,0
2,1,190074,0,0,11,0,0,0,0,0,0,0
1,1,190075,0,0,0,0,0,0,0,0,0,10
1,1,190076,15,15,15,15,15,15,15,15,15,15
1,1,190077,0,0,0,0,0,0,0,10,0,0
1,1,190078,26,26,26,26,26,26,26,26,26,26
1,1,190079,0,0,0,0,0,0,0,0,0,0
2,1,190079,0,0,0,0,0,0,0,0,0,0
3,1,190079,0,0,0,0,0,0,0,0,0,0
1,1,190080,14,14,14,14,14,14,14,14,14,14
1,1,190081,17,17,17,17,17,17,17,17,17,17
1,1,190082,23,23,23,23,23,23,23,23,23,23
1,1,190083,0,0,0,0,0,0,0,0,0,0
1,1,190084,0,0,0,0,0,0,0,0,0,0
2,1,190084,0,0,0,0,0,0,0,0,0,0
1,1,190085,19,0,0,23,7,0,12,0,0,0
1,1,190086,11,11,11,11,11,11,11,11,11,11
1,1,190087,32,32,32,32,32,32,32,32,32,32
1,1,190088,16,16,16,16,16,16,16,16,16,16
1,1,190089,20,20,20,20,20,20,20,20,20,20
1,1,190090,0,0,0,0,0,0,0,0,0,0
2,1,190090,0,0,0,0,0,0,0,0,0,0
1,1,190091,0,0,0,0,0,0,0,0,0,0
1,1,190092,0,0,0,0,0,0,0,0,0,17
1,1,190093,0,0,0,8,0,0,0,0,5,0
1,1,190094,0,0,0,0,0,0,0,0,0,0
2,1,190094,5,0,0,5,0,0,7,0,0,0
1,1,190095,26,26,26,26,26,26,26,26,26,26
1,1,190096,0,0,0,0,0,0,0,0,0,0
2,1,190096,0,0,0,0,0,0,0,0,0,0
1,1,190097,32,32,32,32,32,32,32,32,32,32
1,1,190098,24,24,24,24,24,24,24,24,24,24
1,1,190099,0,0,0,0,0,0,0,0,0,0
2,1,190099,0,0,0,0,0,0,0,0,0,0
3,1,190099,0,0,0,0,0,0,0,0,0,0
1,1,190100,0,0,0,0,0,0,0,0,0,0
2,1,190100,0,0,0,0,0,0,0,0,0,0
1,1,190101,0,0,0,0,0,0,0,0,0,0
2,1,190101,0,0,0,0,0,0,0,0,0,0
1,1,190102,19,19,19,19,19,19,19,19,19,19
2,1,190102,0,0,0,0,0,0,0,5,0,0
3,1,190102,0,0,0,0,8,8,0,0,0,0
1,1,190103,0,0,0,0,0,0,0,0,0,0
2,1,190103,0,0,0,0,0,0,0,0,0,0
1,1,190104,0,0,0,0,0,0,0,0,0,0
1,1,190105,0,0,0,0,0,0,0,0,0,0
2,1,190105,0,0,0,0,0,0,0,0,0,0
1,1,190106,0,0,0,0,0,0,0,0,0,0
2,1,190106,0,0,0,0,0,0,0,0,0,0
3,1,190106,0,0,0,0,0,0,0,0,0,0
1,1,190107,0,0,16,0,0,0,0,0,0,0
1,1,190108,0,0,0,0,0,0,7,0,0,0
1,1,190109,0,0,0,0,0,0,0,0,0,0
1,1,190110,0,0,0,0,0,0,0,0,0,0
2,1,190110,0,0,0,0,0,0,0,0,0,0
1,1,190111,0,0,0,0,0,0,0,0,0,21
2,1,190111,0,0,0,0,0,0,0,0,0,0
1,1,190112,0,5,26,26,22,0,24,0,16,0
1,1,190113,0,0,0,0,0,0,0,0,0,0
2,1,190113,0,0,14,0,0,0,0,0,4,0
1,1,190114,0,0,0,0,0,0,0,0,0,0
1,1,190115,9,10,0,0,14,0,9,19,0,23
1,1,190116,0,0,0,9,7,9,0,11,11,0
2,1,190116,5,5,5,5,5,5,5,5,5,5
1,1,190117,0,0,0,0,0,0,9,0,0,0
2,1,190117,0,0,0,0,0,0,0,0,0,0
1,1,190118,15,15,15,15,15,15,15,15,15,15
1,1,190119,15,15,15,15,15,15,15,15,15,15
1,1,190120,0,0,0,0,0,0,0,0,0,0
2,1,190120,0,0,0,0,0,0,0,0,0,0
1,1,190121,28,28,28,28,28,28,28,28,28,28
0,1,190122,0,0,0,0,0,0,0,0,0,0
1,1,190122,0,0,0,0,0,0,0,0,0,0
1,1,190123,0,0,0,0,0,0,0,0,0,0
2,1,190123,0,0,0,0,0,0,0,0,0,0
1,1,190124,0,0,0,0,0,0,0,0,0,0
1,1,190125,0,0,0,0,0,6,0,0,0,0
1,1,190126,0,0,0,0,0,0,0,0,19,0
1,1,190127,23,13,28,0,29,16,0,18,15,0
1,1,190128,0,0,0,0,0,0,0,0,0,0
2,1,190128,0,0,0,0,0,0,0,0,0,0
1,1,190129,0,0,0,0,0,0,0,0,0,0
1,1,190130,0,0,0,0,0,0,0,8,0,0
1,1,190131,0,0,0,0,0,0,0,0,0,0
2,1,190131,0,0,0,0,0,0,0,0,0,0
3,1,190131,0,0,0,0,0,0,0,0,0,0
1,1,190132,17,6,0,0,10,6,15,0,0,9
1,1,190133,0,0,0,0,0,0,0,0,0,0
2,1,190133,0,0,0,0,0,0,0,0,0,0
1,1,190134,0,0,0,0,0,0,0,0,0,0
2,1,190134,0,0,0,0,0,0,0,0,0,0
1,1,190135,0,0,0,0,0,0,0,0,0,0
1,1,190136,6,0,0,0,0,0,0,0,0,12
1,1,190137,0,0,0,0,0,0,0,0,0,0
2,1,190137,1,1,1,1,1,1,1,1,1,1
3,1,190137,0,0,0,0,0,0,0,0,0,0
1,1,190138,0,0,0,0,0,0,0,0,0,0
1,1,190139,0,0,5,6,0,0,0,10,25,0
1,1,190140,0,0,0,0,0,0,0,0,0,0
1,1,190141,2,2,2,2,2,2,2,2,2,2
1,1,190142,0,0,0,0,0,0,0,0,0,0
2,1,190142,0,0,0,0,0,0,0,0,0,0
1,1,190143,0,0,0,0,0,0,0,0,0,0
2,1,190143,0,0,0,0,0,0,0,0,0,0
3,1,190143,0,0,0,0,0,0,0,0,0,0
0,1,190144,0,0,0,0,0,0,0,0,0,0
1,1,190144,10,10,10,10,10,10,10,10,10,10
0,1,190145,0,0,0,0,0,0,0,0,0,0
1,1,190145,0,0,0,0,0,0,0,0,0,0
1,1,190146,0,0,0,0,0,0,0,0,0,0
2,1,190146,0,0,0,0,0,0,0,0,0,0
1,1,190147,0,0,0,0,0,0,0,0,0,0
1,1,190148,0,0,0,0,0,0,0,0,0,0
2,1,190148,0,0,0,9,0,0,0,0,0,0
1,1,190149,36,0,42,22,7,11,23,0,25,22
1,1,190150,17,19,0,29,8,27,0,28,21,21
1,1,190151,0,0,0,0,0,0,0,0,0,16
0,1,190152,24,24,24,24,24,24,24,24,24,24
1,1,190152,0,0,0,16,0,0,0,11,14,0
1,1,190153,2,0,0,0,0,0,0,0,0,0
2,1,190153,0,0,0,0,0,0,0,0,0,0
1,1,190155,0,0,0,0,0,0,0,0,0,0
2,1,190155,0,0,0,0,0,0,0,0,0,0
1,1,190156,16,16,16,16,16,16,16,16,16,16
1,1,190157,10,10,10,10,10,10,10,10,10,10
2,1,190157,0,0,0,0,0,0,0,0,0,0
1,1,190158,12,12,12,12,12,12,12,12,12,12
1,1,190159,0,0,0,0,0,0,0,0,0,0
2,1,190159,0,0,0,0,0,0,0,0,0,0
1,1,190160,0,0,0,10,0,0,0,0,0,0
1,1,190161,0,0,0,0,0,0,0,0,0,0
1,1,190162,18,18,18,18,18,18,18,18,18,18
1,1,190163,0,0,0,0,0,0,0,0,0,0
2,1,190163,0,0,0,0,0,0,0,0,0,0
1,1,190164,0,0,0,0,0,0,0,0,0,0
2,1,190164,0,0,0,0,0,0,0,0,0,0
1,1,190165,1,1,1,1,1,1,1,1,1,1
2,1,190165,0,0,0,0,0,0,0,0,0,0
1,1,190166,0,10,9,0,0,0,0,0,8,0
1,1,190167,0,0,0,0,0,0,0,0,0,0
1,1,190169,11,11,11,11,11,11,11,11,11,11
2,1,190169,0,0,0,4,0,0,0,0,0,0
1,1,190170,0,0,0,0,0,0,0,0,0,0
1,1,190171,14,14,14,14,14,14,14,14,14,14
1,1,190172,27,27,27,27,27,27,27,27,27,27
1,1,190173,0,0,0,9,0,0,3,0,0,0
1,1,190174,16,16,16,16,16,16,16,16,16,16
1,1,190175,0,0,0,0,0,0,0,0,0,0
0,1,190176,0,0,0,15,0,0,0,8,0,0
1,1,190176,15,0,2,0,0,0,0,0,0,0
1,1,190177,21,21,21,21,21,21,21,21,21,21
1,1,190178,0,4,0,15,15,0,0,0,4,0
1,1,190179,0,0,0,0,0,0,0,0,0,0
2,1,190179,0,0,0,0,0,0,0,0,0,0
1,1,190180,10,10,10,10,10,10,10,10,10,10
1,1,190181,0,0,0,0,0,0,0,0,0,0
1,1,190182,21,0,16,0,0,0,0,0,0,0
1,1,190183,0,0,0,0,0,0,0,0,0,0
2,1,190183,0,0,0,0,0,0,0,0,0,0
1,1,190184,0,0,0,11,0,0,0,0,0,0
1,1,190185,3,24,7,15,0,17,0,23,26,0
1,1,190186,0,0,8,0,0,0,0,0,0,0
1,1,190187,0,0,0,0,0,0,0,0,0,0
2,1,190187,0,0,0,0,0,0,0,0,0,0
1,1,190188,9,0,0,10,0,0,0,0,0,0
0,1,190189,14,0,0,17,0,0,26,0,0,0
1,1,190189,0,0,14,0,0,0,0,24,0,0
1,1,190190,0,0,0,0,0,0,0,0,0,0
1,1,190191,9,9,9,9,9,9,9,9,9,9
1,1,190192,0,0,0,0,0,0,0,0,0,0
2,1,190192,0,0,0,0,0,0,0,0,0,0
1,1,190193,0,0,0,0,0,0,0,0,0,0
2,1,190193,0,0,0,0,0,0,0,0,0,0
1,1,190194,0,19,0,22,0,0,0,0,18,0
1,1,190195,25,25,25,25,25,25,25,25,25,25
1,1,190196,0,0,0,0,0,0,12,0,0,0
1,1,190197,20,0,0,0,0,28,0,0,0,0
2,1,190197,0,0,0,0,0,0,0,0,0,0
1,1,190198,12,12,12,12,12,12,12,12,12,12
1,1,190199,0,0,0,0,13,0,0,0,0,0
1,1,190200,0,0,0,4,0,0,0,0,0,0
2,1,190200,0,0,0,0,0,0,0,0,10,0
1,1,190201,0,0,0,0,0,27,17,18,0,24
1,1,190202,0,0,0,0,0,0,0,0,0,0
2,1,190202,0,0,0,0,0,0,0,0,0,0
1,1,190203,0,0,0,0,0,0,0,0,0,0
2,1,190203,0,0,0,0,0,0,0,0,0,0
3,1,190203,0,0,0,0,0,0,0,0,0,0
1,1,190204,13,13,13,13,13,13,13,13,13,13
1,1,190205,2,0,0,12,0,26,0,0,0,0
1,1,190206,0,0,0,0,0,0,0,0,0,0
1,1,190207,0,0,0,0,0,0,0,0,0,0
2,1,190207,0,0,0,0,0,0,0,0,0,0
1,1,190208,0,0,0,0,0,0,0,0,0,0
2,1,190208,0,0,0,0,0,0,0,0,0,0
1,1,190209,28,28,28,28,28,28,28,28,28,28
0,1,190210,0,0,0,0,0,32,0,0,0,0
1,1,190210,0,0,0,0,0,0,0,0,0,0
1,1,190211,15,15,15,15,15,15,15,15,15,15
1,1,190212,0,0,0,0,0,0,0,0,0,0
2,1,190212,0,0,0,0,0,0,0,0,0,0
1,1,190213,0,0,0,0,0,0,0,0,0,0
1,1,190214,0,0,4,0,0,0,0,0,0,0
1,1,190215,0,0,0,0,0,0,0,0,0,0
1,1,190216,0,0,0,0,0,0,0,0,0,6
2,1,190216,0,0,0,0,0,0,0,0,0,0
1,1,190217,0,0,0,0,0,0,0,0,0,0
2,1,190217,0,0,0,0,0,0,0,0,0,0
1,1,190218,0,0,0,0,17,6,32,0,0,0
1,1,190219,15,0,8,0,4,11,0,0,12,11
1,1,190220,0,0,0,0,0,0,0,0,0,0
2,1,190220,0,0,0,0,4,0,0,0,0,0
1,1,190221,0,0,0,0,0,0,0,0,0,0
2,1,190221,0,0,0,0,0,0,0,0,0,0
1,1,190222,0,0,0,0,0,0,0,0,0,0
2,1,190222,0,0,0,11,0,0,0,0,0,0
3,1,190222,0,0,0,0,0,0,0,0,0,0
1,1,190223,0,0,0,0,3,0,0,0,0,0
1,1,190224,0,16,0,4,0,0,0,0,12,0
1,1,190225,0,0,0,0,0,0,0,0,0,0
2,1,190225,0,0,0,14,0,0,0,0,0,0
1,1,190226,0,0,0,0,0,0,0,0,0,0
0,1,190227,20,15,26,12,20,34,27,20,18,26
1,1,190227,0,0,0,0,0,0,0,0,0,0
1,1,190228,22,18,0,0,0,0,0,0,7,32
1,1,190229,0,0,0,0,0,0,0,0,0,0
2,1,190229,0,0,0,0,0,0,0,0,0,0
1,1,190230,21,21,21,21,21,21,21,21,21,21
2,1,190230,0,0,0,0,0,0,0,0,0,0
1,1,190231,0,0,0,0,0,0,0,0,0,0
1,1,190232,0,0,0,0,0,0,0,0,0,0
0,1,190233,7,0,0,0,0,0,0,0,0,0
1,1,190233,14,14,14,14,14,14,14,14,14,14
1,1,190234,0,0,0,0,0,0,0,0,0,0
2,1,190234,0,0,0,0,0,0,0,0,0,0
1,1,190235,0,0,0,0,0,0,0,0,0,0
1,1,190236,8,5,0,13,12,0,0,10,15,20
1,1,190237,4,20,6,14,8,18,18,8,7,0
1,1,190238,12,28,8,0,0,14,6,0,17,24
1,1,190239,0,0,0,0,0,0,0,0,0,15
2,1,190239,0,0,0,0,0,0,0,0,0,0
1,1,190240,0,0,6,0,17,0,0,0,0,0
2,1,190240,0,0,0,0,0,0,0,0,0,0
1,1,190241,0,0,0,0,0,0,0,0,0,0
2,1,190241,0,0,0,0,0,0,0,0,0,0
1,1,190242,17,17,17,17,17,17,17,17,17,17
1,1,190243,0,0,0,0,0,0,0,0,0,0
1,1,190244,0,0,0,0,0,0,13,0,0,0
2,1,190244,0,0,0,0,0,0,0,0,0,0
1,1,190245,0,0,0,0,0,0,0,0,0,0
2,1,190245,5,0,0,0,0,0,0,0,0,0
1,1,190246,0,0,0,0,0,0,0,0,0,0
2,1,190246,0,0,0,0,0,0,0,0,0,0
1,1,190247,0,0,0,0,0,0,0,0,0,0
2,1,190247,0,0,0,0,0,0,0,0,0,0
1,1,190248,0,0,0,0,5,0,0,0,0,0
1,1,190249,7,7,7,7,7,7,7,7,7,7
1,1,190250,0,0,0,10,0,0,0,0,0,0
1,1,190251,14,7,31,4,24,6,13,17,0,17
1,1,190252,0,0,0,0,0,0,0,0,0,0
1,1,190253,0,0,0,0,0,0,0,0,4,6
1,1,190254,4,4,4,4,4,4,4,4,4,4
1,1,190255,0,0,0,0,0,14,0,0,0,0
1,1,190256,0,0,0,0,0,0,0,0,0,0
2,1,190256,0,0,0,0,0,0,0,0,0,0
0,1,190257,0,0,16,0,0,0,14,0,6,0
1,1,190257,9,0,0,13,0,9,0,0,0,8
1,1,190258,0,0,0,0,0,0,0,0,0,0
2,1,190258,0,0,0,0,0,0,0,0,0,0
1,1,190259,0,0,0,0,0,0,0,0,0,0
2,1,190259,0,0,0,0,0,0,0,0,0,0