VEH_NO,PER_NO,ST_CASE,P1,P2,P3,P4,P5,P6,P7,P8,P9,P10
1,1,190260,31,31,31,31,31,31,31,31,31,31
1,1,190261,21,21,21,21,21,21,21,21,21,21
1,1,190262,19,0,0,0,0,0,0,0,0,0
1,1,190263,0,0,0,0,0,0,0,0,0,0
1,1,190264,0,0,0,0,0,0,0,0,0,0
1,1,190265,20,20,20,20,20,20,20,20,20,20
1,1,190266,8,8,8,8,8,8,8,8,8,8
1,1,190267,0,6,0,6,9,22,0,0,3,0
1,1,190268,0,0,0,0,0,0,0,0,0,0
2,1,190268,0,0,0,0,0,0,0,0,0,0
1,1,190269,0,0,0,0,0,0,0,0,0,0
2,1,190269,4,4,4,4,4,4,4,4,4,4
3,1,190269,0,0,0,0,0,0,0,0,0,0
1,1,190270,7,7,7,7,7,7,7,7,7,7
2,1,190270,0,0,0,0,0,0,0,0,0,0
1,1,190271,0,0,0,0,0,0,0,0,0,0
1,1,190272,16,16,16,16,16,16,16,16,16,16
1,1,190273,4,0,0,0,0,0,0,0,0,0
2,1,190273,0,0,0,0,0,0,0,0,0,0
1,1,190274,36,36,36,36,36,36,36,36,36,36
1,1,190275,0,0,0,0,0,0,0,0,0,0
2,1,190275,0,0,0,0,0,0,0,0,0,0
1,1,190276,0,0,0,0,0,0,0,0,0,0
1,1,190277,0,0,0,0,0,0,0,0,0,0
1,1,190278,0,0,0,0,0,0,0,0,0,0
2,1,190278,0,0,0,0,0,0,0,6,0,0
1,1,190279,0,0,0,0,0,0,0,0,0,0
1,1,190280,0,4,0,0,0,0,0,0,0,0
2,1,190280,0,0,0,0,0,0,0,0,0,0
1,1,190281,0,0,0,0,0,0,0,0,0,0
2,1,190281,0,0,0,0,0,0,0,0,0,0
0,1,190282,0,16,0,0,0,14,0,0,0,0
1,1,190282,20,20,20,20,20,20,20,20,20,20
1,1,190283,0,0,0,0,0,0,0,0,0,0
1,1,190284,0,0,0,0,0,0,0,0,0,0
2,1,190284,0,0,0,0,0,0,0,0,0,0
3,1,190284,9,0,0,0,0,0,0,0,0,0
0,1,190285,0,0,0,0,0,0,0,0,0,0
0,2,190285,0,0,0,0,0,0,8,0,0,0
1,1,190285,0,0,0,0,0,0,0,0,0,0
1,1,190286,0,0,0,0,0,0,0,0,0,0
2,1,190286,0,0,0,0,0,0,0,0,0,0
1,1,190287,18,18,18,18,18,18,18,18,18,18
1,1,190288,0,0,0,0,0,0,0,0,0,0
2,1,190288,0,0,0,0,0,0,0,0,0,0
0,1,190289,0,0,0,0,0,2,0,0,0,10
1,1,190289,0,0,0,0,0,0,0,0,18,26
0,1,190290,0,0,0,0,0,0,0,0,0,0
1,1,190290,0,0,0,0,0,0,0,0,0,0
1,1,190291,0,0,0,0,0,0,0,0,0,0
1,1,190292,0,0,0,0,0,0,0,0,0,0
1,1,190294,0,0,0,0,0,0,0,0,0,0
2,1,190294,0,0,0,0,0,0,0,0,0,0
1,1,190295,0,0,0,0,0,0,0,17,0,0
2,1,190295,16,0,15,6,0,0,0,0,0,0
1,1,190296,0,0,0,0,0,0,0,0,0,0
2,1,190296,0,0,0,0,0,0,0,0,0,0
1,1,190297,32,32,32,32,32,32,32,32,32,32
1,1,190298,0,0,0,0,0,0,0,0,0,0
1,1,190299,14,19,10,19,0,11,0,14,4,0
1,1,190300,0,0,0,0,0,0,0,0,0,0
2,1,190300,0,0,0,0,0,0,0,0,0,0
1,1,190301,29,29,29,29,29,29,29,29,29,29
2,1,190301,0,0,0,0,0,0,0,0,0,0
1,1,190302,4,20,7,0,0,0,0,5,0,0
1,1,190303,15,15,15,15,15,15,15,15,15,15
1,1,190304,0,0,0,0,0,0,0,0,0,0
2,1,190304,0,0,0,0,0,15,0,0,0,0
1,1,190305,0,0,0,0,0,0,0,0,0,0
1,1,190306,0,0,0,0,0,0,0,0,0,0
2,1,190306,0,0,0,0,0,0,0,0,0,0
3,1,190306,0,0,0,7,0,0,0,0,0,8
1,1,190307,0,0,0,0,0,0,0,0,0,0
2,1,190307,0,0,0,0,0,0,0,0,0,0
1,1,190308,0,0,0,0,0,0,0,0,0,0
2,1,190308,0,0,0,0,0,0,0,0,0,0
1,1,190309,12,12,12,12,12,12,12,12,12,12
1,1,190310,0,0,0,0,0,0,0,0,0,0
0,1,190311,0,0,0,0,0,0,0,0,0,0
1,1,190311,0,0,0,0,0,0,0,0,0,0
1,1,190312,0,0,0,0,0,0,0,0,14,0
1,1,190313,0,0,0,0,0,0,0,0,0,0
2,1,190313,0,0,0,0,0,0,0,0,0,0
1,1,190314,17,17,17,17,17,17,17,17,17,17
1,1,190315,0,0,0,0,0,0,0,0,0,0
2,1,190315,0,14,0,0,0,0,0,0,0,0
1,1,190316,19,0,14,0,0,28,15,12,32,11
1,1,190317,0,0,0,0,0,0,0,0,0,0
2,1,190317,0,0,0,0,0,0,0,0,0,0
1,1,190318,22,22,22,22,22,22,22,22,22,22
1,1,190319,15,15,15,15,15,15,15,15,15,15
1,1,190320,2,0,0,0,0,0,0,0,0,0
1,1,190321,0,0,0,0,0,0,0,0,0,0
2,1,190321,0,0,0,0,0,0,0,0,0,0
1,1,190322,7,7,7,7,7,7,7,7,7,7
0,1,190323,7,0,0,0,0,0,0,0,0,0
1,1,190323,0,0,0,0,0,0,0,0,0,0
0,1,190324,31,31,31,31,31,31,31,31,31,31
1,1,190324,0,0,0,0,0,0,0,0,0,0
1,1,190325,0,0,0,16,0,0,0,18,0,0
2,1,190325,0,0,0,0,0,0,0,0,0,0
3,1,190325,0,0,0,0,0,0,0,0,0,0
0,1,190326,0,0,0,0,0,0,0,0,0,0
1,1,190326,0,0,0,0,0,0,0,0,0,0
1,1,190328,0,0,0,0,0,0,0,0,0,0
2,1,190328,0,0,0,0,0,0,0,0,0,0
0,1,190329,0,5,0,11,0,0,0,0,0,0
1,1,190329,0,0,0,0,0,0,0,0,19,0
1,1,190330,0,0,0,0,0,0,0,0,0,0
1,1,190331,0,0,0,0,0,0,0,0,0,0
1,1,190332,0,0,0,0,0,0,0,0,0,0
1,1,190333,14,14,14,14,14,14,14,14,14,14
1,1,190334,17,17,17,17,17,17,17,17,17,17
1,1,190335,0,0,0,0,0,0,0,0,0,0
2,1,190335,19,19,19,19,19,19,19,19,19,19
1,1,190336,0,0,0,0,0,0,0,0,0,0
2,1,190336,0,0,0,0,0,0,0,0,0,0
1,1,190337,0,0,0,0,0,0,0,0,0,0
2,1,190337,0,0,0,0,0,0,0,0,0,0
1,1,190338,9,9,9,9,9,9,9,9,9,9
1,1,190339,0,0,0,0,0,0,0,0,0,0
2,1,190339,0,0,0,0,0,0,0,0,0,0
0,1,190340,0,0,0,0,0,0,0,0,0,0
1,1,190341,0,0,0,0,0,0,0,0,0,0
2,1,190341,21,21,21,21,21,21,21,21,21,21
1,1,190342,0,0,0,0,13,0,0,0,0,0
1,1,190343,0,0,0,0,0,0,0,0,0,0
1,1,190344,0,0,0,0,9,0,0,0,0,7
0,1,190345,0,0,0,0,0,0,0,0,0,0
1,1,190345,0,0,0,0,0,0,0,0,0,0
1,1,190346,0,0,0,0,0,0,0,0,0,0
2,1,190346,0,0,0,0,0,0,0,0,0,0
3,1,190346,0,0,0,0,0,0,0,0,0,0
1,1,190347,0,0,0,0,31,0,25,0,0,33
1,1,190348,15,15,15,15,15,15,15,15,15,15
1,1,190349,0,0,0,0,0,0,0,0,0,0
1,1,190350,0,0,0,0,0,0,0,0,0,0
1,1,190351,0,0,0,0,0,0,0,0,0,0
2,1,190351,0,0,0,0,0,0,0,0,0,0
1,1,190352,0,0,0,0,0,0,0,18,0,3
1,1,190353,0,0,0,0,0,0,0,0,0,0
1,1,190354,30,30,30,30,30,30,30,30,30,30
2,1,190354,0,0,0,0,0,0,0,0,0,0
1,1,190355,0,0,0,0,0,0,0,0,0,0
2,1,190355,0,0,0,0,0,0,0,0,0,0
1,1,190356,0,0,0,0,0,0,0,0,0,0
2,1,190356,0,0,0,0,0,0,0,0,0,0
1,1,190357,0,0,0,0,0,0,0,0,0,0
1,1,190358,0,12,25,0,5,0,0,15,10,7
1,1,190359,0,0,0,0,0,0,0,0,0,0
2,1,190359,0,0,0,0,0,0,0,0,0,0
1,1,190360,0,0,0,0,0,0,0,0,0,0
1,1,190361,0,0,0,0,0,0,0,0,0,0
1,1,190362,0,0,0,0,0,0,0,0,0,0
2,1,190362,0,0,0,0,0,0,0,0,0,0
0,1,190363,0,0,0,0,0,0,0,0,0,0
0,2,190363,0,0,0,0,0,0,0,0,0,0
1,1,190363,0,0,0,0,0,0,0,0,0,0
1,1,190364,0,0,0,0,0,0,0,0,0,0
2,1,190364,0,0,0,0,0,0,0,0,0,0
1,1,190365,19,0,0,0,14,8,9,0,5,38
1,1,190366,0,0,0,0,0,0,0,0,0,0
2,1,190366,0,0,0,0,0,11,0,0,0,0
1,1,190367,20,0,0,0,0,0,0,0,0,0
2,1,190367,8,8,8,8,8,8,8,8,8,8
1,1,190368,0,0,0,0,0,0,0,0,0,0
2,1,190368,0,0,0,0,0,0,0,0,0,0
1,1,190369,0,0,0,0,0,0,0,0,0,0
2,1,190369,0,0,0,0,0,0,0,0,0,0
1,1,190370,0,0,0,5,0,0,0,0,0,0
1,1,190371,14,14,14,14,14,14,14,14,14,14
1,1,190372,0,0,0,0,0,0,0,0,0,0
2,1,190372,0,0,0,0,0,0,0,0,0,0
1,1,190373,16,16,16,16,16,16,16,16,16,16
1,1,190374,28,28,28,28,28,28,28,28,28,28
1,1,190375,0,0,0,0,0,0,0,0,0,0
2,1,190375,0,0,0,0,0,0,0,0,0,0
1,1,190376,0,0,0,0,0,0,0,0,0,0
2,1,190376,0,0,0,0,0,0,0,0,0,0
1,1,190377,0,0,0,0,0,0,0,0,0,0
2,1,190377,0,0,0,0,0,0,0,0,0,0
1,1,190378,0,0,21,18,0,0,0,0,16,0
1,1,190379,27,27,27,27,27,27,27,27,27,27
2,1,190379,0,0,0,0,0,0,0,0,0,0
1,1,190380,18,18,18,18,18,18,18,18,18,18
2,1,190380,0,0,0,0,0,0,0,0,0,0
1,1,190381,0,0,0,0,0,0,0,0,0,0
2,1,190381,0,0,0,0,7,0,0,0,0,0
1,1,190382,0,0,0,0,0,0,0,0,0,0
1,1,190383,0,26,0,0,7,0,0,0,0,0
1,1,190384,0,0,0,0,0,0,0,13,8,0
1,1,190385,14,14,14,14,14,14,14,14,14,14
1,1,190386,0,0,0,0,0,0,0,0,0,0
2,1,190386,0,0,0,0,0,0,0,0,0,0
3,1,190386,0,0,0,0,0,0,0,0,0,0
4,1,190386,0,0,0,0,0,0,0,0,0,0
1,1,190387,0,0,0,0,0,0,0,0,0,0
1,1,190388,0,0,0,0,0,0,0,0,0,0
2,1,190388,0,0,0,0,0,0,0,0,0,0
1,1,190389,1,1,1,1,1,1,1,1,1,1
2,1,190389,0,0,0,0,0,0,0,0,0,0
1,1,190390,0,0,0,0,0,0,0,0,0,0
2,1,190390,0,0,0,0,0,0,0,0,0,0
0,1,190391,16,0,21,13,6,49,0,14,27,0
1,1,190391,0,0,0,0,0,0,0,0,0,0
2,1,190391,0,0,0,0,0,0,0,0,0,0
1,1,190392,0,0,0,0,0,0,0,0,0,0
2,1,190392,0,0,0,0,0,0,0,0,0,0
1,1,190393,0,0,0,0,0,0,0,0,0,0
2,1,190393,0,0,0,0,0,0,0,0,0,0
1,1,190394,0,0,0,0,0,0,0,0,0,0
2,1,190394,0,0,0,0,0,0,0,0,0,0
1,1,190395,0,0,0,0,0,0,0,0,7,0
2,1,190395,0,0,0,0,0,0,0,0,0,0
1,1,190396,0,0,0,0,0,0,0,0,0,0
1,1,190397,0,0,0,0,0,0,0,0,0,0
2,1,190397,0,0,0,0,0,0,0,0,0,0
3,1,190397,0,0,0,0,0,0,0,0,0,0
1,1,190398,6,6,6,6,6,6,6,6,6,6
2,1,190398,8,8,8,8,8,8,8,8,8,8
1,1,190399,9,14,0,0,0,0,13,0,0,0
1,1,200001,0,0,0,0,0,0,0,0,0,0
1,1,200002,0,26,0,0,0,0,3,0,0,0
2,1,200002,0,0,2,0,0,0,0,0,0,0
1,1,200003,0,0,0,0,0,0,0,0,0,0
2,1,200003,0,0,0,0,0,0,0,0,0,0
1,1,200004,0,0,0,0,0,0,0,0,0,0
2,1,200004,0,0,0,0,0,0,0,0,0,0
1,1,200005,0,0,0,0,0,0,0,0,0,0
2,1,200005,0,0,0,0,0,0,1,0,0,0
1,1,200006,0,0,0,0,0,0,0,0,0,0
2,1,200006,11,11,11,11,11,11,11,11,11,11
1,1,200007,8,0,0,0,0,0,0,14,9,0
1,1,200008,14,14,14,14,14,14,14,14,14,14
1,1,200009,0,0,0,12,0,0,0,0,0,0
2,1,200009,0,0,0,12,0,0,0,0,0,0
1,1,200010,0,0,0,0,0,0,0,0,0,0
2,1,200010,0,0,0,0,0,0,0,0,0,0
1,1,200011,20,20,20,20,20,20,20,20,20,20
1,1,200012,20,20,20,20,20,20,20,20,20,20
1,1,200013,0,0,0,0,0,0,0,0,0,0
1,1,200014,4,4,4,4,4,4,4,4,4,4
1,1,200015,12,12,12,12,12,12,12,12,12,12
1,1,200016,0,0,0,0,0,0,0,0,0,0
2,1,200016,22,0,0,0,0,0,0,0,0,0
1,1,200017,0,0,0,0,0,0,0,0,0,0
2,1,200017,0,0,0,0,0,0,0,0,0,0
1,1,200018,0,0,0,0,0,0,0,0,0,0
2,1,200018,0,0,0,0,0,0,0,0,0,0
1,1,200019,0,0,0,0,0,0,0,0,0,0
2,1,200019,0,0,0,0,0,0,0,0,0,0
3,1,200019,0,0,0,0,0,0,0,0,0,0
1,1,200020,0,0,0,0,0,0,0,0,0,0
2,1,200020,0,0,0,0,0,0,0,0,0,0
1,1,200021,28,28,28,28,28,28,28,28,28,28
2,1,200021,12,12,12,12,12,12,12,12,12,12
1,1,200022,21,21,21,21,21,21,21,21,21,21
1,1,200023,0,0,0,0,0,0,0,0,0,0
2,1,200023,0,0,0,0,0,0,0,0,0,0
1,1,200024,32,32,32,32,32,32,32,32,32,32
1,1,200026,21,21,21,21,21,21,21,21,21,21
1,1,200027,28,0,32,0,0,0,15,0,0,0
1,1,200028,0,10,0,4,14,0,0,0,0,0
2,1,200028,0,0,0,0,0,0,0,0,0,0
1,1,200029,23,23,23,23,23,23,23,23,23,23
1,1,200030,0,0,0,7,0,0,0,0,0,0
2,1,200030,0,0,0,0,0,0,0,0,0,0
1,1,200031,0,0,0,0,0,0,0,0,0,0
1,1,200032,0,0,0,0,0,0,0,0,0,0
1,1,200033,0,0,0,0,0,0,0,0,0,0
2,1,200033,0,0,0,0,0,0,0,0,0,0
1,1,200034,0,0,0,0,0,0,0,0,0,0
2,1,200034,0,0,0,0,0,0,0,0,0,0
3,1,200034,0,0,0,0,0,0,0,0,0,0
1,1,200035,1,0,0,0,0,11,0,15,15,24
1,1,200036,0,0,0,0,0,0,0,6,0,0
2,1,200036,0,0,0,0,0,0,0,14,0,0
1,1,200037,0,0,0,0,0,0,0,0,0,0
2,1,200037,0,0,0,0,0,0,0,0,0,0
1,1,200038,0,0,0,0,0,0,0,0,0,0
2,1,200038,0,0,0,0,0,0,0,0,0,0
1,1,200039,0,0,0,0,0,0,0,0,0,0
0,1,200041,17,0,0,25,0,0,0,0,0,3
1,1,200041,0,0,0,0,0,0,0,0,0,0
1,1,200042,0,0,0,0,0,0,0,0,0,0
1,1,200043,13,13,13,13,13,13,13,13,13,13
1,1,200044,5,0,0,3,0,0,6,0,0,15
1,1,200045,0,0,0,0,0,0,0,0,0,0
2,1,200045,0,0,0,0,0,0,0,0,0,0
1,1,200046,0,0,0,0,0,0,0,0,0,0
2,1,200046,0,0,0,0,0,0,0,0,0,0
1,1,200047,0,0,0,0,0,0,0,0,0,0
2,1,200047,0,0,0,0,0,0,0,0,0,0
0,1,200048,0,0,0,0,0,0,0,0,0,0
1,1,200048,0,0,0,0,0,0,0,0,0,0
1,1,200049,2,2,2,2,2,2,2,2,2,2
2,1,200049,0,0,0,0,0,0,0,0,0,0
1,1,200050,0,0,0,0,0,0,0,0,0,0
2,1,200050,0,0,0,0,0,0,0,0,0,0
1,1,200051,0,0,0,0,0,0,0,0,0,0
2,1,200051,0,0,0,0,0,0,0,0,0,0
1,1,200052,0,0,0,0,0,0,0,0,0,0
1,1,200053,17,17,17,17,17,17,17,17,17,17
1,1,200054,0,0,0,0,0,0,0,0,0,0
1,1,200055,0,0,0,0,0,0,0,0,0,0
1,1,200056,0,0,0,0,0,0,0,0,0,0
2,1,200056,0,0,0,0,0,0,0,0,0,0
3,1,200056,0,6,0,0,0,0,0,0,0,0
1,1,200057,0,0,0,0,0,0,0,0,0,0
1,1,200058,2,2,2,2,2,2,2,2,2,2
1,1,200059,0,0,0,0,0,0,0,0,0,0
2,1,200059,0,0,0,0,0,0,0,0,0,0
1,1,200060,4,4,4,4,4,4,4,4,4,4
1,1,200061,0,0,0,0,0,0,0,0,0,0
2,1,200061,0,0,0,0,0,0,0,0,0,0
1,1,200062,0,0,0,0,0,0,0,0,0,0
2,1,200062,0,0,0,0,0,0,0,0,0,0
1,1,200063,0,0,22,0,0,0,0,0,0,0
2,1,200063,0,0,0,0,0,0,0,0,0,0
0,1,200064,31,31,31,31,31,31,31,31,31,31
1,1,200064,0,0,0,0,0,0,0,0,0,0
2,1,200064,0,0,0,0,0,0,0,0,0,0
3,1,200064,0,0,0,0,0,0,0,0,0,0
1,1,200065,0,0,0,0,0,0,0,0,0,0
1,1,200066,0,0,0,0,0,0,0,0,0,0
2,1,200066,0,0,0,0,0,0,0,0,0,0
1,1,200067,9,9,9,9,9,9,9,9,9,9
1,1,200068,19,19,19,19,19,19,19,19,19,19
1,1,200069,15,9,0,7,19,19,0,0,11,0
1,1,200070,15,15,15,15,15,15,15,15,15,15
1,1,200071,0,0,0,0,0,0,0,0,0,0
2,1,200071,0,0,0,0,0,0,0,0,0,0
1,1,200072,2,2,2,2,2,2,2,2,2,2
1,1,200073,0,0,0,0,0,0,0,0,0,0
2,1,200073,0,0,0,0,0,0,0,0,0,0
1,1,200074,0,0,0,0,0,0,0,0,0,0
2,1,200074,0,0,0,0,0,0,0,0,0,0
1,1,200075,13,13,13,13,13,13,13,13,13,13
1,1,200076,0,0,0,0,0,0,0,0,0,0
2,1,200076,0,0,0,0,0,0,0,0,0,0
1,1,200077,0,0,0,0,0,0,0,0,0,0
1,1,200078,20,20,20,20,20,20,20,20,20,20
1,1,200079,0,0,0,0,0,0,0,0,0,0
2,1,200079,11,0,0,0,0,0,0,0,0,0
1,1,200080,0,0,0,0,0,0,0,0,0,0
2,1,200080,0,0,0,0,0,0,0,0,0,0
3,1,200080,0,0,0,0,0,0,0,0,0,0
4,1,200080,0,0,0,0,0,0,0,0,0,0
1,1,200081,0,0,0,0,0,0,0,0,0,0
2,1,200081,0,0,0,0,0,0,0,0,0,0
3,1,200081,0,0,0,0,0,0,0,0,0,0
1,1,200082,0,0,0,0,0,0,0,0,0,0
2,1,200082,0,0,0,0,0,0,0,0,0,0
0,1,200083,34,44,12,21,16,37,33,37,29,18
1,1,200083,0,0,0,0,0,0,0,0,0,0
1,1,200084,0,0,0,0,0,0,0,0,0,0
2,1,200084,0,0,0,0,0,0,0,0,0,0
1,1,200085,18,18,18,18,18,18,18,18,18,18
2,1,200085,0,0,0,0,0,0,0,0,0,0
1,1,200086,0,0,0,0,0,0,0,0,0,0
2,1,200086,0,0,0,0,0,0,0,0,0,0
1,1,200087,0,0,0,0,0,0,0,0,0,0
2,1,200087,0,0,0,0,0,8,0,0,0,0
1,1,200088,19,19,19,19,19,19,19,19,19,19
1,1,200089,2,2,2,2,2,2,2,2,2,2
2,1,200089,0,0,0,0,0,0,0,6,0,0
1,1,200090,0,0,0,0,0,7,0,3,0,0
1,1,200091,21,21,21,21,21,21,21,21,21,21
1,1,200092,0,0,0,0,0,0,0,0,0,0
1,1,200093,0,0,0,0,0,0,0,0,0,0
2,1,200093,27,27,27,27,27,27,27,27,27,27
1,1,200094,0,0,0,0,0,0,0,0,0,0
2,1,200094,0,0,0,0,0,0,0,0,0,0
1,1,200095,0,0,0,0,0,0,0,0,0,0
2,1,200095,0,0,0,0,0,0,0,0,0,0
0,1,200096,23,23,23,23,23,23,23,23,23,23
1,1,200096,0,0,0,0,0,8,0,0,0,0
1,1,200097,15,15,15,15,15,15,15,15,15,15
2,1,200097,0,0,0,0,0,0,7,0,7,0
3,1,200097,0,0,0,0,0,0,0,0,0,0
4,1,200097,0,0,0,0,0,0,3,0,0,0
1,1,200098,30,30,30,30,30,30,30,30,30,30
1,1,200099,16,16,16,16,16,16,16,16,16,16
1,1,200100,17,17,17,17,17,17,17,17,17,17
1,1,200101,0,0,0,0,0,0,0,0,0,0
2,1,200101,0,0,0,0,0,0,0,0,0,0
1,1,200102,17,17,17,17,17,17,17,17,17,17
1,1,200103,0,0,0,0,0,0,0,0,0,0
2,1,200103,0,0,0,0,0,0,0,0,0,0
1,1,200104,0,0,0,0,0,0,0,0,0,0
2,1,200104,0,0,0,0,0,0,0,0,0,0
3,1,200104,0,0,0,0,0,0,0,0,0,0
4,1,200104,0,0,0,0,0,0,0,0,0,0
1,1,200105,0,0,0,0,0,0,0,0,0,0
2,1,200105,0,0,0,0,0,0,0,0,0,0
1,1,200106,3,22,0,0,0,0,25,0,0,0
1,1,200107,0,0,0,0,0,0,0,0,0,0
1,1,200108,0,0,0,0,0,0,0,0,0,0
2,1,200108,0,0,0,0,0,0,0,0,0,0
1,1,200109,0,0,0,0,0,0,0,0,0,0
2,1,200109,0,0,0,0,0,0,0,0,0,0
1,1,200110,0,0,0,0,0,0,0,0,0,0
2,1,200110,0,0,0,0,0,0,0,0,0,0
1,1,200111,8,7,9,12,11,8,5,15,30,15
2,1,200111,0,0,0,0,0,0,0,0,0,0
1,1,200112,0,0,0,0,0,0,0,0,0,0
2,1,200112,0,0,0,0,0,0,0,0,0,0
1,1,200113,21,21,21,21,21,21,21,21,21,21
1,1,200114,10,12,15,10,0,26,15,14,7,3
1,1,200115,0,0,0,0,0,0,0,0,0,0
2,1,200115,0,0,0,0,0,0,0,0,0,0
1,1,200116,0,0,0,0,0,0,0,0,0,0
2,1,200116,0,0,0,0,0,0,0,0,0,0
3,1,200116,0,0,0,0,0,0,0,0,0,0
1,1,200117,0,0,0,0,0,0,0,0,0,0
1,1,200118,0,14,0,0,23,0,0,0,0,12
1,1,200119,17,0,6,0,0,21,0,10,0,0
2,1,200119,0,0,0,4,0,0,0,0,0,0
3,1,200119,0,0,0,0,0,0,0,8,0,0
1,1,200120,25,25,25,25,25,25,25,25,25,25
1,1,200121,0,0,0,0,0,0,0,0,0,0
2,1,200121,0,0,0,0,0,0,0,0,0,0
3,1,200121,0,0,0,0,0,0,0,0,0,0
1,1,200122,0,9,0,0,0,0,0,0,0,0
2,1,200122,0,0,0,0,0,0,0,0,0,0
1,1,200123,0,0,0,0,0,0,0,0,0,0
1,1,200124,0,0,0,0,27,27,14,17,0,0
1,1,200125,0,0,0,0,0,0,0,0,0,0
1,1,200126,0,0,0,0,0,0,0,0,0,0
1,1,200127,8,8,8,8,8,8,8,8,8,8
2,1,200127,0,0,0,0,0,0,0,0,0,0
1,1,200128,0,0,0,0,0,0,0,0,0,0
2,1,200128,0,0,0,0,0,0,0,0,0,0
1,1,200129,31,31,31,31,31,31,31,31,31,31
1,1,200130,0,0,0,0,0,0,0,0,20,0
2,1,200130,0,0,0,0,0,0,0,0,0,0
1,1,200131,0,0,0,0,0,0,0,0,0,0
2,1,200131,0,0,0,0,0,0,0,0,0,0
1,1,200132,0,0,0,0,0,0,0,0,0,0
2,1,200132,0,0,0,0,0,0,0,0,0,0
1,1,200133,17,17,17,17,17,17,17,17,17,17
1,1,200134,24,24,24,24,24,24,24,24,24,24
1,1,200135,17,17,17,17,17,17,17,17,17,17
2,1,200135,0,0,0,0,0,0,0,0,0,0
1,1,200136,0,0,0,0,0,0,0,0,0,0
2,1,200136,0,0,0,0,0,0,0,0,0,0
1,1,200137,0,0,0,0,0,0,0,0,0,0
2,1,200137,0,0,0,0,0,0,0,0,0,0
0,1,200138,0,0,0,0,0,0,0,0,0,0
1,1,200138,0,0,0,0,0,0,0,0,0,0
1,1,200139,0,0,0,0,0,0,0,0,0,0
2,1,200139,0,0,0,0,0,0,0,0,0,0
1,1,200140,15,15,15,15,15,15,15,15,15,15
1,1,200141,11,11,11,11,11,11,11,11,11,11
1,1,200142,0,0,0,0,0,0,0,0,0,0
1,1,200143,5,5,5,5,5,5,5,5,5,5
1,1,200144,0,0,0,0,0,0,0,0,0,0
0,1,200145,0,0,0,0,0,0,0,0,0,0
1,1,200146,0,0,0,0,0,0,0,0,0,0
2,1,200146,0,0,0,0,0,0,0,0,0,0
1,1,200147,18,0,7,0,0,0,0,0,0,0
1,1,200148,13,13,13,13,13,13,13,13,13,13
1,1,200149,0,0,0,0,0,0,0,0,0,0
2,1,200149,0,0,0,0,0,0,0,0,0,0
1,1,200150,26,26,26,26,26,26,26,26,26,26
1,1,200151,0,0,0,0,0,0,0,0,0,0
2,1,200151,0,0,0,0,0,0,0,0,0,0
1,1,200152,0,0,0,0,0,0,0,0,0,0
1,1,200153,0,0,0,0,0,0,0,0,0,0
1,1,200154,0,0,0,0,0,0,0,0,7,0
2,1,200154,0,0,0,13,0,0,0,8,0,0
3,1,200154,0,0,0,0,0,0,0,0,0,0
1,1,200155,12,12,12,12,12,12,12,12,12,12
1,1,200156,0,0,0,0,0,0,0,0,0,0
1,1,200157,0,0,0,0,0,0,0,0,0,0
1,1,200158,0,0,0,0,0,0,0,0,0,0
1,1,200159,0,0,0,0,0,0,0,0,0,0
2,1,200159,0,0,0,0,0,0,0,0,0,0
1,1,200160,17,17,17,17,17,17,17,17,17,17
1,1,200161,7,48,16,22,6,49,20,28,11,36
1,1,200162,0,0,0,0,0,0,0,0,0,0
2,1,200162,0,0,0,0,0,0,0,0,0,0
1,1,200163,0,0,0,0,0,0,0,0,0,0
1,1,200164,0,26,0,0,0,0,0,25,0,0
1,1,200165,10,10,10,10,10,10,10,10,10,10
1,1,200166,13,13,13,13,13,13,13,13,13,13
1,1,200167,0,0,0,0,0,0,0,0,0,0
2,1,200167,0,0,0,0,0,0,0,0,0,0
1,1,200168,0,0,0,0,0,0,0,17,0,0
2,1,200168,0,0,0,0,0,0,0,0,0,8
3,1,200168,0,0,12,0,0,0,0,0,14,0
1,1,200169,22,22,22,22,22,22,22,22,22,22
1,1,200170,0,11,0,11,0,0,0,9,0,0
1,1,200171,19,19,19,19,19,19,19,19,19,19
1,1,200172,0,0,0,0,0,0,0,0,0,0
2,1,200172,0,0,0,0,0,0,0,0,0,0
1,1,200173,0,0,0,0,0,0,0,0,0,0
2,1,200173,0,0,0,0,0,0,0,0,0,0
1,1,200174,0,0,0,0,0,0,0,0,0,0
2,1,200174,0,0,0,0,0,0,0,0,0,0
1,1,200175,0,0,0,0,0,0,0,0,0,0
1,1,200176,0,0,0,0,0,0,0,0,0,0
2,1,200176,0,0,0,0,0,0,0,0,0,0
3,1,200176,0,0,0,0,0,0,0,0,0,0
1,1,200177,0,0,10,0,0,0,0,0,0,0
2,1,200177,0,0,0,0,0,0,0,0,0,0
1,1,200178,0,0,0,32,0,0,0,0,0,0
2,1,200178,0,0,0,0,0,0,0,0,0,0
3,1,200178,0,0,0,0,0,0,0,0,0,0
1,1,200179,4,4,4,4,4,4,4,4,4,4
2,1,200179,0,0,0,0,0,0,0,0,0,0
3,1,200179,0,0,0,0,0,0,0,0,0,0
1,1,200180,14,14,14,14,14,14,14,14,14,14
0,1,200181,0,0,0,0,0,0,0,0,0,0
1,1,200181,0,0,0,0,0,0,0,0,0,0
1,1,200182,0,0,0,0,0,0,0,0,0,0
2,1,200182,0,0,0,0,0,0,0,0,0,0
1,1,200183,0,0,14,0,0,0,0,0,0,0
2,1,200183,0,0,0,0,0,0,0,0,0,0
1,1,200184,23,23,23,23,23,23,23,23,23,23