VEH_NO,PER_NO,ST_CASE,P1,P2,P3,P4,P5,P6,P7,P8,P9,P10
0,1,200185,0,0,0,0,0,0,0,0,0,0
1,1,200185,0,0,0,0,0,0,0,0,0,0
1,1,200186,0,0,0,0,0,0,0,0,0,0
2,1,200186,0,0,0,0,0,0,0,0,0,0
1,1,200187,0,0,0,0,0,0,0,0,0,0
1,1,200188,0,0,0,0,0,0,0,0,0,0
2,1,200188,0,0,0,0,0,0,0,0,0,0
1,1,200189,0,0,0,0,0,0,0,0,0,0
2,1,200189,0,0,0,0,0,0,0,0,0,0
1,1,200190,0,0,0,0,0,0,0,0,0,0
2,1,200190,0,0,0,0,0,0,0,0,0,4
1,1,200191,0,0,0,0,0,0,0,0,0,0
2,1,200191,0,0,0,0,0,0,0,0,0,0
1,1,200192,0,0,0,0,0,0,0,0,0,0
1,1,200193,0,0,0,0,0,0,0,0,0,0
1,1,200194,0,0,0,0,0,0,0,0,0,0
2,1,200194,0,0,0,0,0,0,0,0,0,0
1,1,200195,0,0,0,0,0,0,0,0,0,0
2,1,200195,0,0,0,0,0,0,0,0,0,0
3,1,200195,0,0,0,0,0,0,0,0,0,0
1,1,200196,22,22,22,22,22,22,22,22,22,22
1,1,200197,11,11,11,11,11,11,11,11,11,11
1,1,200198,0,5,0,0,0,0,0,0,0,0
2,1,200198,0,0,0,0,0,0,0,0,0,0
3,1,200198,0,0,0,0,0,0,0,0,0,0
1,1,200199,18,18,18,18,18,18,18,18,18,18
1,1,200200,12,12,12,12,12,12,12,12,12,12
1,1,200201,2,2,2,2,2,2,2,2,2,2
2,1,200201,0,0,0,0,0,0,0,0,0,0
1,1,200202,0,0,0,0,0,0,0,0,0,0
2,1,200202,0,0,0,0,0,0,0,0,0,0
1,1,200203,0,0,0,0,0,0,0,0,0,0
2,1,200203,0,0,0,0,0,0,0,0,0,0
1,1,200204,0,10,0,0,0,0,0,25,0,7
0,1,200205,0,0,0,0,0,0,0,0,0,0
0,2,200205,0,0,0,0,0,0,0,0,0,0
1,1,200205,0,0,0,0,0,0,0,0,0,0
1,1,200206,22,22,22,22,22,22,22,22,22,22
2,1,200206,0,0,0,0,0,0,0,0,0,0
1,1,200207,0,0,0,0,0,0,0,0,0,0
1,1,200208,0,0,0,0,0,0,0,0,0,0
1,1,200209,0,0,0,0,0,0,0,0,0,0
1,1,200210,26,9,10,0,22,28,24,14,5,0
1,1,200211,0,0,0,0,0,0,0,0,0,0
2,1,200211,0,0,0,0,0,0,0,0,0,0
1,1,200212,0,0,0,0,0,0,0,0,0,0
2,1,200212,0,0,0,0,0,0,0,0,0,0
1,1,200213,19,19,19,19,19,19,19,19,19,19
2,1,200213,4,4,4,4,4,4,4,4,4,4
1,1,200214,0,0,0,0,0,0,0,0,0,0
1,1,200215,14,14,14,14,14,14,14,14,14,14
2,1,200215,0,0,0,0,0,0,0,0,0,0
1,1,200216,0,0,0,0,0,0,0,0,0,0
1,1,200217,0,0,0,0,0,0,0,0,0,0
2,1,200217,0,0,0,0,0,0,0,0,0,0
1,1,200218,19,19,19,19,19,19,19,19,19,19
1,1,200219,0,0,0,0,0,0,0,0,0,0
2,1,200219,0,0,0,0,0,0,0,0,0,0
3,1,200219,0,0,7,0,0,0,0,0,0,0
1,1,200220,0,0,0,0,0,0,0,0,0,0
2,1,200220,0,0,0,0,0,0,0,0,0,0
3,1,200220,0,0,0,0,0,0,0,0,0,0
4,1,200220,0,0,0,0,0,0,0,0,0,0
5,1,200220,0,0,0,0,0,0,0,0,0,0
1,1,200221,0,0,0,0,0,0,0,0,0,0
1,1,200222,0,0,0,0,0,0,0,0,0,0
1,1,200223,0,0,0,0,0,0,0,0,0,0
2,1,200223,0,0,0,0,0,0,0,0,0,0
1,1,200224,0,0,0,0,0,0,0,0,0,0
2,1,200224,0,0,0,0,0,0,0,0,0,0
1,1,200225,0,0,0,0,0,0,0,0,0,0
2,1,200225,0,0,0,0,0,0,0,0,0,0
1,1,200226,0,0,0,0,0,0,0,0,0,0
2,1,200226,0,0,0,0,0,0,0,0,0,0
3,1,200226,0,0,0,2,0,0,0,0,0,0
4,1,200226,0,0,0,0,0,0,0,0,0,0
1,1,200227,0,0,0,0,0,0,0,0,0,0
2,1,200227,22,22,22,22,22,22,22,22,22,22
1,1,200228,0,0,8,0,0,0,0,0,0,0
1,1,200229,0,0,0,0,0,0,0,0,0,0
2,1,200229,0,0,0,0,0,0,0,0,0,0
1,1,200230,10,10,10,10,10,10,10,10,10,10
1,1,200231,0,0,0,0,0,0,0,0,0,0
1,1,200232,0,0,0,0,0,0,0,0,0,0
2,1,200232,0,0,0,0,0,0,0,0,0,0
1,1,200233,0,0,0,0,0,0,0,0,0,0
2,1,200233,0,0,0,0,0,0,0,0,0,0
1,1,200235,0,0,0,0,0,0,0,0,0,0
1,1,200236,29,29,29,29,29,29,29,29,29,29
1,1,200237,12,12,12,12,12,12,12,12,12,12
1,1,200238,0,14,11,12,18,0,18,0,25,0
1,1,200239,28,28,28,28,28,28,28,28,28,28
1,1,200240,0,0,0,0,0,0,0,0,0,0
1,1,200241,0,0,0,0,0,0,0,0,0,0
2,1,200241,0,0,0,0,0,0,0,0,0,0
0,1,200242,24,24,24,24,24,24,24,24,24,24
1,1,200243,2,2,2,2,2,2,2,2,2,2
2,1,200243,0,0,14,13,0,0,0,0,0,0
1,1,200244,0,0,0,0,0,0,0,0,0,0
2,1,200244,0,0,0,0,0,0,0,0,0,0
3,1,200244,0,0,0,0,0,0,0,0,0,0
1,1,200245,0,0,0,0,0,0,0,0,0,0
1,1,200246,0,0,0,0,0,0,0,0,0,0
2,1,200246,0,0,0,0,0,0,0,0,0,0
1,1,200247,2,2,2,2,2,2,2,2,2,2
1,1,200248,0,0,0,0,0,0,7,0,0,0
2,1,200248,0,0,0,0,0,0,0,0,0,0
1,1,200249,0,0,0,0,0,0,0,0,10,0
1,1,200250,0,0,11,0,0,0,0,0,0,0
2,1,200250,0,0,0,0,0,0,0,0,0,0
1,1,200251,0,0,0,0,0,0,0,0,0,0
1,1,200252,19,19,19,19,19,19,19,19,19,19
1,1,200253,14,14,14,14,14,14,14,14,14,14
1,1,200254,6,0,4,8,0,23,9,0,0,28
1,1,200255,0,0,0,0,0,0,0,0,0,0
1,1,200256,0,0,0,0,0,0,0,0,0,0
2,1,200256,0,0,0,0,0,0,0,0,0,0
1,1,200257,0,0,0,0,0,0,0,0,0,0
2,1,200257,0,0,0,0,0,0,0,0,0,0
1,1,200258,0,0,0,0,0,0,0,0,0,0
2,1,200258,0,0,0,0,0,0,0,0,0,0
1,1,200259,0,0,0,0,0,0,0,0,0,0
2,1,200259,0,0,0,9,0,0,0,0,0,0
1,1,200260,0,0,0,0,0,0,0,0,0,0
1,1,200261,20,12,16,24,7,4,9,21,20,9
1,1,200262,18,18,18,18,18,18,18,18,18,18
1,1,200263,0,0,0,0,0,0,0,0,0,0
1,1,200264,0,0,0,0,0,0,0,0,0,0
2,1,200264,18,18,18,18,18,18,18,18,18,18
3,1,200264,0,0,0,0,23,0,0,0,0,0
1,1,200265,3,3,3,3,3,3,3,3,3,3
2,1,200265,0,0,0,0,4,0,0,0,0,0
1,1,200266,20,20,20,20,20,20,20,20,20,20
2,1,200266,0,0,0,0,0,0,0,0,0,0
1,1,200267,0,0,0,0,0,0,0,0,0,0
2,1,200267,0,0,0,0,0,0,0,0,0,0
1,1,200268,0,0,19,0,24,7,0,0,6,9
1,1,200269,0,0,0,0,0,0,0,0,0,0
1,1,200270,12,12,12,12,12,12,12,12,12,12
1,1,200271,0,0,0,0,0,0,0,0,0,0
1,1,200272,6,6,6,6,6,6,6,6,6,6
1,1,200273,16,0,0,21,0,18,0,7,0,12
1,1,200274,0,0,0,0,0,0,0,0,0,0
1,1,200275,12,4,12,17,3,14,20,17,17,26
1,1,200276,0,0,0,0,0,0,0,0,0,0
2,1,200276,0,0,0,0,0,0,0,0,0,0
1,1,200277,0,0,0,0,0,0,0,0,0,0
1,1,200278,0,0,0,0,0,0,0,0,0,0
2,1,200278,8,8,8,8,8,8,8,8,8,8
1,1,200279,12,12,12,12,12,12,12,12,12,12
2,1,200279,0,0,0,0,0,0,0,0,0,0
1,1,200280,18,18,18,18,18,18,18,18,18,18
1,1,200281,0,0,0,0,0,0,0,0,0,0
2,1,200281,0,0,0,0,0,0,0,0,0,0
1,1,200282,0,0,0,0,0,0,0,0,0,0
2,1,200282,0,0,0,0,0,0,0,0,0,0
1,1,200283,3,3,3,3,3,3,3,3,3,3
2,1,200283,0,0,0,0,0,0,0,0,0,0
1,1,200284,0,0,0,0,0,0,0,0,0,0
2,1,200284,0,0,0,0,0,0,0,0,0,0
1,1,200285,0,0,0,0,16,0,0,0,17,0
1,1,200286,14,14,14,14,14,14,14,14,14,14
1,1,200287,12,28,0,7,8,0,20,6,19,18
1,1,200288,22,22,22,22,22,22,22,22,22,22
1,1,200289,0,0,0,0,0,0,0,0,0,0
2,1,200289,0,0,0,0,0,0,0,0,0,0
1,1,200290,0,0,0,0,0,6,0,0,0,0
1,1,200291,16,16,16,16,16,16,16,16,16,16
1,1,200292,0,4,0,0,0,0,0,18,12,0
1,1,200293,20,20,20,20,20,20,20,20,20,20
2,1,200293,0,0,0,0,0,0,0,0,0,0
1,1,200294,8,8,8,8,8,8,8,8,8,8
1,1,200295,0,0,0,0,0,0,0,0,0,0
1,1,200296,0,0,0,0,0,0,0,0,0,0
2,1,200296,0,0,0,0,0,0,0,0,0,0
1,1,200297,0,0,17,17,0,0,0,21,31,0
1,1,200298,1,1,1,1,1,1,1,1,1,1
2,1,200298,0,0,0,0,0,0,0,0,0,0
1,1,200299,0,0,0,0,0,0,0,0,0,0
2,1,200299,0,0,0,0,0,0,0,0,0,0
3,1,200299,0,0,0,0,0,0,0,0,0,0
1,1,200300,0,0,0,0,0,0,0,0,0,0
2,1,200300,0,0,0,0,0,0,0,0,0,0
1,1,200301,0,0,0,0,0,0,0,0,0,0
2,1,200301,0,0,0,0,0,0,0,0,0,0
1,1,200302,0,0,0,0,0,0,0,0,0,0
2,1,200302,0,0,0,0,0,0,0,0,0,0
1,1,200303,31,31,31,31,31,31,31,31,31,31
1,1,200304,21,21,21,21,21,21,21,21,21,21
1,1,200305,0,0,0,0,0,0,0,0,0,0
2,1,200305,0,0,0,0,0,0,0,0,0,0
1,1,200306,0,0,0,0,0,0,0,0,0,0
1,1,200307,20,20,20,20,20,20,20,20,20,20
1,1,200308,4,4,4,4,4,4,4,4,4,4
1,1,200309,0,0,0,0,0,0,0,0,0,0
1,1,200310,6,6,6,6,6,6,6,6,6,6
2,1,200310,0,0,0,0,0,0,0,0,0,0
3,1,200310,0,0,0,0,0,0,0,0,0,0
1,1,200311,0,0,0,0,0,0,0,0,0,0
2,1,200311,0,0,0,0,0,0,0,0,0,0
1,1,200312,0,0,0,0,0,0,0,0,0,0
2,1,200312,0,0,0,0,0,0,0,0,0,0
1,1,200313,0,0,0,0,0,0,0,0,0,0
2,1,200313,0,0,0,0,0,0,0,0,0,0
1,1,200314,0,11,0,0,0,17,0,0,0,0
0,1,200315,0,0,0,0,0,0,0,0,0,0
1,1,200315,0,0,0,0,0,0,0,0,0,0
1,1,200316,0,0,0,0,0,0,0,0,0,0
2,1,200316,0,0,0,0,0,0,0,0,0,0
1,1,200317,0,0,0,0,0,0,0,0,0,0
2,1,200317,0,0,0,0,0,0,0,0,0,0
3,1,200317,0,0,0,0,0,0,0,0,0,0
4,1,200317,0,0,0,0,0,0,0,0,0,0
1,1,200318,0,0,0,0,0,0,0,0,0,0
1,1,200319,19,19,19,19,19,19,19,19,19,19
1,1,200320,19,19,19,19,19,19,19,19,19,19
1,1,200321,0,0,0,0,21,0,0,0,0,16
1,1,200322,0,0,0,0,0,0,0,0,0,0
1,1,200323,0,0,0,0,0,0,0,0,0,0
1,1,200324,0,0,0,0,0,0,0,0,0,0
2,1,200324,0,0,0,0,0,0,0,0,0,0
1,1,200325,0,0,0,0,0,0,0,0,0,0
2,1,200325,0,0,0,0,0,0,0,0,0,0
1,1,200326,21,21,21,21,21,21,21,21,21,21
2,1,200326,0,0,0,0,0,0,0,0,0,0
1,1,200327,0,0,0,0,0,0,0,0,0,0
2,1,200327,0,0,0,0,0,0,0,0,0,0
1,1,200328,19,0,0,0,0,0,0,0,0,0
2,1,200328,0,0,0,0,0,0,0,0,0,0
1,1,200329,0,0,0,0,0,0,0,0,0,0
1,1,200330,20,20,20,20,20,20,20,20,20,20
1,1,200331,0,0,0,0,0,0,0,0,0,0
1,1,200332,0,0,0,0,0,0,0,0,0,0
1,1,200333,7,7,7,7,7,7,7,7,7,7
0,1,200334,0,0,0,0,0,0,0,0,0,0
0,2,200334,0,0,0,0,0,0,0,0,0,0
1,1,200334,0,0,0,0,0,0,0,0,0,0
0,1,200335,0,0,0,0,0,0,0,0,0,0
1,1,200335,0,0,0,0,0,0,0,0,0,0
1,1,200336,0,0,0,0,0,0,0,0,0,0
1,1,200337,0,0,0,0,0,0,0,0,0,0
2,1,200337,0,0,0,0,0,0,0,0,0,0
1,1,200338,2,2,2,2,2,2,2,2,2,2
1,1,200339,0,0,0,0,0,0,14,0,14,0
2,1,200339,0,0,0,0,0,0,0,0,0,0
1,1,200340,0,0,0,0,0,0,0,0,0,0
2,1,200340,0,0,0,0,0,0,0,0,0,0
1,1,200341,0,0,0,0,0,0,0,28,0,0
2,1,200341,0,0,0,0,0,0,0,0,0,0
1,1,200342,0,0,0,0,0,0,0,0,0,0
2,1,200342,0,0,0,0,0,0,0,0,0,0
1,1,200343,0,0,0,0,0,0,0,0,0,0
2,1,200343,0,0,0,0,0,0,0,0,0,0
1,1,200344,0,0,0,0,14,0,0,0,0,0
1,1,200345,0,0,0,0,0,0,0,0,0,0
2,1,200345,0,0,0,0,0,0,0,0,0,0
0,1,200346,0,0,0,0,0,0,0,0,0,8
1,1,200346,0,0,0,0,0,0,0,0,0,0
1,1,200347,0,0,0,0,0,0,0,0,0,0
0,1,200348,26,26,26,26,26,26,26,26,26,26
1,1,200348,9,9,9,9,9,9,9,9,9,9
1,1,200349,16,16,16,16,16,16,16,16,16,16
1,1,200350,22,22,22,22,22,22,22,22,22,22
1,1,200351,0,0,0,0,0,0,0,0,0,0
2,1,200351,0,0,0,16,0,0,0,0,0,0
1,1,200352,25,25,25,25,25,25,25,25,25,25
1,1,200353,0,0,0,0,0,0,0,0,0,0
1,1,200354,0,0,0,0,0,0,0,0,0,0
0,1,200355,0,0,0,0,0,0,0,0,0,0
1,1,200355,0,0,0,0,0,0,0,0,0,0
0,1,200356,0,0,0,0,0,0,0,0,0,0
1,1,200356,0,0,0,0,0,0,0,0,0,0
1,1,200357,0,0,0,0,0,0,0,0,0,0
1,1,200358,0,0,0,0,0,0,0,0,0,0
1,1,200359,0,0,0,0,0,0,0,0,0,0
1,1,200360,0,0,0,0,0,0,0,0,0,0
1,1,200361,0,0,0,0,0,0,0,0,0,15
1,1,200362,0,0,0,0,0,0,0,0,0,0
2,1,200362,0,0,0,0,0,0,0,0,0,0
1,1,200363,0,0,0,0,0,0,0,0,0,0
1,1,200364,0,0,0,0,0,0,0,0,0,0
0,1,200365,0,0,0,0,0,0,0,0,0,0
1,1,200365,0,0,0,0,0,0,0,0,0,0
1,1,200366,0,0,0,0,0,0,0,0,0,0
1,1,200367,0,0,0,0,0,0,0,0,0,0
2,1,200367,0,0,0,13,0,0,0,0,0,0
0,1,200368,28,28,28,28,28,28,28,28,28,28
1,1,200368,0,0,0,0,0,0,0,0,0,0
2,1,200368,0,0,0,0,0,0,0,0,0,0
1,1,200369,0,0,0,0,0,0,0,0,0,0
2,1,200369,38,38,38,38,38,38,38,38,38,38
3,1,200369,0,6,0,0,0,0,14,3,9,0
1,1,200370,17,17,17,17,17,17,17,17,17,17
1,1,200371,9,0,0,0,0,0,0,4,0,0
1,1,200372,0,0,0,0,0,0,0,0,0,0
1,1,200373,0,0,0,0,0,0,0,0,0,0
2,1,200373,0,0,0,0,0,0,0,0,0,0
1,1,200374,0,0,0,0,0,0,0,0,0,0
2,1,200374,0,0,0,0,0,0,0,0,0,0
1,1,200375,0,0,0,0,0,0,0,0,0,0
2,1,200375,0,0,0,0,0,0,0,0,0,0
1,1,200376,0,0,0,0,0,0,0,0,0,0
2,1,200376,0,0,0,0,0,0,0,0,0,0
0,1,200377,20,22,0,9,0,0,0,0,0,0
1,1,200377,0,0,0,0,0,0,0,0,0,0
1,1,200378,0,0,0,0,0,0,0,0,10,0
2,1,200378,0,0,0,0,0,0,0,0,0,0
1,1,200379,0,0,0,0,0,0,0,0,0,0
2,1,200379,0,0,0,0,0,0,0,0,0,0
1,1,200380,0,0,0,0,0,0,0,0,0,0
2,1,200380,0,0,0,0,0,0,0,0,0,0
3,1,200380,0,0,0,0,0,0,0,0,0,0
4,1,200380,0,0,0,0,0,0,0,0,0,0
5,1,200380,0,0,0,0,0,0,0,0,0,0
6,1,200380,0,0,0,0,0,0,0,0,0,0
7,1,200380,0,0,0,0,8,0,0,0,0,0
8,1,200380,0,0,0,0,0,0,0,0,0,0
9,1,200380,0,0,0,0,0,0,0,0,0,0
10,1,200380,0,0,0,0,0,0,0,0,0,0
11,1,200380,0,0,0,0,0,0,0,0,0,0
12,1,200380,0,0,0,0,0,0,0,0,0,0
13,1,200380,0,0,0,0,0,0,0,0,0,0
14,1,200380,0,0,0,0,0,0,0,0,0,0
15,1,200380,0,0,0,0,0,0,0,0,0,0
16,1,200380,0,0,0,0,0,0,0,0,0,0
17,1,200380,0,0,0,0,0,0,0,0,0,0
18,1,200380,0,0,0,0,0,0,0,0,0,0
19,1,200380,0,0,0,0,0,0,0,0,0,0
20,1,200380,0,0,0,0,0,0,0,0,0,0
21,1,200380,0,0,0,0,0,0,0,0,0,0
22,1,200380,0,0,0,0,0,0,0,0,0,0
23,1,200380,0,0,0,0,0,0,0,0,0,0
24,1,200380,0,0,0,0,0,0,0,0,0,0
25,1,200380,0,0,0,0,0,0,0,0,0,0
26,1,200380,0,0,0,0,0,0,0,0,0,0
27,1,200380,0,0,0,0,0,0,0,0,0,0
28,1,200380,0,0,0,0,0,0,0,0,0,0
29,1,200380,0,0,0,0,0,0,0,0,0,0
30,1,200380,0,0,0,0,0,0,0,0,0,0
31,1,200380,0,0,0,0,0,0,0,0,0,0
32,1,200380,0,0,0,0,0,0,0,0,0,0
33,1,200380,0,0,0,0,0,0,0,0,0,0
34,1,200380,0,0,0,0,0,0,0,0,0,0
35,1,200380,0,0,0,0,0,0,0,0,0,0
0,1,200381,0,0,0,0,0,0,0,0,0,0
1,1,200381,0,0,0,0,0,0,0,0,0,0
1,1,200382,13,17,26,23,14,22,20,10,17,10
1,1,210001,16,16,16,16,16,16,16,16,16,16
1,1,210002,20,20,20,20,20,20,20,20,20,20
2,1,210002,0,0,0,0,0,0,0,0,0,0
1,1,210003,1,1,1,1,1,1,1,1,1,1
1,1,210004,0,0,0,0,0,0,0,0,0,0
1,1,210005,0,0,0,0,0,0,0,0,0,0
2,1,210005,0,0,0,0,0,0,0,0,0,0
1,1,210006,0,0,0,0,0,20,0,0,0,0
2,1,210006,0,0,0,0,0,0,0,0,0,0
1,1,210007,0,0,0,0,0,0,0,0,0,0
2,1,210007,0,0,0,0,0,0,0,0,0,0
1,1,210008,25,25,25,25,25,25,25,25,25,25
1,1,210009,11,11,11,11,11,11,11,11,11,11
1,1,210010,0,0,0,0,0,0,0,0,0,0
2,1,210010,0,0,0,0,0,0,0,0,0,0
1,1,210011,0,0,0,0,0,0,0,0,0,0
1,1,210012,17,17,17,17,17,17,17,17,17,17
1,1,210013,0,0,0,0,0,0,0,0,0,0
1,1,210014,0,0,0,0,0,0,0,0,0,0
1,1,210015,0,0,0,0,0,0,0,0,0,0
2,1,210015,0,0,0,0,0,0,0,0,0,0
1,1,210016,0,0,0,0,0,0,0,0,0,0
1,1,210017,0,0,0,0,0,0,0,0,0,0
1,1,210018,0,0,0,0,0,0,0,0,0,0
1,1,210019,0,0,0,0,0,0,0,0,0,0
1,1,210020,0,0,0,0,0,0,0,0,0,0
2,1,210020,0,0,0,0,0,0,0,0,0,0
1,1,210021,0,0,0,0,0,0,0,0,0,0
2,1,210021,0,0,0,0,0,0,0,0,0,0
1,1,210022,0,0,0,0,0,0,24,0,0,0
2,1,210022,0,0,0,0,0,0,0,0,0,0
1,2,210023,21,0,10,28,0,0,11,12,0,0
1,1,210024,9,9,9,9,9,9,9,9,9,9
1,1,210025,7,7,7,7,7,7,7,7,7,7
1,1,210026,0,0,0,0,0,0,0,0,0,0
2,1,210026,0,0,0,0,0,0,0,0,0,0
0,1,210027,0,0,0,0,0,0,0,0,0,0
1,1,210027,5,0,0,19,23,0,0,0,0,0
1,1,210028,11,11,11,11,11,11,11,11,11,11
1,1,210029,0,0,0,0,0,0,0,7,0,0
2,1,210029,0,0,0,0,0,0,0,0,0,0
1,1,210030,23,32,10,28,4,19,15,27,24,22
1,1,210031,0,0,0,0,0,0,0,0,0,0
2,1,210031,0,0,0,0,0,0,0,0,0,0
1,1,210032,0,0,0,0,0,0,0,0,0,0
2,1,210032,0,0,0,0,0,0,0,0,0,0
1,1,210033,0,0,0,0,0,0,0,0,0,0
2,1,210033,0,0,0,0,0,0,0,0,0,0
1,1,210034,0,0,0,0,14,0,9,0,0,0
1,1,210035,0,0,0,0,0,0,0,0,0,0
1,1,210036,0,0,0,0,0,0,0,0,0,0
2,1,210036,0,0,0,0,0,0,0,0,0,0
1,1,210037,0,0,0,15,0,0,0,0,0,0
2,1,210037,0,0,0,0,0,0,0,0,0,0
1,1,210038,11,11,11,11,11,11,11,11,11,11
1,1,210039,0,0,0,0,0,0,0,0,0,0
1,1,210040,0,0,0,0,0,0,8,3,0,0
1,1,210041,0,0,0,0,0,19,0,0,0,0
2,1,210041,0,0,0,0,0,0,0,0,0,0
3,1,210041,0,0,0,0,0,0,0,0,0,0
1,1,210042,0,0,0,0,0,0,0,0,0,0
2,1,210042,0,0,0,0,0,0,0,0,0,0
1,1,210043,22,22,22,22,22,22,22,22,22,22
2,1,210043,0,0,0,0,0,0,0,0,0,0
1,1,210044,0,0,0,0,0,0,0,0,0,0
2,1,210044,0,5,0,0,0,0,0,0,0,0
1,1,210045,0,0,0,0,0,0,0,0,0,0
1,1,210046,22,22,22,22,22,22,22,22,22,22
2,1,210046,0,0,0,0,0,0,0,0,0,0
1,1,210047,0,0,0,0,0,0,0,0,0,0
2,1,210047,0,0,0,0,0,0,0,0,0,0
1,1,210048,11,20,0,0,23,8,30,27,13,0
1,1,210049,21,21,21,21,21,21,21,21,21,21
1,1,210050,0,0,0,0,0,0,0,0,0,0
2,1,210050,0,0,0,0,0,0,0,0,0,0
1,1,210051,0,0,0,0,0,0,0,0,0,0
1,1,210052,0,0,0,0,0,0,0,0,0,0
2,1,210052,0,0,0,0,0,0,0,0,0,0
1,1,210053,0,0,0,0,0,0,0,0,0,0
2,1,210053,0,0,0,0,0,0,0,0,0,0
1,1,210054,0,0,0,0,0,0,0,0,0,0
2,1,210054,0,0,0,0,0,0,0,0,0,0
3,1,210054,0,0,0,0,0,0,0,0,0,0
4,1,210054,0,0,0,0,0,0,0,0,0,0
5,1,210054,0,0,0,0,0,0,0,0,0,0
6,1,210054,0,0,0,0,0,0,0,0,0,0
1,1,210055,14,14,14,14,14,14,14,14,14,14
2,1,210055,0,0,0,0,0,0,0,0,0,0
1,1,210056,0,0,0,11,0,21,0,0,0,13
2,1,210056,0,0,0,0,0,0,0,0,0,0
0,1,210057,0,0,0,0,0,0,0,0,0,0
1,1,210057,0,0,0,0,0,0,0,0,0,0
1,1,210058,0,0,0,0,0,0,0,0,0,0
2,1,210058,0,0,0,0,0,0,0,0,0,0
1,1,210059,0,0,0,0,0,0,0,0,0,0
2,1,210059,0,0,0,0,0,0,0,0,0,0
1,1,210060,18,18,18,18,18,18,18,18,18,18
2,1,210060,0,0,0,0,0,7,0,0,0,0
1,1,210061,0,0,0,0,0,0,0,0,0,0
1,1,210062,16,16,16,16,16,16,16,16,16,16
2,1,210062,0,0,0,0,0,0,0,0,0,0
1,1,210063,0,0,0,0,0,0,0,0,0,0
1,1,210064,9,9,9,9,9,9,9,9,9,9
1,1,210065,0,0,0,0,0,0,0,0,0,0
2,1,210065,0,0,0,0,0,0,0,0,0,0
1,1,210066,17,17,17,17,17,17,17,17,17,17
1,1,210067,11,11,11,11,11,11,11,11,11,11
1,1,210068,0,0,0,0,0,0,0,0,0,0
1,1,210069,0,0,0,0,0,0,0,0,0,0
1,1,210070,0,0,0,0,0,0,0,0,0,0
2,1,210070,0,0,0,0,0,0,0,0,0,0
1,1,210071,0,0,0,0,0,0,0,0,0,0
1,1,210072,0,0,0,0,0,0,0,0,0,0
2,1,210072,0,0,0,0,0,0,0,0,0,0
1,1,210073,8,24,17,17,25,9,15,14,36,19
1,1,210074,32,32,32,32,32,32,32,32,32,32
1,1,210075,8,21,22,0,0,16,14,21,15,16
1,1,210076,0,0,0,0,0,0,0,0,0,0
2,1,210076,0,0,7,0,0,0,0,2,0,0
1,1,210077,0,0,0,0,0,0,0,0,0,0
1,1,210078,0,0,0,0,0,0,0,0,0,0
2,1,210078,0,0,0,0,0,0,0,0,0,0
1,1,210079,0,0,0,0,0,0,0,0,0,0
1,1,210080,0,0,0,0,0,0,0,0,0,0
1,1,210081,0,0,0,0,0,0,0,0,0,0
2,1,210081,0,0,0,0,0,0,0,0,0,0
1,1,210082,0,0,0,0,0,0,0,0,0,0
1,1,210083,12,12,12,12,12,12,12,12,12,12
1,1,210084,19,19,19,19,19,19,19,19,19,19
2,1,210084,0,0,0,0,0,0,0,0,0,0
1,1,210085,0,0,0,0,0,0,0,0,0,0
2,1,210085,0,0,0,0,0,0,0,0,0,0
1,1,210086,10,0,0,7,0,0,8,0,0,0
2,1,210086,0,0,0,0,0,0,0,0,0,0
1,1,210087,0,0,0,0,0,0,0,0,0,0
1,1,210088,0,0,0,0,0,0,0,0,0,11
1,1,210089,0,0,0,0,0,20,0,0,0,0
1,1,210090,0,0,0,0,0,0,0,0,0,0
1,1,210091,22,22,22,22,22,22,22,22,22,22
1,1,210092,0,0,0,0,0,0,0,0,0,0
2,1,210092,0,10,0,0,0,0,0,0,0,0
1,1,210093,0,5,8,0,0,0,0,0,0,0
1,1,210094,0,0,0,0,0,0,0,0,0,0
2,1,210094,0,0,0,0,0,0,0,0,0,0
1,1,210095,0,0,0,0,0,0,0,0,0,0
2,1,210095,0,0,0,0,0,0,0,0,0,0
1,1,210096,27,4,0,9,6,17,30,17,11,10
0,1,210097,0,0,11,0,0,0,0,0,9,0
1,1,210097,0,0,0,0,0,0,0,0,0,0
2,1,210097,0,0,0,0,0,0,0,0,0,0
1,1,210098,0,0,0,0,0,0,0,0,0,0
2,1,210098,0,0,0,0,0,0,0,0,0,0
1,1,210099,0,0,0,0,0,0,0,0,0,0
2,1,210099,0,0,0,0,0,0,0,0,0,0
1,1,210100,18,18,18,18,18,18,18,18,18,18
2,1,210100,0,0,0,0,0,0,0,10,0,0
1,1,210101,0,0,0,0,0,0,7,0,0,0
2,1,210101,0,0,0,0,0,0,0,0,0,0
1,1,210102,0,0,0,0,0,0,0,0,0,0
2,1,210102,0,0,0,0,0,0,0,0,0,0
1,1,210103,0,0,0,0,0,0,0,0,0,0
2,1,210103,0,0,0,0,0,0,0,0,0,0
1,1,210104,12,9,0,13,16,20,8,11,11,12
2,1,210104,0,0,0,0,0,0,0,0,0,0
1,1,210105,0,0,0,0,0,0,0,0,0,0
2,1,210105,6,0,0,0,0,0,0,0,0,0
1,1,210106,0,0,0,0,0,0,0,0,0,0
1,1,210107,16,16,16,16,16,16,16,16,16,16
1,1,210108,0,0,0,0,0,0,0,0,0,0
2,1,210108,0,0,0,0,0,0,0,0,0,0
3,1,210108,0,0,0,0,0,0,0,0,0,0
1,1,210109,9,9,9,9,9,9,9,9,9,9
2,1,210109,0,0,0,0,0,0,0,0,0,0
1,1,210110,0,0,0,0,0,0,18,0,0,0
2,1,210110,0,0,0,0,0,0,0,0,0,0
1,1,210111,0,0,0,0,0,0,0,0,0,0