VEH_NO,PER_NO,ST_CASE,P1,P2,P3,P4,P5,P6,P7,P8,P9,P10
2,1,210111,0,0,0,0,0,0,0,0,0,0
1,1,210112,6,6,6,6,6,6,6,6,6,6
1,1,210113,0,0,0,0,0,0,0,0,0,0
2,1,210113,0,0,0,0,0,0,0,0,0,0
0,1,210114,0,0,0,0,0,0,0,0,0,0
1,1,210114,16,16,16,16,16,16,16,16,16,16
1,1,210115,16,16,16,16,16,16,16,16,16,16
1,1,210116,0,0,0,0,0,0,0,0,0,0
2,1,210116,0,0,0,0,0,0,0,0,0,0
1,1,210117,26,26,26,26,26,26,26,26,26,26
1,1,210118,0,0,0,0,0,0,0,0,0,0
2,1,210118,0,0,0,0,0,0,0,0,0,0
1,1,210119,0,0,0,0,0,0,0,0,0,0
1,1,210120,0,0,0,0,0,0,0,0,0,0
1,1,210121,0,0,0,0,0,0,0,0,0,0
2,1,210121,0,0,0,0,0,0,0,0,0,0
1,1,210122,24,24,24,24,24,24,24,24,24,24
1,1,210123,0,0,0,0,0,0,0,0,0,0
2,1,210123,0,0,0,0,0,0,0,0,0,0
3,1,210123,0,0,0,0,0,0,0,0,0,0
1,1,210124,19,19,19,19,19,19,19,19,19,19
2,1,210124,0,0,0,0,0,0,0,0,0,0
1,1,210125,14,14,14,14,14,14,14,14,14,14
1,1,210126,0,0,0,0,0,0,0,0,0,0
2,1,210126,0,0,0,0,0,0,0,0,0,0
1,1,210127,0,0,0,0,0,0,0,0,0,0
1,1,210128,0,0,0,0,0,0,0,0,0,0
2,1,210128,0,0,0,0,0,0,0,0,0,0
1,1,210129,0,0,0,0,0,0,0,0,0,0
2,1,210129,0,0,0,0,0,0,0,0,0,0
3,1,210129,0,0,0,0,0,0,0,0,0,0
1,1,210130,0,3,0,0,0,0,0,0,0,0
2,1,210130,0,0,0,0,0,0,0,0,0,0
1,1,210131,0,0,0,0,0,0,0,0,0,0
2,1,210131,0,0,0,0,0,0,0,0,0,0
1,1,210132,0,0,0,0,0,0,0,0,0,0
2,1,210132,0,0,0,0,0,0,0,0,0,0
1,1,210133,9,9,9,9,9,9,9,9,9,9
2,1,210133,0,0,0,0,0,0,0,0,0,0
1,1,210134,0,0,0,0,0,0,0,0,0,0
1,1,210135,31,31,31,31,31,31,31,31,31,31
1,1,210136,0,0,0,0,0,0,0,0,0,0
2,1,210136,0,0,0,0,0,0,0,0,0,0
1,1,210137,21,21,21,21,21,21,21,21,21,21
1,1,210138,0,0,0,0,0,0,0,0,0,0
2,1,210138,0,0,0,0,0,19,0,0,0,0
1,1,210139,0,0,0,0,0,0,0,0,0,0
1,1,210140,0,0,0,0,0,0,0,0,0,0
1,1,210141,22,22,22,22,22,22,22,22,22,22
1,1,210142,0,0,0,0,0,0,0,0,0,0
2,1,210142,0,0,0,0,0,0,0,0,0,0
3,1,210142,0,0,0,0,0,0,0,0,0,0
1,1,210143,0,0,0,0,0,0,0,0,0,0
2,1,210143,0,0,0,0,0,0,0,0,0,0
0,1,210144,0,0,0,0,0,0,0,0,0,8
1,1,210144,0,0,0,0,0,0,0,0,0,0
1,1,210145,0,0,0,0,0,0,0,0,0,0
2,1,210145,0,0,0,0,0,0,0,0,0,0
1,1,210146,0,0,0,0,0,0,13,0,0,0
1,1,210147,0,0,0,22,9,0,0,0,0,0
1,1,210148,0,0,0,0,0,0,0,0,0,0
2,1,210148,0,0,0,0,0,0,0,0,0,0
1,1,210149,8,8,8,8,8,8,8,8,8,8
1,1,210150,0,28,0,16,0,12,0,13,0,0
1,1,210151,8,8,8,8,8,8,8,8,8,8
2,1,210151,0,0,0,0,0,0,0,0,0,0
0,1,210152,0,0,0,0,0,0,0,0,0,0
1,1,210152,0,0,0,0,0,0,0,0,0,0
1,1,210153,16,16,16,16,16,16,16,16,16,16
1,1,210154,0,0,0,0,0,0,0,0,0,0
2,1,210154,0,0,0,0,0,0,0,0,0,0
1,1,210155,17,17,17,17,17,17,17,17,17,17
1,1,210156,0,0,0,0,0,0,0,0,0,0
2,1,210156,0,0,0,0,0,0,0,0,0,0
3,1,210156,0,0,2,0,0,0,0,0,0,0
1,1,210157,0,7,0,0,0,0,0,0,0,0
2,1,210157,0,0,0,0,0,0,0,0,0,0
1,1,210158,10,10,10,10,10,10,10,10,10,10
1,1,210159,7,15,17,31,11,18,12,27,29,12
0,1,210160,37,37,37,37,37,37,37,37,37,37
1,1,210160,0,0,5,0,0,0,0,6,0,0
1,1,210161,0,0,0,0,0,0,0,0,0,0
2,1,210161,0,0,0,0,0,0,0,0,0,0
1,1,210162,13,24,3,29,29,15,20,6,0,27
1,1,210163,0,0,0,0,0,0,0,0,0,0
2,1,210163,0,0,0,0,0,13,22,0,22,0
1,1,210164,0,0,0,0,0,0,0,0,0,0
1,1,210165,0,0,0,0,0,0,0,0,0,0
1,1,210166,22,22,22,22,22,22,22,22,22,22
0,1,210167,0,0,0,0,0,0,0,14,0,0
1,1,210167,0,0,0,0,0,0,0,0,0,0
1,1,210168,23,23,23,23,23,23,23,23,23,23
1,1,210169,0,0,0,0,0,0,0,0,0,0
2,1,210169,0,0,0,0,0,0,0,0,0,0
3,1,210169,0,0,0,0,0,0,0,0,0,0
4,1,210169,0,0,0,0,0,0,0,0,0,0
1,1,210170,30,30,30,30,30,30,30,30,30,30
1,1,210171,0,0,0,0,0,0,0,0,0,0
1,1,210172,0,0,0,0,0,0,0,0,0,0
2,1,210172,0,0,0,0,0,0,0,0,0,0
1,1,210173,0,0,0,0,0,0,0,0,0,0
1,1,210174,0,0,0,0,0,0,0,0,0,0
1,1,210175,19,19,19,19,19,19,19,19,19,19
1,1,210176,0,0,0,0,0,0,0,0,0,0
2,1,210176,0,0,0,0,0,0,0,0,0,0
1,1,210177,0,0,0,0,0,0,0,0,0,0
1,1,210178,0,0,0,0,0,0,0,0,0,0
2,1,210178,0,0,0,0,0,0,0,0,0,0
3,1,210178,0,0,0,0,0,0,0,0,0,0
1,1,210179,0,0,0,0,0,0,0,0,0,0
2,1,210179,0,0,0,0,0,0,0,0,0,0
3,1,210179,0,0,0,0,0,0,0,0,0,0
1,1,210180,19,19,19,19,19,19,19,19,19,19
2,1,210180,0,0,0,0,0,0,0,0,0,0
1,1,210181,11,11,11,11,11,11,11,11,11,11
1,1,210182,0,0,0,0,0,0,0,0,0,0
1,1,210183,1,1,1,1,1,1,1,1,1,1
2,1,210183,0,0,0,0,0,0,0,0,0,0
0,1,210184,0,0,0,0,0,0,0,0,0,0
1,1,210184,0,0,19,0,0,0,0,0,0,0
1,1,210185,0,0,0,0,0,0,0,0,0,0
2,1,210185,0,0,0,0,0,0,0,0,0,0
1,1,210186,0,0,0,0,0,0,0,0,0,0
1,1,210187,9,9,9,9,9,9,9,9,9,9
1,1,210188,0,0,0,0,0,0,0,0,0,0
0,1,210189,0,0,0,0,0,0,0,0,0,0
1,1,210189,0,0,0,0,0,0,0,0,0,0
1,1,210190,0,0,0,0,0,0,0,0,0,0
1,1,210191,0,0,0,0,0,0,0,0,0,0
2,1,210191,0,0,0,0,0,0,0,0,0,0
3,1,210191,0,0,0,0,0,0,0,0,0,0
1,1,210192,0,0,0,0,0,0,0,0,0,0
1,1,210193,0,0,0,0,0,0,0,0,0,0
2,1,210193,0,0,0,0,0,0,0,0,0,0
1,1,210194,3,0,0,9,0,0,0,0,23,9
1,1,210195,21,21,21,21,21,21,21,21,21,21
1,1,210196,0,0,0,0,0,0,0,0,0,0
2,1,210196,0,0,0,0,0,0,0,0,0,0
1,1,210197,24,21,5,18,20,38,6,13,16,19
1,1,210198,0,0,0,0,0,0,0,0,0,0
2,1,210198,0,0,0,0,0,0,0,0,0,0
3,1,210198,0,0,0,0,0,0,0,0,0,0
1,1,210199,0,0,0,0,0,0,0,0,0,0
2,1,210199,0,0,0,0,0,0,0,0,0,0
3,1,210199,0,0,0,0,0,0,0,0,0,0
4,1,210199,0,0,0,0,0,0,0,0,0,0
1,1,210200,0,0,0,0,0,0,0,0,0,0
1,1,210201,0,0,0,0,0,0,0,0,0,0
1,1,210202,21,0,0,0,17,0,0,0,0,0
1,1,210203,0,0,0,0,0,0,0,0,0,0
2,1,210203,0,0,0,0,0,0,0,0,0,0
1,1,210204,13,13,13,13,13,13,13,13,13,13
2,1,210205,0,0,0,0,0,0,0,0,0,0
1,1,210206,0,0,0,0,0,0,0,0,0,0
2,1,210206,0,0,0,0,0,0,0,0,0,0
1,1,210207,23,23,23,23,23,23,23,23,23,23
2,1,210207,0,0,0,0,0,0,0,0,0,0
1,1,210208,3,3,3,3,3,3,3,3,3,3
1,1,210209,10,20,10,15,16,6,14,5,13,18
1,1,210210,0,0,0,0,0,0,0,0,0,0
1,1,210211,0,0,0,0,0,0,0,0,0,0
1,1,210212,0,0,0,0,0,0,0,12,0,0
1,1,210213,10,10,10,10,10,10,10,10,10,10
1,1,210214,17,17,17,17,17,17,17,17,17,17
1,1,210215,28,28,28,28,28,28,28,28,28,28
1,1,210216,0,0,0,0,0,0,0,0,0,0
2,1,210216,0,0,0,0,0,0,0,0,0,0
3,1,210216,0,0,0,0,0,16,0,0,0,0
1,1,210217,0,0,0,0,0,0,0,0,0,0
2,1,210217,0,0,0,0,0,0,0,0,0,0
3,1,210217,0,0,0,0,0,0,0,0,0,0
1,1,210218,6,6,6,6,6,6,6,6,6,6
1,1,210219,0,0,0,0,0,0,0,0,0,0
2,1,210219,0,0,0,0,0,0,0,0,0,0
1,1,210220,0,0,0,0,0,0,0,0,0,0
2,1,210220,0,0,0,0,0,0,0,0,0,0
3,1,210220,0,0,0,0,0,0,0,0,0,0
1,1,210221,0,0,0,0,0,0,0,0,0,0
2,1,210221,0,0,0,0,0,0,0,0,0,0
1,1,210222,0,0,0,0,0,0,0,0,0,0
2,1,210222,0,0,0,0,0,0,0,0,0,0
1,1,210223,0,0,0,0,0,0,0,0,0,0
2,1,210223,0,0,0,0,0,0,0,0,0,0
1,1,210224,0,0,0,0,0,0,0,0,0,0
1,1,210225,0,9,30,0,0,0,0,0,0,0
1,1,210226,0,0,12,0,0,27,0,0,0,0
1,1,210227,0,0,0,0,0,0,0,0,0,0
2,1,210227,0,0,0,0,0,0,0,0,0,0
3,1,210227,0,0,0,0,0,0,0,0,0,0
1,1,210228,0,9,0,0,0,0,0,11,0,0
1,1,210229,13,13,13,13,13,13,13,13,13,13
1,1,210230,12,12,12,12,12,12,12,12,12,12
2,1,210230,9,9,9,9,9,9,9,9,9,9
1,1,210231,0,0,0,0,0,0,0,0,0,0
1,1,210232,0,0,0,0,0,0,0,0,0,0
2,1,210232,0,0,0,0,0,0,0,0,0,0
3,1,210232,0,0,0,0,0,0,0,0,0,0
1,1,210233,0,0,0,0,0,0,0,0,0,0
1,1,210234,0,0,0,0,0,0,0,0,0,0
1,1,210235,0,0,0,0,0,0,0,0,0,0
2,1,210235,0,0,0,0,0,0,0,0,0,24
1,1,210236,0,0,0,0,0,0,0,0,0,0
2,1,210236,0,0,0,0,0,0,0,0,0,0
1,1,210237,0,0,0,0,0,0,0,0,0,0
1,1,210238,0,0,0,0,0,0,0,0,0,0
1,1,210239,0,0,0,0,0,0,0,0,0,0
2,1,210239,0,0,0,0,0,0,0,0,0,0
1,1,210240,0,0,0,0,11,0,0,7,15,0
1,1,210241,7,7,7,7,7,7,7,7,7,7
1,1,210242,0,0,0,0,0,0,0,0,0,0
2,1,210242,0,0,0,0,0,0,0,0,0,0
3,1,210242,0,0,0,0,0,0,0,0,0,0
4,1,210242,0,0,0,0,0,0,0,0,0,0
1,1,210243,0,0,0,0,0,0,0,0,0,0
1,1,210244,0,0,0,0,0,0,0,0,0,0
2,1,210244,0,0,0,0,0,0,0,0,0,0
1,1,210245,0,0,0,0,0,12,0,0,0,0
2,1,210245,0,0,0,0,0,0,0,0,0,0
1,1,210246,7,7,7,7,7,7,7,7,7,7
1,1,210247,0,0,0,0,0,0,0,0,0,0
1,1,210248,0,0,0,0,0,0,0,0,0,0
2,1,210248,0,0,0,0,0,0,0,0,0,0
3,1,210248,0,0,0,0,0,0,0,0,0,0
4,1,210248,0,0,0,0,0,0,0,0,0,0
1,1,210249,0,0,0,0,0,0,0,0,0,0
1,1,210250,28,28,28,28,28,28,28,28,28,28
2,1,210250,0,0,0,0,0,0,0,0,0,0
1,1,210251,0,0,0,0,0,0,0,0,0,0
2,1,210251,0,0,0,0,0,0,0,0,0,0
1,1,210252,7,7,7,7,7,7,7,7,7,7
1,1,210253,0,10,0,0,0,0,0,0,0,0
1,1,210254,17,17,17,17,17,17,17,17,17,17
1,1,210255,0,0,0,21,0,0,25,0,19,0
2,1,210255,0,0,0,0,0,0,0,0,0,0
1,1,210256,0,0,0,0,0,0,0,0,0,0
1,1,210257,0,0,0,0,0,0,0,0,0,0
2,1,210257,0,0,0,0,0,0,5,0,0,0
1,1,210258,27,27,27,27,27,27,27,27,27,27
0,1,210259,22,22,22,22,22,22,22,22,22,22
1,1,210259,0,0,0,0,0,0,0,0,0,0
1,1,210260,0,0,0,0,0,0,0,0,0,0
1,1,210261,0,0,0,0,0,0,0,0,0,0
2,1,210261,0,0,0,0,0,0,0,0,0,0
1,1,210262,0,0,0,0,0,0,0,0,0,0
1,1,210263,20,20,20,20,20,20,20,20,20,20
0,1,210264,9,9,9,9,9,9,9,9,9,9
1,1,210264,0,0,0,0,0,0,0,0,0,0
1,1,210265,0,0,0,0,0,0,0,0,0,0
2,1,210265,0,0,0,0,0,9,0,0,0,0
3,1,210265,0,0,0,0,0,0,0,0,0,0
1,1,210266,3,3,3,3,3,3,3,3,3,3
1,1,210267,0,0,0,0,0,0,0,0,0,0
2,1,210267,0,0,0,0,0,0,0,0,0,0
1,1,210268,13,0,0,0,0,0,0,9,20,15
0,1,210269,22,22,22,22,22,22,22,22,22,22
1,1,210269,0,0,0,0,0,0,0,0,0,0
2,1,210269,0,8,0,0,0,0,0,0,0,0
1,1,210270,0,0,0,0,0,0,0,0,0,0
2,1,210270,0,0,0,0,0,0,0,0,0,0
1,1,210271,24,24,24,24,24,24,24,24,24,24
1,1,210272,29,29,29,29,29,29,29,29,29,29
1,1,210273,0,0,0,0,0,0,0,0,0,0
1,1,210274,19,19,19,19,19,19,19,19,19,19
1,1,210275,11,18,15,21,10,12,13,11,16,12
1,1,210276,0,0,0,0,0,0,0,0,0,0
1,1,210277,0,0,0,0,0,0,0,0,0,0
1,1,210278,9,43,11,7,16,13,7,19,27,0
1,1,210279,0,0,0,0,0,0,0,0,0,0
2,1,210279,0,0,0,0,0,0,0,0,0,0
1,1,210280,0,0,0,0,0,0,0,0,0,0
1,1,210281,1,1,1,1,1,1,1,1,1,1
0,1,210282,0,0,0,0,0,9,0,0,0,38
1,1,210282,10,12,0,0,0,0,15,0,0,0
1,1,210283,0,0,0,0,0,0,0,0,0,0
2,1,210283,0,0,0,0,0,0,0,0,0,0
1,1,210284,8,8,8,8,8,8,8,8,8,8
1,1,210285,0,0,0,0,0,0,0,0,0,0
1,1,210286,36,24,24,14,27,25,16,17,21,9
1,1,210287,0,0,0,0,0,0,0,0,0,0
1,1,210288,0,0,0,0,0,0,0,0,0,0
2,1,210288,0,0,0,0,0,0,0,0,0,2
1,1,210289,0,0,0,0,0,0,0,0,0,0
1,1,210290,0,0,0,0,0,0,0,0,0,0
1,1,210291,20,0,0,0,13,0,0,0,0,16
1,1,210292,9,15,0,28,36,33,0,0,0,0
1,1,210293,0,0,0,0,0,0,0,0,0,0
1,1,210294,0,0,0,0,0,0,0,0,0,0
2,1,210294,0,0,0,0,0,0,0,0,0,0
1,1,210295,0,0,0,0,0,0,0,0,0,0
0,1,210296,0,0,0,0,0,0,0,0,0,0
1,1,210296,0,0,0,0,0,0,0,0,0,0
1,1,210297,0,0,0,0,0,0,0,0,0,0
1,1,210298,0,0,0,0,0,0,0,0,0,0
1,1,210299,0,0,0,0,0,0,0,0,0,0
1,1,210300,22,22,22,22,22,22,22,22,22,22
1,1,210301,0,0,0,0,0,0,0,0,0,0
2,1,210301,0,0,0,0,0,0,0,0,0,0
1,1,210302,23,23,23,23,23,23,23,23,23,23
1,1,210303,0,0,0,0,0,0,0,0,0,0
2,1,210303,0,0,0,0,0,0,0,0,0,0
1,1,210304,0,0,0,0,0,0,0,0,0,0
1,1,210305,0,0,0,0,0,0,0,0,0,0
1,1,210306,27,27,27,27,27,27,27,27,27,27
1,1,210307,0,0,0,0,0,0,0,0,0,0
2,1,210307,0,0,0,0,0,0,0,0,0,0
1,1,210308,0,0,0,0,0,0,0,0,0,17
2,1,210308,0,0,0,0,0,0,0,0,0,0
1,1,210309,28,28,28,28,28,28,28,28,28,28
1,1,210310,0,0,0,0,0,0,0,0,0,0
1,1,210311,0,0,0,15,0,0,0,0,13,0
1,1,210312,0,0,0,0,0,0,0,0,0,0
2,1,210312,0,0,0,0,0,0,0,0,0,0
1,1,210313,0,0,0,0,0,0,0,0,0,0
2,1,210313,0,0,23,0,0,0,0,0,0,0
1,1,210314,0,0,0,0,0,0,0,0,0,0
2,1,210314,0,0,0,0,0,0,15,0,0,0
1,1,210315,16,44,17,23,0,12,24,46,23,23
1,1,210316,14,0,4,16,0,0,9,0,0,0
1,1,210317,0,0,0,0,0,0,0,0,0,0
2,1,210317,0,0,0,0,0,0,0,0,0,0
1,1,210318,0,0,0,0,0,0,0,0,0,0
1,1,210319,0,0,0,0,0,0,6,0,0,0
2,1,210319,0,0,0,0,0,0,0,0,0,0
1,1,210320,6,6,6,6,6,6,6,6,6,6
1,1,210321,0,0,0,0,0,0,0,0,0,0
1,1,210322,0,0,0,0,0,0,0,0,0,0
2,1,210322,0,0,0,0,0,0,0,0,0,0
1,1,210323,24,19,16,29,18,19,44,15,22,13
1,1,210324,0,0,0,0,0,0,0,0,0,0
1,1,210325,0,0,0,0,0,0,0,0,0,0
2,1,210325,0,0,0,0,0,0,0,0,0,0
1,1,210326,0,0,0,0,0,0,0,0,0,0
1,1,210327,0,0,0,0,0,0,0,0,0,0
1,1,210328,0,0,0,0,0,0,0,0,0,0
1,1,210329,13,13,13,13,13,13,13,13,13,13
1,1,210330,0,0,0,0,0,0,0,0,0,0
2,1,210330,0,0,0,0,0,0,0,0,0,0
1,1,210331,16,16,16,16,16,16,16,16,16,16
1,1,210332,0,0,0,0,0,0,0,0,0,0
1,1,210333,0,0,0,0,0,0,0,0,0,0
1,1,210334,0,0,0,0,0,0,0,0,0,0
1,1,210335,0,0,4,0,0,0,0,0,0,0
2,1,210335,0,0,0,0,0,0,0,0,0,0
1,1,210336,22,22,22,22,22,22,22,22,22,22
2,1,210336,0,0,0,0,0,0,0,0,0,0
1,1,210337,0,0,0,0,0,0,0,0,0,0
2,1,210337,10,10,10,10,10,10,10,10,10,10
1,1,210338,0,0,0,0,0,0,0,0,0,0
1,1,210339,0,0,0,0,0,0,0,0,0,0
2,1,210339,0,0,0,0,0,0,0,0,0,0
1,1,210340,0,0,0,17,0,0,0,0,0,0
1,1,210341,0,20,10,0,0,0,5,0,0,0
1,1,210342,0,0,0,0,0,0,0,0,0,0
2,1,210342,0,0,0,0,0,0,0,0,0,0
1,1,210343,0,0,0,0,0,0,0,0,0,0
1,1,210344,0,0,0,0,0,0,0,0,0,0
2,1,210344,0,0,0,0,0,0,0,0,0,0
1,1,210345,21,21,21,21,21,21,21,21,21,21
1,1,210346,0,0,0,0,0,0,0,0,0,0
2,1,210346,0,0,0,0,0,0,0,0,0,0
1,1,210347,0,0,0,0,0,0,0,0,0,0
2,1,210347,0,0,0,0,0,0,0,0,0,0
1,1,210348,13,13,13,13,13,13,13,13,13,13
1,1,210349,0,0,0,0,0,0,0,0,0,0
2,1,210349,0,0,0,0,0,0,0,0,0,0
3,1,210349,0,0,0,0,0,0,0,0,0,0
1,1,210350,0,0,0,0,0,0,0,0,0,0
1,1,210351,11,0,0,0,0,12,0,0,0,6
1,1,210352,0,0,0,0,0,0,0,0,0,0
2,1,210352,0,0,0,0,0,0,0,0,0,0
1,1,210353,0,0,0,0,0,0,0,0,0,0
1,1,210354,23,23,23,23,23,23,23,23,23,23
1,1,210355,0,0,0,0,0,0,0,0,0,0
1,1,210356,0,0,0,0,0,0,0,0,0,0
1,1,210357,0,0,0,0,0,0,0,0,0,0
2,1,210357,0,0,0,0,0,0,0,0,0,0
1,1,210358,10,10,10,10,10,10,10,10,10,10
1,1,210359,0,0,0,0,0,0,0,0,0,0
2,1,210359,9,9,9,9,9,9,9,9,9,9
1,1,210360,0,0,0,0,0,0,0,0,0,0
2,1,210360,0,0,0,0,0,0,0,0,0,0
3,1,210360,0,0,0,0,0,0,0,0,0,0
4,1,210360,0,0,0,0,0,0,0,0,0,0
1,1,210361,0,0,0,0,0,0,0,0,0,0
1,1,210362,0,0,0,0,0,0,0,0,0,0
2,1,210362,0,0,0,0,0,0,0,0,0,0
1,1,210363,0,0,0,0,0,0,0,0,0,0
2,1,210363,0,0,0,0,0,0,0,0,0,0
3,1,210363,0,0,0,0,0,0,0,0,0,0
1,1,210364,31,31,31,31,31,31,31,31,31,31
1,1,210365,0,0,0,0,0,0,0,0,0,0
2,1,210365,0,0,0,0,0,0,0,0,0,0
1,1,210366,0,0,0,0,0,0,0,0,0,0
1,1,210367,0,0,0,0,0,0,0,0,0,0
2,1,210367,0,0,0,0,0,0,0,0,0,0
1,1,210368,0,0,0,0,0,0,0,0,0,0
2,1,210368,0,0,0,0,0,0,0,0,0,0
3,1,210368,0,0,0,0,0,0,0,0,0,0
1,1,210369,0,0,0,0,0,0,0,0,0,0
1,1,210370,0,0,0,0,0,0,0,0,0,0
1,1,210371,0,0,0,22,0,0,0,0,0,0
2,1,210371,0,0,0,0,0,0,0,0,0,0
1,1,210372,0,0,0,0,0,0,0,0,0,0
1,1,210373,0,0,0,0,0,0,0,0,0,0
1,1,210374,0,0,0,0,0,0,0,0,0,0
2,1,210374,0,0,0,16,0,16,0,0,0,0
1,1,210375,0,0,0,0,0,0,0,0,0,0
2,1,210375,0,0,0,0,0,0,0,0,0,0
1,1,210376,17,17,17,17,17,17,17,17,17,17
1,1,210377,0,0,0,0,0,0,0,0,0,0
1,1,210378,33,33,33,33,33,33,33,33,33,33
1,1,210379,0,0,0,0,0,0,0,0,0,0
1,1,210380,0,0,0,0,0,0,0,0,0,0
2,1,210380,0,0,0,0,0,0,0,0,0,0
1,1,210381,0,0,0,0,0,0,0,0,0,0
2,1,210381,0,0,0,0,0,0,0,0,0,0
1,1,210382,0,14,0,0,0,0,0,0,0,0
2,1,210382,0,0,0,0,0,16,0,0,0,0
1,1,210383,0,0,0,0,0,0,0,0,0,0
1,1,210384,13,13,13,13,13,13,13,13,13,13
1,1,210385,0,0,0,0,0,0,0,0,0,0
2,1,210385,0,0,0,0,0,0,0,0,0,0
1,1,210386,0,0,0,0,0,0,0,0,0,0
1,1,210387,0,0,0,0,0,0,0,0,0,0
2,1,210387,0,0,0,0,0,0,0,0,0,0
1,1,210388,0,0,0,0,0,0,0,0,0,0
2,1,210388,0,0,0,0,0,0,0,0,0,0
1,1,210389,13,0,0,0,18,0,0,0,0,0
2,1,210389,0,0,0,0,0,0,0,0,0,0
3,1,210389,0,0,0,0,0,0,0,0,0,0
1,1,210390,0,0,0,0,0,0,0,0,0,0
2,1,210390,0,0,0,0,0,0,0,0,0,0
1,1,210391,0,0,0,0,0,0,0,0,0,0
2,1,210391,0,0,0,0,0,0,0,0,0,0
0,1,210392,0,0,14,0,0,19,0,0,0,0
1,1,210392,0,0,0,0,0,0,0,0,0,0
1,1,210393,0,0,0,0,0,0,0,0,0,0
1,1,210394,0,0,0,0,0,0,0,0,0,0
2,1,210394,0,0,0,0,0,0,0,0,0,0
1,1,210395,0,0,0,0,0,0,0,0,0,0
2,1,210395,0,0,0,0,0,0,0,0,0,0
1,1,210396,0,0,0,0,0,0,0,0,0,0
1,1,210397,17,17,17,17,17,17,17,17,17,17
1,1,210398,0,0,0,0,0,0,0,0,0,0
1,1,210399,0,0,0,0,0,0,0,0,0,0
1,1,210400,0,0,0,0,0,0,0,0,0,0
2,1,210400,0,0,0,0,0,0,0,0,0,0
1,1,210401,0,0,0,0,0,0,0,0,0,0
2,1,210401,0,0,0,0,0,0,0,0,0,0
1,1,210402,0,0,0,0,0,0,0,0,0,0
2,1,210402,0,0,0,0,0,0,0,0,0,0
1,1,210403,0,0,0,0,0,0,0,0,0,0
2,1,210403,0,0,0,0,0,0,0,0,0,0
3,1,210403,0,0,0,0,0,0,0,0,0,0
4,1,210403,0,0,0,0,0,0,0,0,0,0
0,1,210404,0,0,0,0,0,0,0,0,0,0
1,1,210404,0,0,0,0,0,0,0,0,0,0
1,1,210405,0,0,0,0,0,0,0,0,0,0
1,1,210406,0,0,0,11,0,0,0,0,0,0
1,1,210407,17,17,21,20,4,28,18,18,0,19
1,1,210408,21,21,21,21,21,21,21,21,21,21
1,1,210409,0,0,0,0,0,0,0,0,0,0
1,1,210410,0,0,0,0,0,0,0,0,0,0
2,1,210410,0,0,0,0,0,0,0,0,0,0
3,1,210410,0,0,0,0,0,0,0,0,0,0
1,1,210411,0,0,0,0,0,0,0,0,0,0
2,1,210411,0,0,2,0,0,0,0,0,0,0
1,1,210412,0,0,0,0,0,0,0,0,0,0
2,1,210412,0,0,0,0,0,0,0,0,0,0
1,1,210413,0,0,0,0,0,0,0,0,0,0
2,1,210413,0,0,0,0,0,0,0,0,0,0
1,1,210414,0,0,0,0,0,0,0,0,0,0
1,1,210415,16,16,16,16,16,16,16,16,16,16
1,1,210416,0,0,0,0,0,0,0,0,0,0
2,1,210416,8,8,8,8,8,8,8,8,8,8
1,1,210417,0,0,0,0,0,0,0,0,0,0
1,1,210418,0,0,0,0,0,0,0,0,0,0
1,1,210419,16,16,16,16,16,16,16,16,16,16
1,1,210420,12,12,12,12,12,12,12,12,12,12
1,1,210421,0,0,0,0,0,0,0,0,0,0
1,1,210422,0,0,0,0,0,0,0,0,0,0
2,1,210422,0,0,0,0,0,0,0,0,0,0
1,1,210423,0,0,0,0,0,0,0,0,0,0
2,1,210423,0,0,0,0,0,0,0,0,0,0
1,1,210424,24,24,24,24,24,24,24,24,24,24
1,1,210425,0,0,0,0,0,0,0,0,0,0
2,1,210425,0,0,0,0,0,0,0,0,0,0
1,1,210426,0,0,0,0,0,0,0,0,0,0
2,1,210426,0,0,0,0,0,0,0,0,0,0
1,1,210427,0,0,0,0,0,0,0,0,0,0
1,1,210428,9,9,9,9,9,9,9,9,9,9
1,1,210429,22,22,22,22,22,22,22,22,22,22
1,1,210430,26,26,26,26,26,26,26,26,26,26
2,1,210430,0,20,0,0,0,0,0,0,0,0
1,1,210431,0,0,0,5,0,0,0,0,0,0
0,1,210432,0,0,0,0,0,0,0,0,0,0
1,1,210432,0,0,0,0,0,0,0,0,0,0
1,1,210433,25,25,25,25,25,25,25,25,25,25
1,1,210434,0,0,0,0,0,0,0,0,0,0
1,1,210435,2,2,2,2,2,2,2,2,2,2
1,1,210436,0,0,0,0,0,0,0,0,0,0
2,1,210436,0,0,0,0,0,0,0,0,0,0
3,1,210436,0,0,0,0,0,0,0,0,0,0
1,1,210437,0,0,0,23,0,0,0,0,0,0
1,1,210438,0,2,0,0,0,0,0,0,0,0
1,1,210439,25,25,25,25,25,25,25,25,25,25
2,1,210439,0,0,0,0,19,0,0,0,0,0
1,1,210440,33,33,33,33,33,33,33,33,33,33
1,1,210441,0,0,0,0,0,0,0,0,2,0
1,1,210442,0,0,0,0,0,0,0,0,0,0
1,1,210443,0,0,0,0,0,0,0,0,0,0
2,1,210443,0,0,0,0,0,0,0,0,0,0
1,1,210444,0,0,0,0,0,0,0,0,0,0
2,1,210444,0,0,0,0,0,0,0,0,0,0
1,1,210445,0,0,0,0,0,0,0,0,0,0
1,1,210446,27,33,24,32,19,17,10,6,12,26
1,1,210447,0,0,0,0,0,0,0,0,0,0
1,1,210448,0,12,6,16,15,0,11,0,0,8
1,1,210450,36,36,36,36,36,36,36,36,36,36
1,1,210451,5,0,0,0,0,10,0,0,0,0
2,1,210451,0,0,0,0,0,0,0,0,0,0
1,1,210452,0,0,0,0,0,0,0,0,0,0