VEH_NO,PER_NO,ST_CASE,P1,P2,P3,P4,P5,P6,P7,P8,P9,P10
2,1,210452,1,1,1,1,1,1,1,1,1,1
3,1,210452,0,0,0,0,0,0,0,0,0,0
1,1,210453,11,11,11,11,11,11,11,11,11,11
2,1,210453,0,0,0,0,0,0,0,0,0,0
1,1,210454,0,0,0,0,0,0,0,0,0,0
2,1,210454,0,0,0,0,0,0,0,0,0,0
1,1,210455,19,0,0,0,0,0,0,0,0,0
0,1,210456,0,0,0,0,25,0,27,30,15,0
1,1,210456,0,0,0,0,0,10,0,0,0,0
1,1,210457,0,0,0,0,0,0,0,0,0,0
2,1,210457,0,0,0,0,0,0,0,0,0,0
1,1,210458,0,0,0,0,0,0,0,0,0,0
1,1,210459,0,0,0,0,0,0,0,0,0,0
1,1,210460,0,0,0,0,0,0,0,0,0,0
2,1,210460,0,0,0,0,0,0,0,0,0,0
1,1,210461,0,12,0,6,0,12,27,0,0,0
1,1,210462,8,8,8,8,8,8,8,8,8,8
1,1,210463,24,24,24,24,24,24,24,24,24,24
2,1,210463,0,0,0,0,0,0,0,0,0,0
1,1,210464,15,15,15,15,15,15,15,15,15,15
1,1,210465,0,0,0,0,0,0,0,0,0,0
1,1,210466,0,0,0,0,0,0,0,0,0,0
1,1,210467,29,29,29,29,29,29,29,29,29,29
1,1,210468,24,24,24,24,24,24,24,24,24,24
1,1,210469,0,0,0,0,0,0,0,0,0,0
1,1,210470,23,23,23,23,23,23,23,23,23,23
1,1,210471,26,26,26,26,26,26,26,26,26,26
1,1,210472,0,0,0,0,0,0,0,0,0,0
1,1,210473,0,0,0,0,0,0,0,0,0,0
2,1,210473,0,0,0,0,0,0,0,0,0,0
1,1,210474,0,0,0,0,0,0,0,0,0,0
1,1,210475,0,0,0,0,0,0,0,0,0,0
1,1,210476,0,0,0,0,0,0,0,0,0,0
1,1,210477,0,0,0,5,0,0,0,0,0,4
1,1,210478,0,0,0,0,0,0,0,0,0,0
2,1,210478,20,20,20,20,20,20,20,20,20,20
1,1,210479,0,0,0,0,0,0,0,0,0,0
1,1,210480,0,0,0,0,0,0,0,0,0,0
1,1,210481,9,9,9,9,9,9,9,9,9,9
1,1,210482,0,0,0,0,0,0,0,0,0,0
2,1,210482,0,0,0,0,0,0,0,0,0,0
1,1,210483,0,0,0,0,0,0,0,0,0,0
1,1,210484,0,0,0,0,0,0,0,0,0,0
2,1,210484,0,0,0,0,0,0,0,0,0,0
1,1,210485,0,0,0,0,0,0,0,0,14,0
1,1,210486,0,13,18,0,0,0,0,0,0,12
1,1,210487,0,0,0,0,0,0,0,0,0,0
1,1,210488,0,0,0,0,0,0,0,0,0,0
1,1,210489,6,6,6,6,6,6,6,6,6,6
2,1,210489,0,0,0,0,0,0,0,0,0,0
3,1,210489,0,0,0,0,0,0,0,0,0,0
1,1,210490,0,0,0,0,0,0,0,0,0,0
1,1,210491,4,4,4,4,4,4,4,4,4,4
2,1,210491,0,0,0,0,0,0,0,0,0,0
1,1,210492,14,15,0,0,0,0,14,0,0,0
1,1,210493,0,0,0,0,0,0,0,0,0,0
1,1,210494,14,14,14,14,14,14,14,14,14,14
1,1,210495,10,10,10,10,10,10,10,10,10,10
1,1,210496,10,10,10,10,10,10,10,10,10,10
1,1,210497,0,0,0,0,0,0,0,0,0,0
1,1,210498,0,0,0,0,0,0,0,0,0,0
0,1,210499,0,0,0,0,0,0,0,0,0,0
1,1,210499,0,0,0,0,0,0,0,0,0,0
1,1,210500,0,0,0,0,0,0,0,0,0,0
2,1,210500,0,0,0,0,0,0,0,0,0,0
1,1,210501,0,0,0,0,0,0,0,0,0,0
1,1,210502,0,0,0,0,0,0,0,0,0,0
2,1,210502,0,0,0,0,0,0,0,0,0,0
0,1,210503,0,0,0,0,0,0,0,0,0,0
1,1,210503,11,0,50,8,5,12,0,0,18,0
1,1,210504,0,0,0,0,0,0,0,0,0,0
2,1,210504,0,0,0,0,0,0,0,0,0,0
1,1,210505,0,0,0,0,0,0,0,0,0,0
2,1,210505,0,0,0,0,0,0,0,0,0,0
3,1,210505,0,0,0,0,0,0,0,0,0,0
1,1,210506,25,25,25,25,25,25,25,25,25,25
1,1,210507,0,0,0,0,0,0,0,0,0,8
1,1,210508,32,0,0,0,0,0,0,15,0,0
1,1,210509,0,0,0,0,0,0,0,0,0,0
2,1,210509,0,0,0,0,0,0,0,0,0,0
1,1,210510,0,0,0,0,0,0,0,0,0,0
1,1,210511,0,0,0,0,0,0,0,0,0,0
2,1,210511,0,0,0,0,0,0,0,0,0,0
1,1,210512,0,0,0,0,0,0,0,0,0,0
1,1,210513,14,14,14,14,14,14,14,14,14,14
1,1,210514,18,18,18,18,18,18,18,18,18,18
1,1,210515,6,6,6,6,6,6,6,6,6,6
1,1,210516,0,0,0,0,0,0,0,0,0,0
2,1,210516,0,0,0,0,0,0,0,0,0,0
1,1,210517,17,17,17,17,17,17,17,17,17,17
2,1,210517,0,0,0,0,0,0,0,0,0,0
1,1,210518,0,0,0,0,13,0,0,0,0,0
1,1,210519,12,12,12,12,12,12,12,12,12,12
1,1,210520,0,0,0,0,0,0,0,0,0,0
1,1,210521,0,0,0,0,0,0,0,0,0,0
1,1,210522,0,4,0,0,0,0,0,0,0,0
1,1,210523,0,0,0,0,0,0,0,0,0,0
2,1,210523,0,0,0,0,0,0,0,0,0,0
3,1,210523,0,0,0,0,0,0,0,0,0,0
1,1,210524,0,0,0,0,0,0,0,0,0,0
1,1,210525,0,0,0,0,0,0,2,0,0,0
1,1,210526,0,0,0,0,0,0,0,0,0,0
2,1,210526,0,0,0,0,0,0,0,0,0,0
1,1,210527,0,0,0,0,0,0,0,0,0,0
2,1,210527,0,0,0,0,0,0,0,0,0,0
1,1,210528,23,23,23,23,23,23,23,23,23,23
1,1,210529,15,15,15,15,15,15,15,15,15,15
1,1,210530,25,0,0,0,0,0,0,0,0,0
1,1,210531,0,0,0,0,0,0,0,0,0,0
2,1,210531,0,0,0,0,0,0,0,0,0,0
3,1,210531,0,0,0,0,0,0,0,0,0,0
1,1,210532,0,0,0,0,0,0,0,0,0,0
2,1,210532,0,0,0,0,0,0,0,0,0,0
1,1,210533,15,15,15,15,15,15,15,15,15,15
1,1,210534,34,13,27,15,18,10,14,8,25,18
1,1,210535,0,0,0,0,0,0,0,0,0,0
1,1,210536,0,0,0,0,0,0,0,0,0,0
1,1,210537,20,20,20,20,20,20,20,20,20,20
1,1,210538,0,0,0,7,0,17,0,0,0,0
2,1,210538,0,0,0,0,0,0,0,0,0,0
1,1,210539,19,0,18,23,0,17,0,11,0,22
0,1,210540,0,0,0,0,0,0,0,0,0,0
1,1,210540,0,0,0,0,0,0,0,0,0,0
1,1,210541,0,0,0,0,0,0,0,0,0,0
2,1,210541,0,0,0,0,4,0,0,0,0,0
1,1,210542,25,25,25,25,25,25,25,25,25,25
1,1,210543,0,0,0,0,0,0,0,0,0,0
0,1,210544,14,14,14,14,14,14,14,14,14,14
1,1,210544,0,0,0,0,0,0,0,0,0,0
1,1,210545,0,0,0,0,0,0,0,0,0,0
2,1,210545,0,0,0,0,0,0,0,0,0,13
1,1,210546,0,0,0,0,0,0,0,0,0,0
2,1,210546,0,0,0,0,0,0,0,0,0,0
1,1,210547,0,0,0,0,0,0,0,0,0,0
2,1,210547,0,0,0,0,0,0,0,0,0,0
3,1,210547,0,0,0,0,0,0,0,0,0,0
4,1,210547,0,0,0,0,0,0,0,0,0,0
1,1,210548,10,0,0,19,0,15,0,0,0,0
1,1,210549,0,0,0,0,0,0,0,0,0,0
2,1,210549,0,0,0,0,0,0,0,0,0,0
1,1,210550,0,0,0,0,0,0,0,0,0,0
1,1,210551,5,5,5,5,5,5,5,5,5,5
2,1,210551,0,0,0,0,0,0,0,0,0,0
1,1,210552,0,0,0,0,0,0,0,0,0,0
2,1,210552,0,0,0,0,0,0,0,0,0,0
1,1,210553,0,0,0,0,0,0,0,0,0,0
2,1,210553,0,0,0,0,0,0,0,0,0,0
1,1,210554,32,27,30,18,23,19,21,20,29,15
1,1,210555,26,26,32,30,20,24,12,14,34,18
0,1,210556,0,0,0,0,0,0,0,0,0,0
1,1,210556,0,0,0,0,0,0,0,0,0,0
0,1,210557,0,16,17,14,8,0,6,24,16,0
1,1,210557,0,0,0,0,0,0,0,0,0,0
1,1,210558,0,0,0,0,0,0,0,0,0,0
1,1,210559,5,5,5,5,5,5,5,5,5,5
1,1,210560,0,0,0,0,0,0,0,0,0,0
1,1,210561,0,0,0,0,0,0,0,0,0,0
1,1,210562,0,0,0,0,0,0,0,0,0,0
1,1,210563,0,0,0,0,0,0,0,0,0,0
2,1,210563,0,0,0,0,0,0,0,0,0,0
1,1,210564,0,0,0,0,0,0,0,0,0,0
2,1,210564,0,0,0,0,0,0,0,0,0,0
1,1,210565,13,13,13,13,13,13,13,13,13,13
1,1,210566,0,0,0,0,0,0,0,0,7,0
1,1,210567,0,0,0,0,0,0,0,0,0,0
1,1,210568,0,0,0,0,0,0,0,0,0,0
1,1,210569,0,0,0,0,0,0,0,0,0,0
1,1,210570,0,0,0,0,0,0,0,0,0,0
2,1,210570,0,0,0,0,0,0,0,0,0,0
1,1,210571,0,0,0,0,0,0,0,0,0,0
2,1,210571,0,0,0,0,0,0,0,0,0,0
1,1,210572,0,0,0,0,0,0,0,0,0,0
2,1,210572,0,0,0,0,0,0,0,0,0,0
1,1,210573,0,0,0,0,0,0,0,0,0,9
1,1,210574,19,19,19,19,19,19,19,19,19,19
1,1,210575,0,0,0,0,0,0,0,0,0,0
1,1,210576,0,0,0,0,0,0,0,0,0,0
2,1,210576,0,0,0,0,0,0,0,0,0,0
1,1,210577,0,0,0,0,0,0,0,0,0,0
0,1,210578,25,25,25,25,25,25,25,25,25,25
1,1,210578,0,0,0,0,0,0,0,0,0,0
1,1,210579,0,0,0,0,0,0,0,0,0,0
2,1,210579,0,0,0,0,0,0,0,0,0,0
1,1,210580,0,0,0,0,0,0,0,0,0,0
1,1,210581,0,0,0,0,0,0,0,0,0,0
2,1,210581,0,0,0,0,0,0,0,0,0,0
3,1,210581,0,0,0,0,0,0,0,0,0,0
1,1,210582,0,0,0,0,0,0,0,0,0,0
2,1,210582,0,0,0,0,0,0,0,0,0,0
1,1,210583,0,0,0,0,0,0,0,0,11,0
1,1,210584,0,0,0,0,0,0,0,0,0,0
2,1,210584,0,0,0,0,0,0,0,0,0,0
3,1,210584,0,0,0,0,0,0,0,0,0,0
1,1,210585,23,23,23,23,23,23,23,23,23,23
1,1,210586,0,0,0,0,0,0,0,0,0,0
1,1,210587,0,0,0,0,0,0,0,0,0,0
1,1,210588,11,11,11,11,11,11,11,11,11,11
1,1,210589,9,9,9,9,9,9,9,9,9,9
1,1,210590,0,0,0,0,0,0,0,0,0,0
1,1,210591,0,0,20,0,0,0,0,0,0,0
2,1,210591,0,0,0,0,0,0,0,0,0,0
1,1,210592,0,0,0,0,0,0,0,0,0,0
1,1,210593,0,0,0,0,0,0,0,0,0,0
1,1,210594,0,0,0,0,0,0,0,0,0,0
2,1,210594,0,0,0,0,0,0,0,0,0,0
1,1,210595,20,0,27,0,0,34,0,0,0,0
0,1,210596,0,0,0,0,0,0,0,0,0,0
1,1,210596,0,8,0,0,0,0,0,0,0,0
1,1,210597,0,0,0,0,0,0,0,0,0,0
2,1,210597,0,0,0,0,0,0,0,0,0,0
1,1,210598,0,0,0,17,0,0,0,0,0,10
1,1,210599,0,0,0,0,0,0,0,0,0,0
1,1,210600,0,0,0,0,0,0,0,0,0,0
1,1,210601,9,9,9,9,9,9,9,9,9,9
1,1,210602,0,0,0,0,0,0,0,0,0,0
1,1,210603,38,15,0,17,24,14,18,29,0,18
1,1,210604,0,0,0,0,0,0,0,0,0,0
2,1,210604,0,0,0,0,0,0,0,0,0,0
1,1,210605,0,0,0,0,0,0,0,0,0,0
2,1,210605,0,0,0,13,0,0,8,0,0,0
1,1,210606,19,19,19,19,19,19,19,19,19,19
1,1,210607,20,20,20,20,20,20,20,20,20,20
1,1,210608,10,10,10,10,10,10,10,10,10,10
1,1,210609,0,0,0,0,0,0,0,0,0,0
2,1,210609,0,0,0,0,0,0,0,0,0,0
1,1,210610,22,22,22,22,22,22,22,22,22,22
1,1,210611,18,18,18,18,18,18,18,18,18,18
1,1,210612,0,0,0,0,0,0,0,0,0,0
2,1,210612,0,0,0,0,0,0,0,0,0,0
1,1,210613,0,0,0,0,0,0,0,0,0,0
2,1,210613,0,0,0,0,0,0,0,0,0,0
1,1,210614,15,15,15,15,15,15,15,15,15,15
0,1,210615,0,7,20,0,21,0,0,0,0,0
0,2,210615,0,0,0,0,0,0,0,10,0,0
0,3,210615,22,0,0,0,0,0,0,12,0,0
0,4,210615,0,0,0,0,0,0,0,0,0,0
0,5,210615,0,0,0,0,0,0,0,0,0,0
1,1,210615,0,0,0,0,0,0,0,0,0,0
1,1,210616,35,35,35,35,35,35,35,35,35,35
1,1,210617,0,0,0,0,0,0,0,0,0,0
1,1,210618,0,0,0,0,0,0,0,0,0,14
1,1,210619,0,0,0,3,0,0,0,0,0,0
1,1,210620,0,0,0,0,0,0,0,0,0,0
2,1,210620,0,0,0,0,0,0,0,0,0,0
1,1,210621,12,16,10,8,10,19,17,26,11,17
1,1,210622,0,0,0,0,0,0,0,0,0,0
1,1,210623,19,19,19,19,19,19,19,19,19,19
1,1,210624,0,0,0,0,0,0,0,0,0,0
2,1,210624,0,0,0,0,0,0,0,0,0,0
1,1,210625,17,17,17,17,17,17,17,17,17,17
1,1,210626,0,0,0,0,0,0,0,0,0,0
1,1,210627,0,0,0,0,0,0,0,0,0,0
2,1,210627,0,0,0,0,0,0,0,0,0,0
1,1,210628,0,0,0,0,0,0,0,0,0,0
2,1,210628,0,0,0,0,0,0,0,0,0,0
3,1,210628,0,0,0,0,0,0,0,0,0,9
4,1,210628,0,0,0,0,0,0,0,0,0,0
0,1,210629,0,0,0,19,0,0,16,19,36,0
0,2,210629,0,0,0,0,0,0,0,0,0,0
0,3,210629,10,0,0,0,0,21,6,11,21,0
1,1,210629,0,4,0,0,0,0,0,0,0,0
1,1,210630,0,0,0,0,0,0,0,0,0,0
2,1,210630,0,0,0,0,0,0,0,0,0,0
1,1,210631,20,20,20,20,20,20,20,20,20,20
1,1,210632,0,0,0,0,0,0,0,0,0,0
1,1,210633,0,0,0,0,0,0,0,0,0,0
2,1,210633,0,0,0,0,0,0,0,0,0,0
1,1,210634,0,0,0,0,0,0,0,0,0,0
1,1,210635,14,14,14,14,14,14,14,14,14,14
1,1,210636,0,0,0,0,0,0,0,0,0,0
1,1,210637,0,0,0,0,0,0,0,0,0,0
1,1,210638,0,0,0,0,0,0,0,0,0,0
1,1,210639,0,0,0,0,0,0,0,0,0,0
1,1,210640,0,0,0,0,0,0,0,0,0,0
2,1,210640,0,0,0,0,0,0,0,0,0,0
0,1,210641,0,0,0,0,0,0,0,0,0,0
1,1,210641,0,0,0,0,0,0,0,0,0,0
1,1,210642,0,0,0,0,0,0,0,0,0,0
2,1,210642,0,0,0,0,0,0,0,0,0,0
1,1,210643,20,20,20,20,20,20,20,20,20,20
0,1,210644,18,18,18,18,18,18,18,18,18,18
1,1,210644,15,15,15,15,15,15,15,15,15,15
1,1,210645,13,13,13,13,13,13,13,13,13,13
1,1,210646,0,0,0,0,0,0,0,0,0,0
2,1,210646,0,0,0,0,0,0,0,0,0,0
1,1,210647,0,0,0,0,0,0,0,0,0,0
2,1,210647,0,0,0,0,0,0,0,0,0,0
1,1,210648,21,21,21,21,21,21,21,21,21,21
1,1,210649,29,29,29,29,29,29,29,29,29,29
1,1,210650,0,0,0,0,0,0,0,0,0,0
2,1,210650,0,0,0,0,0,0,0,0,0,0
3,1,210650,0,0,0,0,0,0,0,0,0,0
1,1,210651,0,0,0,0,0,0,0,0,0,0
2,1,210651,0,0,0,0,0,0,0,0,0,0
3,1,210651,0,0,7,0,0,0,0,0,0,0
4,1,210651,0,0,0,0,0,0,0,0,0,0
1,1,210652,0,0,5,0,0,0,0,0,0,0
2,1,210652,16,16,16,16,16,16,16,16,16,16
1,1,210653,0,0,0,0,0,0,0,0,0,0
2,1,210653,0,0,0,0,0,0,0,0,0,0
1,1,210654,0,0,0,0,0,0,0,0,0,0
2,1,210654,0,0,0,0,0,0,0,0,0,0
1,1,210655,0,0,0,0,0,0,0,0,0,0
1,1,210656,0,0,0,0,0,0,0,0,0,0
2,1,210656,0,0,0,0,0,0,0,0,0,0
1,1,210657,0,0,0,0,0,0,0,0,0,0
2,1,210657,0,0,0,0,0,0,0,0,0,0
1,1,210658,0,0,8,0,0,0,11,0,5,0
1,1,210659,0,0,0,0,0,0,0,0,0,0
1,1,210660,0,0,0,0,0,0,0,0,0,0
2,1,210660,0,0,0,0,0,0,0,0,0,0
0,1,210661,0,0,0,14,10,0,0,0,0,0
1,1,210661,0,0,0,0,0,0,0,0,0,0
1,1,210662,0,0,0,0,0,0,0,0,0,0
2,1,210662,0,0,0,0,0,0,0,0,0,0
0,1,210663,0,0,0,0,0,0,0,0,0,0
1,1,210663,0,0,0,0,0,0,0,0,0,0
1,1,210664,17,17,17,17,17,17,17,17,17,17
1,1,210665,0,0,0,0,0,0,0,0,0,0
1,1,210666,26,26,26,26,26,26,26,26,26,26
1,1,210667,0,0,0,0,0,0,0,0,0,0
2,1,210667,0,0,0,0,0,0,0,0,0,0
3,1,210667,0,0,0,0,0,0,0,0,0,0
4,1,210667,0,0,0,0,0,0,0,0,0,0
5,1,210667,0,0,0,0,0,0,0,0,0,0
1,1,210668,0,0,0,0,0,0,0,0,0,0
1,1,210669,12,12,12,12,12,12,12,12,12,12
1,1,210670,0,0,0,0,0,0,0,0,0,0
1,1,210671,0,0,0,0,0,0,0,0,0,0
2,1,210671,0,7,0,0,0,0,0,0,0,0
0,1,210672,0,0,22,16,14,0,22,10,14,21
1,1,210672,0,0,0,0,0,0,0,0,0,0
1,1,210673,0,0,0,0,0,0,0,0,0,0
2,1,210673,0,0,0,0,0,0,0,0,0,0
1,1,210674,19,19,19,19,19,19,19,19,19,19
1,1,210675,0,0,0,0,0,0,0,0,0,0
2,1,210675,0,0,0,0,0,0,0,0,0,0
1,1,210676,0,0,0,0,0,0,0,0,0,0
2,1,210676,0,0,0,0,0,0,0,0,0,0
1,1,210677,0,0,0,0,0,0,0,0,0,0
2,1,210677,0,0,0,0,0,0,0,0,0,0
3,1,210677,0,0,0,0,0,0,0,0,0,0
1,1,210678,0,0,0,0,0,0,0,0,0,3
2,1,210678,0,0,0,0,0,0,0,0,0,0
3,1,210678,0,0,0,0,0,0,0,0,0,0
4,1,210678,0,0,0,0,2,0,0,0,0,0
1,1,210679,0,0,0,0,0,0,0,0,0,0
1,1,210680,0,0,0,0,0,0,0,0,18,0
1,1,210681,0,0,0,0,0,0,0,0,0,0
2,1,210681,0,0,0,0,0,0,0,0,0,0
1,1,210682,0,0,0,0,0,0,0,0,0,0
0,1,210683,28,28,28,28,28,28,28,28,28,28
1,1,210683,0,0,0,0,0,0,0,0,0,0
1,1,210684,23,23,23,23,23,23,23,23,23,23
2,1,210684,0,0,0,0,0,0,0,0,0,0
1,1,210685,16,16,16,16,16,16,16,16,16,16
2,1,210685,0,0,0,0,0,0,0,0,0,0
1,1,210686,0,0,0,0,0,0,0,0,0,0
0,1,210687,0,0,0,0,26,0,0,0,0,0
1,1,210687,0,0,0,0,0,0,0,0,0,0
1,1,210688,12,12,12,12,12,12,12,12,12,12
2,1,210688,0,0,0,0,0,0,0,0,0,0
1,1,210689,0,0,0,0,0,0,0,0,0,0
2,1,210689,0,0,0,0,0,0,0,0,0,0
1,1,210690,0,0,0,0,0,0,0,0,0,0
1,1,210691,0,0,0,0,0,0,0,0,0,0
2,1,210691,0,0,0,0,0,0,0,0,0,0
1,1,210692,0,0,0,0,0,0,0,0,0,0
2,1,210692,0,15,0,0,0,0,0,0,0,0
1,1,210693,31,31,31,31,31,31,31,31,31,31
1,1,210694,0,0,0,0,0,0,0,0,0,0
1,1,210695,0,0,0,0,0,0,0,0,0,0
1,1,210696,0,0,0,0,0,0,0,0,0,0
1,1,210697,0,0,0,0,0,0,0,0,0,0
2,1,210697,0,0,0,0,0,0,0,0,0,0
1,1,210698,0,0,0,0,0,0,0,0,0,0
2,1,210698,0,0,0,0,0,0,0,0,0,0
1,1,210699,2,2,2,2,2,2,2,2,2,2
1,1,210700,0,0,0,0,0,0,0,0,0,0
1,1,210701,0,0,0,0,0,0,0,0,0,0
2,1,210701,0,0,0,0,0,0,0,0,0,0
1,1,210702,0,0,0,0,0,0,0,0,0,0
0,1,210703,13,13,13,13,13,13,13,13,13,13
1,1,210703,0,0,0,0,0,0,0,0,0,0
1,1,210704,0,0,0,0,0,0,0,0,0,0
1,1,210705,0,0,0,0,0,0,0,0,0,0
0,1,210706,26,26,26,26,26,26,26,26,26,26
1,1,210706,0,0,0,0,0,0,0,0,0,0
1,1,210707,0,0,11,0,0,0,0,0,5,0
1,1,210708,0,0,0,0,0,0,0,0,0,0
1,1,210709,0,0,0,0,0,0,0,0,0,0
2,1,210709,0,0,0,0,0,0,0,0,0,0
1,1,210710,0,0,0,0,0,0,0,0,0,0
1,1,210711,0,0,0,0,0,0,0,0,0,19
2,1,210711,0,0,0,0,0,0,0,0,0,0
1,1,210712,0,0,0,0,0,0,0,0,0,0
2,1,210712,0,0,0,0,0,0,0,0,0,0
1,1,210713,0,0,0,0,0,0,0,0,0,10
2,1,210713,0,0,0,0,0,0,0,0,0,0
1,1,210714,9,9,9,9,9,9,9,9,9,9
1,1,210715,0,0,0,0,0,0,0,0,0,0
2,1,210715,0,0,0,0,0,0,0,0,0,0
1,1,210716,0,0,0,0,0,0,0,0,0,0
2,1,210716,0,0,0,0,0,0,0,0,0,0
3,1,210716,0,0,0,0,0,0,0,0,0,0
1,1,210717,0,0,0,0,0,0,0,0,0,0
1,1,210718,16,16,16,16,16,16,16,16,16,16
1,1,210719,0,0,0,0,0,0,0,0,0,0
2,1,210719,0,0,0,0,0,0,0,0,0,8
3,1,210719,0,0,0,0,0,0,0,0,0,0
1,1,210720,12,12,12,12,12,12,12,12,12,12
2,1,210720,0,0,0,0,0,0,0,0,0,0
1,1,210721,0,0,0,0,0,0,0,0,0,0
1,1,210722,0,0,0,9,0,3,0,0,0,0
1,1,210723,2,2,2,2,2,2,2,2,2,2
1,1,210724,31,31,31,31,31,31,31,31,31,31
1,1,210725,0,0,0,0,0,0,0,0,0,0
2,1,210725,0,0,0,0,0,0,0,0,0,0
0,1,210726,0,0,0,0,0,0,0,0,0,0
1,1,210726,17,17,17,17,17,17,17,17,17,17
1,1,210727,0,0,0,0,0,0,0,0,0,0
2,1,210727,0,0,0,0,0,0,0,0,0,0
1,1,210728,2,2,2,2,2,2,2,2,2,2
0,1,210729,0,0,0,0,0,0,0,0,0,0
0,2,210729,0,0,0,17,0,0,0,0,0,0
1,1,210729,0,0,0,0,0,0,0,0,0,0
1,1,210730,0,26,0,0,0,0,0,0,0,0
2,1,210730,0,0,0,0,0,0,0,0,0,0
1,1,210731,0,0,0,0,0,0,0,0,0,0
2,1,210731,0,0,0,0,0,0,0,0,0,0
3,1,210731,0,0,0,0,0,0,0,0,0,0
1,1,210732,12,12,12,12,12,12,12,12,12,12
2,1,210732,0,0,0,0,0,0,0,0,0,0
0,1,210733,0,0,0,0,0,0,0,0,0,0
1,1,210733,0,0,0,0,0,0,0,0,0,0
1,1,210734,0,0,0,0,0,0,0,0,0,0
1,1,210735,0,0,0,0,0,0,0,0,0,0
1,1,210736,0,0,0,0,0,0,0,0,0,0
1,1,210737,21,21,21,21,21,21,21,21,21,21
2,1,210737,0,0,0,0,0,0,0,0,0,0
1,1,210738,0,0,0,0,0,0,0,0,0,0
2,1,210738,0,0,0,0,0,0,0,0,0,0
1,1,210739,0,0,0,0,0,0,0,0,0,0
1,1,210740,0,0,0,0,0,0,0,18,0,0
2,1,210740,0,0,0,0,0,0,0,0,0,0
0,1,210741,0,0,0,0,12,0,0,0,5,0
1,1,210741,18,0,0,0,0,0,0,0,0,0
1,1,210742,0,0,0,0,0,0,0,0,0,15
2,1,210742,0,0,0,0,10,0,0,0,0,0
1,1,210743,0,0,0,0,0,0,0,0,0,0
1,1,210744,7,7,7,7,7,7,7,7,7,7
1,1,210745,0,0,0,0,0,0,0,0,0,0
1,1,210746,0,0,0,0,0,0,0,0,0,0
1,1,210747,0,0,0,0,0,0,0,0,0,0
1,1,210748,9,9,9,9,9,9,9,9,9,9
1,1,210749,0,0,0,0,0,0,0,0,0,0
2,1,210749,0,0,0,0,0,0,0,0,0,0
0,1,210750,0,0,0,0,0,0,0,0,0,0
1,1,210750,0,0,0,0,0,0,0,0,0,0
0,1,210751,0,0,0,20,0,0,0,14,0,0
1,1,210751,0,0,0,0,0,0,0,0,0,0
1,1,210752,15,15,15,15,15,15,15,15,15,15
1,1,210753,0,0,0,0,0,0,0,0,0,0
1,1,210754,11,11,11,11,11,11,11,11,11,11
1,1,210755,0,0,0,0,0,0,0,7,0,0
1,1,210756,0,0,0,27,0,0,0,0,0,0
1,1,210757,3,0,0,0,10,0,0,0,0,0
1,1,210758,0,0,0,0,0,0,0,0,0,0
1,1,210759,0,0,0,0,0,0,0,0,0,0
2,1,210759,0,0,0,0,0,0,0,0,0,0
1,1,210760,0,0,0,0,0,0,0,0,0,0
2,1,210760,0,0,0,0,0,0,0,0,0,0
1,1,210761,0,0,0,0,0,0,0,0,0,0
2,1,210761,0,0,0,0,0,0,0,0,0,0
1,1,210762,0,0,0,0,0,0,0,0,0,0
2,1,210762,0,0,0,0,0,0,0,0,0,0
1,1,210763,0,0,0,0,0,0,0,0,0,0
2,1,210763,0,0,0,0,0,0,0,0,0,0
1,1,210764,0,0,0,0,0,0,0,0,0,0
2,1,210764,0,0,0,0,0,0,0,0,0,0
1,1,210765,9,9,9,9,9,9,9,9,9,9
1,1,210766,25,25,25,25,25,25,25,25,25,25
2,1,210766,0,0,0,0,0,0,0,0,0,0
1,1,210767,2,2,2,2,2,2,2,2,2,2
2,1,210767,0,0,0,0,0,0,0,0,0,0
1,1,210768,0,0,0,0,0,0,18,0,0,0
1,1,210769,20,20,20,20,20,20,20,20,20,20
1,1,210770,0,0,0,0,0,0,0,0,0,0
1,1,210771,0,0,0,0,0,0,0,0,0,0
2,1,210771,0,0,0,0,0,0,0,0,0,0
3,1,210771,0,0,0,0,0,0,0,0,0,2
1,1,210772,0,0,0,0,0,0,0,0,0,0
2,1,210772,0,0,0,0,0,0,0,0,0,0
3,1,210772,24,16,21,6,7,3,23,8,26,7
1,1,210773,0,0,0,0,0,0,0,0,0,0
0,1,210774,0,0,0,0,0,0,0,0,0,0
1,1,210774,0,0,0,0,0,0,0,0,0,0
1,1,210775,0,0,0,0,0,0,0,0,0,0
1,1,210776,0,0,0,0,0,0,0,0,0,0
2,1,210776,0,0,0,0,0,0,0,0,0,0
3,1,210776,0,0,0,0,0,0,0,0,0,0
1,1,210777,0,0,0,0,0,0,0,0,0,0
2,1,210777,0,0,0,0,0,0,0,19,0,0
1,1,210778,0,0,0,0,0,0,0,0,0,0
2,1,210778,0,0,0,0,0,0,0,0,0,0
1,1,210779,0,0,0,0,0,0,0,0,0,0
1,1,210780,0,0,0,0,0,0,0,0,0,0
2,1,210780,0,0,0,0,0,0,0,0,0,0
3,1,210780,0,0,0,0,0,0,0,0,0,0
1,1,210781,25,25,25,25,25,25,25,25,25,25
1,1,210782,0,0,0,0,0,0,0,0,0,0
2,1,210782,0,0,0,0,0,0,0,0,0,0
1,1,210783,0,0,0,9,0,0,0,9,0,0
1,1,210784,14,14,14,14,14,14,14,14,14,14
1,1,210785,2,2,2,2,2,2,2,2,2,2
1,1,210786,0,0,0,0,7,0,0,18,0,0
1,1,210787,0,0,0,0,0,0,0,0,0,0
2,1,210787,0,0,0,0,0,0,0,0,0,0
0,1,210788,23,23,23,23,23,23,23,23,23,23
1,1,210788,0,0,0,0,0,0,0,0,0,0
1,1,210789,0,0,0,0,0,0,8,0,0,0