VEH_NO,PER_NO,ST_CASE,P1,P2,P3,P4,P5,P6,P7,P8,P9,P10
0,1,220314,14,14,14,14,14,14,14,14,14,14
1,1,220314,1,1,1,1,1,1,1,1,1,1
1,1,220315,0,0,0,0,0,0,0,0,0,0
2,1,220315,0,0,0,0,0,0,0,0,0,0
1,1,220316,22,22,22,22,22,22,22,22,22,22
2,1,220316,0,0,0,0,0,0,0,0,0,0
1,1,220317,0,0,0,0,0,0,0,0,0,0
2,1,220317,0,0,0,0,0,0,0,0,0,0
1,1,220318,0,0,0,0,0,0,0,0,0,0
2,1,220318,0,0,0,0,0,0,0,0,0,0
1,1,220319,0,0,0,0,0,0,0,0,0,0
2,1,220319,0,0,0,0,0,0,0,0,0,0
1,1,220320,0,0,0,0,0,0,0,0,0,0
1,1,220321,0,0,0,0,0,0,0,0,0,0
1,1,220322,0,0,0,0,0,0,0,0,0,0
1,1,220323,28,0,17,28,0,0,14,0,0,0
1,1,220324,13,0,0,0,0,0,11,0,21,0
2,1,220324,0,0,0,0,0,0,0,0,0,0
1,1,220325,9,9,9,9,9,9,9,9,9,9
1,1,220326,0,0,0,0,0,0,0,0,0,0
1,1,220327,0,0,0,0,0,0,0,0,0,0
0,1,220328,0,0,0,0,0,30,14,0,18,35
1,1,220328,0,0,0,0,0,12,0,0,0,10
1,1,220329,0,0,0,0,0,0,0,0,0,0
1,1,220330,7,7,7,7,7,7,7,7,7,7
1,1,220331,43,7,17,22,13,38,14,35,15,22
1,1,220332,0,0,0,0,0,0,0,0,0,25
0,1,220333,0,0,0,0,0,0,0,0,0,0
1,1,220333,0,0,0,0,0,0,0,0,0,0
1,1,220334,22,22,22,22,22,22,22,22,22,22
1,1,220335,17,17,17,17,17,17,17,17,17,17
1,1,220336,4,9,0,0,0,0,11,0,0,14
1,1,220337,0,0,0,0,0,0,0,0,0,0
2,1,220337,0,0,0,0,0,0,0,0,0,0
1,1,220338,0,0,0,0,0,0,0,0,0,0
2,1,220338,0,0,0,0,30,3,0,0,0,0
1,1,220339,13,13,13,13,13,13,13,13,13,13
2,1,220339,0,0,0,0,0,0,0,0,0,0
1,1,220340,0,0,0,0,0,0,0,0,0,0
2,1,220340,0,0,0,0,0,0,0,0,0,0
1,1,220341,0,0,0,0,0,0,0,0,0,0
2,1,220341,0,0,0,0,0,0,0,0,0,0
3,1,220341,0,0,0,0,0,0,0,0,0,0
1,1,220342,0,0,0,0,0,0,0,0,9,0
0,1,220343,0,0,0,0,0,0,0,0,0,0
1,1,220343,1,1,1,1,1,1,1,1,1,1
1,1,220344,19,19,19,19,19,19,19,19,19,19
1,1,220345,0,0,0,0,0,0,0,0,0,0
1,1,220346,9,9,9,9,9,9,9,9,9,9
1,1,220347,0,0,0,0,0,0,0,0,0,0
2,1,220347,0,0,0,0,14,0,0,15,0,36
1,1,220348,9,0,0,0,6,0,11,0,0,0
2,1,220348,0,0,0,0,0,0,0,0,0,0
1,1,220349,9,9,9,9,9,9,9,9,9,9
2,1,220349,0,0,0,0,0,0,0,0,0,0
1,1,220350,13,13,13,13,13,13,13,13,13,13
2,1,220350,0,0,0,0,0,0,0,0,0,0
3,1,220350,0,0,0,0,0,0,0,0,0,0
1,1,220351,15,15,15,15,15,15,15,15,15,15
2,1,220351,0,0,0,0,0,0,0,0,0,0
3,1,220351,0,0,8,0,0,0,0,0,0,0
1,1,220352,0,0,0,0,0,0,0,0,0,0
2,1,220352,0,0,0,0,0,0,0,0,0,0
3,1,220352,0,0,0,0,0,0,0,0,0,0
0,1,220353,25,0,0,37,8,58,14,23,26,0
0,2,220353,0,0,0,0,0,0,0,0,0,0
0,3,220353,0,0,0,0,0,0,0,0,0,0
1,1,220353,18,18,18,18,18,18,18,18,18,18
0,1,220354,28,28,28,28,28,28,28,28,28,28
1,1,220354,0,0,0,0,0,0,0,0,0,0
1,1,220355,0,0,0,0,0,0,0,0,0,0
2,1,220355,0,0,0,0,0,0,0,0,0,0
3,1,220355,0,0,0,0,0,0,0,0,0,0
1,1,220356,15,15,15,15,15,15,15,15,15,15
2,1,220356,0,0,0,0,0,0,0,0,0,0
3,1,220356,0,0,0,0,0,0,0,0,0,0
1,1,220357,0,0,0,0,0,0,0,0,0,0
2,1,220357,0,0,0,0,0,0,0,0,0,0
1,1,220358,12,12,12,12,12,12,12,12,12,12
2,1,220358,0,0,0,0,0,0,0,0,0,0
1,1,220359,0,0,0,0,0,0,0,0,0,0
2,1,220359,0,0,0,0,0,0,0,0,0,0
1,1,220360,8,8,8,8,8,8,8,8,8,8
2,1,220360,0,0,0,0,0,0,0,0,0,0
1,1,220361,0,0,0,0,0,0,0,0,0,0
2,1,220361,0,0,0,0,0,0,0,0,0,0
1,1,220362,0,0,0,0,0,0,0,0,0,0
2,1,220362,2,2,2,2,2,2,2,2,2,2
1,1,220363,6,6,6,6,6,6,6,6,6,6
2,1,220363,22,22,22,22,22,22,22,22,22,22
1,1,220364,7,0,0,0,0,0,0,0,0,0
2,1,220364,0,0,0,0,0,0,0,0,0,0
1,1,220365,0,0,0,0,0,0,0,0,0,0
2,1,220365,0,0,0,0,0,0,0,0,0,0
1,1,220366,0,0,0,0,0,0,0,0,0,0
2,1,220366,0,0,0,0,0,0,0,0,0,0
1,1,220367,1,1,1,1,1,1,1,1,1,1
2,1,220367,0,0,7,0,0,0,0,0,0,0
1,1,220368,0,0,0,0,0,0,0,0,0,0
2,1,220368,0,0,0,0,0,0,0,0,0,0
1,1,220369,0,0,0,0,0,24,0,13,0,0
2,1,220369,0,0,0,0,0,0,0,0,0,0
1,1,220370,0,0,0,0,0,0,0,0,0,0
2,1,220370,0,0,0,0,0,0,0,0,0,0
1,1,220371,22,22,22,22,22,22,22,22,22,22
2,1,220371,0,0,0,0,0,0,0,0,0,0
1,1,220372,12,12,12,12,12,12,12,12,12,12
2,1,220372,0,0,0,0,0,0,0,0,0,0
1,1,220373,0,6,0,0,23,0,19,0,0,19
2,1,220373,0,0,0,0,0,0,0,0,0,0
1,1,220374,0,0,0,0,0,0,0,0,0,0
2,1,220374,0,0,0,0,0,0,0,0,0,0
1,1,220375,9,19,23,0,0,0,0,24,0,0
1,1,220376,2,5,11,20,16,13,30,13,18,15
1,1,220377,0,0,0,0,0,0,0,0,0,0
0,1,220378,22,36,10,25,19,29,36,6,27,20
1,1,220378,0,5,0,0,0,0,0,0,0,0
1,1,220379,7,13,0,32,0,26,0,0,36,8
1,1,220380,24,24,24,24,24,24,24,24,24,24
1,1,220381,0,0,0,0,0,0,0,0,0,0
1,1,220382,0,0,0,0,0,0,0,0,0,0
0,1,220383,0,0,0,0,0,0,0,0,0,0
1,1,220383,0,0,0,0,0,0,0,0,0,0
1,1,220384,0,0,0,0,0,0,0,0,0,0
1,1,220385,13,13,13,13,13,13,13,13,13,13
0,1,220386,25,0,19,15,13,8,16,3,32,39
1,1,220386,0,0,0,0,0,0,0,0,0,0
1,1,220387,0,0,0,0,0,0,0,0,0,0
1,1,220388,0,16,19,33,0,0,15,0,0,0
1,1,220389,0,0,0,0,0,0,0,0,0,0
1,1,220390,15,15,15,15,15,15,15,15,15,15
1,1,220391,13,13,13,13,13,13,13,13,13,13
1,1,220392,0,0,0,0,0,0,0,0,0,0
2,1,220392,0,0,0,0,0,0,0,0,0,0
1,1,220393,0,7,9,0,0,0,0,18,17,17
1,1,220394,21,21,21,21,21,21,21,21,21,21
0,1,220395,0,0,0,0,0,0,0,0,0,0
1,1,220395,0,0,0,0,0,0,0,0,0,0
1,1,220396,12,12,12,12,12,12,12,12,12,12
1,1,220397,0,0,0,0,0,0,0,0,4,0
1,1,220398,12,17,10,11,14,4,13,15,28,12
2,1,220398,0,0,0,0,0,0,0,0,0,0
1,1,220399,0,0,0,0,0,0,0,0,0,0
2,1,220399,0,0,0,0,0,0,0,0,0,0
1,1,220400,0,0,0,0,0,0,0,0,0,0
1,1,220401,8,8,8,8,8,8,8,8,8,8
1,1,220402,20,20,20,20,20,20,20,20,20,20
1,1,220403,0,0,0,0,0,0,0,0,0,0
2,1,220403,0,0,0,0,0,0,0,0,0,0
1,1,220404,0,0,0,0,0,0,0,0,0,0
2,1,220404,0,0,0,0,0,0,0,0,0,0
1,1,220405,0,0,0,0,0,0,0,0,0,0
2,1,220405,0,0,0,0,0,0,0,0,0,0
1,1,220406,0,18,0,0,0,0,9,18,0,0
2,1,220406,0,0,0,0,0,0,0,0,0,0
1,1,220407,0,12,5,0,18,5,13,34,26,13
1,1,220408,0,0,0,0,0,20,17,7,0,0
2,1,220408,0,0,0,0,0,0,0,0,0,0
1,1,220409,18,18,18,18,18,18,18,18,18,18
1,1,220410,0,0,0,0,0,0,0,0,0,17
0,1,220411,0,0,0,0,0,0,0,0,0,0
1,1,220411,0,0,0,0,0,0,0,0,0,0
1,1,220412,0,0,0,0,0,0,0,0,0,0
2,1,220412,0,0,0,0,0,0,0,0,0,0
3,1,220412,0,0,0,0,0,0,0,0,0,11
4,1,220412,0,0,0,0,0,0,0,0,16,0
1,1,220413,27,27,27,27,27,27,27,27,27,27
1,1,220414,0,0,0,0,0,0,0,6,0,0
2,1,220414,0,0,0,0,0,0,0,0,0,0
0,1,220415,20,20,20,20,20,20,20,20,20,20
1,1,220415,0,0,22,0,0,0,16,4,0,0
0,1,220417,0,0,0,0,0,0,0,0,0,0
1,1,220417,0,0,0,0,0,0,0,0,0,0
1,1,220418,0,0,0,0,0,0,0,0,0,0
1,1,220419,18,15,17,8,6,17,17,18,14,16
1,1,220420,24,24,24,24,24,24,24,24,24,24
2,1,220420,0,0,0,0,0,0,0,0,0,0
1,1,220421,18,18,18,18,18,18,18,18,18,18
0,1,220422,0,0,0,33,0,0,0,0,36,43
1,1,220422,13,13,13,13,13,13,13,13,13,13
0,1,220423,38,0,0,0,0,0,0,0,0,0
1,1,220423,17,15,0,0,3,17,0,7,18,10
1,1,220424,21,0,0,0,0,15,6,0,0,0
2,1,220424,0,0,0,0,0,0,0,0,0,0
1,1,220425,12,12,12,12,12,12,12,12,12,12
2,1,220425,0,0,0,0,0,0,0,0,0,0
1,1,220426,18,18,18,18,18,18,18,18,18,18
2,1,220426,0,0,0,0,0,0,0,0,0,0
0,1,220427,25,25,25,25,25,25,25,25,25,25
1,1,220427,0,0,0,0,0,0,0,0,0,0
1,1,220428,11,11,11,11,11,11,11,11,11,11
0,1,220429,17,23,38,16,19,28,25,0,21,31
1,1,220429,0,0,0,0,0,0,0,0,0,0
0,1,220430,0,0,0,0,0,0,0,0,0,14
1,1,220430,0,0,19,10,0,0,9,0,14,0
0,1,220431,18,30,26,23,16,14,0,19,30,0
1,1,220431,3,3,3,3,3,3,3,3,3,3
1,1,220432,0,0,0,0,0,0,0,0,0,0
2,1,220432,0,0,0,0,0,0,0,0,0,0
1,1,220433,19,19,19,19,19,19,19,19,19,19
2,1,220433,0,0,0,0,0,0,0,0,0,0
0,1,220434,0,32,6,14,7,0,0,5,34,0
1,1,220434,0,0,0,0,0,0,0,0,0,0
0,1,220435,0,0,0,0,0,0,27,5,0,0
1,1,220435,0,0,0,0,0,0,0,0,0,0
0,1,220436,0,38,9,0,0,0,39,0,12,0
1,1,220436,0,9,5,0,0,16,5,0,0,0
1,1,220437,0,0,0,0,0,0,0,0,0,0
2,1,220437,0,0,0,0,0,0,0,0,0,0
1,1,220438,0,6,22,0,0,0,4,9,0,0
1,1,220439,0,0,0,11,0,8,29,0,19,0
1,1,220440,0,21,18,14,15,18,28,14,0,38
1,1,220441,19,18,0,34,11,25,18,0,18,11
1,1,220442,0,0,0,0,0,0,0,0,0,0
1,1,220443,17,17,17,17,17,17,17,17,17,17
1,1,220444,24,10,22,22,30,27,26,17,17,23
1,1,220445,7,7,7,7,7,7,7,7,7,7
1,1,220446,8,8,8,8,8,8,8,8,8,8
1,1,220447,19,19,19,19,19,19,19,19,19,19
1,1,220448,10,10,10,10,10,10,10,10,10,10
1,1,220449,0,0,0,0,0,0,0,0,24,0
2,1,220449,0,0,0,0,0,0,0,0,0,0
1,1,220450,11,11,11,11,11,11,11,11,11,11
2,1,220450,0,0,0,0,0,0,0,0,0,0
1,1,220451,0,0,0,0,0,0,0,0,0,0
2,1,220451,0,0,0,0,0,0,0,0,0,0
1,1,220452,8,8,8,8,8,8,8,8,8,8
2,1,220452,8,8,8,8,8,8,8,8,8,8
1,1,220453,0,0,0,0,0,0,0,0,0,0
2,1,220453,0,0,0,0,0,0,0,0,0,0
1,1,220454,0,0,0,0,0,0,0,0,0,0
2,1,220454,0,0,0,0,0,0,0,0,0,0
1,1,220455,0,0,0,0,0,0,0,0,0,0
2,1,220455,0,0,0,0,0,0,0,0,0,0
1,1,220456,0,0,0,0,0,0,0,0,0,0
2,1,220456,0,9,23,0,0,0,0,0,0,9
1,1,220457,0,0,0,0,0,0,0,0,0,0
2,1,220457,0,0,0,0,0,0,0,0,0,0
1,1,220458,0,0,0,0,0,0,0,0,0,0
2,1,220458,0,5,2,0,0,0,0,0,0,0
1,1,220459,0,28,0,15,0,0,0,0,0,0
2,1,220459,0,0,0,0,0,0,0,0,0,0
1,1,220460,25,15,36,6,24,26,28,26,9,28
2,1,220460,0,0,12,12,0,0,0,17,0,0
1,1,220461,19,17,25,21,17,22,24,17,12,28
2,1,220461,0,0,0,0,0,0,0,0,0,0
1,1,220462,8,8,8,8,8,8,8,8,8,8
1,1,220463,31,31,31,31,31,31,31,31,31,31
1,1,220464,8,8,8,8,8,8,8,8,8,8
1,1,220465,0,0,0,0,0,0,0,0,0,0
0,1,220466,37,37,37,37,37,37,37,37,37,37
1,1,220466,0,0,0,0,0,0,0,0,0,0
1,1,220467,0,0,0,0,0,0,0,0,0,0
1,1,220468,0,0,0,0,0,0,0,0,0,0
2,1,220468,0,0,0,0,0,0,0,0,0,0
3,1,220468,0,0,0,0,0,0,0,0,0,1
1,1,220469,13,10,0,0,7,21,10,18,0,10
1,1,220470,0,0,0,0,0,0,0,0,0,0
2,1,220470,0,0,0,0,0,0,0,0,0,0
1,1,220471,24,0,20,0,6,0,17,36,16,7
0,1,220472,34,0,23,0,0,0,16,25,31,16
1,1,220472,0,6,0,0,0,0,6,11,0,0
1,1,220473,0,0,0,0,0,0,0,0,0,0
1,1,220474,19,19,19,19,19,19,19,19,19,19
1,1,220475,18,17,0,11,15,15,22,20,25,0
0,1,220476,27,27,27,27,27,27,27,27,27,27
1,1,220476,0,0,0,0,0,0,0,0,0,0
1,1,220478,19,17,24,19,15,18,3,25,7,17
1,1,220479,8,8,8,8,8,8,8,8,8,8
2,1,220479,16,15,8,14,19,2,16,4,12,14
1,1,220480,5,33,8,12,22,8,12,15,24,3
1,1,220481,0,0,13,17,0,14,17,0,0,11
2,1,220481,0,0,0,0,0,0,0,0,0,0
1,1,220482,0,0,0,0,0,0,0,0,0,0
1,1,220483,0,0,0,0,0,0,0,0,0,0
2,1,220483,0,0,0,0,0,0,0,0,0,0
1,1,220484,16,11,0,0,0,0,3,24,10,20
2,1,220484,0,0,0,0,0,0,0,0,0,0
1,1,220485,21,13,16,8,10,23,12,8,0,8
2,1,220485,0,0,0,6,0,0,0,0,8,9
1,1,220486,0,0,0,0,0,0,0,0,0,0
1,1,220487,0,0,0,0,0,0,0,0,0,0
1,1,220488,8,17,12,11,0,0,0,0,0,12
1,1,220489,0,15,2,21,0,0,0,0,13,21
1,1,220490,18,16,28,29,41,16,9,21,13,14
0,1,220491,0,0,0,0,0,0,0,0,0,0
1,1,220491,0,0,0,0,0,0,0,0,0,0
1,1,220492,7,7,7,7,7,7,7,7,7,7
1,1,220493,19,19,19,19,19,19,19,19,19,19
1,1,220494,0,19,27,0,13,0,0,19,26,12
2,1,220494,12,0,0,0,0,0,0,0,0,0
1,1,220495,15,15,15,15,15,15,15,15,15,15
1,1,220496,13,19,16,27,18,0,0,21,33,0
2,1,220496,0,0,0,0,7,0,0,0,0,0
1,1,220497,0,0,0,0,0,0,0,0,0,0
1,1,220498,19,19,19,19,19,19,19,19,19,19
1,1,220499,0,0,0,0,0,0,0,0,0,0
1,1,220500,17,17,17,17,17,17,17,17,17,17
1,1,220501,21,21,17,37,15,21,32,29,13,13
1,1,220502,13,13,13,13,13,13,13,13,13,13
1,1,220503,0,0,0,0,0,0,0,0,0,0
0,1,220504,0,0,22,0,0,0,0,0,0,0
1,1,220504,0,0,0,0,0,0,0,0,0,0
1,1,220505,11,11,11,11,11,11,11,11,11,11
2,1,220505,0,0,0,0,0,0,0,0,0,0
1,1,220506,6,6,6,6,6,6,6,6,6,6
2,1,220506,0,0,0,0,0,0,0,0,0,0
1,1,220507,0,0,0,0,0,0,0,0,0,0
2,1,220507,0,0,0,0,0,0,0,0,0,8
1,1,220508,7,0,6,0,0,0,0,8,0,0
2,1,220508,0,0,0,0,0,0,0,0,0,0
1,1,220509,13,13,13,13,13,13,13,13,13,13
1,1,220510,0,0,0,0,0,0,0,0,0,0
0,1,220511,27,27,27,27,27,27,27,27,27,27
1,1,220511,19,26,3,0,11,0,0,0,0,0
1,1,220512,0,0,0,0,0,0,0,0,0,0
1,1,220513,0,0,0,0,0,0,0,0,0,0
2,1,220513,0,0,0,0,0,0,0,0,0,0
1,1,220514,26,21,0,26,0,14,27,0,10,0
1,1,220515,0,0,0,0,0,0,0,0,0,0
1,1,220516,0,0,0,0,0,0,0,0,0,0
1,1,220517,16,16,16,16,16,16,16,16,16,16
2,1,220517,0,0,0,0,0,0,0,0,0,0
1,1,220518,0,0,0,0,0,0,0,0,9,0
2,1,220518,0,0,0,0,0,0,0,0,0,0
1,1,220519,24,16,17,6,25,7,0,25,0,9
1,1,220520,0,0,0,0,0,0,0,0,0,0
2,1,220520,0,0,0,0,0,0,0,0,0,0
1,1,220521,0,0,0,0,0,0,0,0,0,0
2,1,220521,0,0,0,0,0,0,0,0,0,0
1,1,220522,2,2,2,2,2,2,2,2,2,2
2,1,220522,0,0,0,0,0,0,0,0,0,0
1,1,220523,0,0,0,0,0,0,0,0,0,0
2,1,220523,0,0,0,0,0,0,0,0,0,0
1,1,220524,0,3,10,0,17,0,0,0,0,0
2,1,220524,0,0,0,0,0,10,15,0,0,0
1,1,220525,12,12,12,12,12,12,12,12,12,12
1,1,220526,2,2,2,2,2,2,2,2,2,2
1,1,220527,18,18,18,18,18,18,18,18,18,18
1,1,220528,17,0,16,0,13,0,7,0,0,0
1,1,220529,31,31,31,31,31,31,31,31,31,31
2,1,220529,0,0,0,0,0,0,0,0,0,0
1,1,220530,0,0,9,15,0,25,0,0,0,0
1,1,220531,0,0,0,0,0,0,0,11,0,0
0,1,220532,19,19,19,19,19,19,19,19,19,19
1,1,220532,0,0,0,0,0,0,0,0,0,0
1,1,220533,0,0,0,0,0,0,0,0,0,0
1,1,220534,8,8,8,8,8,8,8,8,8,8
1,1,220535,0,0,5,0,0,16,0,0,12,14
2,1,220535,0,0,0,0,0,0,0,0,0,0
1,1,220536,8,10,11,19,0,0,5,19,9,19
2,1,220536,0,0,0,0,0,0,0,0,0,0
3,1,220536,0,0,0,0,0,0,0,0,0,0
1,1,220537,0,0,0,0,0,0,0,0,0,0
1,1,220538,11,7,12,24,15,7,18,22,7,17
2,1,220538,0,0,0,0,0,0,0,0,0,0
0,1,220539,0,0,0,0,33,0,0,0,0,0
1,1,220539,0,0,0,0,0,0,0,0,0,0
1,1,220540,0,0,0,0,0,0,0,0,0,0
0,1,220541,0,21,0,17,11,10,0,0,25,0
1,1,220541,0,0,0,0,0,0,0,0,0,0
2,1,220541,0,0,0,0,0,0,0,0,0,0
1,1,220542,15,15,15,15,15,15,15,15,15,15
1,1,220543,0,0,0,0,0,0,0,0,0,23
1,1,220544,0,0,0,0,0,0,0,0,0,0
2,1,220544,0,0,0,0,0,0,0,0,0,0
1,1,220545,0,0,0,0,0,0,0,0,0,0
2,1,220545,0,0,0,0,0,0,0,0,0,17
0,1,220546,0,0,0,0,0,10,0,7,17,17
1,1,220546,5,6,0,10,3,19,5,0,30,0
1,1,220547,10,0,0,5,10,0,0,0,35,0
2,1,220547,0,0,0,0,0,0,0,0,0,0
1,1,220548,0,0,0,0,0,0,0,0,0,0
2,1,220548,0,0,0,0,0,0,0,0,0,0
1,1,220549,4,4,4,4,4,4,4,4,4,4
2,1,220549,0,0,0,0,0,0,0,0,0,0
1,1,220550,10,10,10,10,10,10,10,10,10,10
2,1,220550,0,0,0,0,0,0,0,0,0,0
1,1,220551,0,0,0,0,0,0,0,0,0,0
1,1,220552,0,0,27,17,17,19,11,23,26,15
0,1,220553,19,19,19,19,19,19,19,19,19,19
1,1,220553,0,0,0,0,0,0,0,0,0,0
1,1,220554,0,0,0,0,0,0,0,0,0,0
2,1,220554,0,0,0,0,0,0,0,0,0,0
3,1,220554,0,0,0,0,0,0,0,0,0,0
1,1,220555,0,0,0,0,0,0,0,0,0,0
2,1,220555,0,0,0,0,0,0,0,0,0,0
3,1,220555,0,0,0,0,0,0,0,0,0,0
1,1,220556,0,0,0,0,0,0,0,0,0,0
2,1,220556,0,0,0,0,0,0,0,0,0,0
3,1,220556,0,0,0,0,0,0,0,0,0,0
1,1,220557,0,0,0,0,0,0,0,0,0,0
2,1,220557,0,0,0,0,0,0,0,0,0,0
1,1,220558,0,0,0,0,0,0,0,0,0,0
1,1,220559,0,0,0,0,0,0,0,0,0,0
2,1,220559,0,0,0,0,0,0,0,0,0,0
3,1,220559,0,0,0,0,0,0,0,0,0,0
0,1,220560,26,0,0,15,0,16,24,0,0,0
1,1,220560,0,0,0,0,0,0,0,0,0,0
0,1,220561,0,0,0,0,0,0,5,0,0,0
1,1,220561,0,0,0,0,0,0,0,0,0,0
1,1,220562,0,0,0,0,0,0,0,0,0,0
2,1,220562,0,0,0,0,0,0,0,0,0,0
3,1,220562,0,0,0,0,0,0,0,0,0,0
1,1,220563,0,0,7,0,0,0,0,16,0,0
2,1,220563,0,0,0,0,0,0,0,0,0,0
1,1,220564,0,0,0,0,0,0,0,0,0,0
1,1,220565,0,0,0,0,0,0,0,0,0,0
1,1,220566,0,0,0,0,0,0,0,0,0,0
1,1,220567,26,26,26,26,26,26,26,26,26,26
1,1,220568,0,0,0,0,0,0,0,0,0,0
1,1,220569,17,17,17,17,17,17,17,17,17,17
1,1,220570,7,18,9,9,0,0,16,0,0,0
1,1,220571,11,10,9,18,7,4,30,19,13,0
0,1,220572,22,32,14,36,17,24,24,42,17,17
1,1,220572,0,0,0,0,0,0,0,0,0,0
1,1,220573,0,0,0,0,0,0,0,0,0,0
0,1,220574,28,28,28,28,28,28,28,28,28,28
1,1,220574,0,22,21,8,13,0,0,0,10,0
1,1,220575,0,7,26,22,0,0,0,0,0,0
1,1,220576,0,0,0,0,0,0,0,0,0,0
2,1,220576,0,0,0,7,0,0,4,0,0,0
1,1,220577,0,0,0,0,0,0,0,0,0,0
1,1,220578,0,0,0,0,22,0,0,0,0,0
2,1,220578,0,0,0,0,0,0,0,0,0,0
1,1,220579,10,10,10,10,10,10,10,10,10,10
1,1,220580,0,0,0,0,0,0,0,0,0,0
2,1,220580,0,0,0,0,0,0,0,0,0,0
1,1,220581,29,34,33,12,13,0,25,24,20,29
1,1,220582,13,13,13,13,13,13,13,13,13,13
2,1,220582,6,6,6,6,6,6,6,6,6,6
1,1,220583,0,0,0,0,0,0,0,0,0,0
1,1,220584,0,0,0,0,0,0,0,0,0,0
2,1,220584,0,0,0,0,0,0,0,0,0,0
3,1,220584,0,0,0,0,0,0,0,0,0,0
1,1,220585,32,32,32,32,32,32,32,32,32,32
2,1,220585,0,0,0,0,0,0,0,0,0,0
1,1,220586,29,29,29,29,29,29,29,29,29,29
2,1,220586,0,0,0,0,0,0,0,0,0,0
1,1,220587,0,0,0,0,0,0,0,0,0,0
2,1,220587,0,0,0,0,0,0,0,0,0,0
1,1,220588,0,0,0,0,0,0,0,0,0,0
2,1,220588,0,0,0,0,0,0,0,0,0,0
0,1,220589,0,0,0,0,0,0,0,0,0,0
1,1,220589,0,0,0,0,0,0,0,0,0,0
0,1,220590,0,0,0,0,0,0,0,0,0,0
1,1,220590,0,0,0,0,0,0,0,0,0,0
0,1,220591,18,18,18,18,18,18,18,18,18,18
1,1,220591,8,10,0,0,0,0,0,0,0,0
0,1,220592,7,0,16,0,7,0,0,0,0,10
1,1,220592,0,0,0,0,0,0,0,0,0,0
3,1,220592,0,0,0,17,0,13,11,0,0,0
1,1,220593,7,5,5,6,15,16,21,4,5,15
2,1,220593,0,0,7,8,11,12,7,2,6,8
1,1,220594,0,0,0,0,0,0,0,0,0,0
2,1,220594,16,0,0,0,0,10,4,0,0,0
1,1,220595,11,11,11,11,11,11,11,11,11,11
2,1,220595,0,0,0,0,0,0,0,0,0,0
3,1,220595,0,0,0,0,0,0,0,0,0,0
1,1,220596,1,1,1,1,1,1,1,1,1,1
1,1,220597,0,0,0,0,0,0,0,0,0,0
1,1,220598,16,16,16,16,16,16,16,16,16,16
1,1,220599,0,0,0,0,0,0,0,0,0,0
2,1,220599,0,0,0,0,0,0,0,0,0,0
1,1,220600,15,15,15,15,15,15,15,15,15,15
2,1,220600,9,9,9,9,9,9,9,9,9,9
1,1,220601,14,14,14,14,14,14,14,14,14,14
1,1,220602,0,0,0,0,0,0,0,0,0,0
1,1,220603,0,11,0,0,0,0,0,0,9,0
1,1,220604,20,20,20,20,20,20,20,20,20,20
1,1,220605,0,0,0,0,0,0,0,0,0,0
1,1,220606,20,20,20,20,20,20,20,20,20,20
1,1,220607,15,28,25,0,20,0,10,12,24,0
1,1,220608,26,26,26,26,26,26,26,26,26,26
1,1,220609,0,0,0,0,4,0,0,0,14,0
1,1,220610,24,24,24,24,24,24,24,24,24,24
1,1,220611,0,0,0,0,0,0,8,0,0,0
1,1,220612,7,7,7,7,7,7,7,7,7,7
1,1,220613,0,0,0,0,0,0,0,0,0,0
2,1,220613,0,0,0,0,0,0,0,0,0,0
1,1,220614,19,19,19,19,19,19,19,19,19,19
0,1,220615,0,0,0,0,21,0,0,0,31,0
1,1,220615,0,0,0,0,14,0,0,0,0,0
0,1,220616,0,0,0,0,0,0,0,0,0,0
2,1,220616,0,0,0,0,0,0,0,0,0,0
1,1,220617,0,0,0,0,0,0,0,0,0,0
2,1,220617,0,0,0,22,0,0,0,0,0,0
1,1,220618,0,0,0,0,0,0,0,0,0,0
2,1,220618,0,0,0,0,0,0,0,0,0,0
1,1,220619,18,18,18,18,18,18,18,18,18,18
1,1,220620,25,25,25,25,25,25,25,25,25,25
1,1,220621,8,8,8,8,8,8,8,8,8,8
2,1,220621,0,0,0,0,0,0,0,0,0,0
1,1,220622,0,13,13,18,13,0,15,11,11,10
1,1,220623,0,0,0,0,0,0,0,0,0,0
2,1,220623,0,0,0,0,0,0,0,0,0,0
1,1,220624,0,0,0,0,0,0,0,0,0,0
1,1,220625,5,5,5,5,5,5,5,5,5,5
2,1,220625,0,0,0,0,0,0,0,0,0,0
1,1,220626,0,0,0,0,0,0,0,0,0,0
1,1,220627,0,13,0,35,24,16,14,0,0,17
0,1,220628,0,0,0,23,0,0,0,21,34,0
1,1,220628,10,0,29,0,0,11,7,13,3,0
1,1,220629,0,0,0,0,0,0,0,0,0,0
2,1,220629,0,9,0,11,0,2,11,0,0,0
1,1,220630,0,0,0,13,0,0,0,0,0,0
2,1,220630,0,0,0,0,0,0,0,0,0,0
1,1,220631,18,18,18,18,18,18,18,18,18,18