VEH_NO,PER_NO,ST_CASE,P1,P2,P3,P4,P5,P6,P7,P8,P9,P10
0,1,220632,0,16,16,0,0,0,0,17,18,15
1,1,220632,0,0,0,0,0,0,0,0,0,14
0,1,220633,0,0,0,0,0,0,0,0,0,0
1,1,220633,0,0,0,0,14,0,0,0,0,18
1,1,220634,16,16,16,16,16,16,16,16,16,16
2,1,220634,2,2,2,2,2,2,2,2,2,2
0,1,220635,0,0,0,0,0,0,0,0,0,0
1,1,220635,0,0,0,0,0,0,0,0,0,0
0,1,220636,24,36,4,19,5,18,35,37,15,14
1,1,220636,0,0,0,0,0,0,7,0,0,8
1,1,220637,13,25,0,20,0,17,27,19,0,0
1,1,220638,0,0,0,0,0,0,0,0,0,0
2,1,220638,0,0,0,0,0,0,0,0,0,0
1,1,220639,15,15,15,15,15,15,15,15,15,15
1,1,220640,19,19,19,19,19,19,19,19,19,19
2,1,220640,0,0,0,0,0,0,0,0,0,0
1,1,220641,0,0,17,0,15,0,0,0,0,8
1,1,220642,0,0,0,0,0,0,0,0,0,0
2,1,220642,0,0,0,0,0,0,0,0,0,0
3,1,220642,0,0,0,0,12,0,0,0,0,0
4,1,220642,0,0,6,0,0,0,0,0,0,0
5,1,220642,0,0,0,0,0,0,0,0,0,0
6,1,220642,0,0,0,0,0,0,0,0,0,0
7,1,220642,0,0,0,0,0,0,0,0,0,0
8,1,220642,0,0,0,0,0,0,0,0,0,0
9,1,220642,0,0,0,0,0,0,0,0,0,0
1,1,220643,17,24,0,0,0,16,0,0,0,0
2,1,220643,0,0,0,0,0,0,0,14,0,0
1,1,220644,0,0,0,0,0,0,0,0,0,0
2,1,220644,0,0,0,0,0,0,0,0,0,0
1,1,220645,6,6,6,6,6,6,6,6,6,6
2,1,220645,0,0,13,0,21,0,0,0,0,0
0,1,220646,0,0,0,0,0,0,0,0,0,0
1,1,220646,25,0,0,0,0,0,0,0,0,0
1,1,220647,9,9,9,9,9,9,9,9,9,9
2,1,220647,20,18,9,0,16,0,0,15,20,0
1,1,220648,6,6,6,6,6,6,6,6,6,6
1,1,220649,0,0,0,0,0,0,0,0,0,0
2,1,220649,0,0,0,0,0,0,0,0,0,0
1,1,220650,0,0,0,0,0,0,0,0,0,0
2,1,220650,0,0,0,0,0,0,0,0,0,0
1,1,220651,0,0,0,0,0,0,0,0,0,0
2,1,220651,0,0,0,0,0,0,0,0,0,0
0,1,220652,18,0,19,0,0,0,7,0,28,0
1,1,220652,0,5,0,3,5,2,0,0,11,25
2,1,220652,0,0,0,0,0,0,7,0,0,0
1,1,220653,0,0,0,0,0,0,0,0,0,0
1,1,220654,0,0,0,0,0,0,0,0,0,0
0,1,220655,0,0,0,0,0,0,0,0,0,0
1,1,220655,0,0,0,0,0,0,0,0,0,0
1,1,220656,9,9,9,9,9,9,9,9,9,9
1,1,220657,27,27,27,27,27,27,27,27,27,27
0,1,220658,0,0,2,0,6,0,34,0,27,0
1,1,220658,0,0,0,0,0,0,0,0,0,0
1,1,220659,0,0,0,0,0,0,0,0,0,0
1,1,220660,0,0,0,0,0,0,0,0,0,0
2,1,220660,0,0,0,0,0,0,0,0,0,0
0,1,220661,18,0,0,0,23,17,12,0,8,0
1,1,220661,0,0,0,0,0,0,0,0,0,0
1,1,220662,0,0,0,0,0,0,0,0,0,0
2,1,220662,0,0,0,0,0,0,0,0,0,0
1,1,220663,22,10,15,22,22,7,12,10,15,17
1,1,220664,16,16,16,16,16,16,16,16,16,16
1,1,220665,9,9,9,9,9,9,9,9,9,9
1,1,220666,22,22,22,22,22,22,22,22,22,22
1,1,220667,20,19,0,27,18,26,29,20,19,7
1,1,220668,0,0,0,0,0,0,0,0,0,0
1,1,220669,0,0,0,0,0,0,0,0,0,0
2,1,220669,0,0,0,0,0,0,0,0,0,0
1,1,220670,29,29,29,29,29,29,29,29,29,29
2,1,220670,0,0,0,0,0,0,0,0,0,0
3,1,220670,0,0,0,0,0,0,0,0,0,0
1,1,220671,0,0,0,0,0,0,0,0,0,0
3,1,220671,0,0,0,0,0,0,0,0,0,0
1,1,220672,0,19,0,0,0,0,0,0,0,0
2,1,220672,0,0,0,0,0,0,0,0,0,0
1,1,220673,16,27,25,24,8,22,16,17,18,0
2,1,220673,0,0,0,0,0,0,0,0,0,0
1,1,220674,0,0,0,0,0,0,0,0,0,0
2,1,220674,0,0,0,0,0,0,0,0,0,0
1,1,220675,0,0,0,0,0,0,0,0,0,0
2,1,220675,0,0,0,0,0,0,0,0,0,0
1,1,220676,0,0,0,0,0,0,0,0,0,0
2,1,220676,0,0,0,0,0,0,0,0,0,0
1,1,220677,8,16,19,22,21,13,0,23,0,12
1,1,220678,12,12,12,12,12,12,12,12,12,12
2,1,220678,0,0,0,0,0,0,0,3,0,5
1,1,220679,18,18,18,18,18,18,18,18,18,18
0,1,220680,0,18,0,49,0,20,0,0,0,0
1,1,220680,0,0,0,0,0,0,0,0,0,0
1,1,220681,0,0,0,0,0,0,0,0,0,0
2,1,220681,0,0,0,0,0,0,0,0,0,0
1,1,220682,8,8,8,8,8,8,8,8,8,8
1,1,220683,17,17,17,17,17,17,17,17,17,17
1,1,220684,18,18,18,18,18,18,18,18,18,18
1,1,220685,23,23,23,23,23,23,23,23,23,23
1,1,220686,42,42,42,42,42,42,42,42,42,42
1,1,220687,20,20,20,20,20,20,20,20,20,20
1,1,220688,26,24,11,11,9,28,14,9,0,17
1,1,220689,24,24,24,24,24,24,24,24,24,24
1,1,220690,29,29,29,29,29,29,29,29,29,29
1,1,220691,0,0,0,0,15,0,16,6,27,0
1,1,220692,16,16,16,16,16,16,16,16,16,16
0,1,220693,27,27,27,27,27,27,27,27,27,27
1,1,220693,12,16,0,15,0,0,0,21,29,10
0,1,220694,26,0,14,49,13,0,21,6,22,9
1,1,220694,27,0,0,0,0,0,0,0,0,0
1,1,220695,17,8,0,0,0,26,27,8,17,5
1,1,220696,15,10,11,24,25,10,16,21,22,13
1,1,220697,15,0,0,15,11,0,16,0,0,0
2,1,220697,0,0,0,31,0,0,0,0,0,0
1,1,220698,0,0,0,0,0,0,0,0,0,0
2,1,220698,0,0,0,0,0,0,0,0,0,0
1,1,220699,1,1,1,1,1,1,1,1,1,1
2,1,220699,0,0,0,0,0,0,0,0,0,0
1,1,220700,14,14,14,14,14,14,14,14,14,14
0,1,220701,0,0,0,0,0,0,0,0,0,0
1,1,220701,0,0,0,0,0,0,0,0,0,0
0,1,220702,0,46,35,0,0,0,7,0,0,5
1,1,220702,0,0,20,0,0,20,0,0,0,8
1,1,220703,0,0,0,0,0,0,0,0,0,0
1,1,220704,0,0,0,0,0,0,0,0,0,0
2,1,220704,6,6,6,6,6,6,6,6,6,6
3,1,220704,10,10,10,10,10,10,10,10,10,10
1,1,220705,0,0,0,0,0,0,0,0,0,0
0,1,220706,0,0,29,18,7,19,20,0,34,20
1,1,220706,15,14,9,4,0,8,3,13,14,7
0,1,220707,0,0,0,0,0,0,0,0,0,0
1,1,220707,5,2,0,4,6,7,2,4,12,0
2,1,220707,0,20,0,17,0,0,13,0,0,0
1,1,220708,0,0,0,0,0,0,0,0,0,0
2,1,220708,0,0,0,0,0,14,0,0,8,0
3,1,220708,0,0,0,0,0,0,0,0,0,0
4,1,220708,0,0,0,0,0,0,0,0,0,0
5,1,220708,0,0,0,0,0,0,0,0,0,0
6,1,220708,0,0,0,0,0,0,0,0,0,0
0,1,220709,0,0,0,0,0,0,0,0,0,0
1,1,220709,0,0,0,0,0,0,0,0,0,0
1,1,220710,0,0,0,0,0,0,0,0,0,0
1,1,220711,0,0,0,0,0,0,0,0,0,0
2,1,220711,0,0,5,12,0,11,0,0,0,0
1,1,220712,0,0,0,0,0,0,0,10,0,0
2,1,220712,0,0,0,0,0,0,0,0,0,0
0,1,220713,22,33,15,0,26,0,0,15,0,42
1,1,220713,0,0,0,0,0,0,0,0,0,0
1,1,220714,0,36,17,0,14,13,31,0,0,20
1,1,220715,24,38,14,0,0,3,11,13,25,0
1,1,220716,0,0,0,0,0,0,0,0,0,0
1,1,220717,23,23,23,23,23,23,23,23,23,23
1,1,220718,11,11,11,11,11,11,11,11,11,11
1,1,220719,14,0,0,0,0,0,0,0,0,0
1,1,220720,1,1,1,1,1,1,1,1,1,1
1,1,220721,0,0,12,9,17,0,0,26,21,11
1,1,220722,23,23,23,23,23,23,23,23,23,23
1,1,220723,0,0,0,0,0,0,0,0,0,0
1,1,220724,8,17,0,25,13,18,0,0,13,17
1,1,220725,0,0,0,0,0,5,0,0,0,0
1,1,220726,29,0,0,0,0,0,0,0,0,0
2,1,220726,0,0,0,0,0,0,0,0,0,0
1,1,220727,0,0,0,0,0,0,0,0,0,0
2,1,220727,0,0,0,0,0,0,0,0,0,0
1,1,220728,0,30,0,0,0,0,12,13,0,19
1,1,220729,0,0,0,0,0,0,0,0,0,0
2,1,220729,0,0,0,0,0,0,0,0,0,0
1,1,220730,14,0,0,0,0,0,0,0,0,0
2,1,220730,0,0,0,0,0,0,0,0,0,0
1,1,220731,29,29,29,29,29,29,29,29,29,29
2,1,220731,0,0,0,0,0,0,0,0,0,0
1,1,220732,0,0,0,0,0,0,0,0,0,0
2,1,220732,0,0,0,0,0,0,0,0,0,0
1,1,220733,0,0,0,0,0,0,0,0,0,0
2,1,220733,0,0,0,0,0,0,0,0,0,0
0,1,220734,27,27,27,27,27,27,27,27,27,27
1,1,220734,0,0,0,0,0,0,0,0,0,0
2,1,220734,0,0,0,0,0,0,0,0,0,0
1,1,220735,23,23,23,23,23,23,23,23,23,23
2,1,220735,0,0,0,0,0,0,0,0,0,0
1,1,220736,19,19,19,19,19,19,19,19,19,19
2,1,220736,0,0,0,0,0,0,0,0,0,0
1,1,220737,0,20,0,0,0,18,27,0,0,0
2,1,220737,0,0,0,0,0,0,0,0,0,0
1,1,220738,0,0,0,0,0,0,0,0,0,0
2,1,220738,0,0,0,0,0,0,22,0,0,0
0,1,220739,0,0,0,0,0,0,0,0,0,0
1,1,220739,0,0,0,0,9,0,0,0,0,0
1,1,220740,10,0,16,0,0,0,7,13,19,0
0,1,220741,0,0,0,0,0,0,0,0,0,0
1,1,220741,0,0,0,0,0,0,0,0,0,0
1,1,220742,26,16,25,19,23,16,10,25,2,26
1,1,220743,14,0,0,0,0,0,0,0,0,0
2,1,220743,0,0,0,0,0,0,0,0,0,0
1,1,220744,17,17,17,17,17,17,17,17,17,17
2,1,220744,0,0,0,0,0,0,0,0,0,0
3,1,220744,0,0,0,0,0,0,0,0,0,0
1,1,220745,0,0,0,0,0,0,0,0,0,0
2,1,220745,0,0,0,0,0,0,0,0,0,0
1,1,220746,18,18,18,18,18,18,18,18,18,18
2,1,220746,7,7,7,7,7,7,7,7,7,7
1,1,220747,0,0,0,0,0,0,0,0,0,0
2,1,220747,0,0,0,0,0,0,0,0,0,0
1,1,220748,0,0,0,0,0,0,0,0,0,0
2,1,220748,0,0,0,0,0,0,0,0,0,0
3,1,220748,0,0,0,0,0,0,0,0,0,0
1,1,220749,0,0,0,0,0,0,0,0,0,0
2,1,220749,0,0,0,0,0,0,0,0,0,0
1,1,220750,0,0,0,0,0,0,0,0,0,0
2,1,220750,0,0,0,0,0,0,0,4,0,0
0,1,220751,0,0,0,0,0,0,0,0,0,0
1,1,220751,0,0,0,0,0,0,0,0,11,0
1,1,220752,0,0,0,0,0,0,0,0,0,0
1,1,220753,0,0,0,0,0,0,0,0,0,0
1,1,220754,36,36,36,36,36,36,36,36,36,36
1,1,220755,0,0,0,0,0,0,0,0,0,0
2,1,220755,0,0,0,0,0,0,0,0,0,0
0,1,220756,18,0,18,0,8,0,2,0,0,0
1,1,220756,0,0,0,0,0,0,0,0,0,0
1,1,220757,0,0,0,0,0,0,0,0,0,0
2,1,220757,0,0,0,0,0,0,0,0,0,0
1,1,220758,0,0,0,0,0,0,0,0,0,0
2,1,220758,0,0,0,0,0,0,0,0,0,0
1,1,220759,22,22,22,22,22,22,22,22,22,22
1,1,220760,10,10,10,10,10,10,10,10,10,10
1,1,220761,0,0,8,12,0,0,0,20,0,14
1,1,220762,20,16,21,20,8,37,23,51,30,38
1,1,220763,16,16,16,16,16,16,16,16,16,16
1,1,220764,0,5,14,31,7,22,24,28,24,0
1,1,220765,0,23,3,15,7,15,23,12,20,0
1,1,220766,0,0,0,0,0,0,0,0,0,0
1,1,220767,11,11,11,11,11,11,11,11,11,11
1,1,220768,6,6,6,6,6,6,6,6,6,6
2,1,220768,0,0,0,0,0,0,0,0,0,0
3,1,220768,4,0,0,0,0,0,0,0,0,0
4,1,220768,0,0,0,0,0,0,0,0,0,0
1,1,220769,23,23,23,23,23,23,23,23,23,23
1,1,220770,6,6,6,6,6,6,6,6,6,6
1,1,220771,7,0,0,0,0,24,0,0,0,0
1,1,220772,0,0,0,0,0,0,0,0,0,0
1,1,220773,4,4,4,4,4,4,4,4,4,4
1,1,220774,30,23,0,11,0,0,10,23,5,8
1,1,220775,16,16,16,16,16,16,16,16,16,16
1,1,220776,0,0,18,13,0,0,8,0,16,0
1,1,220777,20,30,25,20,29,18,15,5,20,30
1,1,220778,24,18,30,43,30,18,17,17,22,27
0,1,220779,15,15,15,15,15,15,15,15,15,15
1,1,220779,0,0,0,0,0,0,0,0,0,0
1,1,220780,0,0,0,0,0,0,0,0,0,0
2,1,220780,0,0,0,0,0,0,0,0,0,0
1,1,220781,0,0,0,0,0,0,0,0,0,0
2,1,220781,0,0,0,0,0,0,0,0,0,0
1,1,220782,0,0,0,0,0,0,0,0,0,0
2,1,220782,0,0,0,0,0,0,0,0,0,0
1,1,220783,13,13,13,13,13,13,13,13,13,13
0,1,220784,0,0,0,0,0,0,0,0,0,0
1,1,220784,17,17,17,17,17,17,17,17,17,17
1,1,220785,0,0,0,0,0,0,0,0,0,0
2,1,220785,0,0,0,0,0,0,0,0,0,0
1,1,220786,0,0,0,0,0,0,0,0,0,0
2,1,220786,0,0,0,0,0,0,0,0,0,0
1,1,220787,0,0,2,0,0,35,15,0,0,9
0,1,220788,0,0,27,16,18,21,22,0,0,0
1,1,220788,3,3,7,2,0,6,5,11,0,9
2,1,220788,0,0,0,0,0,0,0,0,0,0
1,1,220789,29,0,0,0,0,19,23,0,15,0
1,1,220790,0,10,13,29,10,11,18,8,32,12
0,1,220791,4,0,0,0,0,0,30,0,0,0
1,1,220791,0,4,8,0,0,0,0,0,11,0
1,1,220792,0,0,0,0,0,0,0,0,0,0
2,1,220792,0,0,29,0,0,0,0,0,0,0
1,1,220793,0,0,0,0,0,0,0,0,0,0
2,1,220793,0,0,0,0,0,0,0,0,0,0
1,1,220794,0,0,10,0,0,0,11,0,0,0
2,1,220794,0,0,0,0,0,0,0,0,0,0
1,1,220795,0,0,0,0,0,0,0,0,0,0
2,1,220795,0,0,0,0,0,0,0,0,0,0
1,1,220796,0,0,0,0,0,0,0,0,0,0
2,1,220796,0,0,0,0,0,0,0,0,0,0
1,1,220797,0,0,0,0,0,0,0,0,0,0
2,1,220797,0,0,0,0,0,0,0,0,0,0
1,1,220798,19,26,11,7,17,28,12,19,32,12
2,1,220798,0,0,0,0,0,0,0,0,0,0
1,1,220799,0,0,0,0,0,0,0,0,0,0
2,1,220799,0,0,0,0,0,0,0,0,0,0
1,1,220800,0,0,0,0,0,0,0,0,0,0
2,1,220800,0,0,0,0,0,0,0,0,0,0
1,1,220801,0,8,11,25,0,18,0,0,23,0
2,1,220801,20,20,20,20,20,20,20,20,20,20
1,1,220802,36,20,19,17,24,17,0,0,9,0
2,1,220802,25,26,22,7,0,0,0,0,0,9
3,1,220802,0,0,0,0,0,0,0,4,0,0
0,1,220803,23,23,23,23,23,23,23,23,23,23
1,1,220803,0,0,0,0,6,0,0,0,0,0
1,1,220804,31,31,31,31,31,31,31,31,31,31
1,1,220805,0,22,28,11,0,18,19,6,29,17
1,1,220806,0,0,0,0,0,0,0,0,0,0
1,1,220807,0,0,0,0,0,0,0,0,0,0
2,1,220807,0,0,0,0,0,0,17,0,24,0
1,1,220808,0,0,0,0,0,0,9,0,0,0
2,1,220808,0,0,0,0,0,0,0,0,0,0
1,1,220809,11,20,21,7,11,26,6,3,9,25
1,1,220810,0,14,0,28,0,10,0,0,17,16
1,1,220811,0,0,0,0,0,0,0,0,0,0
1,1,220812,22,10,6,16,24,13,0,0,0,0
1,1,220813,4,43,0,20,0,0,0,0,12,0
1,1,220814,18,46,23,11,14,13,16,25,13,5
0,1,220815,7,0,0,32,23,9,20,0,0,0
1,1,220815,0,0,0,0,0,0,0,0,0,0
1,1,220816,16,16,16,16,16,16,16,16,16,16
1,1,220817,0,0,0,0,0,0,0,25,29,0
2,1,220817,0,0,0,0,0,0,0,0,0,0
1,1,220818,0,0,0,0,0,0,0,0,0,0
1,1,220819,0,0,0,0,0,0,0,0,0,0
1,1,220820,0,7,0,0,0,19,11,25,23,0
1,1,220821,0,0,0,0,0,0,0,0,0,0
2,1,220821,0,0,11,0,0,0,0,0,0,0
1,1,220822,0,0,4,15,0,7,0,6,0,0
2,1,220822,0,0,0,5,0,0,0,0,0,0
1,1,220823,33,30,8,26,12,18,13,14,0,16
2,1,220823,0,0,0,0,0,0,0,0,0,0
1,1,220824,0,0,0,0,0,0,0,0,0,0
2,1,220824,0,0,0,0,0,0,0,0,0,0
1,1,220825,0,0,30,25,0,38,0,0,0,15
0,1,220826,0,24,0,0,0,12,0,0,0,0
1,1,220826,9,21,16,18,22,9,9,11,32,22
2,1,220826,0,0,0,0,0,0,0,0,0,0
1,1,220827,6,6,6,6,6,6,6,6,6,6
1,1,220828,0,0,0,0,0,0,0,0,0,0
2,1,220828,0,0,0,0,0,0,0,0,0,0
1,1,220829,5,0,12,0,21,0,6,0,12,0
1,1,220830,0,0,0,0,0,0,0,0,0,0
1,1,220831,31,10,7,10,0,0,7,0,8,15
2,1,220831,0,0,0,0,0,0,0,0,0,0
0,1,220832,0,0,0,0,0,0,0,0,0,0
1,1,220832,0,0,10,0,9,0,19,8,0,5
1,1,220833,0,0,0,0,0,0,0,0,0,0
2,1,220833,0,0,0,0,0,0,0,0,0,0
1,1,220834,0,10,20,0,0,0,0,0,0,15
2,1,220834,0,0,0,0,0,0,0,0,0,0
0,1,220835,0,24,0,0,24,20,0,10,0,22
1,1,220835,0,19,0,0,11,0,0,0,0,0
1,1,220836,11,0,38,0,0,0,8,7,0,0
1,1,220837,0,0,0,0,0,0,0,0,0,0
2,1,220837,13,0,0,0,0,0,0,16,0,0
1,1,220838,0,0,0,0,0,0,0,0,0,0
2,1,220838,0,0,0,0,0,0,0,0,0,0
1,1,220839,0,0,0,0,0,0,0,0,0,0
2,1,220839,0,0,0,0,13,0,0,0,0,0
1,1,220840,0,0,0,0,0,0,0,0,0,0
2,1,220840,0,0,0,0,0,0,0,0,0,0
1,1,220841,0,0,0,0,0,0,0,0,0,0
2,1,220841,0,0,0,16,0,0,0,0,0,0
1,1,220842,0,0,0,0,0,0,0,0,0,0
1,1,220843,16,16,16,16,16,16,16,16,16,16
1,1,220844,13,18,6,29,5,24,15,19,0,15
1,1,220845,0,7,0,0,0,0,0,0,0,0
1,1,220846,0,0,0,0,0,0,0,0,0,0
2,1,220846,0,0,0,0,0,0,0,0,0,0
1,1,220847,21,9,0,24,9,18,19,23,30,29
2,1,220847,0,0,0,0,0,0,0,0,0,0
1,1,220848,18,14,28,20,7,4,13,11,21,19
2,1,220848,0,0,0,0,0,0,0,0,0,0
1,1,220849,0,0,10,0,0,0,11,7,28,0
1,1,220850,0,14,0,30,30,12,0,26,8,18
1,1,220851,13,11,13,0,0,15,32,0,0,0
1,1,220852,10,10,10,10,10,10,10,10,10,10
2,1,220852,0,0,0,0,0,0,0,0,0,0
3,1,220852,0,0,0,0,0,0,0,0,0,0
1,1,220853,20,30,25,18,24,17,8,24,10,15
2,1,220853,0,0,0,0,0,0,0,0,0,0
1,1,220854,0,0,0,0,0,0,0,0,0,0
2,1,220854,0,0,0,0,0,0,0,0,0,0
0,1,220855,0,0,0,0,0,0,0,0,0,0
1,1,220855,4,4,4,4,4,4,4,4,4,4
1,1,220856,0,0,0,0,0,0,0,0,0,0
2,1,220856,0,0,0,0,0,0,0,0,0,0
0,1,220857,0,0,0,0,0,0,0,0,0,0
0,2,220857,0,0,19,0,0,0,0,15,0,0
1,1,220857,11,17,10,15,19,11,6,19,24,21
1,1,220858,27,22,31,25,14,18,18,15,21,14
0,1,220859,0,0,0,0,0,0,0,0,0,0
1,1,220859,0,0,0,0,0,0,0,0,0,0
1,1,220860,0,0,0,0,0,0,0,0,0,0
1,1,220861,13,16,17,11,18,29,18,0,12,36
1,1,220862,0,33,0,0,0,0,0,0,17,0
0,1,220863,12,12,12,12,12,12,12,12,12,12
1,1,220863,0,0,0,0,0,0,0,0,0,0
1,1,220864,0,0,0,0,0,0,0,0,0,0
2,1,220864,0,0,0,0,0,0,0,0,0,0
1,1,220865,0,0,0,0,0,0,0,0,0,2
1,1,220866,8,8,8,8,8,8,8,8,8,8
1,1,220867,0,0,0,0,0,0,0,0,0,0
1,1,220868,0,0,0,0,0,0,0,0,0,0
1,1,220869,0,0,0,0,0,0,0,0,0,0
0,1,220870,9,9,9,9,9,9,9,9,9,9
1,1,220870,8,0,12,8,9,17,6,14,0,0
2,1,220870,0,0,0,0,0,0,0,0,0,0
1,1,220871,15,0,0,0,0,19,0,0,3,0
2,1,220871,0,0,0,0,0,0,0,0,0,0
1,1,220872,7,7,7,7,7,7,7,7,7,7
1,1,220873,21,21,21,21,21,21,21,21,21,21
1,1,220874,16,16,16,16,16,16,16,16,16,16
1,1,220875,14,0,0,0,0,0,0,0,0,0
0,1,220876,0,0,28,0,0,0,0,0,0,0
1,1,220876,0,0,0,0,0,0,0,0,0,0
0,1,220877,0,0,0,0,0,0,0,0,0,0
1,1,220877,0,0,0,20,0,5,0,0,11,5
0,1,220878,0,0,0,0,0,0,0,0,0,0
1,1,220878,0,0,0,0,0,0,0,0,0,0
1,1,220879,12,12,12,12,12,12,12,12,12,12
1,1,220880,6,6,6,6,6,6,6,6,6,6
2,1,220880,0,0,0,0,0,0,0,0,0,0
3,1,220880,0,0,0,0,0,0,0,0,0,0
1,1,220881,24,14,9,21,10,12,33,19,28,15
0,1,220882,19,19,19,19,19,19,19,19,19,19
1,1,220882,0,0,0,0,0,0,0,0,0,0
1,1,220883,0,16,7,0,0,0,0,0,0,0
2,1,220883,0,0,0,0,0,0,0,0,0,0
3,1,220883,0,0,0,0,0,0,0,0,0,0
1,1,220884,0,0,0,26,0,0,0,7,0,0
1,1,220885,3,3,3,3,3,3,3,3,3,3
1,1,220886,20,0,27,17,0,27,19,0,34,0
1,1,220887,17,17,17,17,17,17,17,17,17,17
1,1,220888,0,0,0,0,0,0,0,0,0,0
2,1,220888,0,3,0,0,0,0,0,0,0,0
1,1,220889,23,23,23,23,23,23,23,23,23,23
1,1,220890,9,11,7,11,27,12,16,10,0,27
2,1,220890,14,7,12,3,14,16,9,13,0,9
0,1,220891,0,0,0,0,17,0,0,0,0,0
1,1,220891,0,0,0,0,0,0,0,0,0,0
1,1,220892,8,8,8,8,8,8,8,8,8,8
2,1,220892,0,0,0,0,0,0,0,0,0,0
1,1,220893,11,0,0,0,0,0,0,0,0,0
0,1,220894,0,0,0,0,0,0,0,0,0,0
1,1,220894,0,0,0,0,0,0,0,0,0,0
1,1,220895,0,0,16,10,16,15,11,16,14,0
1,1,220896,20,20,20,20,20,20,20,20,20,20
1,1,220897,16,16,16,16,16,16,16,16,16,16
1,1,220898,17,17,17,17,17,17,17,17,17,17
0,1,220899,28,28,28,28,28,28,28,28,28,28
1,1,220899,0,0,0,0,5,20,0,0,0,0
0,1,220900,0,0,0,0,0,0,0,0,0,0
1,1,220900,0,0,9,0,11,24,0,7,0,0
0,1,220901,1,1,1,1,1,1,1,1,1,1
1,1,220901,2,0,0,0,0,2,11,0,16,0
0,1,220902,7,12,0,0,15,0,0,4,0,37
0,2,220902,0,0,0,0,5,0,0,0,1,0
1,1,220902,15,7,0,14,2,4,7,0,10,11
0,1,230001,0,0,0,0,0,0,0,0,0,0
1,1,230001,0,0,0,0,0,0,0,0,0,0
1,1,230002,0,0,0,0,0,0,0,0,0,0
1,1,230003,0,0,0,0,0,0,0,0,0,0
1,1,230004,12,12,12,12,12,12,12,12,12,12
1,1,230005,0,0,0,0,0,0,0,0,0,0
1,1,230006,0,0,0,0,0,0,0,0,0,0
1,1,230007,0,0,0,0,0,0,8,0,0,0
2,1,230007,0,0,0,0,0,0,0,0,0,0
1,1,230008,0,0,0,0,0,0,0,0,0,0
1,1,230009,0,0,0,0,0,0,0,0,0,0
2,1,230009,0,0,0,0,0,0,0,0,0,0
1,1,230010,0,0,0,0,0,0,0,0,0,0
2,1,230010,0,0,0,0,0,0,0,0,0,0
3,1,230010,0,0,0,0,0,0,0,0,0,0
1,1,230011,0,0,0,0,0,0,0,0,0,0
1,1,230012,12,12,12,12,12,12,12,12,12,12
2,1,230012,0,0,0,0,0,0,0,0,0,0
1,1,230013,0,0,0,0,0,0,0,0,0,0
1,1,230014,0,0,0,0,0,0,0,0,0,0
1,1,230015,17,0,0,0,0,0,0,0,0,0
2,1,230015,0,0,0,0,0,12,0,0,0,12
1,1,230016,11,11,11,11,11,11,11,11,11,11
1,1,230017,31,31,31,31,31,31,31,31,31,31
1,1,230018,16,16,16,16,16,16,16,16,16,16
1,1,230019,0,0,0,0,0,0,0,0,0,0
2,1,230019,0,0,0,0,0,0,0,0,0,0
0,1,230020,0,0,0,0,0,0,0,0,0,0
1,1,230020,25,25,25,25,25,25,25,25,25,25
1,1,230021,19,19,19,19,19,19,19,19,19,19
2,1,230021,0,0,0,0,0,0,0,0,0,0
1,1,230022,0,0,0,0,0,0,0,0,0,0
1,1,230023,0,0,0,0,0,0,0,0,0,0
2,1,230023,0,0,0,0,0,0,0,0,0,0
0,1,230024,20,20,20,20,20,20,20,20,20,20
1,1,230024,0,0,0,0,0,0,0,0,0,0
1,1,230025,8,8,8,8,8,8,8,8,8,8
2,1,230025,0,0,0,0,0,0,0,0,0,0
1,1,230026,0,0,9,0,0,0,0,0,0,0
0,1,230027,0,0,0,0,0,0,0,0,0,0
0,2,230027,0,0,0,0,0,0,0,0,0,0
1,1,230027,23,23,23,23,23,23,23,23,23,23
1,1,230028,26,26,26,26,26,26,26,26,26,26
1,1,230029,30,30,30,30,30,30,30,30,30,30
2,1,230029,0,0,0,0,0,0,0,0,0,0
1,1,230030,10,30,15,21,13,0,0,22,25,0
1,1,230031,0,0,0,0,0,0,0,0,0,0
1,1,230032,15,15,15,15,15,15,15,15,15,15
1,1,230033,0,0,0,0,0,0,0,0,0,0
2,1,230033,0,0,0,0,0,0,0,0,0,0
1,1,230034,29,29,29,29,29,29,29,29,29,29
1,1,230035,0,0,0,0,0,0,0,0,0,0
2,1,230035,0,0,0,0,0,0,0,0,0,0
3,1,230035,0,0,0,0,0,0,0,0,0,0
1,1,230036,0,0,0,0,0,0,0,0,0,0
2,1,230036,0,0,0,0,0,0,0,0,0,0
1,1,230037,0,0,0,0,0,0,0,0,0,0
2,1,230037,0,0,0,0,0,0,0,0,0,0
1,1,230038,9,9,9,9,9,9,9,9,9,9
1,1,230039,25,25,25,25,25,25,25,25,25,25
1,1,230040,0,0,0,0,0,0,0,0,0,0
0,1,230041,31,31,31,31,31,31,31,31,31,31