VEH_NO,PER_NO,ST_CASE,P1,P2,P3,P4,P5,P6,P7,P8,P9,P10
1,1,230041,7,7,7,7,7,7,7,7,7,7
1,1,230042,0,0,0,0,0,0,0,0,0,0
1,1,230043,13,13,13,13,13,13,13,13,13,13
1,1,230044,0,0,0,0,9,0,0,0,0,0
2,1,230044,0,0,0,0,0,0,0,0,0,0
1,1,230045,13,13,13,13,13,13,13,13,13,13
2,1,230045,0,0,0,0,0,0,0,0,0,0
1,1,230046,0,0,0,0,0,0,0,0,0,0
1,1,230047,26,26,26,26,26,26,26,26,26,26
2,1,230047,0,0,0,0,0,0,0,0,0,0
1,1,230048,3,3,3,3,3,3,3,3,3,3
1,1,230049,17,17,17,17,17,17,17,17,17,17
1,1,230050,0,0,0,0,0,0,0,0,0,0
1,1,230051,0,0,0,0,0,0,0,0,0,0
2,1,230051,0,0,0,0,0,0,0,0,0,0
1,1,230052,0,0,0,0,0,0,0,0,0,0
1,1,230053,10,10,10,10,10,10,10,10,10,10
1,1,230054,0,0,0,0,0,0,0,0,0,0
1,1,230055,15,15,15,15,15,15,15,15,15,15
1,1,230057,19,19,19,19,19,19,19,19,19,19
1,1,230058,0,0,0,0,0,0,0,0,0,0
1,1,230059,23,23,23,23,23,23,23,23,23,23
1,1,230060,33,33,33,33,33,33,33,33,33,33
0,1,230061,0,0,0,0,0,0,0,0,0,0
1,1,230061,0,0,0,0,0,0,0,0,0,0
1,1,230062,0,0,0,0,0,0,0,0,0,0
1,1,230063,14,14,14,14,14,14,14,14,14,14
1,1,230064,0,0,0,0,0,0,0,0,0,0
2,1,230064,0,0,0,0,0,0,0,0,0,0
1,1,230065,0,0,0,0,0,0,0,0,0,0
2,1,230065,0,0,0,0,0,0,0,0,0,0
1,1,230066,4,4,4,4,4,4,4,4,4,4
1,1,230067,17,17,17,17,17,17,17,17,17,17
1,1,230068,0,0,0,0,0,0,0,0,0,0
2,1,230068,10,10,10,10,10,10,10,10,10,10
1,1,230069,0,0,0,0,0,0,0,0,0,0
2,1,230069,0,0,0,0,0,0,0,0,0,0
1,1,230070,0,0,0,0,0,0,0,0,0,0
2,1,230070,0,0,0,0,0,0,0,0,0,0
1,1,230071,0,0,0,0,0,0,0,0,0,0
1,1,230072,8,0,0,0,0,0,25,0,0,0
1,1,230073,0,0,0,0,0,0,0,0,0,0
1,1,230074,6,6,6,6,6,6,6,6,6,6
1,1,230075,0,0,0,0,0,0,0,0,0,0
2,1,230075,16,16,16,16,16,16,16,16,16,16
1,1,230076,31,31,31,31,31,31,31,31,31,31
1,1,230077,0,0,17,0,0,0,0,10,0,0
1,1,230078,28,28,28,28,28,28,28,28,28,28
1,1,230079,22,22,22,22,22,22,22,22,22,22
2,1,230079,0,0,0,0,0,0,0,0,0,0
1,1,230080,0,0,0,0,0,0,0,0,0,0
1,1,230081,20,20,20,20,20,20,20,20,20,20
1,1,230082,0,0,0,0,0,0,0,0,0,0
1,1,230083,0,0,0,0,0,0,0,0,0,0
2,1,230083,0,0,0,0,0,0,0,0,0,0
1,1,230084,0,0,0,0,0,0,0,0,0,0
2,1,230084,0,0,0,0,0,0,0,0,0,0
3,1,230084,0,13,0,0,0,12,0,0,11,0
1,1,230085,18,18,18,18,18,18,18,18,18,18
1,1,230086,20,20,20,20,20,20,20,20,20,20
2,1,230086,0,0,0,0,0,0,0,0,0,0
1,1,230087,19,17,20,37,5,21,0,19,37,19
1,1,230088,0,0,0,0,0,0,0,0,0,0
2,1,230088,0,0,0,0,0,0,0,0,0,0
1,1,230089,10,10,10,10,10,10,10,10,10,10
1,1,230090,0,0,0,0,8,22,11,0,0,0
0,1,230091,9,0,0,13,0,0,6,0,0,0
1,1,230091,0,0,0,0,0,0,0,0,0,0
1,1,230092,0,0,0,0,0,0,0,0,0,0
1,1,230093,0,0,0,0,0,0,0,0,0,0
1,1,230094,0,0,0,0,0,0,0,0,0,0
2,1,230094,0,0,0,0,0,0,0,0,0,0
1,1,230095,17,17,17,17,17,17,17,17,17,17
1,1,230096,0,0,0,0,0,0,0,0,0,0
2,1,230096,0,0,0,0,0,0,0,0,0,0
1,1,230097,0,0,0,0,0,0,0,0,0,0
2,1,230097,0,0,0,0,0,0,0,0,0,0
1,1,230098,0,0,0,0,0,0,0,0,0,0
2,1,230098,0,0,0,0,0,25,0,0,0,0
1,1,230099,0,0,0,0,0,0,0,0,0,0
1,1,230100,0,0,0,0,0,0,0,0,0,0
2,1,230100,0,0,0,0,0,0,0,0,0,0
1,1,230101,0,0,0,0,0,0,0,0,0,0
1,1,230102,0,0,0,0,0,0,0,0,0,0
2,1,230102,0,0,0,0,0,0,0,0,0,0
1,1,230103,4,4,4,4,4,4,4,4,4,4
1,1,230104,0,0,0,0,0,0,0,0,0,0
2,1,230104,0,0,0,0,0,0,0,0,0,0
1,1,230105,21,21,21,21,21,21,21,21,21,21
1,1,230106,0,0,0,0,0,0,0,0,0,0
2,1,230106,0,0,0,0,0,0,0,0,0,0
3,1,230106,0,0,0,0,0,0,0,0,0,0
1,1,230107,0,0,0,0,0,0,0,0,0,0
1,1,230108,30,30,30,30,30,30,30,30,30,30
1,1,230109,0,0,0,0,0,0,0,0,0,0
1,1,230110,25,25,25,25,25,25,25,25,25,25
1,1,230111,0,0,0,0,0,0,0,0,0,0
2,1,230111,0,0,0,0,0,0,0,0,0,0
1,1,230112,0,0,0,0,0,0,0,0,0,0
1,1,230113,0,0,0,0,0,0,0,0,0,0
2,1,230113,0,0,0,0,0,0,0,0,0,0
0,1,230114,0,0,0,0,0,0,0,0,0,0
1,1,230114,0,0,0,14,0,0,0,0,0,0
1,1,230115,26,26,26,26,26,26,26,26,26,26
1,1,230116,0,0,0,0,0,0,0,0,0,0
1,1,230117,0,0,0,0,0,0,0,0,0,0
1,1,230118,23,23,23,23,23,23,23,23,23,23
1,1,230119,12,12,12,12,12,12,12,12,12,12
1,1,230120,0,0,0,0,0,0,0,0,0,0
2,1,230120,0,0,0,0,0,0,0,0,0,0
1,1,230121,0,0,0,0,0,0,0,0,0,0
1,1,230122,0,0,0,0,0,0,0,0,0,0
1,1,230123,0,0,0,0,0,0,0,0,0,0
1,1,230124,0,0,0,0,0,0,0,0,0,0
2,1,230124,0,0,0,0,0,0,0,0,0,0
1,1,230125,0,0,0,0,0,0,0,0,0,0
2,1,230125,0,0,0,0,0,0,0,0,0,0
1,1,230126,0,0,0,0,0,0,0,0,0,0
1,1,230127,0,0,0,0,0,0,0,0,0,0
2,1,230127,0,0,0,0,0,0,0,0,0,0
1,1,230128,28,28,28,28,28,28,28,28,28,28
2,1,230128,0,0,0,0,0,0,0,0,0,0
1,1,230129,0,0,0,0,0,0,0,0,0,0
2,1,230129,0,0,0,0,0,0,0,0,0,0
1,1,230130,22,22,22,22,22,22,22,22,22,22
0,1,230131,0,0,0,0,0,0,0,0,0,0
1,1,230131,1,1,1,1,1,1,1,1,1,1
1,1,230132,0,0,0,0,0,0,0,0,0,0
1,1,230133,0,0,0,0,0,0,0,0,0,0
2,1,230133,0,0,0,0,0,0,0,0,0,0
1,1,230134,44,44,44,44,44,44,44,44,44,44
1,1,230135,17,17,17,17,17,17,17,17,17,17
1,1,230136,0,0,0,0,0,0,0,0,0,0
2,1,230136,0,0,0,0,0,0,0,0,0,0
1,1,230137,0,0,0,0,0,0,0,0,0,0
1,1,230138,2,2,2,2,2,2,2,2,2,2
1,1,230139,0,0,0,0,0,0,0,0,0,0
2,1,230139,1,1,1,1,1,1,1,1,1,1
1,1,230140,0,0,0,0,0,0,0,0,0,0
1,1,230141,0,0,0,0,0,0,0,0,0,0
2,1,230141,0,0,0,0,0,0,0,0,0,0
1,1,230142,0,0,0,6,0,16,25,11,0,0
1,1,230143,0,0,0,0,0,0,0,0,0,0
2,1,230143,0,0,0,0,0,0,0,0,0,0
3,1,230143,0,0,0,0,0,0,0,0,0,0
1,1,230144,0,0,0,0,0,0,0,0,0,0
1,1,230145,0,0,0,0,0,0,0,0,0,0
2,1,230145,0,0,0,0,0,0,0,0,0,0
1,1,230146,0,0,0,0,0,0,0,0,0,0
1,1,230147,11,11,11,11,11,11,11,11,11,11
1,1,230148,23,23,23,23,23,23,23,23,23,23
1,1,230149,13,13,13,13,13,13,13,13,13,13
1,1,230150,20,20,20,20,20,20,20,20,20,20
1,1,230151,40,40,40,40,40,40,40,40,40,40
1,1,230152,0,0,0,0,0,0,0,0,0,0
1,1,230153,0,0,0,0,0,0,0,0,0,0
1,1,230154,0,0,0,0,0,15,0,0,0,0
1,1,230155,9,9,9,9,9,9,9,9,9,9
1,1,230156,18,18,18,18,18,18,18,18,18,18
0,1,230157,0,0,0,0,0,0,0,0,0,0
1,1,230157,0,0,0,0,0,0,0,0,0,0
1,1,230158,0,0,0,0,0,0,0,0,0,0
1,1,230159,0,0,0,0,0,0,0,0,0,0
1,1,230160,0,0,18,0,0,0,11,26,41,0
1,1,230161,19,19,19,19,19,19,19,19,19,19
1,1,230162,0,0,0,0,0,0,0,0,0,0
2,1,230162,0,0,0,0,0,0,0,0,0,0
1,1,230163,0,0,0,0,0,0,0,0,0,0
2,1,230163,0,0,0,0,0,0,0,0,0,0
1,1,230164,22,22,22,22,22,22,22,22,22,22
1,1,230165,0,0,0,0,0,0,0,0,0,0
0,1,230166,0,0,0,0,0,0,0,0,0,0
1,1,230166,0,0,0,0,0,0,0,0,0,0
1,1,230167,24,0,16,17,0,3,0,0,14,0
1,1,230169,0,0,0,0,0,0,0,0,0,0
2,1,230169,0,0,0,0,0,0,0,0,0,0
1,1,230170,0,0,0,0,0,0,0,0,0,0
2,1,230170,0,0,0,0,0,0,0,0,0,0
1,1,230171,0,0,0,19,0,11,0,0,0,0
1,1,230566,0,0,0,0,0,0,0,0,0,0
2,1,230566,0,0,0,0,0,0,0,0,0,0
3,1,230566,0,0,0,0,0,0,0,0,0,0
1,1,240001,8,8,8,8,8,8,8,8,8,8
1,1,240002,21,21,21,21,21,21,21,21,21,21
1,1,240003,0,0,0,0,0,0,0,0,0,0
0,1,240004,16,16,16,16,16,16,16,16,16,16
1,1,240004,0,0,0,0,0,0,0,0,15,0
1,1,240005,0,15,0,0,0,0,0,0,0,0
2,1,240005,0,0,0,0,0,0,0,0,0,0
3,1,240005,0,0,0,0,0,0,0,0,0,0
1,1,240006,0,0,0,0,0,0,0,0,0,0
1,1,240007,0,0,0,0,0,0,0,0,0,0
2,1,240007,12,12,12,12,12,12,12,12,12,12
3,1,240007,0,0,0,0,0,0,0,5,0,0
1,1,240008,0,0,0,0,0,0,0,0,8,4
2,1,240008,0,0,0,0,0,0,0,0,0,0
0,1,240009,0,0,0,14,6,0,0,0,0,0
1,1,240009,0,0,0,0,0,0,0,0,0,0
1,1,240010,0,0,0,0,0,0,0,0,0,0
1,1,240011,19,19,19,19,19,19,19,19,19,19
1,1,240012,0,0,0,0,0,0,0,0,0,0
1,1,240013,0,0,0,0,0,0,0,0,0,0
1,1,240014,22,22,22,22,22,22,22,22,22,22
2,1,240014,10,10,10,10,10,10,10,10,10,10
1,1,240015,22,22,22,22,22,22,22,22,22,22
1,1,240016,0,0,0,0,0,0,0,0,0,0
2,1,240016,0,0,0,0,0,0,0,0,0,0
1,1,240017,17,33,18,0,17,0,16,0,10,16
0,1,240018,11,0,24,30,0,0,0,19,0,0
1,1,240018,0,0,0,0,0,0,0,0,0,0
1,1,240019,0,0,0,0,0,0,0,0,0,0
1,1,240020,11,11,11,11,11,11,11,11,11,11
1,1,240021,21,21,21,21,21,21,21,21,21,21
1,1,240022,0,0,0,0,0,0,0,0,0,0
0,1,240023,0,0,0,0,0,0,0,0,0,0
1,1,240023,5,5,5,5,5,5,5,5,5,5
1,1,240024,0,0,0,0,0,0,0,0,0,0
1,1,240025,1,1,1,1,1,1,1,1,1,1
2,1,240025,0,0,0,0,0,0,0,0,0,0
1,1,240026,22,23,10,11,24,28,19,45,17,22
1,1,240027,0,23,0,17,9,0,18,11,0,7
1,1,240028,0,0,0,18,0,0,0,0,11,0
1,1,240029,18,18,18,18,18,18,18,18,18,18
1,1,240030,15,15,15,15,15,15,15,15,15,15
1,1,240031,0,0,0,0,0,0,0,0,0,0
1,1,240032,0,0,0,0,0,0,0,0,0,0
2,1,240032,0,0,0,0,0,0,0,0,0,0
1,1,240033,0,0,0,0,0,0,0,0,0,0
2,1,240033,2,2,2,2,2,2,2,2,2,2
1,1,240034,0,0,0,0,0,0,0,0,0,0
2,1,240034,0,0,0,0,0,0,0,0,0,0
1,1,240035,18,18,18,18,18,18,18,18,18,18
2,1,240035,0,0,0,0,0,0,0,0,0,0
3,1,240035,0,0,0,0,0,0,0,0,0,0
1,1,240036,18,18,18,18,18,18,18,18,18,18
0,1,240037,9,9,9,9,9,9,9,9,9,9
1,1,240037,0,0,0,0,0,0,0,0,0,0
1,1,240038,0,0,0,0,0,0,0,0,0,0
2,1,240038,0,0,0,0,0,0,0,0,0,0
1,1,240039,0,0,0,0,0,0,0,0,0,0
1,1,240040,20,20,20,20,20,20,20,20,20,20
1,1,240041,1,1,1,1,1,1,1,1,1,1
2,1,240041,0,0,0,0,0,0,0,0,0,0
1,1,240042,0,0,2,0,0,0,0,0,0,0
2,1,240042,0,0,0,0,0,0,0,0,0,0
0,1,240043,0,0,0,0,0,0,0,0,0,0
1,1,240043,0,0,0,16,0,0,0,0,0,0
0,1,240044,0,0,0,0,0,0,0,0,0,0
1,1,240044,0,0,0,0,0,0,0,0,0,0
1,1,240045,0,0,0,0,0,0,0,0,0,0
1,1,240046,0,0,0,0,0,0,0,0,0,0
2,1,240046,0,0,0,0,0,0,0,0,0,0
0,1,240047,0,0,0,0,0,0,0,0,0,0
1,1,240047,18,18,18,18,18,18,18,18,18,18
1,1,240048,9,9,9,9,9,9,9,9,9,9
2,1,240048,2,0,13,0,0,0,0,0,0,0
1,1,240049,0,0,0,0,0,0,0,0,0,0
2,1,240049,0,0,0,0,0,0,0,0,0,0
0,1,240050,23,23,23,23,23,23,23,23,23,23
1,1,240050,0,0,0,0,0,0,0,0,0,0
0,1,240051,20,20,20,20,20,20,20,20,20,20
1,1,240051,0,0,0,0,0,0,0,0,0,2
1,1,240052,0,0,0,0,0,0,0,6,0,0
2,1,240052,0,0,0,0,0,0,0,0,0,0
1,1,240053,30,30,30,30,30,30,30,30,30,30
1,1,240054,0,0,0,0,0,0,0,0,0,0
0,1,240055,23,23,23,23,23,23,23,23,23,23
1,1,240055,0,0,0,0,4,0,0,0,0,0
1,1,240056,9,9,9,9,9,9,9,9,9,9
1,1,240057,27,27,27,27,27,27,27,27,27,27
2,1,240057,0,0,0,0,0,0,0,0,0,0
1,1,240058,0,0,0,0,0,0,0,0,0,0
2,1,240058,0,0,0,0,0,0,0,0,0,0
1,1,240059,0,0,0,0,0,0,0,0,0,0
2,1,240059,0,0,0,0,0,0,9,0,0,0
1,1,240060,18,18,18,18,18,18,18,18,18,18
2,1,240060,0,0,0,0,0,0,0,0,0,0
0,1,240061,0,0,0,0,0,0,0,0,0,0
1,1,240061,0,0,0,0,0,0,0,0,0,0
1,1,240062,0,0,0,0,0,0,0,0,0,0
2,1,240062,0,0,0,0,0,0,0,0,0,0
1,1,240063,0,0,0,0,0,0,0,0,0,0
1,1,240064,0,0,0,0,0,0,0,0,28,0
1,1,240065,0,0,0,0,0,0,0,0,0,0
2,1,240065,0,0,0,0,0,0,0,0,0,11
3,1,240065,0,0,0,0,0,0,0,0,0,0
1,1,240066,9,9,9,9,9,9,9,9,9,9
2,1,240066,0,0,0,0,0,0,0,0,0,0
1,1,240067,0,0,0,0,0,0,0,0,0,0
2,1,240067,0,0,0,0,0,0,0,0,0,0
3,1,240067,0,0,0,0,0,0,0,0,0,0
1,1,240068,0,0,0,0,0,0,0,0,0,0
2,1,240068,0,0,0,0,0,0,0,0,0,0
1,1,240069,0,0,0,0,0,0,0,0,0,0
2,1,240069,0,0,0,0,0,0,0,0,0,0
1,1,240070,0,0,0,0,0,0,0,0,0,0
2,1,240070,0,0,0,0,0,0,0,0,0,0
3,1,240070,0,0,0,0,0,0,0,0,0,0
1,1,240071,5,5,5,5,5,5,5,5,5,5
0,1,240072,17,17,17,17,17,17,17,17,17,17
1,1,240072,0,0,0,0,0,0,0,0,0,0
1,1,240073,0,0,0,0,0,0,0,0,0,0
2,1,240073,0,0,0,0,0,0,0,0,0,0
1,1,240074,18,18,18,18,18,18,18,18,18,18
2,1,240074,0,0,0,0,0,0,0,0,0,0
1,1,240075,0,0,0,0,0,7,0,0,0,0
2,1,240075,0,0,0,0,0,0,0,0,0,0
1,1,240076,27,27,27,27,27,27,27,27,27,27
1,1,240077,0,0,0,0,0,0,0,0,0,0
1,1,240078,0,0,0,0,0,0,0,0,0,0
1,1,240079,4,4,4,4,4,4,4,4,4,4
1,1,240080,0,0,0,0,0,0,0,0,0,0
2,1,240080,0,0,0,0,0,0,0,0,0,0
3,1,240080,0,0,0,0,0,0,0,0,0,0
4,1,240080,0,0,0,0,0,0,0,9,3,0
0,1,240081,0,0,0,0,0,0,0,0,0,0
1,1,240081,0,0,0,0,0,0,0,0,0,0
0,1,240082,0,0,0,0,0,0,0,0,0,0
1,1,240082,10,0,0,0,0,0,0,0,0,0
1,1,240083,0,0,0,0,0,0,0,0,0,0
2,1,240083,0,0,0,0,0,11,0,0,0,20
1,1,240084,7,7,7,7,7,7,7,7,7,7
1,1,240085,0,0,0,0,0,0,0,0,0,0
2,1,240085,0,0,0,0,0,0,0,0,0,0
1,1,240086,0,0,0,0,0,0,0,0,0,0
2,1,240086,4,0,6,0,0,0,0,0,0,0
1,1,240087,0,0,0,0,0,0,0,0,0,0
1,1,240088,0,0,0,0,0,0,0,0,0,0
1,1,240089,25,25,25,25,25,25,25,25,25,25
0,1,240090,0,0,0,0,0,0,0,0,0,0
1,1,240090,0,0,0,0,25,10,11,11,0,12
1,1,240091,0,0,0,0,0,0,0,0,0,0
2,1,240091,0,0,0,0,0,0,0,0,0,0
1,1,240092,0,0,9,0,0,0,0,0,0,0
1,1,240093,21,21,21,21,21,21,21,21,21,21
1,1,240094,0,0,0,0,0,0,0,0,0,0
0,1,240095,0,0,0,0,0,0,0,0,0,0
1,1,240095,0,0,0,0,0,0,0,0,0,0
1,1,240096,0,0,0,0,0,0,0,0,0,0
1,1,240097,0,0,0,0,0,0,0,0,0,0
2,1,240097,0,0,0,0,0,0,0,0,0,0
0,1,240098,0,0,0,0,0,0,0,0,0,0
1,1,240098,0,0,0,0,0,0,0,0,0,0
1,1,240099,0,0,0,0,0,0,0,0,0,0
1,1,240100,0,0,0,0,0,0,0,0,0,0
0,1,240101,0,0,0,0,0,0,0,0,9,0
1,1,240101,0,0,0,0,0,0,0,0,0,0
1,1,240102,23,23,23,23,23,23,23,23,23,23
2,1,240102,0,0,0,0,0,0,0,0,0,0
1,1,240103,19,19,19,19,19,19,19,19,19,19
1,1,240104,0,0,0,0,0,0,0,0,0,0
2,1,240104,0,0,0,0,0,0,0,0,0,0
1,1,240105,0,0,0,0,0,0,0,0,0,0
2,1,240105,0,0,0,0,0,0,0,0,0,0
3,1,240105,0,0,0,0,0,0,0,0,0,0
0,1,240106,0,0,0,0,0,0,0,0,0,0
1,1,240106,0,0,0,0,0,0,0,0,0,0
1,1,240107,0,0,0,0,0,0,0,0,0,0
2,1,240107,0,0,0,0,0,0,0,0,0,0
1,1,240108,0,0,0,0,0,0,0,0,0,0
2,1,240108,0,0,0,0,0,0,0,0,0,0
3,1,240108,0,0,0,0,0,10,0,0,0,0
0,1,240109,0,0,0,0,0,0,0,0,0,0
0,2,240109,0,0,0,0,0,0,0,0,0,0
1,1,240109,0,0,0,0,0,0,0,0,0,0
1,1,240110,0,0,0,0,0,0,0,0,0,0
1,1,240111,0,0,0,0,0,0,0,0,0,0
1,1,240112,0,0,0,0,0,0,0,0,0,0
1,1,240113,0,0,0,0,0,0,0,0,0,0
0,1,240114,7,7,7,7,7,7,7,7,7,7
1,1,240114,0,0,0,0,0,0,0,0,0,0
1,1,240115,0,0,0,0,0,0,0,0,0,0
0,1,240116,0,0,0,0,0,0,0,0,0,0
1,1,240116,0,0,0,0,0,0,0,0,0,0
1,1,240117,0,0,0,0,0,0,0,0,0,0
2,1,240117,0,0,0,0,0,0,0,0,0,0
3,1,240117,0,0,0,0,0,0,0,0,0,0
4,1,240117,0,0,0,0,0,0,0,0,0,0
1,1,240118,0,0,0,0,0,0,0,0,0,0
1,1,240119,2,2,2,2,2,2,2,2,2,2
1,1,240120,17,17,17,17,17,17,17,17,17,17
1,1,240121,0,0,0,0,0,0,0,0,0,0
2,1,240121,0,0,0,0,0,0,0,0,0,0
3,1,240121,0,0,0,0,0,0,0,0,0,0
1,1,240122,30,30,30,30,30,30,30,30,30,30
0,1,240123,8,8,8,8,8,8,8,8,8,8
1,1,240123,11,0,0,0,0,0,4,0,0,0
2,1,240123,0,0,0,0,0,0,0,0,0,0
1,1,240124,0,0,0,0,0,0,0,0,0,0
0,1,240125,0,0,0,0,0,0,0,0,0,0
1,1,240125,0,0,0,0,11,0,0,0,20,0
1,1,240126,0,0,0,0,0,0,0,0,0,0
0,1,240127,0,0,0,0,0,0,0,0,0,0
1,1,240127,0,0,0,0,0,0,0,0,0,0
1,1,240128,9,9,9,9,9,9,9,9,9,9
1,1,240129,8,8,8,8,8,8,8,8,8,8
1,1,240130,0,0,0,15,0,0,25,0,0,0
2,1,240130,0,0,0,0,0,0,0,0,0,0
1,1,240131,0,14,13,0,0,21,14,0,0,4
1,1,240132,0,0,0,0,0,0,0,0,0,0
2,1,240132,0,0,0,11,0,0,0,0,0,0
3,1,240132,0,0,0,7,0,0,0,0,0,0
1,1,240133,0,0,0,0,0,0,0,0,0,0
1,1,240134,16,16,16,16,16,16,16,16,16,16
2,1,240134,0,0,0,0,0,0,0,0,0,0
3,1,240134,0,0,0,0,0,0,0,0,0,0
1,1,240135,31,31,31,31,31,31,31,31,31,31
2,1,240135,0,0,0,0,0,0,0,0,0,0
1,1,240136,0,0,0,0,0,0,0,0,0,0
2,1,240136,0,0,0,0,0,0,0,0,0,0
0,1,240137,0,0,0,0,0,0,0,0,0,0
1,1,240137,0,0,10,0,0,0,0,0,0,0
1,1,240138,0,0,0,0,0,0,0,0,0,0
2,1,240138,0,0,0,0,0,0,0,0,0,0
1,1,240139,14,14,14,14,14,14,14,14,14,14
1,1,240140,0,0,0,0,0,0,0,0,0,0
0,1,240141,14,14,14,14,14,14,14,14,14,14
1,1,240141,0,0,0,0,0,0,0,0,0,0
1,1,240142,11,11,11,11,11,11,11,11,11,11
1,1,240143,19,19,19,19,19,19,19,19,19,19
2,1,240143,8,8,8,8,8,8,8,8,8,8
1,1,240144,0,0,0,0,0,0,0,0,0,0
2,1,240144,0,0,0,0,0,0,0,0,0,0
1,1,240145,19,19,19,19,19,19,19,19,19,19
2,1,240145,0,0,0,0,0,0,0,0,0,0
3,1,240145,0,0,5,0,0,0,0,0,0,0
1,1,240146,13,13,13,13,13,13,13,13,13,13
1,1,240147,0,0,0,0,0,0,0,0,0,0
2,1,240147,0,0,0,0,4,0,0,0,0,0
3,1,240147,0,0,0,0,0,0,0,0,0,0
4,1,240147,0,0,0,0,0,0,0,0,0,0
1,1,240148,19,19,19,19,19,19,19,19,19,19
1,1,240149,0,0,0,0,0,0,0,0,0,0
2,1,240149,0,0,0,0,0,0,0,0,0,0
1,1,240150,11,11,11,11,11,11,11,11,11,11
1,1,240151,16,16,16,16,16,16,16,16,16,16
1,1,240152,17,17,17,17,17,17,17,17,17,17
2,1,240152,0,3,0,4,0,0,0,0,0,10
1,1,240153,0,0,0,0,0,0,0,0,0,0
2,1,240153,0,0,0,0,0,0,0,0,0,0
0,1,240154,16,16,16,16,16,16,16,16,16,16
1,1,240154,10,13,9,14,14,20,15,12,16,6
1,1,240155,0,0,0,0,0,0,0,0,0,0
1,1,240156,0,0,0,0,0,0,0,0,0,0
1,1,240157,0,0,0,0,0,0,0,0,0,0
2,1,240157,0,0,0,0,0,0,0,0,0,0
1,1,240158,15,15,15,15,15,15,15,15,15,15
2,1,240158,0,0,0,0,0,0,0,0,0,0
1,1,240159,0,0,0,0,0,0,0,0,0,0
1,1,240160,0,0,0,0,0,0,0,0,0,0
2,1,240160,0,0,0,0,0,0,0,0,0,0
1,1,240161,0,0,0,0,0,0,0,0,0,0
2,1,240161,0,0,0,0,0,0,0,0,0,0
1,1,240162,27,27,27,27,27,27,27,27,27,27
0,1,240163,0,0,0,0,0,0,0,0,0,0
1,1,240163,0,0,0,0,0,15,0,0,0,0
1,1,240164,9,9,9,9,9,9,9,9,9,9
0,1,240165,0,0,0,0,0,0,0,0,0,0
1,1,240165,0,0,0,0,0,0,0,0,0,0
0,1,240166,4,4,4,4,4,4,4,4,4,4
1,1,240166,14,14,14,14,14,14,14,14,14,14
2,1,240166,0,0,0,0,0,0,9,0,0,0
1,1,240167,0,0,0,0,0,0,0,0,0,0
2,1,240167,0,0,0,0,0,0,0,0,0,0
1,1,240168,22,22,22,22,22,22,22,22,22,22
1,1,240169,0,0,0,3,0,0,15,0,0,0
1,1,240170,11,11,11,11,11,11,11,11,11,11
2,1,240170,0,0,0,0,0,0,0,0,0,0
0,1,240171,31,15,41,23,17,27,13,7,35,25
1,1,240171,0,0,0,0,0,0,0,0,0,0
1,1,240172,12,12,12,12,12,12,12,12,12,12
2,1,240172,0,0,0,0,0,0,0,0,0,0
0,1,240173,0,0,0,0,0,0,0,0,0,0
1,1,240173,0,0,0,0,0,0,0,0,0,0
2,1,240173,0,0,11,0,0,0,0,0,0,0
1,1,240174,0,0,0,0,0,0,0,0,0,0
2,1,240174,0,0,0,0,0,0,0,0,0,0
1,1,240175,0,0,0,0,0,0,0,0,0,0
2,1,240175,0,0,0,0,3,0,0,0,0,0
1,1,240176,0,0,0,0,0,0,0,0,0,0
1,1,240177,0,0,0,0,0,0,0,0,0,0
2,1,240177,0,0,0,0,0,0,0,0,0,0
3,1,240177,0,0,0,0,0,0,0,0,0,0
4,1,240177,0,0,0,0,0,0,0,0,0,0
1,1,240178,14,14,14,14,14,14,14,14,14,14
2,1,240178,0,0,0,0,0,0,0,0,0,0
1,1,240179,1,1,1,1,1,1,1,1,1,1
2,1,240179,0,0,0,0,0,0,0,0,0,0
1,1,240180,0,0,0,0,0,0,0,0,0,0
1,1,240181,0,0,0,0,0,0,0,0,0,0
2,1,240181,0,0,0,0,0,0,0,0,0,0
1,1,240182,0,0,0,0,0,0,0,0,0,0
2,1,240182,0,0,0,0,0,0,0,0,0,0
1,1,240183,4,4,4,4,4,4,4,4,4,4
2,1,240183,0,0,0,0,0,0,0,0,0,0
0,1,240184,0,0,0,0,0,0,0,0,0,0
1,1,240184,0,0,0,0,0,20,0,0,0,0
0,1,240185,0,0,0,0,0,0,0,0,0,0
1,1,240185,0,0,0,0,0,0,0,0,0,0
1,1,240186,0,0,0,0,0,0,0,0,0,0
1,1,240187,14,0,9,8,8,3,0,2,5,0
2,1,240187,0,0,0,0,0,0,0,0,9,0
1,1,240188,11,11,11,11,11,11,11,11,11,11
1,1,240189,0,0,0,0,0,0,0,0,14,0
2,1,240189,0,0,0,0,0,0,0,0,0,0
0,1,240190,0,0,33,0,0,18,0,0,0,0
1,1,240190,0,0,0,0,0,0,0,0,0,0
0,1,240191,0,0,0,0,0,0,0,0,0,0
1,1,240191,0,0,0,0,0,0,0,19,0,5
1,1,240192,13,13,13,13,13,13,13,13,13,13
1,1,240193,0,0,0,0,0,0,0,0,0,0
2,1,240193,13,13,13,13,13,13,13,13,13,13
1,1,240194,0,0,0,0,0,0,0,0,0,0
2,1,240194,0,0,0,0,0,0,0,0,0,0
1,1,240195,0,0,0,0,0,0,0,0,0,0