VEH_NO,PER_NO,ST_CASE,P1,P2,P3,P4,P5,P6,P7,P8,P9,P10
2,1,240195,0,0,0,0,0,0,0,0,0,0
1,1,240196,12,12,12,12,12,12,12,12,12,12
1,1,240197,0,0,0,0,0,0,0,0,0,0
2,1,240197,19,19,19,19,19,19,19,19,19,19
1,1,240198,0,0,0,0,0,0,0,0,0,0
1,1,240199,0,0,0,0,0,0,0,0,0,0
2,1,240199,0,0,0,0,0,0,0,0,0,0
0,1,240200,0,0,0,0,0,0,0,0,0,0
0,2,240200,0,0,0,0,0,0,0,0,0,0
1,1,240200,0,0,0,0,0,0,0,0,0,0
1,1,240201,18,18,18,18,18,18,18,18,18,18
1,1,240202,54,54,54,54,54,54,54,54,54,54
2,1,240202,0,0,0,0,0,0,0,0,0,0
1,1,240203,0,0,0,0,0,0,0,0,0,0
2,1,240203,0,0,0,0,0,0,0,0,0,0
1,1,240204,2,2,2,2,2,2,2,2,2,2
1,1,240205,1,1,1,1,1,1,1,1,1,1
1,1,240206,0,0,0,0,0,0,0,0,0,0
2,1,240206,0,0,0,0,0,0,0,0,0,0
3,1,240206,0,0,0,0,0,0,0,0,0,0
1,1,240207,0,0,0,0,0,0,0,0,0,0
2,1,240207,0,0,0,0,0,0,0,0,0,0
3,1,240207,0,0,0,0,0,0,0,0,3,0
1,1,240208,0,0,0,11,0,0,0,19,0,0
2,1,240208,0,0,0,0,0,0,0,0,0,0
0,1,240209,0,0,0,0,15,10,18,0,0,5
0,2,240209,0,0,0,0,0,0,0,0,0,0
0,3,240209,0,0,0,0,0,0,0,0,0,0
0,4,240209,9,0,19,0,0,3,0,0,0,0
1,1,240209,0,0,0,0,0,0,0,0,0,0
1,1,240210,1,1,1,1,1,1,1,1,1,1
1,1,240211,0,0,0,0,0,0,0,0,0,0
2,1,240211,0,0,0,0,0,0,0,0,0,0
1,1,240212,0,8,0,0,0,0,0,0,0,0
2,1,240212,0,0,0,0,0,0,0,0,0,0
3,1,240212,0,0,0,0,0,0,0,0,0,0
0,1,240213,0,0,0,0,0,0,0,0,0,0
0,2,240213,0,15,0,0,16,0,0,19,0,22
1,1,240213,0,0,0,0,25,11,0,0,0,0
1,1,240214,0,0,0,0,0,0,0,0,0,0
1,1,240215,1,1,1,1,1,1,1,1,1,1
0,1,240216,24,13,6,13,18,19,19,25,25,20
0,2,240216,0,0,0,0,0,0,0,0,0,0
1,1,240216,5,5,5,5,5,5,5,5,5,5
0,1,240217,29,29,29,29,29,29,29,29,29,29
1,1,240217,0,0,24,10,0,0,0,0,0,0
1,1,240218,13,13,13,13,13,13,13,13,13,13
1,1,240219,3,3,3,3,3,3,3,3,3,3
2,1,240219,3,3,3,3,3,3,3,3,3,3
1,1,240220,10,10,10,10,10,10,10,10,10,10
1,1,240221,0,0,0,0,0,0,0,0,0,0
2,1,240221,0,0,0,0,0,0,0,0,0,6
1,1,240222,0,0,0,0,0,0,0,0,0,0
1,1,240223,14,14,14,14,14,14,14,14,14,14
1,1,240224,17,17,17,17,17,17,17,17,17,17
2,1,240224,15,15,15,15,15,15,15,15,15,15
1,1,240225,0,0,0,0,0,0,0,0,0,0
1,1,240226,0,0,0,0,0,0,21,0,10,19
0,1,240227,20,20,20,20,20,20,20,20,20,20
0,2,240227,16,16,16,16,16,16,16,16,16,16
1,1,240227,0,0,0,0,0,0,0,0,0,0
1,1,240228,5,5,5,5,5,5,5,5,5,5
2,1,240228,0,0,0,17,0,0,0,11,6,0
1,1,240229,0,0,0,0,0,0,0,0,0,0
1,1,240230,0,0,0,0,0,0,0,0,0,13
1,1,240231,0,0,0,0,0,0,0,0,0,0
2,1,240231,4,4,4,4,4,4,4,4,4,4
1,1,240232,0,0,0,0,0,0,0,0,0,0
1,1,240233,27,27,27,27,27,27,27,27,27,27
1,1,240234,0,0,0,0,0,11,0,0,0,0
2,1,240234,0,0,0,0,0,0,0,0,0,0
1,1,240235,0,0,0,0,0,0,0,0,0,0
2,1,240235,0,0,0,0,0,0,0,0,0,0
1,1,240236,0,0,0,0,0,0,0,0,0,0
2,1,240236,0,0,0,0,0,0,0,0,0,0
1,1,240237,0,0,0,0,0,0,0,0,0,0
0,1,240238,0,0,0,0,0,0,0,0,0,0
1,1,240238,0,0,0,7,0,0,0,0,0,0
1,1,240239,0,0,0,0,0,0,0,0,0,0
0,1,240240,0,0,0,0,0,0,0,0,0,0
1,1,240240,0,0,0,0,0,0,0,0,0,0
1,1,240241,9,9,9,9,9,9,9,9,9,9
1,1,240242,0,0,0,0,0,0,0,0,0,0
1,1,240243,0,0,0,0,0,0,0,0,0,0
2,1,240243,0,0,0,0,0,0,0,0,0,0
1,1,240244,0,0,0,0,0,0,0,0,0,0
1,1,240245,0,0,0,0,0,0,0,0,0,0
2,1,240245,0,0,0,0,0,0,0,0,0,0
1,1,240246,0,0,0,0,0,11,0,0,0,0
2,1,240246,0,0,0,0,0,0,0,0,0,0
1,1,240247,0,17,0,0,0,0,0,0,0,0
2,1,240247,0,0,0,0,0,0,0,0,0,11
1,1,240248,0,0,0,0,0,0,0,0,0,0
1,1,240249,0,0,0,0,10,0,0,0,0,23
1,1,240250,0,0,0,0,0,0,0,0,0,0
2,1,240250,0,0,0,0,0,0,0,0,0,0
1,1,240251,0,0,0,0,0,0,0,0,0,0
2,1,240251,0,0,0,0,0,0,0,0,0,0
1,1,240252,11,11,11,11,11,11,11,11,11,11
1,1,240253,25,25,25,25,25,25,25,25,25,25
1,1,240254,20,20,20,20,20,20,20,20,20,20
1,1,240255,0,0,0,0,0,0,0,0,0,0
2,1,240255,0,0,0,0,0,0,0,0,0,0
1,1,240256,0,0,0,0,0,0,0,0,0,0
1,1,240257,9,9,9,9,9,9,9,9,9,9
1,1,240258,0,0,0,0,0,0,0,0,0,0
1,1,240259,11,11,11,11,11,11,11,11,11,11
2,1,240259,0,0,0,0,0,0,0,0,0,0
1,1,240260,16,16,16,16,16,16,16,16,16,16
1,1,240261,0,0,15,0,0,0,0,0,0,0
2,1,240261,9,9,9,9,9,9,9,9,9,9
1,1,240262,12,19,33,10,3,15,37,25,0,3
2,1,240262,0,0,0,0,0,0,0,0,0,0
3,1,240262,0,0,0,0,0,0,0,0,0,0
1,1,240263,16,10,12,27,13,20,7,20,17,13
1,1,240264,21,21,21,21,21,21,21,21,21,21
1,1,240265,0,0,0,0,0,0,3,0,0,0
1,1,240266,0,0,0,0,0,0,0,0,0,0
1,1,240267,0,0,0,0,0,0,0,0,0,0
2,1,240267,0,0,0,0,0,0,0,0,0,0
1,1,240268,0,0,0,0,0,0,0,0,0,0
1,1,240269,11,11,11,11,11,11,11,11,11,11
2,1,240269,0,0,0,0,0,0,0,0,0,0
1,1,240270,0,0,0,0,0,0,0,0,0,0
2,1,240270,0,0,0,0,0,0,0,0,0,0
1,1,240271,9,9,9,9,9,9,9,9,9,9
1,1,240272,7,7,7,7,7,7,7,7,7,7
2,1,240272,0,0,8,0,0,0,0,0,0,0
1,1,240273,0,0,0,0,0,0,0,0,0,0
1,1,240274,0,0,0,0,0,0,0,0,0,0
2,1,240274,0,0,0,0,0,0,0,0,0,0
1,1,240275,10,10,10,10,10,10,10,10,10,10
1,1,240276,15,15,15,15,15,15,15,15,15,15
0,1,240277,22,22,22,22,22,22,22,22,22,22
1,1,240277,0,0,0,0,0,0,0,0,0,0
0,1,240278,0,0,0,0,0,0,0,0,0,0
1,1,240278,0,10,0,0,0,0,0,0,0,0
0,1,240279,0,0,0,0,0,0,0,0,0,0
0,2,240279,0,0,0,0,0,0,0,0,0,0
1,1,240279,0,0,11,0,0,0,0,0,0,0
1,1,240280,0,0,0,0,0,0,0,0,0,0
2,1,240280,0,0,0,0,0,0,0,0,0,0
1,1,240281,5,5,5,5,5,5,5,5,5,5
1,1,240282,0,0,0,0,0,0,0,8,0,0
1,1,240283,0,0,0,0,0,0,0,0,0,0
2,1,240283,0,0,0,0,0,0,0,0,0,0
1,1,240284,13,11,17,8,27,18,6,6,0,10
2,1,240284,0,0,0,0,0,0,0,0,0,0
1,1,240285,20,20,20,20,20,20,20,20,20,20
2,1,240285,0,12,0,0,0,0,0,0,0,0
0,1,240286,0,0,0,0,0,0,0,0,0,0
1,1,240286,0,0,0,0,0,0,0,0,0,0
1,1,240287,0,0,0,0,0,0,0,0,0,0
2,1,240287,0,0,0,21,0,0,0,0,0,0
1,1,240288,0,0,0,0,0,0,0,0,0,0
2,1,240288,0,0,0,0,0,0,0,0,0,0
1,1,240289,0,0,0,0,0,0,0,0,0,0
2,1,240289,0,0,0,0,0,0,0,0,0,0
0,1,240290,0,0,0,0,0,0,0,0,0,0
1,1,240290,6,0,0,0,0,0,2,0,0,0
1,1,240291,0,0,0,0,0,0,0,0,0,0
1,1,240292,16,16,16,16,16,16,16,16,16,16
0,1,240293,0,0,0,0,0,0,0,0,0,0
1,1,240293,0,0,0,0,0,0,0,0,0,0
1,1,240294,17,17,17,17,17,17,17,17,17,17
2,1,240294,14,14,14,14,14,14,14,14,14,14
1,1,240295,0,0,0,0,0,0,0,0,0,0
2,1,240295,0,0,0,0,0,0,0,0,0,0
1,1,240296,0,13,19,38,8,22,10,21,13,31
1,1,240297,27,27,27,27,27,27,27,27,27,27
2,1,240297,0,0,0,0,0,0,0,0,0,0
1,1,240298,0,0,0,0,0,0,0,0,0,0
0,1,240299,0,0,0,0,0,0,0,0,0,0
1,1,240299,0,0,0,0,0,0,0,0,0,0
1,1,240300,0,0,0,0,0,0,0,0,0,0
1,1,240301,0,0,0,0,0,0,0,0,0,0
2,1,240301,0,0,0,0,0,0,0,0,0,0
1,1,240302,0,0,0,0,0,0,0,0,0,0
1,1,240303,0,17,0,0,0,0,15,0,18,21
1,1,240304,0,0,0,0,0,0,0,0,0,0
2,1,240304,0,0,0,0,0,0,0,0,0,0
0,1,240305,0,0,0,0,0,0,0,0,0,0
0,2,240305,0,0,0,0,0,0,0,0,0,0
0,3,240305,0,0,0,0,0,0,0,0,0,0
0,4,240305,0,0,0,0,0,0,0,0,0,0
0,5,240305,0,0,0,0,0,0,0,0,0,0
1,1,240305,14,0,0,0,0,21,0,0,0,0
1,1,240306,8,8,8,8,8,8,8,8,8,8
2,1,240306,0,0,0,0,0,0,0,0,0,0
1,1,240307,15,15,15,15,15,15,15,15,15,15
0,1,240308,0,0,0,0,0,0,0,0,0,0
1,1,240308,0,3,0,0,0,0,0,0,0,0
1,1,240309,0,0,0,0,0,0,0,0,0,0
2,1,240309,1,1,1,1,1,1,1,1,1,1
1,1,240310,22,22,22,22,22,22,22,22,22,22
1,1,240311,0,0,0,0,0,10,0,0,0,0
0,1,240312,1,1,1,1,1,1,1,1,1,1
1,1,240312,0,0,0,0,0,0,0,0,0,0
1,1,240313,13,13,13,13,13,13,13,13,13,13
1,1,240314,0,0,0,0,0,0,0,0,0,0
1,1,240315,0,0,0,0,0,0,0,0,0,0
2,1,240315,0,0,0,0,0,0,0,0,0,0
3,1,240315,0,0,0,0,0,0,0,0,0,0
4,1,240315,0,0,0,0,0,0,0,0,0,0
1,1,240318,6,16,18,27,17,23,16,20,22,7
2,1,240318,0,0,0,0,0,0,0,0,0,0
0,1,240319,0,0,0,0,0,0,0,0,0,0
1,1,240319,0,0,0,0,0,0,0,0,0,0
0,1,240320,23,23,23,23,23,23,23,23,23,23
1,1,240320,0,0,0,0,0,0,0,0,7,0
1,1,240321,0,0,0,0,0,0,0,0,0,0
1,1,240322,5,5,5,5,5,5,5,5,5,5
0,1,240323,0,0,0,0,0,0,9,0,15,0
0,2,240323,23,0,24,25,25,0,15,0,0,0
1,1,240323,17,17,17,17,17,17,17,17,17,17
1,1,240324,0,0,0,0,0,0,0,0,0,0
2,1,240324,0,0,0,0,0,0,0,0,0,0
0,1,240325,0,0,0,0,0,0,0,0,0,0
0,2,240325,0,0,0,0,0,0,0,0,0,0
1,1,240325,0,0,0,0,0,0,0,0,0,0
0,1,240326,0,0,0,0,0,0,0,0,0,0
1,1,240326,0,0,0,0,0,0,0,0,0,0
1,1,240327,20,23,7,35,14,32,24,27,16,20
1,1,240328,18,18,18,18,18,18,18,18,18,18
1,1,240329,0,0,0,0,0,0,0,0,0,0
0,1,240330,8,8,8,8,8,8,8,8,8,8
0,2,240330,3,10,23,0,8,0,0,15,11,0
1,1,240330,4,16,6,0,3,0,0,0,25,15
1,1,240331,14,14,14,14,14,14,14,14,14,14
1,1,240332,35,35,35,35,35,35,35,35,35,35
1,1,240333,24,24,24,24,24,24,24,24,24,24
0,1,240334,0,0,0,0,0,0,0,0,0,0
1,1,240334,0,0,0,0,0,0,0,0,0,0
1,1,240335,0,0,0,0,0,0,0,0,0,5
2,1,240335,0,0,0,0,0,0,0,0,0,0
1,1,240336,12,12,12,12,12,12,12,12,12,12
1,1,240337,17,17,17,17,17,17,17,17,17,17
2,1,240337,0,0,0,0,0,0,0,0,0,0
1,1,240338,0,0,0,0,0,0,0,0,0,0
2,1,240338,0,0,0,0,0,0,0,0,0,0
1,1,240339,16,16,16,16,16,16,16,16,16,16
0,1,240340,21,21,21,21,21,21,21,21,21,21
1,1,240340,0,0,17,20,0,0,0,6,0,0
1,1,240341,25,25,25,25,25,25,25,25,25,25
1,1,240342,0,0,0,0,0,0,0,0,10,0
1,1,240343,0,0,0,0,0,0,0,0,0,0
1,1,240344,0,0,0,0,0,0,0,0,0,0
2,1,240344,0,0,0,0,0,0,0,0,0,0
3,1,240344,0,0,0,0,0,0,0,0,0,0
4,1,240344,0,0,0,0,0,0,0,0,0,0
5,1,240344,0,0,0,0,0,0,0,0,0,0
6,1,240344,0,0,0,0,0,0,0,0,0,0
7,1,240344,0,0,0,0,0,0,0,0,0,0
1,1,240345,1,1,1,1,1,1,1,1,1,1
2,1,240345,0,0,0,0,0,0,0,0,0,0
1,1,240346,0,0,0,0,0,22,0,0,0,4
2,1,240346,0,0,0,0,0,0,0,0,0,0
1,1,240347,0,0,0,0,0,0,0,0,0,0
3,1,240347,0,0,0,0,0,0,0,0,0,0
0,1,240348,24,24,24,24,24,24,24,24,24,24
1,1,240348,0,0,0,0,0,10,0,0,0,0
0,1,240349,0,0,0,0,0,0,0,0,0,0
1,1,240349,0,0,0,0,0,0,0,0,0,0
1,1,240350,0,0,0,0,0,0,0,0,0,0
2,1,240350,0,0,0,0,2,0,0,0,0,0
1,1,240351,12,12,12,12,12,12,12,12,12,12
1,1,240352,0,0,0,0,0,0,0,0,0,0
2,1,240352,0,0,0,0,0,0,0,0,0,0
1,1,240353,0,66,0,0,0,0,0,0,0,0
2,1,240353,0,0,0,0,0,0,0,0,0,0
1,1,240354,0,0,0,0,0,0,0,0,0,0
2,1,240354,4,4,4,4,4,4,4,4,4,4
3,1,240354,0,0,0,0,0,10,0,0,0,0
4,1,240354,0,0,0,0,0,0,0,0,0,0
5,1,240354,0,0,0,0,0,0,0,0,0,0
6,1,240354,0,0,0,0,0,0,14,0,0,13
7,1,240354,0,0,0,0,0,0,0,0,0,0
8,1,240354,0,0,0,11,0,0,0,0,0,0
0,1,240355,0,0,0,0,0,0,0,0,0,0
1,1,240355,0,0,0,0,0,6,0,0,0,0
2,1,240355,0,0,0,0,0,0,0,0,0,0
1,1,240356,0,6,0,0,0,0,0,0,0,0
2,1,240356,0,0,0,0,0,0,0,0,0,0
3,1,240356,0,0,0,0,0,0,0,0,0,0
1,1,240357,0,0,0,0,0,0,0,0,0,0
2,1,240357,0,0,0,0,0,0,0,0,0,0
0,1,240358,0,0,0,0,0,0,0,0,0,0
1,1,240358,0,0,0,0,0,0,0,0,0,0
1,1,240359,0,0,0,0,0,0,0,0,0,0
1,1,240360,10,10,10,10,10,10,10,10,10,10
1,1,240361,0,0,0,0,0,0,0,0,0,0
1,1,240362,0,0,0,0,0,0,0,0,0,0
2,1,240362,0,0,0,0,0,0,0,0,0,0
3,1,240362,0,0,0,0,0,0,0,0,0,0
4,1,240362,0,0,0,0,0,0,0,0,0,0
1,1,240363,0,0,0,0,0,0,0,0,0,0
2,1,240363,0,0,0,0,0,13,0,0,0,0
0,1,240364,0,0,0,0,0,0,0,0,0,0
1,1,240364,0,0,0,0,0,0,0,0,0,0
0,1,240365,15,15,15,15,15,15,15,15,15,15
1,1,240365,0,0,0,0,0,0,0,0,0,0
1,1,240366,0,0,0,0,0,0,0,0,0,0
2,1,240366,0,0,0,0,0,0,0,0,0,0
1,1,240367,17,17,17,17,17,17,17,17,17,17
1,1,240368,12,12,12,12,12,12,12,12,12,12
1,1,240369,0,0,0,0,0,0,0,0,0,0
2,1,240369,0,0,0,0,0,0,0,0,0,0
1,1,240370,0,0,0,0,0,0,0,0,0,0
2,1,240370,14,14,14,14,14,14,14,14,14,14
1,1,240371,17,17,17,17,17,17,17,17,17,17
1,1,240372,0,0,0,0,0,0,0,0,0,0
2,1,240372,0,0,0,0,0,0,0,0,0,0
1,1,240373,0,0,0,0,0,0,0,0,0,0
2,1,240373,0,0,0,0,0,0,4,0,0,0
1,1,240374,0,0,0,0,0,0,0,0,0,0
2,1,240374,0,0,0,0,0,0,0,0,0,0
1,1,240375,26,26,26,26,26,26,26,26,26,26
1,1,240376,0,0,0,0,0,0,0,0,0,0
2,1,240376,0,0,0,0,0,0,0,0,0,0
1,1,240377,0,0,0,0,0,0,0,0,0,0
2,1,240377,0,0,0,0,0,0,0,0,0,0
1,1,240378,6,6,6,6,6,6,6,6,6,6
0,1,240379,0,0,0,0,0,0,0,0,0,0
1,1,240379,8,19,7,6,0,2,0,4,14,23
1,1,240380,0,0,0,0,0,0,0,0,0,0
2,1,240380,0,0,0,0,0,0,0,0,0,0
3,1,240380,0,0,0,0,0,0,0,0,0,0
1,1,240381,0,0,0,0,0,0,0,0,0,0
2,1,240381,0,0,0,0,0,0,0,0,0,0
1,1,240382,0,0,0,0,0,0,0,0,0,0
0,1,240383,34,34,34,34,34,34,34,34,34,34
1,1,240383,0,0,0,0,0,0,0,0,0,0
1,1,240384,25,25,25,25,25,25,25,25,25,25
0,1,240385,11,11,11,11,11,11,11,11,11,11
1,1,240385,0,0,0,0,0,0,0,0,0,0
1,1,240386,18,18,18,18,18,18,18,18,18,18
2,1,240386,0,0,0,0,0,0,0,0,0,0
1,1,240387,0,0,0,0,0,0,0,0,0,0
1,1,240388,0,0,0,0,0,0,0,0,0,0
2,1,240388,5,5,5,5,5,5,5,5,5,5
1,1,240389,7,7,7,7,7,7,7,7,7,7
1,1,240390,20,20,20,20,20,20,20,20,20,20
1,1,240391,0,0,0,0,0,0,0,0,0,0
2,1,240391,0,0,0,0,0,0,0,0,0,0
1,1,240392,17,17,17,17,17,17,17,17,17,17
1,1,240393,14,13,18,31,19,16,16,18,15,21
2,1,240393,32,32,32,32,32,32,32,32,32,32
1,1,240394,23,23,23,23,23,23,23,23,23,23
1,1,240395,0,0,0,0,0,0,0,0,0,0
2,1,240395,0,0,0,0,0,0,0,0,0,0
3,1,240395,0,0,0,0,0,0,0,0,0,0
4,1,240395,0,0,0,0,0,0,0,0,0,0
1,1,240396,0,0,0,0,0,0,0,0,0,0
2,1,240396,0,0,0,0,0,0,0,0,0,0
1,1,240397,0,0,0,0,0,0,0,0,0,0
2,1,240397,0,0,0,0,0,0,0,0,0,0
0,1,240398,0,0,0,0,0,0,0,0,0,0
1,1,240398,0,3,0,0,0,0,0,0,0,0
1,1,240399,0,0,0,0,0,0,0,0,0,0
2,1,240399,0,0,0,0,0,0,0,3,0,0
0,1,240400,0,0,0,0,0,6,0,0,0,0
1,1,240400,0,0,0,0,0,0,0,0,0,0
1,1,240401,0,0,0,0,0,0,0,12,0,0
1,1,240402,0,0,0,0,0,0,0,0,0,0
0,1,240403,22,22,22,22,22,22,22,22,22,22
1,1,240403,0,0,0,0,0,0,0,0,0,0
1,1,240404,0,0,0,0,0,0,0,0,0,0
2,1,240404,0,0,0,0,0,0,0,0,0,0
3,1,240404,0,0,0,0,0,0,0,0,0,0
1,1,240405,0,0,0,0,0,0,0,0,0,0
2,1,240405,0,0,0,0,0,0,0,0,0,0
1,1,240406,0,0,0,0,0,0,0,0,0,0
1,1,240407,0,0,0,0,0,0,0,0,0,0
2,1,240407,0,0,0,0,0,0,0,0,0,0
1,1,240408,0,0,0,0,0,0,0,0,0,0
2,1,240408,0,0,0,0,0,0,0,0,0,0
1,1,240409,0,0,0,0,0,0,0,0,0,0
2,1,240409,7,0,0,0,0,0,0,0,0,0
1,1,240410,19,19,19,19,19,19,19,19,19,19
2,1,240410,0,0,0,2,0,0,0,0,0,0
1,1,240411,16,8,20,16,22,34,13,4,22,13
1,1,240412,0,0,0,0,0,0,0,0,0,0
1,1,240413,0,0,0,0,0,0,0,0,0,0
1,1,240414,0,0,0,0,4,0,0,0,0,0
2,1,240414,0,0,0,0,0,0,0,0,0,0
0,1,240415,3,3,3,3,3,3,3,3,3,3
1,1,240415,13,13,13,13,13,13,13,13,13,13
2,1,240415,0,0,0,0,0,0,26,0,0,0
1,1,240416,0,0,0,0,0,0,0,0,0,0
1,1,240417,13,13,13,13,13,13,13,13,13,13
2,1,240417,0,0,0,0,0,0,0,0,0,0
1,1,240418,2,2,2,2,2,2,2,2,2,2
1,1,240419,13,13,13,13,13,13,13,13,13,13
1,1,240420,0,0,0,0,0,0,0,0,0,0
2,1,240420,0,0,0,0,0,0,0,0,0,0
1,1,240421,16,16,16,16,16,16,16,16,16,16
2,1,240421,0,0,0,0,0,0,0,0,0,0
1,1,240422,0,0,0,0,0,0,0,0,0,0
2,1,240422,0,0,0,0,0,0,0,0,0,12
1,1,240423,0,0,0,0,0,0,0,0,0,0
2,1,240423,0,0,0,0,0,0,0,0,0,0
0,1,240424,0,0,0,0,0,0,0,0,0,0
1,1,240424,0,0,0,0,0,0,0,0,0,0
1,1,240425,0,0,0,0,0,0,0,0,0,0
0,1,240426,0,0,0,0,0,0,0,0,0,0
1,1,240426,0,0,0,0,0,0,0,0,0,0
0,1,240427,0,0,0,0,0,0,0,0,0,0
1,1,240427,0,0,0,0,0,0,0,0,0,0
1,1,240428,20,20,20,20,20,20,20,20,20,20
2,1,240428,26,0,0,0,0,6,0,0,0,9
1,1,240429,9,9,9,9,9,9,9,9,9,9
2,1,240429,0,0,0,8,0,0,0,0,0,14
1,1,240430,12,12,12,12,12,12,12,12,12,12
0,1,240431,0,0,0,0,0,0,0,0,0,0
1,1,240431,0,0,0,0,0,0,0,0,0,0
1,1,240432,0,0,0,0,0,0,0,0,0,0
2,1,240432,0,0,0,0,0,0,0,0,0,0
1,1,240433,0,16,0,0,0,0,0,0,0,0
1,1,240434,0,0,0,0,0,0,0,0,0,0
1,1,240435,11,11,11,11,11,11,11,11,11,11
1,1,240436,0,0,0,0,0,0,0,0,0,0
2,1,240436,0,0,0,0,0,0,0,0,0,0
0,1,240437,24,24,24,24,24,24,24,24,24,24
1,1,240437,0,0,0,10,0,0,0,0,0,0
1,1,240438,0,0,0,0,0,0,0,0,0,0
2,1,240438,0,0,0,0,0,0,0,0,0,0
3,1,240438,0,0,0,0,0,0,0,0,0,0
1,1,240439,0,0,0,0,0,0,0,0,0,0
2,1,240439,0,0,0,0,0,0,0,0,0,0
0,1,240440,0,0,0,0,0,0,0,0,0,0
1,1,240440,0,0,0,0,0,0,0,0,0,0
1,1,240441,2,2,2,2,2,2,2,2,2,2
0,1,240442,29,29,29,29,29,29,29,29,29,29
1,1,240442,0,0,0,0,0,0,0,0,0,0
0,1,240443,0,0,0,0,0,0,0,0,0,0
1,1,240443,0,0,0,0,0,0,0,0,0,0
1,1,240444,0,0,0,0,0,0,0,0,0,0
1,1,240445,0,0,0,0,0,0,0,0,0,0
1,1,240446,0,0,0,0,0,0,0,0,0,0
0,1,240447,0,0,0,0,0,0,0,0,0,0
1,1,240447,0,0,0,0,0,0,0,0,0,0
0,1,240448,18,18,18,18,18,18,18,18,18,18
1,1,240448,0,0,12,0,12,0,6,0,20,0
0,1,240449,0,0,0,0,0,0,0,0,0,0
1,1,240449,0,0,0,0,0,0,0,0,0,0
1,1,240450,0,0,0,0,0,0,0,0,0,0
0,1,240451,0,0,0,0,0,0,0,0,0,0
1,1,240451,0,0,0,4,0,0,20,0,0,0
1,1,240452,0,0,0,0,0,0,0,0,0,0
1,1,240453,15,15,15,15,15,15,15,15,15,15
1,1,240454,0,0,0,0,0,0,0,0,0,0
2,1,240454,0,0,0,0,0,0,0,0,0,0
1,1,240455,0,0,0,0,0,0,0,0,0,0
2,1,240455,0,0,0,0,0,10,0,0,0,0
0,1,240456,0,0,0,0,0,0,0,0,0,0
1,1,240456,0,0,0,0,0,0,0,0,0,10
1,1,240457,0,0,0,0,0,0,0,0,0,0
0,1,240458,13,13,13,13,13,13,13,13,13,13
1,1,240458,0,0,0,0,8,10,0,21,0,0
1,1,240459,0,0,0,0,0,0,0,0,0,0
1,1,240460,0,0,0,0,0,0,0,0,0,0
2,1,240460,0,0,0,0,0,0,0,0,0,6
1,1,240461,0,0,0,0,0,0,0,0,0,0
1,1,240462,0,0,0,0,0,27,25,0,19,0
1,1,240463,0,0,0,0,0,0,0,0,0,0
2,1,240463,0,0,0,0,0,0,0,0,0,0
1,1,240464,10,27,0,0,14,0,16,8,0,0
1,1,240465,0,0,0,0,0,0,0,0,0,0
2,1,240465,0,0,0,0,0,0,0,0,0,0
0,1,240466,0,0,0,0,0,0,0,0,0,0
1,1,240466,0,0,0,0,0,0,0,0,0,0
0,1,240467,0,0,0,0,0,0,0,0,0,0
1,1,240467,0,0,0,0,0,0,0,0,0,0
1,1,240468,5,5,5,5,5,5,5,5,5,5
1,1,240469,24,24,24,24,24,24,24,24,24,24
2,1,240469,0,0,0,0,0,0,0,0,0,0
0,1,240470,0,0,0,0,0,0,0,0,0,0
1,1,240470,0,13,0,8,0,6,10,14,12,9
1,1,240471,0,0,0,0,0,0,0,0,0,0
2,1,240471,0,0,0,0,0,0,0,0,0,0
3,1,240471,0,0,0,0,0,0,9,0,0,11
4,1,240471,0,0,0,0,0,0,0,0,0,0
5,1,240471,0,0,0,0,0,0,0,0,0,0
1,1,240472,0,0,0,0,0,0,0,0,0,0
2,1,240472,0,0,0,0,0,0,0,0,0,0
0,1,240473,12,12,12,12,12,12,12,12,12,12
1,1,240473,19,10,0,1,0,9,8,15,0,8
1,1,240474,0,0,0,0,0,0,0,0,0,0
0,1,240475,7,7,7,7,7,7,7,7,7,7
0,2,240475,8,8,8,8,8,8,8,8,8,8
1,1,240475,0,12,0,0,13,12,0,0,0,0
1,1,240476,0,0,0,0,0,0,0,0,0,0
2,1,240476,0,0,0,0,0,0,0,0,0,0
3,1,240476,0,0,0,0,0,0,0,0,0,0
1,1,240477,39,39,39,39,39,39,39,39,39,39
2,1,240477,0,0,0,0,0,0,0,0,0,0
3,1,240477,0,0,0,0,0,0,0,0,0,0
0,1,240478,19,19,19,19,19,19,19,19,19,19
1,1,240478,0,0,0,0,0,0,0,0,0,0
1,1,240479,21,21,21,21,21,21,21,21,21,21
2,1,240479,0,0,0,0,0,0,0,0,0,0
3,1,240479,0,0,0,0,0,0,0,0,0,0
4,1,240479,0,0,0,0,0,0,0,0,0,0
1,1,240480,0,0,0,0,0,0,0,0,0,0
2,1,240480,0,0,0,0,0,0,0,0,0,5
1,1,240481,0,0,0,0,0,9,0,0,0,0
2,1,240481,0,0,0,0,0,0,0,0,0,0
3,1,240481,0,0,0,0,0,0,0,0,0,0
0,1,240482,0,0,0,0,0,0,0,0,0,0
1,1,240482,0,0,18,0,0,0,14,0,0,0
1,1,240483,0,0,0,0,0,0,0,0,0,0
1,1,240484,2,2,2,2,2,2,2,2,2,2
1,1,240485,14,14,14,14,14,14,14,14,14,14
0,1,240486,0,0,0,0,0,0,0,0,0,0
1,1,240486,0,0,0,0,0,0,0,0,0,0
1,1,240487,29,29,29,29,29,29,29,29,29,29