VEH_NO,PER_NO,ST_CASE,P1,P2,P3,P4,P5,P6,P7,P8,P9,P10
1,1,240488,0,0,0,0,0,0,0,0,0,0
0,1,240489,0,0,0,0,0,0,0,0,0,0
1,1,240489,0,0,0,0,0,0,0,0,0,0
1,1,240490,0,0,0,0,0,0,0,0,0,0
2,1,240490,0,0,0,0,0,0,0,0,0,0
1,1,240491,0,0,0,0,0,0,0,0,0,0
2,1,240491,0,0,0,0,0,0,0,0,0,0
0,1,240492,7,7,7,7,7,7,7,7,7,7
1,1,240492,0,0,0,0,0,0,0,6,0,0
1,1,240493,23,23,23,23,23,23,23,23,23,23
2,1,240493,0,0,0,0,0,0,0,0,0,0
3,1,240493,0,0,0,0,0,0,0,0,0,0
1,1,240494,0,0,0,0,0,0,0,0,0,0
2,1,240494,0,0,0,0,8,0,0,0,0,0
1,1,240495,0,0,0,0,0,0,0,0,0,0
2,1,240495,0,12,0,0,0,0,22,0,0,0
0,1,240496,0,0,0,0,0,0,0,0,0,0
1,1,240496,0,0,0,0,0,0,0,0,0,0
1,1,240497,5,5,5,5,5,5,5,5,5,5
0,1,240498,0,0,0,0,0,0,0,0,0,0
1,1,240498,0,0,0,0,0,0,0,0,0,0
1,1,240499,0,0,0,0,0,0,0,0,0,0
2,1,240499,0,0,0,0,0,0,0,0,0,0
3,1,240499,0,0,0,0,0,0,0,0,0,0
4,1,240499,0,0,0,0,0,0,0,0,16,0
1,1,240500,0,0,0,0,0,0,0,0,0,0
2,1,240500,0,0,0,0,0,0,0,0,0,0
3,1,240500,0,0,0,0,0,0,0,0,0,0
1,1,240501,0,0,0,0,0,0,0,0,0,0
2,1,240501,0,0,0,0,0,0,0,0,0,0
0,1,240502,6,6,6,6,6,6,6,6,6,6
1,1,240502,0,0,0,0,0,0,0,0,0,0
1,1,240503,0,0,0,0,0,0,0,0,0,0
0,1,240504,7,7,7,7,7,7,7,7,7,7
1,1,240504,0,0,0,0,0,0,0,0,6,0
1,1,240505,0,0,0,0,0,0,0,0,0,0
2,1,240505,0,0,0,0,0,0,0,0,0,0
1,1,240506,0,0,0,0,0,0,0,0,0,0
2,1,240506,0,0,8,5,0,0,3,0,0,16
1,1,240507,12,12,12,12,12,12,12,12,12,12
1,1,240508,0,0,0,0,0,0,0,0,0,0
2,1,240508,6,6,6,6,6,6,6,6,6,6
0,1,240509,0,0,0,0,0,0,0,0,0,0
1,1,240509,0,0,0,0,7,0,0,0,0,0
1,1,240510,0,0,0,0,0,0,0,0,0,0
2,1,240510,0,0,0,0,0,0,0,0,0,0
3,1,240510,0,0,0,0,0,0,0,0,0,0
1,1,240511,9,9,9,9,9,9,9,9,9,9
0,1,240512,0,0,0,0,0,0,0,0,0,0
1,1,240512,0,0,11,0,4,11,9,22,11,13
1,1,240513,0,0,0,0,0,0,0,0,0,0
1,1,240514,0,0,0,0,0,0,0,0,29,0
2,1,240514,0,0,0,0,0,0,0,0,0,0
3,1,240514,0,0,0,0,0,0,0,0,0,0
0,1,240515,11,11,11,11,11,11,11,11,11,11
1,1,240515,0,0,0,0,0,0,0,0,0,0
1,1,240516,9,9,9,9,9,9,9,9,9,9
1,1,240517,0,0,0,0,0,0,0,0,0,0
1,1,240518,25,25,25,25,25,25,25,25,25,25
2,1,240518,0,0,0,0,0,0,0,0,0,0
1,1,240519,18,18,18,18,18,18,18,18,18,18
1,1,240520,0,0,0,0,0,0,0,0,0,0
2,1,240520,0,0,0,0,0,0,0,0,0,0
1,1,240521,9,21,13,0,0,16,9,0,18,13
2,1,240521,0,0,0,0,0,0,0,0,0,0
3,1,240521,0,0,0,0,0,0,0,0,0,0
1,1,240522,0,0,0,0,0,0,0,0,0,0
2,1,240522,0,0,0,0,0,0,0,0,0,0
3,1,240522,0,0,0,0,0,0,0,0,0,0
0,1,240523,0,0,0,0,0,0,0,0,0,0
1,1,240523,0,0,0,0,0,0,0,0,0,0
1,1,240524,0,0,0,0,0,0,0,0,0,0
2,1,240524,0,0,0,0,0,0,0,0,0,0
1,1,240525,0,0,0,0,0,0,0,0,0,0
2,1,240525,0,0,0,0,0,0,0,0,0,0
1,1,240526,0,0,0,0,0,0,0,0,0,0
1,1,240527,12,12,12,12,12,12,12,12,12,12
0,1,240528,19,19,19,19,19,19,19,19,19,19
1,1,240528,0,0,0,0,0,0,0,0,0,0
1,1,240529,0,0,0,0,0,0,0,0,0,0
2,1,240529,0,0,0,0,0,0,0,0,0,0
1,1,240530,0,0,0,0,0,0,0,0,0,0
2,1,240530,0,0,0,0,0,0,0,0,0,0
1,1,240531,8,8,8,8,8,8,8,8,8,8
2,1,240531,0,0,0,0,0,0,0,0,0,0
3,1,240531,0,0,0,0,0,0,0,0,0,0
0,1,240532,0,0,0,0,0,0,0,0,0,0
1,1,240532,0,0,0,0,0,0,0,0,0,0
0,1,240533,21,21,21,21,21,21,21,21,21,21
1,1,240533,0,0,0,0,0,0,0,0,0,0
1,1,240534,0,0,0,0,0,0,0,0,0,0
1,1,240535,23,23,23,23,23,23,23,23,23,23
0,1,240536,0,0,0,0,0,0,0,0,0,0
0,2,240536,21,8,0,0,0,0,0,0,0,0
1,1,240536,4,0,4,5,7,0,0,11,0,15
2,1,240536,0,0,0,0,0,0,0,0,0,0
1,1,240537,0,0,0,0,0,0,0,0,0,0
2,1,240537,0,7,8,29,0,0,0,0,0,0
1,1,240538,0,0,0,0,0,0,0,0,0,0
0,1,240539,16,16,16,16,16,16,16,16,16,16
1,1,240539,0,5,0,0,0,0,31,20,9,12
1,1,240540,0,0,0,0,0,0,0,0,0,0
1,1,240541,0,0,0,0,0,0,0,0,0,0
0,1,240542,0,0,25,0,0,0,0,11,0,0
1,1,240542,0,0,0,0,0,0,0,0,0,0
0,1,240543,0,0,0,0,0,0,0,0,0,0
1,1,240543,0,14,16,0,2,17,0,0,0,0
1,1,240544,0,0,0,0,0,0,0,0,0,0
2,1,240544,0,0,0,0,0,0,0,0,0,0
0,1,240545,0,0,0,0,0,0,0,0,0,0
1,1,240545,0,0,0,0,0,0,0,0,0,0
1,1,240546,0,0,0,0,0,0,0,0,0,0
2,1,240546,0,0,0,0,0,0,0,0,0,0
3,1,240546,0,0,0,0,0,0,0,0,0,0
4,1,240546,0,0,0,0,0,0,0,0,0,0
0,1,240547,21,21,21,21,21,21,21,21,21,21
1,1,240547,0,0,0,0,0,0,0,0,0,0
1,1,240548,21,21,21,21,21,21,21,21,21,21
1,1,240549,21,21,21,21,21,21,21,21,21,21
1,1,240550,0,0,0,0,0,0,0,0,0,0
2,1,240550,0,0,0,0,0,0,0,0,0,0
3,1,240550,0,0,0,0,0,0,0,0,0,0
1,1,240551,0,0,0,0,0,0,0,0,0,0
2,1,240551,0,0,0,0,0,0,0,0,0,0
0,1,240552,0,0,0,0,0,0,0,0,0,0
1,1,240552,0,0,0,0,0,14,0,0,0,0
1,1,240553,11,0,16,12,0,17,11,0,21,0
0,1,240554,0,29,0,0,0,0,0,0,0,19
1,1,240554,0,0,0,0,0,0,0,0,0,0
0,1,240555,0,0,0,0,0,0,0,0,0,0
1,1,240555,0,0,0,8,13,0,0,0,0,0
0,1,240556,0,14,14,0,0,0,0,0,0,0
1,1,240556,0,0,0,0,0,0,0,0,0,0
1,1,240557,0,0,0,0,0,0,0,0,0,0
2,1,240557,0,0,0,0,0,0,0,0,0,0
1,1,240558,6,6,6,6,6,6,6,6,6,6
1,1,240559,0,0,0,0,0,0,0,0,0,0
2,1,240559,0,0,0,0,0,0,0,0,0,0
1,1,240560,0,0,0,0,0,0,0,0,0,0
1,1,250001,22,22,22,22,22,22,22,22,22,22
1,1,250002,0,0,0,0,0,0,0,0,0,0
2,1,250002,0,0,0,0,0,0,0,0,0,0
3,1,250002,0,0,0,0,0,6,0,0,0,0
0,1,250003,0,0,0,0,0,0,0,0,0,0
1,1,250003,0,0,0,0,0,0,0,0,0,0
1,1,250004,13,0,0,0,0,0,0,0,0,0
2,1,250004,0,0,0,0,0,0,0,0,0,0
1,1,250005,17,17,17,17,17,17,17,17,17,17
1,1,250006,0,0,0,0,0,0,0,0,0,0
1,1,250007,0,0,0,0,4,0,0,0,25,0
0,1,250008,0,0,0,0,0,0,0,0,0,0
1,1,250008,0,0,0,0,0,0,0,0,0,0
1,1,250009,0,0,0,0,0,0,0,0,0,0
1,1,250010,30,20,0,33,36,0,9,26,0,0
0,1,250011,0,0,0,0,0,0,0,0,0,0
1,1,250011,0,0,0,0,0,0,0,0,0,17
1,1,250012,12,12,12,12,12,12,12,12,12,12
1,1,250013,18,18,18,18,18,18,18,18,18,18
1,1,250014,19,19,19,19,19,19,19,19,19,19
2,1,250014,0,0,0,0,0,0,0,0,0,0
3,1,250014,0,0,0,0,0,0,0,0,0,0
0,1,250015,1,1,1,1,1,1,1,1,1,1
1,1,250015,25,10,12,14,23,9,4,22,19,29
1,1,250016,0,0,0,0,0,0,0,0,0,0
2,1,250016,0,0,0,0,0,0,0,0,0,0
1,1,250017,0,0,13,0,0,0,0,0,0,0
1,1,250018,26,26,26,26,26,26,26,26,26,26
2,1,250018,0,0,0,9,0,0,0,0,0,0
0,1,250019,3,3,3,3,3,3,3,3,3,3
1,1,250019,0,0,0,10,0,0,0,0,0,0
2,1,250019,0,0,0,0,0,25,0,0,0,0
1,1,250020,0,0,0,0,0,0,0,0,0,0
1,1,250021,0,0,0,0,0,0,0,0,0,0
1,1,250022,0,14,0,14,0,0,26,0,0,33
0,1,250023,0,0,0,0,0,0,0,0,0,0
1,1,250023,13,11,5,0,0,0,0,0,0,25
1,1,250024,0,0,0,0,0,0,0,0,0,0
1,1,250025,0,0,0,0,0,0,0,0,0,0
2,1,250025,0,0,0,0,0,0,0,0,0,0
1,1,250026,13,13,13,13,13,13,13,13,13,13
1,1,250027,4,0,0,0,27,18,0,17,0,0
1,1,250028,0,0,0,0,0,0,0,0,0,0
1,1,250029,27,27,27,27,27,27,27,27,27,27
1,1,250030,13,13,13,13,13,13,13,13,13,13
1,1,250031,0,19,11,0,12,5,7,4,14,7
1,1,250032,4,4,4,4,4,4,4,4,4,4
1,1,250033,0,0,0,0,0,0,0,0,0,0
1,1,250035,0,0,0,0,0,0,0,0,0,0
2,1,250035,0,0,0,0,0,0,0,0,0,0
1,1,250036,0,0,0,0,0,0,0,0,0,0
2,1,250036,0,0,0,0,0,0,0,0,0,0
1,1,250037,12,0,0,0,14,0,0,0,0,0
2,1,250037,0,0,0,0,11,11,0,0,0,0
1,1,250038,22,22,22,22,22,22,22,22,22,22
1,1,250039,21,21,21,21,21,21,21,21,21,21
1,1,250040,0,0,0,0,0,0,0,0,0,0
0,1,250041,11,31,14,0,13,14,26,16,43,21
1,1,250041,0,0,0,0,0,0,0,0,0,0
1,1,250042,0,0,0,0,10,0,0,0,0,0
2,1,250042,0,0,0,0,0,0,0,0,0,0
0,1,250043,0,0,0,0,0,0,0,0,0,0
1,1,250043,0,0,0,0,0,0,0,0,0,0
2,1,250043,0,0,0,0,0,0,0,0,0,0
1,1,250044,16,16,16,16,16,16,16,16,16,16
2,1,250044,12,15,0,9,8,12,0,11,7,0
1,1,250045,0,0,0,0,0,0,0,0,0,0
0,1,250046,0,0,0,0,0,0,0,0,0,0
1,1,250046,0,0,0,0,0,7,3,0,0,0
1,1,250047,6,6,6,6,6,6,6,6,6,6
1,1,250048,0,0,0,0,0,0,0,0,0,0
2,1,250048,0,0,0,0,0,0,0,0,0,0
3,1,250048,0,0,0,0,0,0,0,0,0,0
1,1,250049,0,0,0,0,0,0,0,0,0,0
0,1,250050,0,0,0,0,0,0,0,0,0,0
1,1,250050,0,0,0,0,0,0,0,0,0,0
1,1,250051,0,0,0,0,0,0,0,0,0,0
2,1,250051,0,0,0,0,0,0,0,0,11,0
1,1,250052,0,0,0,0,0,0,0,0,0,0
2,1,250052,0,0,0,0,0,0,0,0,0,0
1,1,250053,0,0,0,0,0,0,0,0,0,0
2,1,250053,0,0,0,0,0,0,0,0,0,0
1,1,250054,20,20,20,20,20,20,20,20,20,20
1,1,250055,0,0,0,0,0,0,0,14,2,22
1,1,250056,0,0,0,0,0,0,0,0,0,0
1,1,250057,0,0,13,0,0,0,12,0,0,0
2,1,250057,14,14,14,14,14,14,14,14,14,14
0,1,250058,0,0,22,15,0,0,39,0,22,18
1,1,250058,14,6,0,0,0,8,20,11,0,0
1,1,250059,1,1,1,1,1,1,1,1,1,1
1,1,250060,17,17,17,17,17,17,17,17,17,17
1,1,250061,28,28,28,28,28,28,28,28,28,28
2,1,250061,0,0,0,0,0,0,0,0,0,0
1,1,250062,0,0,0,0,0,0,0,0,0,0
2,1,250062,0,0,0,0,0,0,0,0,0,0
1,1,250063,0,0,0,0,0,0,0,0,0,0
2,1,250063,0,0,0,0,0,0,0,0,0,0
1,1,250064,1,1,1,1,1,1,1,1,1,1
0,1,250066,25,25,25,25,25,25,25,25,25,25
1,1,250066,0,0,0,9,0,20,0,0,0,0
1,1,250067,5,0,0,0,0,0,15,24,0,0
1,1,250068,13,13,13,13,13,13,13,13,13,13
1,1,250069,0,0,0,0,0,0,0,0,0,0
1,1,250070,13,13,13,13,13,13,13,13,13,13
1,1,250071,5,11,0,12,3,0,17,0,14,10
2,1,250071,7,0,0,0,0,0,0,15,0,5
1,1,250072,0,0,0,0,0,0,0,0,0,0
2,1,250072,0,0,0,0,0,0,0,0,0,0
0,1,250073,15,12,0,16,0,0,25,14,0,0
1,1,250073,0,0,5,8,0,0,0,5,8,24
1,1,250074,0,0,0,0,0,0,0,0,0,0
1,1,250075,0,0,0,0,21,0,0,0,8,0
2,1,250075,0,24,6,11,0,14,17,0,0,0
1,1,250076,14,0,19,0,0,0,0,0,11,21
2,1,250076,17,19,9,10,23,31,15,11,13,27
1,1,250077,15,0,14,6,14,8,10,15,21,4
0,1,250078,0,0,0,7,31,21,38,0,30,14
1,1,250078,0,0,0,0,0,0,0,0,0,0
1,1,250079,0,7,0,0,0,0,0,27,0,0
1,1,250080,22,22,22,22,22,22,22,22,22,22
0,1,250081,0,0,0,0,0,0,0,0,0,0
2,1,250081,0,0,0,0,11,0,0,0,11,0
3,1,250081,0,0,0,0,0,0,0,0,0,0
4,1,250081,0,0,0,0,0,0,0,0,0,0
1,1,250082,0,2,3,0,2,0,0,0,0,0
2,1,250082,5,5,5,5,5,5,5,5,5,5
1,1,250083,9,0,3,0,9,0,0,0,0,0
2,1,250083,2,22,19,17,0,0,13,20,26,14
3,1,250083,0,0,0,0,0,7,0,0,0,16
1,1,250084,8,6,0,18,8,33,17,0,0,6
1,1,250085,12,18,33,10,12,25,15,7,0,6
1,1,250086,12,0,0,16,0,18,9,4,0,0
1,1,250087,0,0,0,0,10,0,0,0,0,0
1,1,250088,0,0,0,0,0,0,0,0,0,0
1,1,250089,0,0,0,0,0,0,0,0,0,0
1,1,250090,0,0,0,32,0,0,0,3,0,0
1,1,250091,26,26,26,26,26,26,26,26,26,26
1,1,250092,0,0,0,0,0,0,0,0,0,0
2,1,250092,22,22,22,22,22,22,22,22,22,22
1,1,250093,0,0,0,0,0,7,0,0,0,0
2,1,250093,0,0,0,0,0,0,0,0,0,0
1,1,250094,21,0,0,8,0,13,0,0,0,0
0,1,250095,0,0,0,0,0,0,0,0,0,0
1,1,250095,0,0,0,0,0,0,0,0,0,0
1,1,250096,0,0,0,0,0,0,9,0,0,8
1,1,250097,0,0,0,0,0,0,0,0,0,0
1,1,250098,0,0,0,2,0,0,0,0,0,0
2,1,250098,0,0,0,0,0,0,0,0,0,8
1,1,250099,0,0,0,0,0,0,0,0,0,0
1,1,250100,26,26,26,26,26,26,26,26,26,26
1,1,250101,0,0,0,0,0,0,0,0,0,0
2,1,250101,26,0,0,0,21,31,5,0,15,29
1,1,250102,0,0,0,0,0,0,0,0,0,0
2,1,250102,8,0,0,0,0,0,0,0,20,0
1,1,250103,22,22,22,22,22,22,22,22,22,22
1,1,250104,7,7,19,6,0,10,0,0,0,11
2,1,250104,0,5,17,0,0,0,0,0,0,0
1,1,250105,22,22,22,22,22,22,22,22,22,22
1,1,250106,0,0,0,0,0,0,0,0,0,0
2,1,250106,0,0,0,0,0,0,0,0,0,0
1,1,250107,0,0,0,0,0,0,0,0,0,0
2,1,250107,0,0,0,0,0,0,0,0,0,0
1,1,250108,17,0,0,0,0,0,0,8,0,0
2,1,250108,0,0,0,0,0,0,0,0,0,0
1,1,250109,0,0,0,9,0,0,0,0,0,0
2,1,250109,0,0,0,0,0,0,0,0,0,0
1,1,250110,27,5,15,20,17,6,18,7,8,12
0,1,250111,0,0,0,0,0,0,0,0,0,0
1,1,250111,0,0,0,0,0,0,0,0,0,0
1,1,250112,12,9,18,23,4,17,24,0,0,16
1,1,250113,13,13,13,13,13,13,13,13,13,13
0,1,250114,0,0,0,0,0,0,0,0,0,0
1,1,250114,0,0,0,0,0,0,0,0,0,0
1,1,250115,0,0,0,0,0,0,0,0,0,0
1,1,250116,9,19,23,11,0,12,16,0,17,24
1,1,250118,0,0,0,0,0,0,0,0,0,0
1,1,250119,0,18,0,0,0,0,0,0,0,26
1,1,250120,0,0,0,0,0,0,0,0,0,0
1,1,250121,22,22,22,22,22,22,22,22,22,22
2,1,250121,0,0,0,0,0,0,0,26,0,0
1,1,250123,0,0,0,0,0,0,0,0,0,0
2,1,250123,0,0,0,0,0,0,0,0,0,0
3,1,250123,0,0,0,0,0,0,0,0,0,0
4,1,250123,0,0,0,0,0,0,0,0,0,0
0,1,250124,0,0,0,0,0,0,0,0,0,0
1,1,250124,0,0,0,0,0,0,0,0,0,23
1,1,250125,0,0,0,0,0,0,0,0,0,0
0,1,250126,0,0,0,0,0,0,0,0,0,0
1,1,250126,0,0,0,0,0,0,0,0,0,0
1,1,250127,0,0,0,16,0,0,14,0,0,0
2,1,250127,1,1,1,1,1,1,1,1,1,1
1,1,250128,19,0,0,14,0,14,21,0,0,8
2,1,250128,0,12,0,0,0,0,0,0,0,0
1,1,250129,14,34,15,0,0,21,20,0,11,3
1,1,250130,0,0,0,0,0,0,0,0,0,0
1,1,250131,14,14,14,14,14,14,14,14,14,14
1,1,250132,0,19,0,23,0,6,0,0,0,0
2,1,250132,0,0,0,0,0,0,0,0,0,0
1,1,250133,0,0,0,0,0,0,0,0,0,0
2,1,250133,0,0,0,0,0,0,0,0,0,0
1,1,250134,0,0,0,0,0,0,0,36,0,0
1,1,250135,23,23,23,23,23,23,23,23,23,23
1,1,250136,3,3,3,3,3,3,3,3,3,3
1,1,250137,0,0,0,0,0,0,0,0,0,0
1,1,250138,0,0,0,0,0,0,0,0,0,0
2,1,250138,0,0,0,0,0,0,0,0,0,0
1,1,250139,0,0,0,0,0,0,0,0,0,0
2,1,250139,0,0,0,0,0,0,0,0,0,0
1,1,250140,9,18,0,23,0,0,13,0,0,0
0,1,250141,0,0,0,0,0,0,0,0,0,0
1,1,250141,0,0,19,0,0,0,0,0,22,0
1,1,250142,1,1,1,1,1,1,1,1,1,1
1,1,250143,7,7,7,7,7,7,7,7,7,7
1,1,250144,0,0,0,17,0,8,5,15,21,8
1,1,250145,30,20,0,0,0,0,33,26,13,16
1,1,250146,0,0,0,0,0,0,0,0,0,0
1,1,250147,15,15,15,15,15,15,15,15,15,15
1,1,250148,0,0,0,0,0,0,0,0,0,0
2,1,250148,0,0,0,0,0,0,0,0,0,0
3,1,250148,0,0,0,0,0,0,0,0,0,0
1,1,250149,13,22,0,17,19,12,0,11,6,0
2,1,250149,0,10,0,8,0,0,0,0,13,14
1,1,250150,18,18,18,18,18,18,18,18,18,18
2,1,250150,0,0,5,3,13,6,0,0,14,3
1,1,250151,0,0,0,9,28,11,0,13,11,0
2,1,250151,0,27,12,16,0,18,0,0,0,16
1,1,250152,0,0,5,0,0,0,0,0,0,0
0,1,250153,2,2,2,2,2,2,2,2,2,2
1,1,250153,0,0,0,0,7,3,32,13,0,0
0,1,250154,0,0,0,0,0,0,0,0,0,0
1,1,250154,0,0,0,0,0,0,0,0,0,0
1,1,250155,18,18,18,18,18,18,18,18,18,18
1,1,250156,0,0,0,0,0,17,22,0,24,0
2,1,250156,0,0,0,0,0,0,0,0,12,0
1,1,250157,20,20,20,20,20,20,20,20,20,20
1,1,250158,0,32,0,20,18,24,21,18,0,0
1,1,250159,25,25,25,25,25,25,25,25,25,25
1,1,250160,0,0,0,0,0,0,0,0,0,0
1,1,250161,0,0,0,0,0,0,0,0,0,0
1,1,250162,16,16,16,16,16,16,16,16,16,16
1,1,250163,0,0,0,0,0,0,0,0,0,0
2,1,250163,0,0,0,6,0,0,0,0,0,0
1,1,250164,18,0,0,12,0,0,0,0,0,0
1,1,250165,25,25,25,25,25,25,25,25,25,25
1,1,250166,0,0,0,0,7,0,0,0,0,0
2,1,250166,0,0,0,0,0,0,0,0,0,0
1,1,250167,9,9,9,9,9,9,9,9,9,9
1,1,250168,18,18,18,18,18,18,18,18,18,18
0,1,250169,0,0,0,0,0,0,0,0,0,0
1,1,250169,0,26,0,11,14,0,5,0,0,0
1,1,250170,9,9,9,9,9,9,9,9,9,9
1,1,250171,0,0,0,0,0,0,0,0,0,0
2,1,250171,1,1,1,1,1,1,1,1,1,1
1,1,250172,0,0,0,0,0,0,0,11,0,0
1,1,250173,9,9,9,9,9,9,9,9,9,9
1,1,250174,14,0,16,0,0,0,0,16,0,10
0,1,250175,0,0,0,19,0,0,0,0,0,0
1,1,250175,0,0,0,0,0,5,0,0,0,0
1,1,250176,16,0,0,15,14,0,22,4,0,0
1,1,250177,12,12,12,12,12,12,12,12,12,12
1,1,250178,0,0,0,0,0,0,0,0,0,0
2,1,250178,16,16,16,16,16,16,16,16,16,16
1,1,250179,17,0,0,0,0,0,0,0,0,0
2,1,250179,0,0,0,0,0,0,0,0,19,0
1,1,250180,0,0,0,0,0,0,0,0,0,0
1,1,250181,0,0,0,0,0,0,0,0,0,0
1,1,250182,5,5,5,5,5,5,5,5,5,5
1,1,250183,0,0,0,0,0,0,0,0,0,0
0,1,250184,0,0,0,0,0,0,0,0,0,0
1,1,250184,0,0,0,0,0,0,10,0,0,15
1,1,250185,10,0,0,6,0,0,0,0,0,0
2,1,250185,0,0,0,0,0,0,0,0,0,0
1,1,250186,0,0,0,0,0,0,0,0,0,0
2,1,250186,0,0,0,0,0,0,0,0,0,0
1,1,250187,21,21,21,21,21,21,21,21,21,21
0,1,250188,6,0,0,39,0,17,16,0,11,0
1,1,250188,0,12,0,4,0,0,0,12,0,24
0,1,250189,0,0,0,0,0,0,0,0,0,0
1,1,250189,0,18,0,0,0,0,0,0,0,23
1,1,250190,4,13,20,16,15,2,12,6,24,10
0,1,250191,0,0,0,20,0,21,0,0,0,0
1,1,250191,16,0,0,0,0,0,0,20,15,27
0,1,250192,21,21,21,21,21,21,21,21,21,21
1,1,250192,0,0,0,0,0,0,14,0,0,0
1,1,250194,0,0,0,0,0,0,0,0,0,0
0,1,250195,0,0,0,0,0,0,0,0,0,0
1,1,250195,35,0,0,0,0,0,0,0,0,0
0,1,250196,0,0,0,0,0,0,0,0,0,0
1,1,250196,0,0,0,0,0,0,0,0,0,0
0,1,250197,0,0,0,0,0,0,0,0,0,0
1,1,250197,0,5,0,0,0,0,0,0,0,0
1,1,250198,12,12,12,12,12,12,12,12,12,12
1,1,250199,0,0,0,0,0,0,0,0,0,0
2,1,250199,0,0,0,0,0,0,0,0,0,0
1,1,250200,11,15,0,29,16,21,0,9,3,28
1,1,250201,0,0,0,0,0,0,0,0,0,23
1,1,250202,0,0,0,0,0,0,0,0,0,0
1,1,250203,17,17,17,17,17,17,17,17,17,17
1,1,250204,14,14,14,14,14,14,14,14,14,14
1,1,250205,0,0,0,0,0,14,0,0,0,0
1,1,250206,0,12,0,0,13,11,0,0,5,5
1,1,250207,33,33,33,33,33,33,33,33,33,33
1,1,250208,4,0,7,0,0,29,3,5,0,12
1,1,250209,0,0,0,0,0,0,0,0,0,0
2,1,250209,0,0,0,0,0,0,21,0,13,0
3,1,250209,0,8,0,0,11,16,0,7,0,0
4,1,250209,0,0,0,0,0,0,0,0,0,0
1,1,250210,0,0,0,0,0,0,0,0,0,0
1,1,250211,0,0,0,0,0,0,0,0,0,0
1,1,250212,0,9,0,0,0,0,0,0,0,0
1,1,250213,0,0,0,0,0,0,0,0,0,0
1,1,250214,17,17,17,17,17,17,17,17,17,17
1,1,250215,0,0,0,0,0,0,0,0,0,0
0,1,250216,0,0,0,0,0,0,0,0,0,0
1,1,250216,0,0,16,0,0,0,13,11,11,0
2,1,250216,0,0,0,0,0,0,0,0,0,0
1,1,250217,7,5,14,4,0,0,0,0,25,0
1,1,250218,16,16,16,16,16,16,16,16,16,16
1,1,250219,0,0,0,0,0,16,0,0,0,0
1,1,250220,0,0,0,0,0,0,0,0,0,0
0,1,250221,0,0,0,0,0,0,0,0,0,0
1,1,250221,0,0,0,0,0,0,0,0,0,0
1,1,250222,8,0,14,0,15,0,13,0,0,0
2,1,250222,0,0,0,0,0,0,0,11,0,0
3,1,250222,0,0,0,0,0,0,0,0,0,0
1,1,250223,10,10,10,10,10,10,10,10,10,10
2,1,250223,0,0,0,0,0,0,0,0,10,0
1,1,250224,0,0,0,0,0,11,0,0,0,11
2,1,250224,24,24,24,24,24,24,24,24,24,24
3,1,250224,0,0,0,5,0,8,13,0,0,0
0,1,250225,0,0,0,0,0,0,0,0,0,0
1,1,250225,0,0,0,0,0,0,0,0,0,0
1,1,250226,0,0,0,0,0,0,0,0,0,0
1,1,250227,23,23,23,23,23,23,23,23,23,23
1,1,250228,0,0,0,24,0,0,0,0,0,0
2,1,250228,0,0,0,0,0,0,0,0,0,0
3,1,250228,0,0,10,0,0,0,0,0,0,0
1,1,250229,0,6,0,0,0,0,0,0,0,0
1,1,250230,0,17,11,14,19,0,0,0,0,0
2,1,250230,0,44,0,0,0,0,8,11,0,5
3,1,250230,0,5,5,0,17,0,0,0,10,0
4,1,250230,0,0,0,0,22,10,0,0,17,0
5,1,250230,0,0,0,0,17,0,0,0,0,0
6,1,250230,27,10,14,3,8,14,7,14,21,14
1,1,250231,8,8,8,8,8,8,8,8,8,8
3,1,250231,17,0,20,0,7,0,8,22,13,0
4,1,250231,10,10,10,10,10,10,10,10,10,10
5,1,250231,29,0,0,0,0,0,0,0,12,27
1,1,250232,0,0,0,0,0,0,0,0,0,0
2,1,250232,0,0,0,0,0,0,0,0,0,0
1,1,250233,14,0,0,0,0,6,13,19,16,27
2,1,250233,4,4,4,4,4,4,4,4,4,4
0,1,250234,0,0,0,16,0,0,0,0,0,8
1,1,250234,0,0,0,0,0,0,0,0,0,0
1,1,250235,0,0,0,0,0,12,0,17,0,0
2,1,250235,12,12,12,12,12,12,12,12,12,12
1,1,250236,0,0,0,0,0,0,0,0,0,0
0,1,250237,0,0,0,0,0,0,0,0,0,0
1,1,250237,0,29,15,0,0,0,0,0,0,0
1,1,250238,23,23,23,23,23,23,23,23,23,23
1,1,250239,0,15,0,0,0,0,0,22,0,0
1,1,250240,0,0,0,0,0,0,0,0,0,0
2,1,250240,0,0,0,0,0,0,0,4,0,0
1,1,250241,19,19,19,19,19,19,19,19,19,19
1,1,250242,0,0,0,0,0,0,3,0,0,0
2,1,250242,0,0,0,0,0,0,0,0,0,0
1,1,250243,9,9,9,9,9,9,9,9,9,9
1,1,250244,0,0,0,0,0,0,0,0,0,0
1,1,250245,15,15,15,15,15,15,15,15,15,15
1,1,250246,10,10,10,10,10,10,10,10,10,10
1,1,250247,0,0,0,0,0,0,0,0,0,0
1,1,250248,0,0,0,0,0,0,0,0,0,0
2,1,250248,0,0,0,0,0,0,0,0,0,0
1,1,250249,19,19,19,19,19,19,19,19,19,19