VEH_NO,PER_NO,ST_CASE,P1,P2,P3,P4,P5,P6,P7,P8,P9,P10
0,1,250250,0,0,0,0,0,0,0,0,0,0
1,1,250250,0,0,0,0,0,0,0,0,0,0
1,1,250251,0,0,0,0,0,0,0,0,0,0
2,1,250251,9,0,0,0,0,0,0,0,0,0
1,1,250252,0,0,0,21,18,0,0,0,0,0
2,1,250252,0,0,0,0,0,0,0,0,0,0
1,1,250253,0,0,0,0,0,0,0,0,0,0
2,1,250253,7,7,0,11,0,7,16,15,17,2
1,2,250254,22,22,22,22,22,22,22,22,22,22
2,1,250254,0,0,0,0,0,0,0,0,0,0
1,1,250255,0,18,0,0,0,0,0,0,0,0
2,1,250255,0,0,0,0,0,0,0,0,0,0
1,1,250256,0,7,0,0,13,0,0,22,0,17
2,1,250256,0,0,0,0,0,0,0,0,0,0
1,1,250257,2,2,2,2,2,2,2,2,2,2
1,1,250258,0,0,0,0,0,0,0,0,0,0
2,1,250258,0,0,0,0,0,0,0,0,0,0
1,1,250259,0,0,0,0,0,0,0,0,0,0
1,1,250260,0,0,0,17,0,0,23,0,0,0
0,1,250261,0,0,0,19,0,0,0,0,0,0
1,1,250261,0,0,0,0,0,0,0,0,1,0
1,1,250263,0,0,0,0,0,0,0,0,0,0
2,1,250263,0,0,0,0,0,0,0,0,0,0
0,1,250264,24,0,0,10,17,11,0,36,15,9
1,1,250264,8,0,10,10,0,0,0,0,0,0
1,1,250266,17,17,17,17,17,17,17,17,17,17
1,1,250267,1,1,1,1,1,1,1,1,1,1
1,1,250268,5,5,5,5,5,5,5,5,5,5
0,1,250269,0,0,0,0,0,0,0,0,0,0
1,1,250269,0,0,0,0,0,0,0,0,0,0
1,1,250270,10,12,21,10,13,11,10,25,23,7
1,1,250271,0,0,0,0,0,0,0,0,0,0
1,1,250272,15,15,15,15,15,15,15,15,15,15
1,1,250273,15,15,15,15,15,15,15,15,15,15
1,1,250274,14,14,14,14,14,14,14,14,14,14
1,1,250275,14,14,14,14,14,14,14,14,14,14
1,1,250276,25,25,25,25,25,25,25,25,25,25
1,1,250277,7,16,10,16,28,15,9,39,15,4
1,1,250278,15,15,15,15,15,15,15,15,15,15
1,1,250279,10,10,10,10,10,10,10,10,10,10
1,1,250280,0,0,0,0,0,0,0,5,0,0
2,1,250280,0,0,18,5,0,0,0,0,0,0
1,1,250281,0,0,0,0,0,0,0,0,0,0
2,1,250281,0,0,14,0,0,19,0,0,0,0
1,1,250282,7,3,16,7,0,11,0,14,0,5
0,1,250283,0,0,0,0,0,0,0,0,0,0
1,1,250283,0,17,0,0,0,13,0,18,0,0
1,1,250284,21,21,21,21,21,21,21,21,21,21
1,1,250285,15,15,15,15,15,15,15,15,15,15
1,1,250286,6,14,7,23,13,10,9,0,11,5
1,1,250287,17,16,0,0,15,20,0,15,0,8
1,1,250288,0,0,0,0,0,0,0,0,0,0
0,1,250289,16,16,16,16,16,16,16,16,16,16
1,1,250289,0,0,0,0,6,30,0,0,0,10
0,1,250290,34,34,34,34,34,34,34,34,34,34
1,1,250290,12,9,11,33,19,27,16,18,12,0
1,1,250291,0,0,0,0,0,0,0,0,0,0
2,1,250291,0,0,0,0,0,0,0,0,0,0
1,1,250292,24,24,24,24,24,24,24,24,24,24
2,1,250292,0,0,0,0,0,0,21,0,0,0
1,1,250293,5,5,5,5,5,5,5,5,5,5
1,1,250294,0,0,0,0,0,0,0,0,0,0
2,1,250294,0,0,0,0,0,0,0,0,0,0
1,1,250295,0,0,0,0,0,0,0,0,0,0
2,1,250295,0,0,0,37,0,0,0,0,0,0
1,1,250296,2,0,8,0,0,0,0,16,24,0
1,1,250297,0,16,29,0,0,0,30,0,13,0
1,1,250298,15,15,15,15,15,15,15,15,15,15
1,1,250299,17,17,17,17,17,17,17,17,17,17
1,1,250300,0,0,0,0,0,0,0,0,0,0
0,1,250301,0,0,0,0,0,0,0,0,0,0
1,1,250301,0,0,0,0,0,0,0,0,0,0
1,1,250302,5,16,8,6,11,0,16,9,14,0
0,1,250303,0,0,0,0,0,0,0,0,0,0
1,1,250303,0,0,0,0,0,0,14,14,3,0
1,1,250304,0,0,0,0,0,0,0,0,0,0
1,1,250305,0,0,0,0,0,0,0,12,0,0
2,1,250305,0,0,0,0,0,0,0,0,0,0
1,1,250306,18,28,35,11,22,14,11,0,31,5
2,1,250306,0,5,22,11,20,0,0,0,2,0
0,1,250307,0,0,0,0,0,0,10,0,0,31
1,1,250307,14,0,0,0,0,0,0,0,0,0
1,1,250308,0,0,0,0,0,0,0,0,0,0
2,1,250308,15,26,11,9,12,15,25,14,16,8
1,1,250310,0,0,0,0,0,0,0,0,0,0
2,1,250310,0,0,0,0,0,0,0,0,0,0
1,1,250311,0,0,0,0,0,0,0,0,0,0
2,1,250311,0,0,0,0,0,0,0,0,0,0
1,1,250312,0,0,0,0,0,0,0,0,0,0
1,1,250313,0,0,0,0,0,0,0,0,0,0
1,1,250314,1,1,1,1,1,1,1,1,1,1
0,1,250315,42,25,15,0,21,0,46,20,12,0
1,1,250315,17,0,17,0,0,0,0,0,0,0
1,1,250316,0,0,0,17,0,0,0,0,0,0
1,1,250317,15,15,15,15,15,15,15,15,15,15
2,1,250317,0,0,0,0,2,0,0,0,0,0
0,1,250319,0,0,0,0,0,0,0,0,0,0
1,1,250319,0,0,10,0,0,23,0,0,0,0
1,1,250320,17,0,0,0,0,0,0,0,0,0
0,1,250321,0,0,0,0,0,0,0,0,0,0
1,1,250321,0,0,0,0,0,0,0,0,0,0
1,1,250322,9,9,9,9,9,9,9,9,9,9
0,1,250323,0,0,0,0,0,0,0,0,0,0
1,1,250323,0,0,0,0,0,0,0,0,0,0
1,1,250324,0,0,0,0,0,0,0,0,0,11
1,1,250325,0,0,0,22,0,0,0,0,0,5
2,1,250325,0,0,0,0,0,0,0,0,0,0
0,1,250326,0,36,26,10,0,0,0,13,0,0
1,1,250326,4,0,0,0,0,0,0,0,0,12
1,1,250327,24,24,24,24,24,24,24,24,24,24
0,1,250328,0,17,0,0,0,0,14,0,0,0
1,1,250328,0,0,0,0,0,0,0,0,0,0
1,1,250329,0,0,0,0,15,18,0,0,0,0
1,1,250330,1,1,1,1,1,1,1,1,1,1
2,1,250330,0,0,12,0,0,0,26,0,0,17
1,1,250331,0,0,0,0,0,0,0,0,0,0
2,1,250331,0,0,0,0,24,0,0,0,0,0
1,1,250332,0,0,0,0,0,0,0,0,0,0
2,1,250332,0,0,0,0,0,0,0,0,0,0
3,1,250332,0,0,0,0,0,0,0,0,0,0
1,1,250333,0,0,0,0,0,0,0,0,0,0
2,1,250333,0,0,0,0,0,0,0,0,0,0
1,1,250334,0,0,0,11,0,0,17,0,0,0
2,1,250334,0,0,0,0,0,0,0,0,0,0
3,1,250334,0,0,0,0,0,0,0,0,0,0
4,1,250334,0,0,0,0,0,0,0,0,0,0
1,1,250335,17,17,17,17,17,17,17,17,17,17
2,1,250335,0,0,0,0,0,0,0,0,0,0
3,1,250335,0,0,15,0,14,0,0,0,0,12
1,1,250336,0,0,0,0,0,0,0,0,0,0
2,1,250336,0,0,0,0,0,0,0,0,0,0
1,1,250337,5,5,5,5,5,5,5,5,5,5
2,1,250337,0,0,0,0,0,0,0,0,0,0
3,1,250337,0,0,0,0,4,0,0,0,0,0
1,1,250338,0,0,0,0,0,0,0,0,0,0
2,1,250338,0,0,0,0,0,0,0,0,9,0
0,1,250339,0,0,20,0,0,0,0,0,0,0
1,1,250339,0,0,0,0,0,0,0,0,0,0
1,1,250340,33,33,33,33,33,33,33,33,33,33
2,1,250340,0,0,0,0,0,0,0,0,0,0
3,1,250340,8,0,0,0,0,0,0,13,0,0
1,1,250341,39,39,39,39,39,39,39,39,39,39
1,1,250342,28,28,28,28,28,28,28,28,28,28
1,1,250343,0,0,5,7,0,0,5,4,0,0
2,1,250343,0,0,0,0,0,0,0,0,0,0
3,1,250343,8,8,8,8,8,8,8,8,8,8
4,1,250343,0,2,0,0,0,0,0,9,0,2
1,1,250344,0,0,0,0,0,0,0,0,0,0
2,1,250344,0,0,0,0,0,0,0,0,0,0
3,1,250344,0,0,0,0,0,0,0,0,0,0
4,1,250344,0,0,0,0,0,0,0,0,0,0
1,1,250345,0,0,0,0,0,0,0,0,0,0
1,1,250346,3,3,3,3,3,3,3,3,3,3
2,1,250346,0,0,9,0,0,0,0,0,0,0
0,1,250348,0,0,0,0,0,0,0,0,0,0
1,1,250348,13,3,9,2,0,0,26,13,0,2
0,1,250349,0,0,0,0,0,0,0,0,0,0
1,1,250349,17,0,0,0,0,0,0,0,0,0
2,1,250349,16,17,0,0,4,0,11,2,0,0
1,1,250350,0,0,0,0,0,0,0,0,0,0
2,1,250350,0,0,0,0,0,15,2,16,0,12
1,1,250351,0,0,0,0,0,0,0,0,0,0
2,1,250351,6,6,17,7,9,3,2,12,15,4
0,1,250352,0,0,0,0,0,0,0,0,0,0
1,1,250352,0,0,0,0,0,0,0,0,0,0
1,1,250353,0,3,0,0,3,0,0,0,0,0
1,1,250355,0,0,0,0,0,0,0,0,0,0
2,1,250355,0,0,5,9,0,0,0,0,0,0
3,1,250355,0,0,0,0,0,0,0,0,0,0
0,1,250356,0,0,0,0,0,0,0,0,0,0
1,1,250356,0,0,0,0,0,0,0,11,0,0
1,1,250357,0,0,0,0,0,0,0,0,0,0
2,1,250357,0,0,0,0,0,0,0,0,0,0
1,1,250358,18,18,18,18,18,18,18,18,18,18
0,1,250359,3,3,3,3,3,3,3,3,3,3
1,1,250359,12,0,4,0,0,0,0,0,0,16
1,1,250360,0,0,0,0,0,0,0,0,0,0
2,1,250360,0,0,0,0,0,12,0,0,0,0
1,1,250361,0,0,0,0,0,0,0,0,0,0
2,1,250361,0,0,0,0,0,0,0,0,0,0
1,1,250362,0,10,0,18,0,0,10,6,0,0
1,1,250363,8,8,8,8,8,8,8,8,8,8
0,1,250364,0,0,9,0,0,0,0,0,0,0
1,1,250364,0,4,0,0,0,0,0,0,0,0
1,1,250365,13,0,7,0,0,24,6,0,14,0
1,1,250366,16,16,16,16,16,16,16,16,16,16
1,1,250367,0,10,0,9,13,15,11,0,6,20
1,1,250368,28,28,28,28,28,28,28,28,28,28
0,1,250369,0,0,0,0,0,0,0,0,0,0
1,1,250369,0,0,0,0,0,0,0,0,0,0
1,1,250371,14,14,14,14,14,14,14,14,14,14
2,1,250371,0,0,0,0,0,0,0,0,0,0
1,1,250372,13,13,13,13,13,13,13,13,13,13
1,1,250373,0,0,0,0,0,0,0,0,0,0
0,1,250374,24,24,24,24,24,24,24,24,24,24
1,1,250374,5,0,0,20,0,0,4,0,18,0
1,1,250375,23,23,23,23,23,23,23,23,23,23
1,1,250376,9,0,0,0,9,0,0,0,0,18
0,1,250377,13,13,13,13,13,13,13,13,13,13
0,2,250377,0,0,0,0,0,0,0,0,0,0
1,1,250377,0,18,0,21,0,0,0,19,15,0
1,1,250378,0,0,0,12,8,8,0,0,0,0
1,1,250379,0,9,4,10,0,0,11,0,0,0
1,1,250380,0,0,0,0,0,0,0,0,0,0
2,1,250380,27,0,9,10,7,12,12,3,9,11
1,1,250381,0,0,0,0,0,0,0,0,0,0
2,1,250381,0,0,0,0,0,0,0,0,0,0
1,1,250383,7,30,0,0,5,8,8,5,0,0
2,1,250383,0,15,4,0,0,0,0,0,0,0
1,1,250384,12,0,0,0,0,0,0,0,0,0
2,1,250384,0,11,0,0,3,0,0,0,0,0
1,1,250385,0,0,25,0,16,0,0,0,0,0
1,1,250386,0,0,0,0,0,0,0,0,0,0
2,1,250386,0,17,0,0,0,0,0,4,0,0
0,1,250387,9,29,0,0,4,0,26,5,37,0
1,1,250387,0,5,12,0,4,0,0,0,14,0
0,1,250388,17,0,0,22,0,0,0,0,0,18
1,1,250388,0,10,2,21,1,0,2,0,5,10
2,1,250388,0,0,0,0,3,0,4,0,12,0
1,1,250389,0,0,0,0,0,0,0,0,0,0
1,1,250390,3,3,3,3,3,3,3,3,3,3
2,1,250390,8,0,0,10,0,5,0,16,15,8
1,1,250391,0,0,0,0,0,0,0,0,0,0
2,1,250391,0,0,0,0,0,0,0,0,0,0
0,1,250392,0,0,0,0,0,0,0,0,0,0
1,1,250392,0,0,0,0,0,0,0,0,0,0
2,1,250392,0,0,0,0,0,0,0,0,0,0
3,1,250392,0,0,25,0,0,0,0,0,0,0
4,1,250392,0,0,15,0,0,0,0,0,0,0
5,1,250392,0,0,0,0,0,0,0,4,0,20
0,1,250393,0,0,0,0,0,0,0,0,0,0
1,1,250393,0,0,0,0,0,0,0,0,0,0
1,1,250394,0,0,0,0,0,0,0,0,0,0
0,1,250395,17,0,0,0,13,0,38,22,0,0
1,1,250395,0,8,0,0,0,6,0,0,0,0
1,1,250396,15,0,0,0,0,0,0,0,0,0
1,1,250397,0,0,18,0,9,8,9,18,6,0
1,1,250398,0,0,0,0,0,0,0,19,13,0
1,1,250399,0,0,0,0,0,0,0,0,0,0
1,1,250400,0,28,0,0,0,0,0,0,0,0
2,1,250400,0,0,0,0,0,0,0,0,0,0
1,1,250401,0,0,0,0,0,0,0,0,0,0
2,1,250401,0,0,0,0,0,0,0,0,0,0
2,1,250402,0,0,0,5,0,6,0,0,26,0
0,1,250403,0,0,0,0,0,0,0,0,0,0
1,1,250403,0,0,0,0,0,3,0,0,0,0
1,1,250404,0,0,6,0,0,0,0,0,0,0
0,1,250405,0,0,19,0,0,0,0,0,0,0
1,1,250405,0,0,0,0,0,0,0,0,0,0
1,1,250406,0,0,0,0,0,0,0,0,0,0
0,1,250407,0,0,0,0,0,0,0,0,0,0
1,1,250407,0,0,0,0,0,0,24,0,0,0
0,1,250408,0,0,28,0,0,0,0,0,36,0
1,1,250408,0,0,0,0,0,0,0,0,0,0
1,1,250409,0,0,0,0,24,0,0,0,0,0
0,1,250410,0,0,0,0,0,0,0,0,0,0
1,1,250410,0,0,0,0,0,0,0,0,0,0
0,1,250411,0,0,0,0,0,0,0,0,0,0
1,1,250411,0,6,10,0,0,0,0,0,9,0
1,1,250412,20,11,26,8,9,13,20,15,0,17
0,1,250413,0,0,0,0,0,0,0,0,0,0
1,1,250413,0,0,0,0,0,0,0,0,0,0
1,1,250414,0,0,0,0,0,0,0,0,0,0
0,1,250415,0,0,0,0,0,0,0,0,0,0
1,1,250415,0,0,11,0,12,0,0,0,0,0
0,1,250416,0,0,0,0,0,0,0,0,0,0
1,1,250416,0,0,0,0,0,0,0,0,0,0
1,1,250417,12,0,0,0,0,0,0,0,0,0
2,1,250417,0,0,0,0,0,0,0,0,0,0
1,1,250418,0,0,0,0,0,0,0,0,0,0
1,1,250419,0,0,0,0,0,0,0,0,0,0
2,1,250419,0,0,0,0,0,0,0,0,0,0
1,1,250420,0,0,0,0,0,0,0,0,0,0
2,1,250420,0,0,0,0,0,19,0,0,0,0
1,1,250421,14,14,14,14,14,14,14,14,14,14
1,1,260001,17,17,17,17,17,17,17,17,17,17
1,1,260002,0,0,0,0,0,0,0,0,0,0
2,1,260002,0,0,0,0,0,0,0,0,0,0
3,1,260002,0,0,0,0,0,0,0,0,0,0
1,1,260003,17,17,17,17,17,17,17,17,17,17
1,1,260004,0,0,0,0,0,0,0,0,0,0
1,1,260005,0,0,0,0,0,0,0,0,0,0
1,1,260006,0,0,0,0,0,0,0,0,0,0
2,1,260006,0,0,0,0,0,0,0,0,0,0
1,1,260007,12,15,4,2,7,7,18,7,12,15
1,1,260008,0,0,0,0,0,0,0,0,0,0
1,1,260009,0,0,0,0,0,0,0,0,0,0
2,1,260009,0,0,0,0,0,0,0,0,0,0
1,1,260010,0,0,0,0,0,0,0,0,0,0
2,1,260010,0,0,0,0,0,0,0,0,0,0
1,1,260011,0,0,0,0,0,0,0,0,0,0
2,1,260011,0,0,0,0,0,0,0,0,0,0
1,1,260012,0,0,0,0,0,0,0,0,0,0
2,1,260012,0,0,0,0,0,0,0,0,0,0
1,1,260013,25,25,25,25,25,25,25,25,25,25
1,1,260014,0,0,0,0,0,0,0,0,0,0
2,1,260014,0,0,0,0,0,0,0,0,17,0
1,1,260015,0,0,0,0,0,0,0,0,0,0
2,1,260015,0,0,0,0,0,0,0,0,0,0
1,1,260016,0,0,0,0,0,0,0,0,0,0
2,1,260016,0,0,0,0,0,0,0,0,0,0
1,1,260017,20,20,20,20,20,20,20,20,20,20
1,1,260018,25,17,15,31,22,16,33,10,43,23
2,1,260018,0,0,0,0,0,0,0,0,0,0
1,1,260019,22,22,22,22,22,22,22,22,22,22
2,1,260019,0,0,0,0,0,0,0,0,0,0
1,1,260020,0,0,0,0,0,0,0,0,0,0
2,1,260020,0,0,0,0,0,0,0,0,0,0
1,1,260021,0,0,0,0,0,0,0,0,0,0
0,1,260022,12,12,12,12,12,12,12,12,12,12
1,1,260022,0,0,0,0,0,0,0,0,0,0
1,1,260023,0,0,0,0,0,0,0,0,0,0
2,1,260023,0,0,0,0,0,0,0,0,0,0
1,1,260024,0,26,0,0,0,0,0,0,0,0
2,1,260024,0,0,0,0,0,0,0,0,0,0
0,1,260025,22,22,22,22,22,22,22,22,22,22
1,1,260025,0,0,0,0,0,0,0,0,0,0
1,1,260026,0,3,0,0,0,0,0,0,0,0
1,1,260027,0,0,0,0,0,0,0,0,0,0
2,1,260027,0,0,0,0,0,0,0,0,0,0
1,1,260028,0,0,0,0,0,0,0,0,0,0
2,1,260028,0,0,0,0,0,0,0,0,0,0
0,1,260029,21,21,21,21,21,21,21,21,21,21
1,1,260029,0,0,0,0,0,0,0,0,0,0
1,1,260030,0,0,0,0,0,0,0,0,0,0
2,1,260030,0,0,0,0,0,0,0,0,0,0
1,1,260031,23,23,23,23,23,23,23,23,23,23
2,1,260031,0,0,0,0,0,0,0,0,0,0
1,1,260032,27,27,27,27,27,27,27,27,27,27
2,1,260032,0,0,0,0,0,0,0,0,0,0
1,1,260033,0,0,0,0,0,0,0,0,0,0
1,1,260034,0,0,0,0,0,6,0,0,0,0
2,1,260034,0,0,0,0,0,0,0,0,0,0
0,1,260035,0,0,0,0,0,0,0,0,0,0
1,1,260035,22,22,22,22,22,22,22,22,22,22
1,1,260036,0,0,0,0,0,0,0,0,0,0
2,1,260036,0,0,0,0,0,0,0,0,0,0
1,1,260037,18,18,18,18,18,18,18,18,18,18
2,1,260037,0,0,0,0,0,0,0,0,0,0
0,1,260039,0,0,0,0,0,0,0,0,0,0
1,1,260039,0,20,0,0,0,19,21,19,0,0
1,1,260040,0,0,0,0,0,0,0,0,0,0
0,1,260041,22,22,22,22,22,22,22,22,22,22
1,1,260041,10,14,35,23,13,14,24,26,24,0
1,1,260042,0,0,0,0,0,0,0,0,0,0
2,1,260042,0,0,0,0,0,0,0,0,0,0
1,1,260044,0,0,0,0,0,0,0,0,0,0
2,1,260044,0,0,0,0,0,0,0,0,0,0
0,1,260045,0,11,0,6,21,0,0,16,0,0
2,1,260045,0,0,0,0,0,0,0,0,0,0
1,1,260046,0,0,0,0,0,0,0,0,0,0
2,1,260046,0,0,0,0,0,0,0,0,0,0
3,1,260046,0,0,0,0,0,0,0,0,0,0
1,1,260047,0,0,0,0,0,0,0,0,0,0
1,1,260048,0,0,0,0,0,0,0,0,0,0
2,1,260048,0,0,0,0,0,0,0,0,0,0
1,1,260049,10,10,10,10,10,10,10,10,10,10
2,1,260049,0,0,0,0,0,0,0,0,0,0
1,1,260050,0,0,0,0,0,0,0,0,0,0
1,1,260051,0,0,0,0,0,0,0,0,0,0
2,1,260051,0,0,0,0,0,0,0,0,0,0
3,1,260051,0,0,0,0,0,0,0,0,0,0
1,1,260052,0,0,0,0,0,0,0,0,0,0
2,1,260052,2,2,2,2,2,2,2,2,2,2
1,1,260053,0,0,0,0,0,0,0,0,0,0
2,1,260053,0,0,0,0,0,0,0,0,0,0
1,1,260054,0,0,0,0,0,0,0,0,0,0
2,1,260054,0,0,0,0,0,0,0,0,0,0
1,1,260055,26,26,26,26,26,26,26,26,26,26
1,1,260056,0,0,0,0,0,0,0,0,0,0
2,1,260056,0,9,0,0,0,0,0,0,0,0
1,1,260057,0,0,0,0,0,0,0,0,0,0
1,1,260058,20,20,20,20,20,20,20,20,20,20
0,1,260059,22,28,9,19,30,28,37,25,13,18
1,1,260059,0,20,0,0,0,0,0,0,0,0
2,1,260059,0,0,0,0,0,0,0,0,0,0
1,1,260060,0,0,0,0,0,0,0,0,0,0
2,1,260060,37,37,37,37,37,37,37,37,37,37
1,1,260061,0,0,25,0,0,0,8,0,15,25
2,1,260061,0,0,0,0,0,2,0,0,0,13
0,1,260062,0,25,0,0,0,4,18,13,6,0
1,1,260062,0,0,0,0,0,0,0,0,0,0
1,1,260063,0,0,0,0,0,0,0,0,0,0
2,1,260063,0,0,0,0,0,0,0,0,0,0
0,1,260064,13,13,13,13,13,13,13,13,13,13
1,1,260064,0,0,0,0,0,0,0,0,0,0
1,1,260065,0,0,0,0,0,0,0,0,0,0
2,1,260065,0,0,23,0,0,0,0,14,0,0
0,1,260066,7,0,30,28,27,17,28,0,0,14
1,1,260066,0,0,0,0,0,0,0,0,0,24
1,1,260067,0,0,0,0,0,0,0,0,0,0
2,1,260067,0,0,0,0,0,0,0,3,0,0
1,1,260068,0,0,0,0,0,0,0,0,0,0
2,1,260068,24,24,24,24,24,24,24,24,24,24
1,1,260069,11,11,11,11,11,11,11,11,11,11
2,1,260069,0,0,0,0,0,0,0,0,0,0
1,1,260070,0,0,0,0,0,0,0,0,0,0
2,1,260070,0,0,0,0,0,0,0,0,0,0
1,1,260071,0,0,0,0,0,0,0,0,0,0
1,1,260072,0,0,0,0,0,0,0,0,0,0
1,1,260073,9,9,9,9,9,9,9,9,9,9
1,1,260074,0,0,0,0,0,0,0,0,0,0
2,1,260074,0,0,0,0,0,0,0,0,0,0
1,1,260075,0,0,0,0,0,0,0,0,0,16
2,1,260075,0,0,0,0,0,0,0,0,0,0
1,1,260076,0,0,0,0,0,0,0,0,0,0
1,1,260077,18,29,0,0,14,0,0,0,0,0
2,1,260077,0,0,0,0,0,0,0,0,0,0
1,1,260078,0,0,0,0,0,0,0,0,0,0
1,1,260079,0,0,0,0,0,0,0,0,0,0
2,1,260079,0,0,0,0,0,0,0,0,0,0
1,1,260080,0,0,0,0,0,0,0,0,0,0
2,1,260080,0,0,0,0,0,0,0,0,0,0
1,1,260081,0,0,0,0,0,0,0,0,0,0
1,1,260082,0,0,0,0,0,0,0,0,0,0
2,1,260082,0,0,0,0,0,0,0,0,0,0
1,1,260083,0,0,0,0,0,0,0,0,0,0
1,1,260084,24,24,24,24,24,24,24,24,24,24
2,1,260084,14,14,14,14,14,14,14,14,14,14
1,1,260085,0,0,0,0,0,0,0,0,0,0
2,1,260085,0,0,0,0,0,0,0,0,0,0
1,1,260086,0,0,0,0,0,0,0,0,0,0
2,1,260086,0,0,2,0,0,0,0,0,0,0
1,1,260087,0,0,0,0,0,0,0,0,0,0
1,1,260088,0,0,0,0,0,0,0,0,0,0
2,1,260088,0,0,0,0,0,0,0,0,0,0
1,1,260089,21,21,21,21,21,21,21,21,21,21
2,1,260089,0,0,0,0,0,0,0,0,0,0
1,1,260090,0,0,0,0,0,0,0,0,0,0
2,1,260090,0,0,0,0,0,0,0,0,0,0
1,1,260091,0,0,0,0,0,0,0,0,0,0
1,1,260092,0,0,0,0,0,0,0,0,0,0
2,1,260092,0,0,0,0,0,0,0,0,0,0
1,1,260093,0,0,0,0,0,0,0,0,0,0
2,1,260093,0,0,0,0,0,0,0,0,0,0
1,1,260094,24,24,24,24,24,24,24,24,24,24
0,1,260095,1,1,1,1,1,1,1,1,1,1
1,1,260095,0,0,0,0,0,0,0,0,0,0
1,1,260096,0,0,0,0,0,0,0,0,0,0
2,1,260096,0,0,0,0,0,0,0,0,0,0
1,1,260097,0,0,0,0,0,0,0,0,0,0
2,1,260097,0,0,0,0,0,0,0,0,0,0
0,1,260098,23,23,23,23,23,23,23,23,23,23
1,1,260098,0,0,0,0,0,0,0,0,0,0
1,1,260099,0,0,0,0,0,0,0,0,0,0
0,1,260100,0,0,0,0,0,0,0,0,0,0
1,1,260100,17,17,17,17,17,17,17,17,17,17
1,1,260101,0,0,0,0,0,0,0,0,0,0
1,1,260102,0,0,0,0,0,0,0,0,0,0
2,1,260102,9,0,0,0,0,0,0,0,0,0
3,1,260102,0,0,0,0,0,0,0,0,0,0
1,1,260103,0,0,0,0,0,0,0,0,0,0
2,1,260103,0,0,0,0,0,0,0,0,0,0
1,1,260104,0,0,0,0,0,0,0,0,0,0
1,1,260105,0,0,0,0,0,0,0,0,0,0
1,1,260106,0,0,0,0,0,0,0,0,0,2
2,1,260106,0,0,0,0,0,0,0,0,0,0
1,1,260107,15,15,15,15,15,15,15,15,15,15
1,1,260108,0,0,0,0,0,0,0,0,0,0
0,1,260109,17,17,17,17,17,17,17,17,17,17
1,1,260109,0,0,0,0,0,0,0,0,0,0
1,1,260110,11,11,11,11,11,11,11,11,11,11
1,1,260111,0,0,0,0,0,0,0,0,0,0
1,1,260112,0,0,0,0,0,0,0,0,0,0
0,1,260113,0,0,0,0,0,0,0,0,0,0
1,1,260113,0,0,0,0,0,0,0,0,0,8
1,1,260114,0,0,0,0,0,0,0,0,0,0
2,1,260114,0,0,0,0,0,0,0,0,0,0
1,1,260115,0,0,0,0,7,0,0,0,0,0
1,1,260116,20,7,16,5,17,0,0,0,12,0
1,1,260117,0,0,0,0,0,0,0,0,0,0
1,1,260118,26,26,26,26,26,26,26,26,26,26
1,1,260119,0,0,0,0,0,0,0,0,0,0
1,1,260120,0,0,0,0,0,0,0,0,0,0
2,1,260120,0,0,0,0,0,0,0,0,0,0
1,1,260121,13,13,13,13,13,13,13,13,13,13
1,1,260122,0,0,0,0,0,0,0,0,0,0
2,1,260122,0,0,0,0,0,0,0,0,0,0
1,1,260123,0,0,0,0,0,0,0,0,0,0
1,1,260124,0,0,0,0,0,0,0,0,0,0
2,1,260124,0,0,0,0,0,0,0,0,0,0
1,1,260125,4,4,4,4,4,4,4,4,4,4
2,1,260125,0,0,0,0,0,0,0,0,0,0
0,1,260126,15,27,0,0,0,0,0,0,0,18
0,2,260126,0,0,0,0,0,0,0,0,0,2
1,1,260126,0,0,0,0,0,0,0,0,0,0
1,1,260127,0,0,0,0,0,0,0,0,0,0
2,1,260127,0,0,0,0,0,0,0,0,0,0
1,1,260128,0,0,0,0,0,0,0,0,0,0
2,1,260128,0,0,0,0,0,0,0,0,0,0
3,1,260128,0,0,0,0,0,0,0,0,0,0
0,1,260129,0,0,0,0,0,0,0,0,0,20
1,1,260130,0,0,0,0,0,0,0,0,0,0
2,1,260130,0,0,0,0,0,0,0,0,0,0
0,1,260131,17,17,17,17,17,17,17,17,17,17
1,1,260131,0,0,0,0,0,0,0,0,0,0
1,1,260132,0,0,0,0,0,0,0,0,0,0
2,1,260132,0,0,0,0,0,0,0,0,0,0
1,1,260133,24,24,24,24,24,24,24,24,24,24
1,1,260134,0,0,0,0,0,0,0,0,0,0
2,1,260134,1,1,1,1,1,1,1,1,1,1
1,1,260135,0,0,0,0,0,0,0,0,0,0
2,1,260135,0,0,0,0,0,0,0,0,0,0
1,1,260136,0,0,0,0,0,0,0,0,0,0
2,1,260136,0,0,0,0,0,0,0,0,0,0
1,1,260137,0,0,0,0,0,0,0,0,0,0
2,1,260137,0,0,0,0,0,0,0,0,0,0
1,1,260138,0,0,0,0,0,0,0,0,0,0
2,1,260138,10,0,0,0,13,0,0,0,0,0
1,1,260139,0,0,0,0,0,0,0,0,0,0
2,1,260139,0,0,0,0,0,0,0,0,0,0
1,1,260140,27,27,27,27,27,27,27,27,27,27
1,1,260141,0,0,0,0,0,0,0,0,3,0
2,1,260141,0,0,0,0,0,0,0,0,0,0
1,1,260142,0,0,0,0,0,0,0,0,0,0
2,1,260142,0,0,0,0,0,0,0,0,0,0
1,1,260143,0,0,0,0,0,0,0,0,0,0