VEH_NO,PER_NO,ST_CASE,P1,P2,P3,P4,P5,P6,P7,P8,P9,P10
2,1,260455,0,0,0,0,0,0,0,0,0,0
1,1,260456,0,0,0,12,0,0,0,0,0,0
1,1,260457,0,0,0,0,0,0,0,0,0,0
2,1,260457,0,0,0,0,0,0,0,0,0,0
1,1,260458,0,0,0,0,0,0,0,0,0,0
2,1,260458,0,0,0,0,0,0,0,0,0,0
1,1,260459,26,26,26,26,26,26,26,26,26,26
1,1,260460,0,0,0,0,0,0,0,0,0,0
2,1,260460,0,0,0,0,0,0,0,0,0,0
1,1,260461,0,0,0,0,0,0,0,0,0,0
0,1,260462,0,0,0,0,0,0,0,0,0,0
1,1,260462,0,0,0,0,0,0,0,0,0,0
1,1,260463,6,6,6,6,6,6,6,6,6,6
1,1,260464,0,0,0,0,0,0,0,0,0,0
1,1,260465,27,27,27,27,27,27,27,27,27,27
0,1,260466,0,0,0,0,0,0,0,0,0,0
1,1,260466,4,4,4,4,4,4,4,4,4,4
1,1,260467,0,0,0,0,0,0,0,0,0,0
2,1,260467,0,0,0,0,0,0,0,0,0,0
0,1,260468,12,21,26,25,12,21,11,30,12,25
1,1,260468,24,8,18,23,13,9,4,25,13,19
1,1,260469,0,0,0,0,0,0,0,0,0,0
1,1,260470,0,0,0,0,0,0,0,0,0,0
2,1,260470,0,0,0,0,0,0,0,0,0,0
1,1,260471,16,7,0,34,18,17,10,34,18,46
2,1,260471,0,0,0,0,0,0,0,0,0,0
1,1,260472,10,0,0,0,0,0,8,0,0,0
1,1,260473,28,28,28,28,28,28,28,28,28,28
2,1,260473,0,0,0,0,0,0,0,0,0,0
0,1,260474,31,31,31,31,31,31,31,31,31,31
0,2,260474,28,28,28,28,28,28,28,28,28,28
1,1,260474,0,0,0,0,0,0,0,0,0,0
0,1,260475,0,0,0,0,0,0,0,0,0,0
1,1,260475,8,8,8,8,8,8,8,8,8,8
0,1,260476,0,0,0,0,0,0,0,0,0,0
1,1,260476,0,0,0,0,0,0,0,0,0,0
1,1,260477,0,0,0,0,0,0,0,0,0,0
2,1,260477,0,0,0,0,0,0,0,0,0,0
1,1,260478,21,21,21,21,21,21,21,21,21,21
0,1,260479,7,8,5,0,13,19,22,0,0,22
1,1,260479,17,0,0,0,0,33,7,14,0,9
1,1,260480,0,0,0,0,0,0,0,0,0,0
2,1,260480,0,0,6,0,0,5,0,0,0,0
1,1,260481,0,0,0,0,0,0,0,0,0,0
2,1,260481,0,0,0,0,0,0,0,0,0,0
1,1,260482,0,0,0,0,0,0,0,0,0,0
2,1,260482,0,0,0,0,0,13,0,0,0,0
1,1,260483,0,0,0,0,0,0,0,0,0,0
1,1,260484,0,0,0,0,0,0,0,0,0,0
1,1,260485,0,0,0,0,0,0,0,0,0,0
2,1,260485,0,0,0,0,0,0,0,0,0,0
1,1,260486,3,3,3,3,3,3,3,3,3,3
2,1,260486,0,0,0,0,0,0,0,0,0,0
1,1,260487,0,0,0,0,0,0,0,0,0,0
2,1,260487,0,0,0,0,0,0,0,0,0,0
1,1,260488,23,23,23,23,23,23,23,23,23,23
1,1,260489,0,0,0,0,0,0,0,0,0,0
1,1,260490,0,0,0,0,0,0,0,0,0,0
2,1,260490,0,0,0,0,0,0,0,0,0,0
3,1,260490,0,0,0,0,0,0,0,0,0,0
1,1,260491,0,0,0,0,0,0,0,0,0,0
2,1,260491,0,0,0,0,0,0,0,0,0,0
3,1,260491,0,0,0,0,0,0,0,0,0,0
0,1,260492,11,11,11,11,11,11,11,11,11,11
1,1,260492,0,7,0,0,19,0,0,0,0,0
1,1,260493,10,27,0,14,0,0,12,0,0,0
1,1,260494,23,23,23,23,23,23,23,23,23,23
1,1,260495,20,20,20,20,20,20,20,20,20,20
1,1,260496,0,0,0,0,0,0,0,0,0,0
2,1,260496,0,0,0,0,0,0,0,0,0,0
0,1,260497,0,0,0,0,0,0,0,0,0,0
1,1,260497,0,0,0,0,0,0,0,0,0,0
1,1,260498,19,19,19,19,19,19,19,19,19,19
1,1,260499,12,12,12,12,12,12,12,12,12,12
1,1,260500,0,0,16,26,7,0,0,0,0,12
1,1,260501,0,0,0,0,0,0,0,0,0,0
1,1,260502,0,0,0,0,0,0,0,0,0,0
2,1,260502,0,0,0,0,0,0,0,0,0,0
1,1,260503,12,18,10,8,11,14,31,7,12,19
1,1,260504,7,7,7,7,7,7,7,7,7,7
1,1,260505,0,0,0,0,0,0,0,0,0,0
2,1,260505,0,0,0,0,0,0,0,0,0,0
1,1,260506,0,0,0,0,0,0,0,0,0,0
2,1,260506,0,0,0,30,0,13,0,0,0,0
3,1,260506,0,0,0,0,0,0,0,0,0,0
1,1,260507,0,0,0,0,0,0,0,0,0,0
2,1,260507,0,0,0,0,0,0,0,0,0,0
3,1,260507,0,0,0,0,0,0,0,0,0,0
1,1,260508,8,8,8,8,8,8,8,8,8,8
1,1,260509,0,0,0,0,0,0,0,0,0,0
2,1,260509,0,0,0,0,0,0,0,0,0,0
0,1,260510,0,0,13,0,0,0,0,0,0,0
1,1,260510,0,0,0,0,0,0,0,0,0,0
1,1,260511,21,21,21,21,21,21,21,21,21,21
1,1,260512,8,8,8,8,8,8,8,8,8,8
2,1,260512,6,6,6,6,6,6,6,6,6,6
1,1,260513,3,3,3,3,3,3,3,3,3,3
1,1,260514,25,25,25,25,25,25,25,25,25,25
1,1,260515,24,24,24,24,24,24,24,24,24,24
1,1,260516,0,0,0,0,0,0,0,0,0,0
1,1,260517,0,0,0,0,3,0,0,0,0,0
2,1,260517,0,0,0,0,3,0,0,0,0,0
1,1,260518,0,0,0,0,0,0,0,0,0,0
2,1,260518,0,0,0,0,0,0,0,0,0,0
0,1,260519,0,0,0,0,0,0,0,0,0,0
1,1,260519,1,1,1,1,1,1,1,1,1,1
1,1,260520,0,0,0,0,0,0,0,0,0,0
2,1,260520,12,12,12,12,12,12,12,12,12,12
3,1,260520,0,0,0,0,0,0,0,0,0,0
1,1,260521,0,0,0,0,0,0,0,0,0,0
2,1,260521,0,0,0,0,0,0,0,0,0,0
3,1,260521,0,0,0,0,0,10,0,0,0,0
1,1,260522,0,0,0,0,0,0,0,0,0,0
2,1,260522,0,0,0,0,0,0,0,0,0,0
1,1,260523,0,0,0,0,0,0,0,0,0,0
1,1,260524,0,0,0,0,0,0,0,0,0,0
1,1,260525,0,0,0,0,0,0,0,0,0,0
2,1,260525,0,0,0,0,0,0,0,0,0,0
1,1,260526,11,11,11,11,11,11,11,11,11,11
2,1,260526,0,0,0,0,0,0,0,0,0,0
1,1,260527,12,12,12,12,12,12,12,12,12,12
1,1,260528,0,0,0,0,0,0,0,0,0,0
1,1,260529,19,19,19,19,19,19,19,19,19,19
1,1,260530,0,0,0,0,0,0,0,0,0,0
0,1,260531,6,23,0,0,12,0,4,20,0,16
1,1,260531,0,0,0,11,0,0,0,0,0,0
1,1,260532,9,9,9,9,9,9,9,9,9,9
1,1,260533,23,23,23,23,23,23,23,23,23,23
1,1,260534,0,0,0,0,0,0,0,0,0,0
2,1,260534,0,0,0,0,0,0,0,0,0,0
1,1,260535,0,0,0,0,0,0,0,0,0,0
1,1,260536,0,0,0,0,0,0,0,0,0,0
2,1,260536,0,0,0,0,0,6,0,0,0,0
1,1,260537,0,0,0,0,0,0,0,0,0,0
1,1,260538,0,0,0,0,0,0,0,0,0,0
1,1,260539,0,0,0,0,0,0,0,0,0,0
2,1,260539,0,0,0,0,0,0,0,0,0,0
3,1,260539,0,0,0,0,0,0,0,0,0,0
1,1,260540,19,19,19,19,19,19,19,19,19,19
2,1,260540,0,0,0,0,0,0,0,0,0,0
1,1,260541,25,25,25,25,25,25,25,25,25,25
2,1,260541,0,0,0,0,0,0,0,0,0,0
1,1,260542,0,0,0,6,0,0,0,0,0,0
2,1,260542,0,0,0,0,0,0,0,0,0,0
3,1,260542,10,10,10,10,10,10,10,10,10,10
1,1,260543,0,0,6,0,0,0,0,0,0,0
1,1,260544,0,0,0,0,0,0,0,0,0,0
1,1,260545,17,17,17,17,17,17,17,17,17,17
0,1,260546,26,26,26,26,26,26,26,26,26,26
1,1,260546,0,0,0,0,0,0,0,0,0,0
1,1,260547,39,39,39,39,39,39,39,39,39,39
2,1,260547,0,0,0,0,0,0,0,0,0,0
1,1,260548,0,0,0,0,0,0,0,0,0,0
2,1,260548,11,11,11,11,11,11,11,11,11,11
1,1,260549,21,21,21,21,21,21,21,21,21,21
1,1,260550,15,15,15,15,15,15,15,15,15,15
1,1,260551,0,0,0,0,0,0,0,0,0,0
1,1,260552,0,0,0,0,0,0,0,0,0,0
2,1,260552,0,0,0,0,0,0,0,0,0,0
1,1,260553,0,0,0,0,0,0,0,0,0,0
0,1,260554,0,0,0,0,0,0,0,0,0,0
1,1,260554,0,0,0,0,0,0,0,0,0,0
1,1,260555,13,13,13,13,13,13,13,13,13,13
1,1,260556,0,0,0,0,0,0,0,0,0,0
2,1,260556,0,0,0,0,0,0,0,0,0,0
1,1,260557,0,0,0,0,0,0,0,0,0,0
2,1,260557,0,0,0,0,0,0,0,0,0,0
1,1,260558,0,0,0,0,0,0,22,0,0,0
1,1,260559,0,0,0,0,0,0,0,0,0,0
2,1,260559,0,0,0,0,0,0,0,0,12,0
1,1,260560,9,9,9,9,9,9,9,9,9,9
1,1,260561,32,32,32,32,32,32,32,32,32,32
1,1,260562,0,0,0,0,0,0,0,0,0,0
2,1,260562,0,0,0,0,0,0,0,0,0,0
1,1,260563,0,0,0,0,0,0,0,0,0,0
2,1,260563,0,0,0,0,0,0,0,0,0,0
3,1,260563,0,0,0,0,0,0,0,0,0,0
1,1,260564,0,0,0,0,0,0,0,0,0,0
1,1,260565,0,0,0,0,0,0,0,0,0,0
2,1,260565,0,0,0,0,0,0,0,0,0,0
3,1,260565,0,0,0,0,0,0,0,0,0,0
1,1,260566,0,0,0,0,0,0,0,0,0,0
1,1,260567,0,0,0,0,0,0,0,0,0,0
2,1,260567,0,0,0,0,0,0,0,0,0,0
1,1,260568,26,26,26,26,26,26,26,26,26,26
2,1,260568,0,0,0,0,0,0,0,0,0,0
1,1,260569,0,0,0,0,0,0,0,0,0,0
2,1,260569,0,0,0,0,0,0,0,0,0,0
0,1,260570,0,0,0,0,0,0,0,0,0,0
1,1,260570,0,0,17,0,0,0,0,0,0,0
0,1,260571,16,16,16,16,16,16,16,16,16,16
1,1,260571,22,22,22,22,22,22,22,22,22,22
0,1,260572,28,28,28,28,28,28,28,28,28,28
1,1,260572,0,0,9,0,4,0,0,0,0,0
1,1,260573,0,0,0,0,0,0,0,0,0,0
2,1,260573,0,0,8,0,0,0,0,0,6,0
1,1,260574,0,0,0,0,0,0,0,0,0,0
2,1,260574,0,0,0,0,0,0,0,0,0,0
1,1,260575,0,0,0,0,0,0,0,0,0,0
2,1,260575,0,0,0,0,0,0,0,0,0,0
1,1,260576,9,9,9,9,9,9,9,9,9,9
2,1,260576,6,0,0,0,0,0,0,0,0,0
1,1,260577,5,0,0,0,0,0,0,0,0,0
2,1,260577,0,0,0,0,0,0,0,0,0,0
0,1,260578,0,0,0,0,0,8,0,0,18,0
1,1,260578,0,0,0,0,0,0,0,0,0,0
2,1,260578,0,0,0,0,0,0,0,0,0,0
1,1,260579,31,31,31,31,31,31,31,31,31,31
1,1,260580,30,30,30,30,30,30,30,30,30,30
0,1,260581,0,0,0,0,0,0,0,0,0,0
1,1,260581,0,0,0,0,15,0,0,0,0,8
1,1,260582,0,0,0,0,0,0,0,0,0,0
1,1,260583,0,0,0,0,0,0,0,0,0,0
1,1,260584,0,0,0,0,0,0,0,0,0,0
2,1,260584,0,0,0,0,0,0,0,0,0,0
0,1,260585,0,0,0,15,0,22,0,0,0,0
1,1,260585,0,0,0,0,0,0,0,0,0,0
1,1,260586,15,15,15,15,15,15,15,15,15,15
1,1,260587,0,0,0,0,0,0,0,0,0,0
2,1,260587,0,12,0,0,0,0,0,0,0,0
1,1,260588,17,17,17,17,17,17,17,17,17,17
1,1,260589,0,6,0,0,21,17,10,0,0,0
1,1,260590,0,0,0,0,0,0,0,0,0,0
2,1,260590,0,0,4,0,0,0,5,0,0,0
1,1,260591,0,0,0,0,0,0,0,0,0,0
2,1,260591,0,0,0,0,0,0,0,0,0,0
1,1,260593,0,0,0,0,0,0,0,0,0,0
1,1,260594,0,0,0,0,0,0,0,0,0,0
1,1,260595,0,0,0,0,0,0,0,0,0,0
2,1,260595,0,0,0,0,0,0,0,0,0,0
1,1,260596,0,0,0,0,0,0,0,0,0,0
2,1,260596,0,0,0,0,0,0,0,0,0,0
1,1,260597,0,0,0,0,0,0,0,0,0,0
1,1,260598,12,12,12,12,12,12,12,12,12,12
1,1,260599,8,8,8,8,8,8,8,8,8,8
2,1,260599,0,0,0,0,0,0,0,0,0,0
1,1,260600,0,4,0,0,0,0,0,0,0,0
1,1,260601,13,18,14,11,12,0,0,0,0,0
2,1,260601,0,0,0,0,0,0,0,0,0,0
1,1,260602,8,8,8,8,8,8,8,8,8,8
1,1,260603,37,37,37,37,37,37,37,37,37,37
2,1,260603,0,0,0,0,0,0,0,0,0,0
1,1,260604,0,0,0,0,0,0,0,0,0,0
2,1,260604,0,0,0,0,0,0,0,0,0,0
3,1,260604,0,0,0,0,0,0,0,0,0,0
1,1,260605,17,17,17,17,17,17,17,17,17,17
2,1,260605,0,0,0,0,0,0,0,0,0,0
1,1,260606,0,0,0,0,0,0,0,0,0,0
2,1,260606,0,0,0,0,0,0,0,0,0,0
1,1,260607,32,32,32,32,32,32,32,32,32,32
1,1,260609,17,17,17,17,17,17,17,17,17,17
2,1,260609,0,0,0,0,0,0,0,0,0,0
0,1,260610,0,0,0,0,0,0,0,0,0,0
1,1,260610,0,0,0,0,0,0,0,0,0,0
1,1,260611,0,0,0,0,0,0,0,0,0,0
1,1,260612,0,0,0,0,0,0,0,7,0,0
2,1,260612,4,4,4,4,4,4,4,4,4,4
1,1,260613,18,18,18,18,18,18,18,18,18,18
2,1,260613,0,0,0,0,0,0,0,0,0,0
0,1,260614,28,28,28,28,28,28,28,28,28,28
1,1,260614,0,0,0,0,0,0,0,0,0,0
1,1,260615,0,0,0,0,0,0,0,0,0,0
2,1,260615,0,0,0,0,0,0,0,0,0,0
1,1,260616,0,0,0,0,0,0,0,0,0,0
2,1,260616,0,0,0,0,0,0,0,0,0,0
0,1,260617,15,15,15,15,15,15,15,15,15,15
1,1,260617,0,0,0,0,0,0,0,0,0,0
1,1,260618,0,0,0,0,18,0,0,0,0,0
0,1,260619,25,25,25,25,25,25,25,25,25,25
1,1,260619,0,0,0,0,0,0,0,0,0,0
0,1,260620,21,21,21,21,21,21,21,21,21,21
1,1,260620,15,0,13,16,0,5,6,15,0,0
2,1,260620,0,0,0,0,0,0,0,0,0,0
0,1,260621,0,0,0,0,0,0,0,0,0,0
1,1,260621,0,18,0,0,0,0,0,0,0,12
1,1,260622,0,0,0,0,0,0,0,0,0,0
0,1,260623,0,0,0,0,0,0,0,0,0,0
1,1,260623,0,0,0,0,0,0,0,0,0,0
1,1,260624,0,0,0,0,0,0,0,0,0,0
2,1,260624,0,0,0,0,0,0,0,0,0,0
1,1,260625,0,0,0,0,0,0,0,0,0,0
2,1,260625,0,0,0,0,0,0,0,0,0,0
0,1,260626,1,1,1,1,1,1,1,1,1,1
1,1,260626,0,10,13,0,0,0,21,0,0,0
1,1,260627,1,1,1,1,1,1,1,1,1,1
1,1,260628,21,21,21,21,21,21,21,21,21,21
1,1,260629,0,0,0,0,24,0,0,19,0,0
1,1,260630,0,0,0,0,0,0,0,0,0,0
1,1,260631,13,13,13,13,13,13,13,13,13,13
2,1,260631,0,0,0,0,0,0,0,0,0,0
1,1,260632,0,0,0,0,0,0,0,0,0,0
2,1,260632,0,0,0,0,0,0,0,0,0,0
3,1,260632,0,0,0,0,0,8,0,0,0,0
0,1,260633,0,8,0,0,0,18,8,0,24,5
1,1,260633,0,0,0,0,0,0,0,0,0,0
0,1,260634,0,0,0,0,0,0,12,22,0,0
1,1,260634,0,0,0,0,0,0,0,0,0,0
1,1,260635,0,0,0,0,0,0,0,0,0,0
2,1,260635,0,0,17,0,0,0,6,0,0,0
1,1,260636,14,14,14,14,14,14,14,14,14,14
2,1,260636,0,0,0,0,0,0,0,0,0,0
3,1,260636,0,0,6,0,0,0,0,0,0,0
4,1,260636,0,0,0,0,0,0,0,0,0,0
1,1,260637,0,0,0,0,0,0,0,0,0,0
2,1,260637,0,0,0,0,0,0,0,0,0,0
3,1,260637,0,0,0,0,0,0,0,0,0,0
1,1,260638,0,0,0,0,0,0,0,0,0,0
2,1,260638,0,0,0,0,0,0,0,0,0,0
1,1,260639,0,0,0,0,0,0,0,0,0,0
2,1,260639,0,0,0,0,0,0,0,0,0,0
1,1,260640,0,0,0,0,0,0,0,0,0,0
2,1,260640,0,0,0,0,0,0,0,0,0,0
1,1,260641,0,0,0,0,0,0,0,0,0,0
2,1,260641,0,0,0,0,0,0,0,0,0,0
1,1,260642,0,0,0,0,0,0,0,0,0,0
2,1,260642,0,0,0,0,0,0,0,0,0,0
1,1,260643,0,0,0,0,0,0,14,0,0,0
1,1,260644,0,0,0,0,0,0,0,0,0,0
1,1,260645,26,26,26,26,26,26,26,26,26,26
2,1,260645,0,0,0,0,0,0,0,0,0,0
3,1,260645,0,0,0,0,0,0,0,0,0,0
1,1,260646,0,0,0,0,0,0,0,0,0,0
2,1,260646,5,5,5,5,5,5,5,5,5,5
1,1,260647,14,14,24,24,10,12,6,12,11,9
1,1,260648,0,0,0,0,0,0,0,0,0,0
1,1,260649,3,3,3,3,3,3,3,3,3,3
1,1,260650,9,9,9,9,9,9,9,9,9,9
1,1,260651,9,9,9,9,9,9,9,9,9,9
1,1,260652,0,0,0,0,0,0,0,0,0,0
2,1,260652,0,0,0,0,0,0,0,0,0,0
0,1,260653,0,0,43,34,0,12,0,0,0,0
1,1,260653,0,0,0,0,0,0,0,0,0,0
1,1,260655,0,0,0,0,0,0,0,0,0,0
2,1,260655,0,0,0,0,0,0,0,0,0,0
0,1,260656,0,0,0,0,0,0,0,0,0,0
1,1,260656,0,0,0,0,27,23,0,0,13,0
2,1,260656,11,0,0,0,0,0,0,0,0,0
3,1,260656,0,0,0,0,0,0,0,0,0,0
4,1,260656,0,0,0,0,0,0,0,0,0,0
1,1,260657,16,16,16,16,16,16,16,16,16,16
1,1,260658,0,0,9,0,0,0,0,0,0,0
2,1,260658,0,0,0,0,0,0,0,0,0,0
0,1,260659,20,25,0,7,16,25,31,27,24,22
1,1,260659,0,0,0,0,0,0,0,0,0,0
1,1,260660,0,0,0,0,0,0,0,0,0,0
2,1,260660,0,0,0,15,0,0,0,2,0,0
3,1,260660,0,0,0,0,0,0,0,0,0,0
1,1,260661,0,0,0,0,0,0,0,0,0,0
2,1,260661,0,0,0,0,0,0,0,0,0,0
1,1,260662,24,24,24,24,24,24,24,24,24,24
1,1,260664,19,23,0,0,0,0,34,13,23,17
1,1,260665,0,0,0,0,0,0,0,0,0,0
1,1,260666,0,0,0,0,0,0,0,0,0,0
1,1,260667,0,0,0,0,0,0,0,0,0,0
2,1,260667,0,0,0,23,0,0,0,0,0,0
1,1,260668,0,0,0,0,0,0,0,0,0,0
2,1,260668,0,0,0,0,0,0,0,0,0,0
1,1,260669,0,0,0,0,21,0,20,13,0,0
1,1,260670,4,4,4,4,4,4,4,4,4,4
1,1,260671,20,20,20,20,20,20,20,20,20,20
2,1,260671,0,0,0,0,0,0,0,0,0,0
1,1,260672,12,25,14,19,14,9,30,11,20,10
0,1,260673,0,35,0,0,16,23,15,19,0,18
1,1,260673,0,0,0,0,0,0,0,0,0,0
1,1,260674,0,0,0,0,0,0,0,0,0,0
2,1,260674,0,0,0,0,0,0,0,0,0,0
1,1,260675,0,0,0,0,0,0,0,0,0,0
2,1,260675,0,0,0,0,0,0,0,0,0,0
1,1,260676,21,21,21,21,21,21,21,21,21,21
1,1,260677,20,20,20,20,20,20,20,20,20,20
1,1,260678,0,0,0,0,0,0,0,0,0,0
2,1,260678,0,0,0,0,0,0,0,0,0,0
1,1,260679,0,0,0,0,0,0,0,0,0,0
2,1,260679,0,0,0,0,0,0,0,0,0,0
1,1,260680,5,5,5,5,5,5,5,5,5,5
2,1,260680,0,0,0,0,0,0,0,0,0,22
1,1,260681,0,0,0,0,0,0,0,0,0,0
2,1,260681,0,0,0,0,0,0,0,0,0,0
3,1,260681,0,0,0,0,0,0,0,0,0,0
1,1,260682,21,21,21,21,21,21,21,21,21,21
1,1,260684,0,0,0,0,0,0,0,0,0,0
2,1,260684,0,0,0,0,0,0,0,0,0,0
1,1,260685,0,0,0,0,0,0,0,0,0,0
2,1,260685,0,0,0,0,0,0,0,0,0,0
1,1,260687,0,0,0,0,0,0,0,0,0,18
2,1,260687,0,0,0,0,0,0,0,0,0,0
1,1,260688,14,14,14,14,14,14,14,14,14,14
2,1,260688,0,0,0,0,0,0,0,0,0,0
1,1,260689,0,0,0,0,0,0,0,0,0,0
2,1,260689,0,0,0,0,0,0,0,0,0,0
3,1,260689,0,0,0,0,0,0,0,0,0,0
1,1,260690,1,1,1,1,1,1,1,1,1,1
1,1,260691,0,0,0,0,0,0,0,0,0,0
1,1,260692,13,13,13,13,13,13,13,13,13,13
0,1,260693,0,0,0,0,0,0,0,0,0,0
1,1,260693,0,0,0,0,0,0,0,0,0,0
1,1,260694,22,22,22,22,22,22,22,22,22,22
1,1,260695,0,0,0,0,0,0,0,0,0,0
2,1,260695,0,0,0,0,0,0,0,0,0,0
1,1,260696,0,0,0,0,0,0,0,0,0,0
2,1,260696,0,0,0,0,0,0,0,0,0,0
1,1,260697,23,23,23,23,23,23,23,23,23,23
1,1,260698,0,0,0,0,0,0,0,0,0,0
2,1,260698,0,0,0,0,0,0,0,0,0,0
0,1,260699,21,21,21,21,21,21,21,21,21,21
1,1,260699,0,0,0,0,0,0,0,0,0,0
2,1,260699,0,0,0,0,0,0,0,0,0,0
1,1,260700,0,0,0,0,0,0,0,0,0,0
2,1,260700,0,0,0,0,0,0,0,0,0,0
1,1,260701,14,26,3,14,0,29,13,14,8,14
1,1,260703,0,0,0,0,0,0,0,0,0,0
2,1,260703,0,0,0,0,0,0,0,0,0,0
1,1,260704,2,2,2,2,2,2,2,2,2,2
1,1,260705,23,23,23,23,23,23,23,23,23,23
1,1,260706,0,0,0,0,0,0,0,0,0,0
1,1,260707,0,0,0,0,0,0,0,0,0,0
2,1,260707,0,0,0,0,0,0,0,0,0,0
1,1,260708,0,0,0,0,0,0,0,0,0,0
1,1,260709,0,0,0,0,0,0,0,0,0,0
2,1,260709,0,0,0,0,0,0,0,0,0,0
1,1,260710,18,18,18,18,18,18,18,18,18,18
1,1,260711,0,0,0,0,0,0,0,0,0,0
2,1,260711,0,0,0,0,0,0,0,0,0,0
1,1,260712,17,17,17,17,17,17,17,17,17,17
2,1,260712,0,0,0,0,0,0,0,0,0,0
1,1,260713,35,35,35,35,35,35,35,35,35,35
0,1,260714,0,0,0,0,0,0,0,0,0,0
1,1,260714,0,0,0,0,0,0,0,0,0,0
1,1,260715,0,0,0,0,0,0,0,0,8,0
2,1,260715,22,22,22,22,22,22,22,22,22,22
0,1,260716,17,17,17,17,17,17,17,17,17,17
1,1,260716,0,0,0,0,0,0,0,0,0,0
1,1,260717,0,0,0,0,0,0,0,0,0,0
2,1,260717,0,0,0,0,0,0,0,0,0,0
1,1,260718,0,0,0,0,0,0,0,0,0,0
1,1,260719,0,0,0,0,0,0,0,0,0,0
2,1,260719,0,0,0,0,0,0,0,0,0,0
1,1,260720,0,0,0,0,0,0,0,0,0,0
0,1,260721,19,19,19,19,19,19,19,19,19,19
1,1,260721,0,0,18,0,0,0,0,0,0,0
1,1,260722,0,0,0,0,0,0,0,0,0,0
2,1,260722,0,0,0,0,0,0,0,0,0,0
1,1,260723,0,0,0,0,0,0,0,0,0,0
2,1,260723,0,0,0,0,0,0,0,0,0,0
1,1,260724,0,0,0,0,0,0,0,19,0,0
1,1,260725,0,0,0,0,0,0,0,0,0,0
2,1,260725,0,0,0,0,0,0,0,0,0,0
1,1,260726,0,0,0,0,0,0,0,0,0,0
2,1,260726,0,0,0,0,0,0,0,0,0,0
1,1,260727,0,0,0,0,5,0,8,0,23,0
2,1,260727,0,0,0,0,0,0,0,0,0,0
1,1,260728,0,0,0,0,0,0,0,0,0,0
1,1,260729,0,23,0,0,0,0,0,0,0,0
1,1,260730,21,21,21,21,21,21,21,21,21,21
1,1,260732,8,8,8,8,8,8,8,8,8,8
1,1,260733,0,0,0,0,0,0,0,0,0,0
2,1,260733,0,0,0,0,0,0,0,0,0,0
3,1,260733,0,0,0,0,0,0,0,0,0,0
1,1,260734,20,0,6,10,9,16,13,20,16,18
2,1,260734,0,0,15,0,0,0,0,0,0,0
1,1,260735,0,0,0,0,0,0,0,0,0,0
2,1,260735,0,0,0,0,0,0,0,0,0,0
1,1,260736,0,0,0,0,0,0,0,0,0,0
1,1,260737,0,0,0,0,0,0,0,0,0,0
2,1,260737,0,0,0,0,0,0,0,0,0,0
0,1,260739,7,7,7,7,7,7,7,7,7,7
1,1,260739,23,10,0,9,6,25,19,7,21,0
1,1,260740,0,0,0,0,0,0,0,0,0,0
2,1,260740,0,0,0,0,0,0,0,0,0,0
1,1,260741,0,0,0,0,0,0,0,0,0,0
0,1,260742,35,35,35,35,35,35,35,35,35,35
1,1,260742,0,0,0,0,0,0,0,0,0,0
1,1,260743,0,0,26,0,0,0,0,0,0,0
2,1,260743,0,0,0,0,0,0,0,0,0,0
1,1,260744,0,0,0,0,0,0,0,0,0,0
2,1,260744,0,0,0,0,0,0,0,0,0,0
3,1,260744,0,0,0,0,0,0,0,0,0,0
1,1,260745,0,0,0,0,0,0,0,0,0,0
1,1,260746,0,0,0,0,0,0,0,0,0,0
2,1,260746,0,0,0,0,0,0,0,0,0,0
0,1,260747,23,31,0,0,0,0,22,0,0,0
1,1,260747,0,0,0,18,0,0,0,0,0,0
0,1,260749,0,0,0,0,0,0,0,0,0,0
1,1,260749,0,0,0,0,0,0,0,0,0,0
1,1,260750,1,1,1,1,1,1,1,1,1,1
0,1,260751,26,26,26,26,26,26,26,26,26,26
1,1,260751,0,0,0,13,0,0,0,0,16,0
1,1,260752,0,0,0,0,0,0,0,0,0,0
2,1,260752,0,0,0,0,0,0,0,0,0,0
1,1,260753,0,0,0,0,0,0,0,0,0,0
2,1,260753,0,0,0,0,0,0,0,0,0,0
1,1,260754,0,0,0,0,0,0,0,0,0,0
2,1,260754,0,0,0,0,0,0,0,0,0,0
1,1,260755,13,13,13,13,13,13,13,13,13,13
1,1,260756,0,0,0,0,0,0,0,0,0,0
2,1,260756,0,0,0,0,0,0,0,0,0,0
0,1,260757,0,0,0,0,0,0,0,0,0,0
1,1,260757,0,0,0,0,0,0,0,12,0,0
1,1,260758,0,0,0,0,0,0,0,0,0,0
2,1,260758,11,11,11,11,11,11,11,11,11,11
1,1,260759,0,0,0,0,0,0,0,0,0,0
1,1,260760,28,28,28,28,28,28,28,28,28,28
1,1,260761,0,0,0,0,0,0,0,0,0,0
2,1,260761,0,0,0,0,0,0,0,0,0,0
1,1,260762,24,0,0,0,0,0,0,0,0,0
1,1,260763,27,27,27,27,27,27,27,27,27,27
0,1,260764,0,0,0,0,0,0,0,0,0,0
1,1,260764,0,0,0,0,0,0,0,0,0,0
1,1,260766,0,0,0,0,0,0,0,0,0,0
1,1,260767,1,1,1,1,1,1,1,1,1,1
1,1,260768,0,0,0,0,0,0,0,0,0,0
2,1,260768,0,0,0,0,0,0,0,0,0,0
1,1,260769,0,0,0,0,0,0,0,0,0,0
2,1,260769,0,0,0,0,0,0,0,0,0,0
1,1,260770,0,0,0,0,0,0,0,0,0,0
2,1,260770,0,0,20,0,0,0,0,0,0,0
1,1,260771,0,0,0,0,0,0,0,0,0,0