VEH_NO,PER_NO,ST_CASE,P1,P2,P3,P4,P5,P6,P7,P8,P9,P10
1,1,260772,2,2,2,2,2,2,2,2,2,2
2,1,260772,0,0,0,0,0,0,0,0,0,0
0,1,260773,36,36,36,36,36,36,36,36,36,36
1,1,260773,0,0,0,0,0,0,0,0,0,0
1,1,260774,0,0,0,0,0,0,0,0,0,0
2,1,260774,0,0,0,0,0,0,0,0,0,0
1,1,260775,29,29,29,29,29,29,29,29,29,29
1,1,260776,0,0,0,0,0,0,0,0,0,0
2,1,260776,0,0,0,0,0,0,0,0,0,0
1,1,260778,0,0,0,0,0,0,0,0,0,0
2,1,260778,7,0,0,0,0,0,0,0,0,0
1,1,260779,14,14,14,14,14,14,14,14,14,14
2,1,260779,0,0,0,0,0,0,0,0,0,0
1,1,260780,0,0,0,0,0,0,0,0,0,0
1,1,260781,0,0,0,0,0,0,0,0,0,0
1,1,260782,0,0,0,0,0,0,0,0,0,0
2,1,260782,0,0,0,0,0,0,0,0,0,0
1,1,260783,0,0,0,0,0,0,0,0,0,0
1,1,260784,0,0,0,0,0,0,0,0,0,0
1,1,260785,0,0,0,0,0,0,0,0,0,0
2,1,260785,0,0,0,0,0,0,0,0,0,0
0,1,260786,0,0,0,0,0,0,0,0,0,0
1,1,260786,0,0,0,11,0,0,0,0,0,0
1,1,260787,0,0,0,0,0,0,0,0,0,0
2,1,260787,0,0,0,0,0,0,0,0,0,0
0,1,260788,0,0,0,0,0,0,0,0,0,0
1,1,260788,0,0,0,0,0,0,0,0,0,25
1,1,260789,12,12,12,12,12,12,12,12,12,12
1,1,260790,16,16,16,16,16,16,16,16,16,16
2,1,260790,0,0,0,0,0,0,0,0,0,0
0,1,260791,0,0,0,0,0,0,0,0,0,0
1,1,260791,0,0,0,0,0,0,0,0,0,0
1,1,260793,19,19,19,19,19,19,19,19,19,19
2,1,260793,0,0,0,0,0,0,0,0,0,0
3,1,260793,0,0,0,0,0,0,0,0,0,0
1,1,260794,0,0,0,0,0,0,0,0,0,0
2,1,260794,0,0,0,0,0,0,0,0,0,0
1,1,260795,3,3,3,3,3,3,3,3,3,3
0,1,260796,23,23,23,23,23,23,23,23,23,23
1,1,260796,0,0,0,0,0,0,0,0,0,0
1,1,260797,0,0,0,0,0,0,0,0,0,0
1,1,260798,22,22,22,22,22,22,22,22,22,22
1,1,260799,16,16,16,16,16,16,16,16,16,16
0,1,260800,0,33,0,17,19,0,26,0,0,0
1,1,260800,11,11,11,11,11,11,11,11,11,11
0,1,260801,0,0,0,0,0,0,0,0,0,0
0,2,260801,0,0,0,0,0,0,0,0,0,0
1,1,260801,0,0,0,0,0,0,0,0,0,0
1,1,260802,0,0,0,0,0,0,0,0,0,0
1,1,260804,0,0,0,0,0,0,0,0,0,0
2,1,260804,0,0,0,0,0,0,0,0,0,0
1,1,260805,19,19,19,19,19,19,19,19,19,19
2,1,260805,17,0,0,0,0,0,0,7,0,0
1,1,260806,22,22,22,22,22,22,22,22,22,22
1,1,260807,0,0,0,0,0,0,0,0,0,0
1,1,260808,0,0,0,0,0,0,0,0,0,0
2,1,260808,0,0,0,0,0,0,0,0,0,0
3,1,260808,0,0,11,0,0,0,0,0,0,0
1,1,260809,0,0,0,0,0,0,0,0,0,0
2,1,260809,0,0,0,0,0,0,0,0,0,0
1,1,260810,0,0,0,0,0,0,0,0,0,0
2,1,260810,0,0,0,0,0,0,0,0,14,0
0,1,260811,0,0,0,0,0,0,0,0,0,0
1,1,260811,0,0,0,0,0,0,0,0,0,0
2,1,260811,0,0,0,0,0,0,0,0,0,0
3,1,260811,0,0,0,0,0,0,0,0,0,0
1,1,260812,0,0,0,0,0,0,0,0,0,0
2,1,260812,0,0,0,0,0,0,0,0,0,0
1,1,260813,23,23,23,23,23,23,23,23,23,23
1,1,260814,0,0,0,0,0,0,0,0,0,0
2,1,260814,0,0,0,0,0,0,0,0,0,0
1,1,260815,17,17,17,17,17,17,17,17,17,17
1,1,260816,0,0,0,0,0,0,0,0,0,0
1,1,260817,16,16,16,16,16,16,16,16,16,16
0,1,260818,11,11,11,11,11,11,11,11,11,11
1,1,260818,0,0,0,0,0,0,0,0,0,0
1,1,260819,0,0,16,0,0,0,0,0,0,0
2,1,260819,0,0,0,0,0,0,0,0,0,0
1,1,260820,0,12,0,0,0,0,0,0,0,0
1,1,260821,0,0,0,0,0,0,0,0,0,0
1,1,260822,0,0,0,0,0,0,0,0,0,0
2,1,260822,0,0,0,0,0,0,0,0,0,0
3,1,260822,0,0,0,0,0,0,0,0,0,0
1,1,260823,0,0,0,0,0,0,0,0,0,0
2,1,260823,0,0,0,0,0,0,0,0,0,0
1,1,260824,13,13,13,13,13,13,13,13,13,13
1,1,260825,12,12,12,12,12,12,12,12,12,12
1,1,260826,26,26,26,26,26,26,26,26,26,26
2,1,260826,0,0,0,0,6,0,12,0,9,0
1,1,260827,0,0,0,11,0,0,0,13,0,0
2,1,260827,0,0,0,0,0,0,21,0,17,34
1,1,260828,0,0,0,0,0,0,0,0,0,0
2,1,260828,0,0,0,0,0,0,0,0,0,0
1,1,260829,0,0,0,0,0,0,0,0,0,0
0,1,260830,0,0,0,0,0,0,0,0,0,0
1,1,260830,0,0,0,0,0,0,0,0,0,0
1,1,260831,4,0,0,16,0,9,0,0,11,5
2,1,260831,5,5,5,5,5,5,5,5,5,5
1,1,260832,0,0,0,0,0,0,0,0,0,0
2,1,260832,0,0,0,0,0,0,0,0,0,0
1,1,260833,0,0,0,0,0,0,0,0,0,0
0,1,260834,0,0,0,0,0,0,0,0,0,0
0,2,260834,0,0,0,0,0,0,0,0,0,0
0,3,260834,0,0,0,0,0,0,0,0,4,0
0,4,260834,0,0,0,0,0,0,4,0,0,0
0,5,260834,0,0,0,0,0,0,0,0,0,0
0,6,260834,0,0,0,0,0,0,0,0,0,0
1,1,260834,0,0,0,0,0,0,0,0,0,0
1,1,260835,12,3,17,17,10,30,25,12,23,10
1,1,260836,8,8,8,8,8,8,8,8,8,8
0,1,260837,30,16,13,13,11,7,0,0,19,22
1,1,260837,7,16,10,16,8,9,26,7,16,7
1,1,260838,3,0,0,0,0,0,0,0,0,0
2,1,260838,0,0,0,0,0,0,0,0,0,0
1,1,260839,10,8,18,14,9,11,47,17,7,8
1,1,260840,16,0,0,0,0,0,0,0,0,0
2,1,260840,0,0,0,0,0,13,0,18,0,0
1,1,260841,16,16,16,16,16,16,16,16,16,16
1,1,260842,0,27,0,0,0,0,0,0,0,0
1,1,260843,0,0,0,0,0,0,0,0,0,0
2,1,260843,0,0,0,0,0,0,0,0,0,0
1,1,260844,0,0,0,0,0,0,0,0,0,6
2,1,260844,0,0,0,0,0,0,0,0,0,0
1,1,260845,0,0,0,0,0,0,0,0,0,0
2,1,260845,0,0,0,0,0,0,0,0,0,0
1,1,260846,0,0,0,0,0,0,0,0,0,0
2,1,260846,0,0,0,0,0,0,0,0,0,0
1,1,260847,0,0,0,0,0,0,0,0,0,0
2,1,260847,13,15,0,0,12,16,15,0,12,15
1,1,260848,0,0,0,0,0,6,0,0,0,0
2,1,260848,0,0,0,0,17,0,0,8,7,0
0,1,260849,0,0,0,0,0,0,0,0,0,0
1,1,260849,0,0,0,0,0,0,0,0,0,0
1,1,260850,0,0,0,0,0,0,0,0,0,0
2,1,260850,0,0,0,0,0,0,0,0,0,0
1,1,260851,15,15,15,15,15,15,15,15,15,15
1,1,260852,0,0,6,0,0,0,0,0,0,0
2,1,260852,0,0,0,0,0,0,0,0,0,0
1,1,260853,0,0,0,0,0,0,0,0,0,0
1,1,260854,0,0,0,0,0,0,0,0,0,0
1,1,260855,0,0,0,0,0,0,0,0,0,0
1,1,260856,23,23,23,23,23,23,23,23,23,23
2,1,260856,0,0,0,0,0,0,0,0,0,0
1,1,260857,23,23,23,23,23,23,23,23,23,23
1,1,260858,0,0,0,0,0,0,0,0,0,0
2,1,260858,0,0,0,0,0,0,0,0,0,0
1,1,260859,0,0,0,0,0,0,0,0,0,0
0,1,260860,0,16,0,0,0,0,0,0,0,0
1,1,260860,0,0,0,0,0,0,0,0,0,0
1,1,260861,0,0,0,0,0,21,0,0,0,0
2,1,260861,0,0,0,0,0,0,0,0,0,0
1,1,260862,18,18,18,18,18,18,18,18,18,18
2,1,260862,0,0,0,0,0,0,0,0,0,0
1,1,260863,0,0,0,0,0,0,0,0,0,0
0,1,260864,0,0,0,0,0,0,0,0,0,0
1,1,260864,0,0,0,0,0,0,0,0,0,0
1,1,260865,0,0,0,0,0,0,0,0,0,0
2,1,260865,2,2,2,2,2,2,2,2,2,2
3,1,260865,0,0,0,0,0,0,0,0,0,0
1,1,260866,44,17,58,20,29,28,40,36,22,20
1,1,260867,0,0,0,0,0,0,0,0,0,0
2,1,260867,0,0,0,0,0,0,0,0,0,0
1,1,260868,0,0,0,0,0,0,0,0,0,0
2,1,260868,0,0,0,0,0,0,0,0,0,0
1,1,260869,0,0,0,0,0,0,0,0,0,0
1,1,260870,0,0,0,0,0,0,0,0,0,0
2,1,260870,0,0,0,0,0,0,0,0,0,0
1,1,260871,0,0,0,0,0,0,0,0,0,0
1,1,260872,0,0,0,0,0,0,0,0,0,0
2,1,260872,0,0,0,0,0,0,0,0,0,0
1,1,260873,0,0,0,0,0,0,0,8,0,0
2,1,260873,0,0,0,0,0,0,0,0,0,0
1,1,260874,0,0,0,0,0,0,0,0,0,0
2,1,260874,0,0,0,0,0,0,0,0,0,0
1,1,260875,16,16,16,16,16,16,16,16,16,16
1,1,260876,0,0,0,0,0,0,0,0,0,0
2,1,260876,0,0,0,0,0,0,0,0,0,0
1,1,260877,0,0,0,0,0,0,0,0,0,0
2,1,260877,0,0,0,0,0,0,0,0,0,0
1,1,260878,24,24,24,24,24,24,24,24,24,24
1,1,260879,0,0,0,0,0,0,0,0,0,0
2,1,260879,0,0,0,0,0,0,0,0,0,0
0,1,260880,7,7,7,7,7,7,7,7,7,7
1,1,260880,0,0,0,0,0,0,0,0,0,0
1,1,260881,9,9,9,9,9,9,9,9,9,9
2,1,260881,0,0,0,0,0,0,0,0,0,0
3,1,260881,0,0,0,0,0,0,0,0,0,0
1,1,260882,0,0,0,0,0,0,0,0,0,0
2,1,260882,0,0,0,0,0,0,0,0,0,0
1,1,260883,0,0,0,0,0,0,0,0,0,0
1,1,260884,0,0,0,0,0,0,0,0,0,0
1,1,260885,0,0,0,0,0,0,0,0,0,0
2,1,260885,0,0,0,0,0,0,0,14,0,0
3,1,260885,0,0,0,0,0,0,0,0,0,6
1,1,260886,0,0,0,0,0,0,0,0,0,0
2,1,260886,0,0,0,0,0,0,0,0,0,0
0,1,260887,0,0,0,0,0,0,0,0,0,0
1,1,260887,0,0,0,0,0,0,0,0,0,0
0,1,260888,24,24,24,24,24,24,24,24,24,24
1,1,260888,0,0,0,0,0,0,0,0,0,0
0,1,260889,6,6,6,6,6,6,6,6,6,6
1,1,260889,0,0,0,0,0,0,0,0,0,0
1,1,260890,8,0,16,0,0,24,0,22,14,0
1,1,260891,9,9,9,9,9,9,9,9,9,9
1,1,260892,24,24,24,24,24,24,24,24,24,24
0,1,260893,0,0,0,0,0,0,0,0,0,0
1,1,260893,0,0,0,0,0,0,0,0,0,0
2,1,260893,0,0,0,0,8,0,0,0,0,0
0,1,260895,0,0,23,15,29,0,0,0,17,0
0,2,260895,0,0,17,0,0,0,0,16,0,0
1,1,260895,0,0,0,0,0,11,0,10,7,0
1,1,260896,0,0,0,0,0,0,0,0,0,0
1,1,260897,20,20,20,20,20,20,20,20,20,20
2,1,260897,0,0,0,0,0,0,0,0,0,0
1,1,260898,0,0,0,0,0,0,0,0,0,0
2,1,260898,0,0,0,0,0,0,0,0,0,0
1,1,260899,15,0,0,14,0,0,21,8,7,0
2,1,260899,0,0,0,0,0,0,0,0,0,0
1,1,260900,4,4,4,4,4,4,4,4,4,4
0,1,260902,28,28,28,28,28,28,28,28,28,28
1,1,260902,0,0,0,0,0,0,0,0,0,0
1,1,260903,13,13,13,13,13,13,13,13,13,13
1,1,260904,28,28,28,28,28,28,28,28,28,28
2,1,260904,0,0,0,0,0,0,0,0,0,0
1,1,260905,0,0,0,0,0,0,0,0,0,0
2,1,260905,0,0,0,0,0,0,0,0,0,0
1,1,260906,0,0,0,0,0,0,0,0,0,0
2,1,260906,0,0,0,0,0,0,0,0,0,0
1,1,260907,0,0,0,0,0,0,0,0,0,0
2,1,260907,0,0,0,0,0,0,0,0,0,0
1,1,260908,11,11,11,11,11,11,11,11,11,11
2,1,260908,0,0,0,0,0,0,0,0,0,0
0,1,260909,22,0,13,27,0,0,13,23,12,12
1,1,260909,0,0,0,0,0,0,0,0,0,0
1,1,260910,0,0,0,0,0,0,0,0,0,0
2,1,260910,12,12,12,12,12,12,12,12,12,12
1,1,260911,20,0,0,0,0,0,0,0,0,0
2,1,260911,0,0,0,0,0,0,0,0,0,0
1,1,260912,0,0,0,0,0,0,0,0,0,0
2,1,260912,0,0,0,0,0,0,0,0,0,0
3,1,260912,0,0,0,0,0,0,0,0,0,0
1,1,260913,0,0,0,0,0,0,0,0,0,0
2,1,260913,0,0,0,0,0,0,0,0,0,0
1,1,260914,0,0,0,0,0,0,0,0,0,0
1,1,260915,0,0,0,0,0,0,0,0,0,0
2,1,260915,0,0,0,0,0,0,0,0,0,0
1,1,260916,18,18,18,18,18,18,18,18,18,18
0,1,260917,0,0,0,13,0,0,0,0,0,0
1,1,260917,0,0,0,0,0,0,0,0,0,0
1,1,260918,0,0,0,0,0,0,0,0,0,0
0,1,260919,0,0,0,0,0,0,0,0,0,0
1,1,260919,0,0,0,0,0,0,0,0,0,0
1,1,260920,34,34,34,34,34,34,34,34,34,34
1,1,260921,0,0,0,0,0,0,0,0,0,0
1,1,260922,0,0,0,0,0,0,0,0,0,0
2,1,260922,0,0,0,0,0,0,0,0,0,0
0,1,260923,0,0,0,0,0,0,0,0,0,0
1,1,260923,1,1,1,1,1,1,1,1,1,1
1,1,260924,0,0,0,0,0,0,0,0,0,0
2,1,260924,0,0,0,0,0,0,0,0,0,0
1,1,260925,0,0,0,0,0,0,0,0,0,0
2,1,260925,0,0,0,0,0,0,0,0,0,0
1,1,260926,0,0,0,0,0,0,0,0,0,0
2,1,260926,0,0,0,0,0,0,0,0,0,0
1,1,260927,0,0,0,0,0,0,0,0,11,0
2,1,260927,0,0,0,0,0,0,0,0,0,0
0,1,260928,0,0,0,0,0,0,0,0,0,0
1,1,260928,0,0,0,0,0,0,0,0,0,0
1,1,260929,0,0,0,0,0,0,0,0,0,0
1,1,260930,0,0,0,0,0,0,0,0,0,0
1,1,260931,0,0,0,0,0,0,0,0,0,0
2,1,260931,0,0,0,0,0,0,0,0,0,7
3,1,260931,0,0,0,0,0,0,0,0,0,0
1,1,260932,27,8,6,9,19,11,13,6,0,10
2,1,260932,0,0,0,0,0,0,0,0,0,0
3,1,260932,0,0,0,0,0,0,0,0,0,0
1,1,260933,0,0,0,0,0,0,0,0,0,0
2,1,260933,0,0,0,0,0,0,0,0,0,0
1,1,260934,26,26,26,26,26,26,26,26,26,26
1,1,260935,34,34,34,34,34,34,34,34,34,34
1,1,260936,0,0,0,0,0,0,0,0,0,0
2,1,260936,0,5,0,0,0,0,0,0,0,0
3,1,260936,0,0,0,0,0,0,0,0,0,9
1,1,260937,25,25,14,19,25,12,11,9,7,25
1,1,260938,0,0,4,0,0,0,0,0,0,0
1,1,260939,0,0,0,0,0,0,0,0,0,0
2,1,260939,0,0,0,0,0,0,0,0,0,0
3,1,260939,0,0,0,0,0,0,0,0,0,0
1,1,260940,10,10,10,10,10,10,10,10,10,10
1,1,260941,0,0,0,8,0,0,0,0,0,0
2,1,260941,0,0,0,0,0,0,0,0,0,0
1,1,260942,0,0,0,0,0,0,0,0,0,0
1,1,260943,0,0,0,0,0,0,0,0,0,0
1,1,260944,2,0,0,0,0,0,0,11,0,0
1,1,260945,27,27,27,27,27,27,27,27,27,27
1,1,260946,0,0,0,0,0,0,0,0,0,0
2,1,260946,0,0,0,0,0,0,0,0,0,0
0,1,260947,0,0,0,0,0,0,0,0,0,0
1,1,260947,0,0,0,0,0,0,0,0,0,0
1,1,260948,0,0,0,0,0,0,0,0,0,0
2,1,260948,0,0,0,0,0,0,0,0,0,0
1,1,260949,0,0,0,0,0,0,0,0,0,0
2,1,260949,0,0,0,0,0,0,0,0,0,0
3,1,260949,0,0,0,0,0,0,0,0,0,4
1,1,260950,1,1,1,1,1,1,1,1,1,1
2,1,260950,0,0,0,0,0,0,0,0,0,0
3,1,260950,0,0,0,0,0,0,0,0,0,0
1,1,260951,0,0,0,0,0,0,0,0,0,0
2,1,260951,0,0,0,0,0,0,0,0,0,0
3,1,260951,0,0,0,0,0,0,0,0,0,0
1,1,260952,0,0,0,0,0,0,0,0,0,0
2,1,260952,0,0,0,0,0,0,0,0,0,0
1,1,260953,18,18,18,18,18,18,18,18,18,18
1,1,260954,0,0,0,0,0,0,0,0,0,0
2,1,260954,0,0,0,0,0,0,0,0,0,0
1,1,260955,0,0,0,0,0,0,0,0,0,0
1,1,260956,0,0,0,0,0,0,0,0,0,0
0,1,260958,23,23,23,23,23,23,23,23,23,23
1,1,260958,0,0,0,0,0,0,0,0,0,0
0,1,260959,0,0,0,0,0,23,0,0,0,0
1,1,260959,0,0,0,0,0,0,0,30,0,5
2,1,260959,0,0,0,0,0,0,0,0,0,0
1,1,260960,0,0,0,0,0,0,0,9,0,0
2,1,260960,0,0,0,0,0,0,0,0,0,0
1,1,260961,0,0,0,0,0,0,0,0,0,0
1,1,260962,0,0,3,0,0,0,0,0,0,0
2,1,260962,0,0,0,0,0,0,0,0,0,0
1,1,260963,0,0,0,0,0,0,0,0,0,0
1,1,260964,9,29,20,6,8,22,0,0,26,14
2,1,260964,0,0,0,0,0,8,0,0,0,0
3,1,260964,0,0,0,0,0,0,0,0,0,0
1,1,260965,0,0,10,0,16,0,0,0,0,0
1,1,260966,21,21,21,21,21,21,21,21,21,21
0,1,260967,0,0,0,0,0,0,5,0,0,0
1,1,260967,0,0,0,0,0,0,0,0,0,0
1,1,260968,0,0,0,0,36,0,0,0,0,0
2,1,260968,0,0,0,0,0,0,0,0,0,0
0,1,260969,0,0,0,0,0,0,0,0,0,0
0,2,260969,0,0,0,0,0,0,0,0,0,0
1,1,260969,0,0,0,0,0,0,0,0,0,0
1,1,260970,11,11,11,11,11,11,11,11,11,11
0,1,260971,22,22,22,22,22,22,22,22,22,22
1,1,260971,0,0,0,0,0,7,0,27,0,0
1,1,260972,0,0,0,0,0,0,0,0,0,0
2,1,260972,0,0,0,0,0,0,0,0,0,0
0,1,260973,0,0,0,0,0,0,0,0,0,0
1,1,260973,0,0,0,0,0,0,0,0,0,0
2,1,260973,0,0,0,0,0,0,0,0,0,0
0,1,260974,0,0,0,0,0,0,0,0,0,0
1,1,260974,0,0,0,0,0,0,0,0,0,0
1,1,260975,10,10,10,10,10,10,10,10,10,10
2,1,260975,0,0,0,0,0,0,0,0,0,0
1,1,260976,11,11,11,11,11,11,11,11,11,11
2,1,260976,0,0,0,0,0,7,0,0,0,2
3,1,260976,0,0,0,0,0,0,0,0,0,0
1,1,260977,0,0,0,0,0,0,0,0,0,0
2,1,260977,0,0,0,0,0,0,0,0,0,0
1,1,260978,13,23,14,0,2,24,36,18,16,11
1,1,260979,0,0,0,0,0,0,0,0,0,0
0,1,260980,32,32,32,32,32,32,32,32,32,32
1,1,260980,0,0,0,0,0,0,0,0,0,0
0,1,260981,0,0,0,0,0,0,0,0,0,0
1,1,260981,0,0,0,0,0,0,0,0,0,0
1,1,260982,24,24,24,24,24,24,24,24,24,24
1,1,260983,0,0,0,0,0,0,0,0,0,0
1,1,260984,0,0,0,0,0,0,0,0,0,0
2,1,260984,0,0,0,0,0,0,0,0,0,0
1,1,260985,0,0,0,0,0,0,0,0,0,0
2,1,260985,0,0,0,0,0,0,0,0,0,0
3,1,260985,0,0,0,0,0,0,0,0,0,0
1,1,260986,0,0,0,0,0,0,0,0,0,0
2,1,260986,0,0,0,0,0,0,0,0,0,0
3,1,260986,0,0,0,0,0,0,0,0,0,0
1,1,260987,0,0,0,0,0,0,0,0,0,0
0,1,260988,18,0,8,0,0,0,0,0,0,26
1,1,260988,0,0,0,0,0,0,0,20,0,0
2,1,260988,0,0,0,0,9,0,0,0,0,0
1,1,260989,0,0,0,0,0,0,0,0,0,0
2,1,260989,1,1,1,1,1,1,1,1,1,1
3,1,260989,0,0,0,0,0,0,0,0,0,0
1,1,260990,26,0,4,11,23,16,16,0,7,0
2,1,260990,0,0,0,0,0,0,0,0,0,0
0,1,260991,0,0,0,0,0,0,0,0,0,0
0,2,260991,0,0,0,0,0,0,4,0,0,0
1,1,260991,0,0,4,0,0,0,0,0,0,0
0,1,260992,17,17,17,17,17,17,17,17,17,17
1,1,260992,13,0,31,0,0,0,0,12,0,0
0,1,260993,0,0,0,0,0,0,0,0,0,0
1,1,260993,21,21,21,21,21,21,21,21,21,21
1,1,260994,0,0,0,0,0,0,0,0,0,0
1,1,260995,0,0,0,15,0,0,0,0,0,0
2,1,260995,0,0,0,0,0,0,0,0,0,0
0,1,260996,0,0,0,0,0,0,0,0,0,0
1,1,260996,0,28,0,0,0,0,0,0,0,0
0,1,260997,0,0,0,0,0,0,0,0,0,0
1,1,260997,32,32,32,32,32,32,32,32,32,32
1,1,260998,20,0,0,0,17,28,5,19,0,0
2,1,260998,19,0,0,0,0,0,0,0,0,0
1,1,260999,0,0,0,0,0,0,0,0,0,0
2,1,260999,0,0,0,21,0,0,0,0,0,0
0,1,261000,5,5,5,5,5,5,5,5,5,5
1,1,261000,0,0,0,0,0,0,0,0,0,16
1,1,261001,0,0,0,0,0,0,0,0,0,0
2,1,261001,0,21,0,0,0,14,0,0,0,0
1,1,261002,0,0,0,0,0,0,0,0,0,0
1,1,261003,15,8,6,0,9,26,17,4,27,10
0,1,261004,0,0,0,0,0,0,0,0,0,0
1,1,261004,0,0,0,0,0,0,0,0,0,0
1,1,261005,0,0,0,0,0,0,12,0,0,0
1,1,261006,0,0,0,0,0,0,0,0,0,0
2,1,261006,10,0,0,31,6,0,17,13,0,0
0,1,261007,0,0,0,0,0,0,0,0,0,0
0,2,261007,0,10,0,0,0,0,0,0,0,0
1,1,261007,0,0,40,0,0,0,0,0,0,0
0,1,261008,0,0,0,0,0,0,0,0,0,0
1,1,261008,0,0,0,0,0,0,0,0,0,0
0,1,261009,0,0,0,0,0,0,0,0,0,0
1,1,261009,18,10,18,13,16,18,10,0,18,14
2,1,261009,0,0,16,0,0,0,0,0,0,0
0,1,261010,0,0,0,0,0,0,0,0,4,0
1,1,261010,0,0,0,0,0,0,0,0,0,0
1,1,261011,10,10,10,10,10,10,10,10,10,10
2,1,261011,0,0,0,0,0,0,0,0,0,0
1,1,261012,0,0,0,0,0,0,0,0,0,0
2,1,261012,0,0,0,0,0,0,0,0,0,9
0,1,261013,0,0,0,6,0,0,0,0,0,32
1,1,261013,0,0,0,0,0,0,0,0,0,0
0,1,261014,29,0,0,30,6,30,0,0,3,0
1,1,261014,27,7,17,23,20,0,12,21,19,12
1,1,261015,0,0,0,0,0,0,0,0,0,0
2,1,261015,0,0,0,0,0,0,0,0,0,0
1,1,261016,0,0,0,0,0,0,0,0,0,0
2,1,261016,0,0,0,0,0,0,0,0,0,0
1,1,270001,0,0,0,0,0,0,0,0,0,0
1,1,270002,0,0,0,0,0,0,0,0,0,0
2,1,270002,0,0,0,0,0,0,0,0,0,0
1,1,270003,0,0,0,0,0,0,0,0,0,0
2,1,270003,0,0,0,0,0,0,0,0,0,0
0,1,270004,0,0,0,0,0,0,27,19,10,0
1,1,270004,0,0,0,0,0,0,0,0,0,0
1,1,270005,0,0,0,0,0,0,0,0,0,0
2,1,270005,0,0,0,0,0,0,0,0,0,0
1,1,270006,24,24,24,24,24,24,24,24,24,24
2,1,270006,0,0,0,0,0,0,0,0,0,0
1,1,270007,0,0,0,0,0,0,0,0,0,0
2,1,270007,0,0,0,0,0,0,0,0,0,0
1,1,270008,0,0,0,0,0,0,0,0,0,0
2,1,270008,0,0,0,0,0,0,0,0,0,0
1,1,270009,0,0,0,0,0,0,0,0,0,0
2,1,270009,0,0,0,0,0,0,0,0,0,0
1,1,270010,0,0,0,0,0,0,0,0,0,0
2,1,270010,0,0,0,0,0,0,0,0,0,0
0,1,270011,29,29,29,29,29,29,29,29,29,29
1,1,270011,8,8,8,8,8,8,8,8,8,8
1,1,270012,13,13,13,13,13,13,13,13,13,13
2,1,270012,0,0,0,0,0,0,0,0,0,0
0,1,270013,0,0,0,0,0,0,0,0,0,8
2,1,270013,0,0,0,0,0,0,0,0,0,0
1,1,270014,0,0,0,0,0,0,0,0,0,0
2,1,270014,0,0,0,0,0,0,0,0,0,0
1,1,270015,0,0,0,0,0,0,0,0,0,0
2,1,270015,0,0,0,0,0,0,0,0,0,0
1,1,270016,0,0,0,0,0,0,0,0,0,0
0,1,270017,0,0,0,0,0,0,0,0,0,0
1,1,270017,0,0,0,0,0,0,0,0,0,0
1,1,270018,27,27,27,27,27,27,27,27,27,27
1,1,270019,0,0,0,0,0,0,0,0,0,0
1,1,270020,0,0,0,0,0,0,0,0,0,0
2,1,270020,0,0,0,0,0,0,0,0,0,0
1,1,270021,17,17,17,17,17,17,17,17,17,17
1,1,270022,17,17,17,17,17,17,17,17,17,17
0,1,270023,0,0,0,6,0,12,0,0,0,0
1,1,270023,0,0,0,0,0,0,0,0,0,0
1,1,270024,0,0,0,0,0,0,0,0,0,0
2,1,270024,0,0,0,0,0,0,0,0,0,0
1,1,270025,0,0,0,0,0,0,0,0,0,0
2,1,270025,0,0,0,0,0,0,0,0,0,0
1,1,270026,13,13,13,13,13,13,13,13,13,13
1,1,270027,7,7,7,7,7,7,7,7,7,7
1,1,270028,1,1,1,1,1,1,1,1,1,1
1,1,270029,0,0,0,0,0,0,0,0,0,0
2,1,270029,0,0,0,0,0,0,0,0,0,0
1,1,270030,27,27,27,27,27,27,27,27,27,27
1,1,270031,20,20,20,20,20,20,20,20,20,20
2,1,270031,0,0,0,0,0,0,0,0,0,0
1,1,270032,11,11,11,11,11,11,11,11,11,11
1,1,270033,0,0,0,0,0,0,0,0,0,0
2,1,270033,0,0,0,0,0,0,0,0,0,0
1,1,270034,0,0,0,0,0,0,0,0,0,0
2,1,270034,0,0,0,0,0,0,0,0,0,0
1,1,270035,0,0,0,0,0,0,0,0,0,0
1,1,270036,28,28,28,28,28,28,28,28,28,28
1,1,270037,6,6,6,6,6,6,6,6,6,6
2,1,270037,0,0,0,0,0,0,0,0,0,0
1,1,270038,17,17,17,17,17,17,17,17,17,17
1,1,270039,0,0,0,0,0,0,0,0,0,0
2,1,270039,0,0,0,0,0,0,0,0,0,0
1,1,270040,0,0,0,0,0,0,0,0,0,0
2,1,270040,0,0,0,0,0,0,0,0,0,0
3,1,270040,0,0,0,0,0,0,0,0,0,0
1,1,270041,0,0,0,0,0,0,0,0,0,0
2,1,270041,0,0,0,0,0,0,0,0,0,0
1,1,270042,0,0,0,0,0,0,0,0,0,0
1,1,270043,0,0,0,0,0,0,0,0,0,0
2,1,270043,0,0,0,0,0,0,0,0,0,13
1,1,270044,19,19,19,19,19,19,19,19,19,19
1,1,270046,23,23,23,23,23,23,23,23,23,23
1,1,270047,0,0,0,0,0,0,0,0,0,0
2,1,270047,0,0,0,0,0,0,0,0,0,0
1,1,270048,0,0,0,0,0,0,0,0,0,0
1,1,270049,0,0,0,0,0,0,0,0,0,0
2,1,270049,0,0,0,0,0,0,0,0,0,0
1,1,270050,0,0,0,0,0,0,0,0,0,0
2,1,270050,10,10,10,10,10,10,10,10,10,10
1,1,270051,0,0,0,0,0,0,0,0,0,0
1,1,270052,27,27,27,27,27,27,27,27,27,27
1,1,270053,0,0,0,0,0,0,0,0,0,0
0,1,270054,0,0,0,0,0,0,0,0,0,0
1,1,270054,0,0,0,0,0,0,0,0,0,0