VEH_NO,PER_NO,ST_CASE,P1,P2,P3,P4,P5,P6,P7,P8,P9,P10
1,1,270055,0,0,0,0,0,0,0,0,0,0
2,1,270055,0,0,0,0,0,0,0,0,0,0
1,1,270056,0,0,0,0,0,0,0,0,0,0
1,1,270057,0,0,0,0,0,0,0,0,0,0
2,1,270057,0,0,0,0,0,0,3,0,0,0
1,1,270058,0,0,0,0,0,0,0,0,0,0
2,1,270058,0,0,0,0,0,0,0,0,0,0
1,1,270059,20,20,20,20,20,20,20,20,20,20
1,1,270060,0,0,0,0,0,0,0,0,0,0
2,1,270060,0,0,0,0,0,0,0,0,0,0
1,1,270061,0,0,0,0,0,0,0,0,0,0
2,1,270061,0,0,0,0,0,0,18,0,0,0
1,1,270062,0,0,0,0,0,0,0,0,0,0
2,1,270062,0,0,0,0,0,0,0,0,0,0
1,1,270063,0,0,0,0,0,0,0,0,0,0
2,1,270063,0,0,0,0,0,0,0,0,0,0
0,1,270065,37,37,37,37,37,37,37,37,37,37
1,1,270065,0,0,0,0,0,0,0,0,0,0
1,1,270066,0,0,0,0,0,0,0,0,0,0
1,1,270067,0,0,0,0,0,0,0,0,0,0
2,1,270067,0,0,0,0,0,0,0,0,0,0
1,1,270069,0,0,0,0,0,0,0,0,0,0
1,1,270070,21,21,21,21,21,21,21,21,21,21
2,1,270070,0,0,0,0,0,0,0,0,0,0
1,1,270071,0,0,0,0,0,0,0,0,0,0
1,1,270072,0,0,0,0,0,0,0,0,0,0
2,1,270072,0,0,0,0,0,0,0,0,0,0
1,1,270073,13,13,13,13,13,13,13,13,13,13
1,1,270074,16,16,16,16,16,16,16,16,16,16
1,1,270075,0,0,0,0,0,0,0,0,0,0
2,1,270075,0,0,0,0,0,0,0,0,0,0
1,1,270076,33,33,33,33,33,33,33,33,33,33
1,1,270077,0,0,0,0,0,0,0,0,0,0
2,1,270077,0,0,0,0,0,0,0,0,0,0
1,1,270078,0,0,0,0,0,0,0,0,0,0
1,1,270079,0,0,0,0,0,0,0,0,0,0
2,1,270079,16,16,16,16,16,16,16,16,16,16
1,1,270080,0,0,0,0,0,0,0,0,0,0
2,1,270080,4,4,4,4,4,4,4,4,4,4
1,1,270082,0,0,0,0,0,0,0,0,0,0
2,1,270082,0,0,0,0,0,0,0,0,0,0
1,1,270083,25,20,8,13,13,0,7,8,24,0
2,1,270083,0,0,0,0,0,0,0,0,0,0
1,1,270084,27,27,27,27,27,27,27,27,27,27
1,1,270085,14,14,14,14,14,14,14,14,14,14
1,1,270086,0,0,0,0,0,0,0,0,0,0
1,1,270087,0,0,0,0,0,0,0,0,0,0
2,1,270087,0,0,0,0,0,0,0,0,0,0
1,1,270088,4,0,0,0,0,0,0,0,0,0
2,1,270088,25,25,25,25,25,25,25,25,25,25
1,1,270089,0,0,0,0,0,0,0,0,0,0
2,1,270089,0,0,0,0,0,0,0,0,0,0
1,1,270090,0,0,0,0,0,0,0,0,0,0
2,1,270090,0,0,0,0,0,0,0,0,0,0
0,1,270091,0,0,0,0,0,0,0,0,0,0
1,1,270091,0,0,0,0,0,0,0,0,0,0
1,1,270092,0,0,0,0,0,0,0,0,0,0
2,1,270092,0,0,0,0,0,0,0,0,0,0
1,1,270093,0,0,0,0,0,0,0,0,0,0
2,1,270093,0,0,0,0,0,0,0,0,0,0
1,1,270094,0,0,0,0,0,0,0,0,0,0
1,1,270095,0,0,0,0,0,0,0,0,0,0
2,1,270095,0,0,0,0,0,0,0,0,0,0
1,1,270096,0,0,0,0,0,0,0,0,0,0
2,1,270096,0,0,0,0,0,0,0,0,0,0
1,1,270097,0,0,0,0,0,0,0,0,0,0
2,1,270097,0,0,0,0,0,0,0,0,0,0
3,1,270097,0,0,0,0,0,0,0,0,0,0
1,1,270098,0,0,0,0,0,0,0,0,0,0
1,1,270099,0,0,0,0,0,0,0,0,0,0
2,1,270099,0,0,0,0,0,0,0,0,0,0
1,1,270100,0,0,0,0,0,0,0,0,0,0
2,1,270100,0,0,0,0,0,0,0,0,0,0
0,1,270101,20,20,20,20,20,20,20,20,20,20
1,1,270101,2,2,2,2,2,2,2,2,2,2
1,1,270102,0,0,0,0,0,0,0,0,0,0
2,1,270102,0,0,0,0,0,0,0,0,0,0
0,1,270103,0,0,0,0,0,0,0,0,0,0
1,1,270103,0,0,0,0,0,0,0,0,0,0
1,1,270104,0,0,0,0,0,0,0,0,0,0
2,1,270104,0,0,0,0,0,0,0,0,0,0
1,1,270105,0,0,0,0,0,0,0,0,0,0
1,1,270106,0,0,0,0,0,0,0,0,0,0
2,1,270106,0,0,0,0,0,0,0,0,0,0
1,1,270108,0,0,0,0,0,0,0,0,0,0
1,1,270109,0,0,0,0,0,0,0,0,0,0
2,1,270109,0,0,0,0,0,0,0,0,0,0
1,1,270110,5,5,5,5,5,5,5,5,5,5
1,1,270111,0,0,0,0,0,0,0,0,0,0
1,1,270112,0,0,0,0,0,0,0,0,0,0
1,1,270113,19,19,19,19,19,19,19,19,19,19
1,1,270114,0,0,0,0,0,0,0,0,0,0
2,1,270114,0,0,0,0,0,0,0,0,0,0
1,1,270115,0,0,0,0,0,0,0,0,0,0
2,1,270115,0,0,0,0,0,0,0,0,0,0
0,1,270116,42,42,42,42,42,42,42,42,42,42
1,1,270116,0,0,0,0,0,0,0,0,0,0
1,1,270117,0,0,0,0,0,0,0,0,0,0
2,1,270117,0,0,0,0,0,0,0,0,0,0
1,1,270118,0,0,0,0,0,0,0,0,0,0
1,1,270119,0,0,0,0,0,0,0,0,0,0
1,1,270120,0,0,0,0,0,0,0,0,0,0
2,1,270120,0,0,0,0,0,0,0,0,0,0
1,1,270121,0,0,0,0,0,0,0,0,0,0
1,1,270122,0,0,0,0,0,0,0,0,0,0
2,1,270122,0,0,0,0,0,0,0,0,0,0
1,1,270123,0,0,0,0,0,0,0,0,0,0
2,1,270123,0,0,0,0,0,0,0,0,0,0
1,1,270124,9,9,9,9,9,9,9,9,9,9
1,1,270125,21,21,21,21,21,21,21,21,21,21
1,1,270126,0,0,0,0,0,0,0,0,0,0
2,1,270126,0,0,0,0,0,0,0,0,0,0
3,1,270126,0,0,0,6,0,0,0,0,0,0
0,1,270127,0,0,0,0,0,0,0,0,0,0
1,1,270127,0,0,0,0,0,0,0,0,0,0
1,1,270128,16,16,16,16,16,16,16,16,16,16
1,1,270129,17,17,17,17,17,17,17,17,17,17
1,1,270130,0,0,0,0,0,0,0,0,0,0
2,1,270130,0,0,0,0,0,0,0,0,0,0
1,1,270131,0,0,0,0,0,0,0,0,0,0
2,1,270131,6,6,6,6,6,6,6,6,6,6
0,1,270132,13,13,13,13,13,13,13,13,13,13
1,1,270132,12,12,12,12,12,12,12,12,12,12
1,1,270133,0,0,0,0,0,0,0,0,0,0
1,1,270134,0,0,0,0,0,0,0,0,0,0
1,1,270135,22,22,22,22,22,22,22,22,22,22
1,1,270136,0,0,0,0,0,0,0,0,0,0
1,1,270137,15,15,15,15,15,15,15,15,15,15
1,1,270138,22,22,22,22,22,22,22,22,22,22
1,1,270139,0,0,0,0,0,0,0,0,0,0
1,1,270140,0,0,0,0,0,0,0,0,0,0
2,1,270140,0,0,0,0,0,0,0,0,0,0
1,1,270141,21,21,21,21,21,21,21,21,21,21
1,1,270142,0,0,0,0,0,0,0,0,0,0
1,1,270143,21,21,21,21,21,21,21,21,21,21
1,1,270144,0,0,0,0,0,0,0,0,0,0
2,1,270144,0,0,0,0,0,0,0,0,0,0
1,1,270145,21,21,21,21,21,21,21,21,21,21
1,1,270146,23,23,23,23,23,23,23,23,23,23
1,1,270147,17,17,17,17,17,17,17,17,17,17
2,1,270147,0,0,0,0,0,0,0,0,0,0
1,1,270148,0,0,0,0,0,0,0,0,0,0
2,1,270148,0,0,0,0,0,0,0,0,0,0
3,1,270148,0,0,0,0,0,0,0,0,0,0
1,1,270149,0,0,0,0,0,0,0,0,0,0
2,1,270149,0,0,0,0,0,0,0,0,0,0
1,1,270150,8,8,8,8,8,8,8,8,8,8
2,1,270150,0,0,0,0,0,0,0,0,0,0
3,1,270150,0,0,0,0,0,0,0,0,4,0
4,1,270150,0,0,0,0,0,0,0,0,0,0
0,1,270151,0,0,0,0,0,0,0,0,0,0
1,1,270151,6,11,0,0,4,0,0,0,0,0
0,1,270152,24,24,24,24,24,24,24,24,24,24
1,1,270152,11,0,0,0,0,15,0,0,0,0
1,1,270153,13,13,13,13,13,13,13,13,13,13
1,1,270154,0,0,0,0,0,0,0,0,0,0
2,1,270154,17,17,17,17,17,17,17,17,17,17
1,1,270155,0,0,0,0,0,0,0,0,0,0
1,1,270156,18,18,18,18,18,18,18,18,18,18
1,1,270157,2,2,2,2,2,2,2,2,2,2
2,1,270157,0,0,0,0,0,0,0,0,0,0
1,1,270158,0,0,0,0,0,0,0,0,0,0
2,1,270158,0,0,0,0,0,0,0,0,0,0
1,1,270159,0,0,0,0,0,0,0,0,0,0
2,1,270159,0,0,0,0,0,0,0,0,0,0
1,1,270160,0,0,0,0,0,0,0,0,0,0
2,1,270160,0,0,0,0,0,0,0,0,0,0
0,1,270161,0,0,0,0,0,0,0,0,0,0
1,1,270161,0,0,0,0,0,0,0,0,0,0
1,1,270162,0,0,0,0,0,0,0,0,0,0
1,1,270163,0,0,0,0,0,0,0,0,0,0
2,1,270163,0,0,0,0,0,0,0,0,0,0
1,1,270164,13,13,13,13,13,13,13,13,13,13
2,1,270164,0,0,0,0,0,0,0,0,0,0
1,1,270165,12,12,12,12,12,12,12,12,12,12
1,1,270166,0,0,0,0,0,0,0,0,0,0
2,1,270166,0,0,0,0,0,0,0,0,0,0
1,1,270167,0,0,0,0,0,0,0,0,0,0
2,1,270167,0,0,0,0,0,0,0,0,0,0
1,1,270168,0,0,0,0,0,0,0,0,0,0
2,1,270168,0,0,0,0,0,0,0,0,0,0
1,1,270169,0,0,0,0,0,0,0,0,0,0
2,1,270169,7,7,7,7,7,7,7,7,7,7
1,1,270170,20,20,20,20,20,20,20,20,20,20
1,1,270171,38,38,38,38,38,38,38,38,38,38
1,1,270172,14,14,14,14,14,14,14,14,14,14
1,1,270173,0,0,0,0,0,0,0,0,0,0
2,1,270173,12,12,12,12,12,12,12,12,12,12
1,1,270174,0,0,0,0,0,0,0,0,0,0
1,1,270175,0,0,0,0,0,0,0,0,0,0
2,1,270175,0,0,0,0,0,0,0,0,0,0
1,1,270176,0,0,0,0,0,0,0,0,0,0
2,1,270176,0,0,0,0,0,0,0,0,0,0
1,1,270177,0,0,0,0,0,0,0,0,0,0
2,1,270177,0,0,0,0,0,0,0,0,0,0
1,1,270178,0,0,0,0,0,0,0,0,0,0
1,1,270179,27,27,27,27,27,27,27,27,27,27
0,1,270180,0,0,0,0,13,0,0,0,0,34
1,1,270180,0,0,0,0,0,0,0,0,0,0
1,1,270181,0,0,0,0,0,0,0,0,0,0
2,1,270181,0,0,0,0,0,0,0,0,0,0
1,1,270182,0,0,0,0,0,0,0,0,0,0
2,1,270182,0,0,0,0,0,0,0,0,0,0
3,1,270182,0,0,0,0,0,0,0,6,0,0
1,1,270183,0,0,0,0,0,0,0,0,0,0
2,1,270183,0,0,0,0,0,0,0,0,0,0
1,1,270184,22,22,22,22,22,22,22,22,22,22
0,1,270185,0,0,0,0,0,0,0,0,0,0
1,1,270185,0,0,0,0,0,0,0,0,0,0
1,1,270186,0,0,0,0,0,0,0,0,0,0
1,1,270187,0,0,0,0,13,0,0,0,0,0
2,1,270187,0,0,0,0,0,0,0,0,0,0
1,1,270188,0,0,0,0,0,0,0,0,0,0
2,1,270188,0,0,0,0,0,0,0,0,0,0
1,1,270189,2,2,2,2,2,2,2,2,2,2
1,1,270190,0,0,0,0,0,0,0,0,0,0
2,1,270190,0,0,0,0,0,0,0,0,0,0
1,1,270191,0,0,0,0,0,0,0,0,0,0
2,1,270191,0,0,0,0,0,0,0,0,0,0
1,1,270192,0,0,0,0,0,0,15,0,0,0
1,1,270193,0,0,0,0,0,0,0,0,0,0
2,1,270193,0,0,0,0,0,0,0,0,0,0
1,1,270194,0,0,0,0,0,0,0,0,0,0
1,1,270195,0,0,0,0,0,0,0,0,0,0
2,1,270195,0,0,0,0,0,0,0,0,0,0
1,1,270196,0,0,0,0,0,0,0,0,0,0
2,1,270196,0,0,0,0,0,0,0,0,0,0
3,1,270196,0,0,0,0,0,0,0,0,0,0
1,1,270197,19,19,19,19,19,19,19,19,19,19
1,1,270198,0,0,0,0,0,0,0,0,0,0
1,1,270199,0,0,0,0,0,0,0,0,0,0
2,1,270199,0,0,0,0,0,0,0,0,0,0
1,1,270200,15,15,15,15,15,15,15,15,15,15
1,1,270201,20,20,20,20,20,20,20,20,20,20
1,1,270202,21,21,21,21,21,21,21,21,21,21
1,1,270203,0,0,0,0,0,0,0,0,0,0
2,1,270203,0,0,0,0,0,0,0,0,0,0
3,1,270203,0,0,0,0,0,0,0,0,0,0
1,1,270204,0,0,0,0,0,0,0,0,0,0
1,1,270205,0,0,0,0,0,0,0,0,0,0
2,1,270205,0,0,0,0,0,0,0,0,0,0
1,1,270206,0,0,0,0,0,0,0,0,0,0
2,1,270206,24,24,24,24,24,24,24,24,24,24
1,1,270207,0,0,0,0,0,0,0,0,0,0
2,1,270207,0,0,0,0,0,0,0,0,0,0
1,1,270208,5,5,5,5,5,5,5,5,5,5
1,1,270209,0,0,0,0,0,0,0,0,0,0
1,1,270210,6,6,6,6,6,6,6,6,6,6
1,1,270211,0,0,0,0,0,0,0,0,0,0
2,1,270211,0,0,0,0,0,0,0,0,3,0
1,1,270212,0,0,0,0,0,0,0,0,0,0
2,1,270212,4,4,4,4,4,4,4,4,4,4
1,1,270213,0,0,0,0,0,0,0,0,0,0
2,1,270213,0,0,0,0,0,0,0,0,0,0
1,1,270214,0,0,0,0,0,0,0,0,0,0
2,1,270214,0,0,0,0,0,0,0,0,0,0
1,1,270215,19,19,19,19,19,19,19,19,19,19
1,1,270216,28,28,28,28,28,28,28,28,28,28
0,1,270217,0,0,0,0,0,0,0,0,0,0
1,1,270217,0,0,0,0,0,0,0,0,0,0
1,1,270218,0,0,0,0,0,0,0,0,0,0
2,1,270218,0,0,0,0,0,0,0,0,0,0
0,1,270219,13,9,0,8,0,30,0,4,0,16
1,1,270219,18,18,18,18,18,18,18,18,18,18
1,1,270220,0,0,0,0,0,0,0,12,0,0
1,1,270221,0,0,0,0,0,0,0,0,0,0
1,1,270222,0,0,0,17,0,19,0,0,25,0
1,1,270223,0,0,0,0,0,0,0,0,0,0
2,1,270223,0,13,0,0,19,0,0,0,0,0
1,1,270224,0,0,0,0,0,0,0,0,0,2
2,1,270224,0,0,0,0,0,0,0,0,0,0
1,1,270225,26,26,26,26,26,26,26,26,26,26
1,1,270226,0,0,0,0,0,0,0,0,0,0
2,1,270226,0,0,0,0,0,0,0,0,0,0
1,1,270227,0,0,0,0,0,0,0,0,0,0
1,1,270228,0,0,0,0,0,0,0,0,0,0
2,1,270228,0,0,0,0,0,0,0,0,0,0
1,1,270229,22,22,22,22,22,22,22,22,22,22
2,1,270229,0,0,0,0,0,0,0,0,0,0
1,1,270230,0,0,0,0,0,0,0,0,0,0
2,1,270230,0,0,0,0,0,0,0,0,0,0
1,1,270231,0,0,0,0,0,0,0,0,0,0
2,1,270231,0,0,0,0,0,0,0,0,0,0
1,1,270232,0,0,0,0,0,0,0,0,0,0
1,1,270233,0,0,0,0,0,0,0,0,0,0
2,1,270233,0,0,0,0,0,0,0,0,0,0
1,1,270234,0,0,0,0,0,0,0,0,0,0
2,1,270234,0,0,0,0,0,0,0,0,0,0
1,1,270235,12,12,12,12,12,12,12,12,12,12
2,1,270235,0,0,0,0,0,0,0,0,0,0
1,1,270236,0,0,0,0,0,0,0,0,0,0
1,1,270238,0,0,0,0,0,0,0,0,0,0
2,1,270238,0,0,0,0,0,0,0,0,0,0
0,1,270239,0,0,0,0,0,0,0,0,0,0
1,1,270239,0,0,0,0,0,0,0,0,0,0
1,1,270240,9,6,9,0,10,0,3,0,0,0
1,1,270241,0,0,0,0,0,0,0,0,0,0
2,1,270241,18,18,18,18,18,18,18,18,18,18
1,1,270242,22,22,22,22,22,22,22,22,22,22
0,1,270243,0,0,10,0,0,0,0,0,0,0
0,2,270243,0,0,0,0,0,0,0,0,0,0
0,3,270243,0,0,0,0,0,0,0,0,0,0
0,4,270243,0,0,0,0,0,0,0,0,0,0
0,5,270243,0,0,0,0,0,0,0,0,0,0
0,6,270243,0,0,0,0,0,20,0,0,0,0
0,7,270243,0,0,0,0,4,0,0,0,0,0
0,8,270243,0,0,0,21,0,13,0,0,0,0
0,9,270243,0,0,0,0,0,0,0,0,4,0
0,10,270243,0,0,0,0,0,0,0,27,0,0
0,11,270243,0,0,0,0,0,0,0,0,0,0
1,1,270243,0,0,0,0,0,0,0,0,0,0
1,1,270244,0,0,0,0,0,0,0,0,0,0
1,1,270245,25,25,25,25,25,25,25,25,25,25
1,1,270246,31,31,31,31,31,31,31,31,31,31
1,1,270247,26,26,26,26,26,26,26,26,26,26
2,1,270247,0,3,25,3,0,9,15,0,12,25
1,1,270248,0,0,0,0,0,0,0,0,0,0
2,1,270248,0,0,0,0,0,0,0,0,0,0
2,1,270249,0,0,0,0,0,0,0,0,0,0
1,1,270250,0,0,0,0,0,0,0,0,0,0
1,1,270251,0,0,0,0,0,0,0,0,0,0
2,1,270251,0,0,0,0,0,0,0,0,0,0
1,1,270252,21,21,21,21,21,21,21,21,21,21
1,1,270253,0,0,0,0,0,0,0,0,0,0
2,1,270253,0,0,0,0,0,0,0,0,0,0
1,1,270254,34,34,34,34,34,34,34,34,34,34
1,1,270255,0,0,0,0,0,0,0,0,0,0
2,1,270255,0,0,0,0,0,0,0,0,0,0
3,1,270255,0,0,0,0,0,0,0,0,0,0
1,1,270256,41,41,41,41,41,41,41,41,41,41
1,1,270257,13,13,13,13,13,13,13,13,13,13
1,1,270258,18,18,18,18,18,18,18,18,18,18
1,1,270259,0,0,0,0,0,0,0,0,0,0
1,1,270260,22,22,22,22,22,22,22,22,22,22
2,1,270260,0,0,0,0,0,0,0,0,0,0
1,1,270261,0,0,0,0,0,0,0,0,0,0
2,1,270261,0,0,0,0,0,0,0,0,0,0
1,1,270262,0,0,0,0,0,0,0,0,0,0
2,1,270262,0,0,0,0,0,0,0,0,0,0
1,1,270263,4,4,4,4,4,4,4,4,4,4
2,1,270263,18,18,18,18,18,18,18,18,18,18
1,1,270264,0,0,0,0,0,0,0,0,0,0
2,1,270264,0,0,0,0,0,0,0,0,0,0
1,1,270265,0,0,0,0,0,0,0,0,0,0
1,1,270266,0,0,0,0,0,0,0,0,0,0
2,1,270266,0,0,0,0,0,0,0,0,0,0
1,1,270267,14,14,14,14,14,14,14,14,14,14
1,1,270268,0,0,0,0,0,0,0,0,0,0
2,1,270268,0,0,0,0,0,0,0,0,0,0
1,1,270269,5,5,5,5,5,5,5,5,5,5
1,1,270270,18,18,18,18,18,18,18,18,18,18
1,1,270271,18,18,18,18,18,18,18,18,18,18
2,1,270271,0,0,0,0,0,0,0,0,0,0
1,1,270272,10,10,10,10,10,10,10,10,10,10
1,1,270273,0,0,0,0,0,0,0,0,0,0
1,1,270274,0,0,0,0,0,0,0,0,0,0
1,1,270275,0,0,0,0,0,0,0,0,0,0
1,1,270276,0,0,0,0,0,0,0,0,0,0
0,1,270277,0,0,0,0,0,17,0,0,0,0
1,1,270277,0,0,0,0,0,0,0,0,0,0
1,1,270278,0,0,0,0,0,0,0,0,0,0
1,1,270279,0,0,0,13,20,0,0,9,18,12
1,1,270280,17,17,17,17,17,17,17,17,17,17
1,1,270281,17,17,17,17,17,17,17,17,17,17
1,1,270282,0,0,0,0,0,0,0,0,0,0
2,1,270282,0,0,0,0,0,0,0,0,0,0
1,1,270283,10,10,10,10,10,10,10,10,10,10
1,1,270284,0,0,0,0,0,0,0,0,0,0
2,1,270284,0,0,0,0,0,0,0,0,0,0
3,1,270284,0,0,0,0,0,0,0,0,0,0
1,1,270285,0,0,0,0,0,0,0,7,0,0
2,1,270285,0,0,0,0,0,12,0,0,0,0
1,1,270286,0,0,0,0,0,0,0,0,0,0
2,1,270286,0,0,0,0,0,0,0,0,0,0
1,1,270287,0,0,0,0,0,0,0,0,0,0
1,1,270288,25,25,25,25,25,25,25,25,25,25
2,1,270288,0,0,0,0,0,0,0,0,0,0
1,1,270289,10,10,10,10,10,10,10,10,10,10
1,1,270290,14,14,14,14,14,14,14,14,14,14
2,1,270290,0,0,0,0,0,0,0,0,0,0
1,1,270291,0,0,0,0,0,0,0,0,0,0
1,1,270292,8,8,8,8,8,8,8,8,8,8
1,1,270293,0,0,0,14,15,0,10,0,0,0
1,1,270294,11,11,11,11,11,11,11,11,11,11
1,1,270295,8,8,8,8,8,8,8,8,8,8
2,1,270295,0,0,0,0,0,0,6,0,0,0
1,1,270296,0,0,0,0,0,0,0,0,0,0
0,1,270297,0,0,0,0,0,0,0,0,0,0
1,1,270297,22,22,22,22,22,22,22,22,22,22
1,1,270298,0,0,0,0,0,0,0,0,0,0
2,1,270298,5,0,0,0,16,2,0,0,0,23
1,1,270299,21,21,21,21,21,21,21,21,21,21
1,1,270300,0,0,0,0,0,0,0,0,0,0
1,1,270301,0,0,0,0,0,0,0,0,0,0
1,1,270303,0,0,0,0,0,0,0,0,0,0
2,1,270303,0,0,0,0,0,0,0,9,0,0
3,1,270303,0,0,0,0,0,0,0,0,0,0
1,1,270304,0,0,0,0,0,0,0,0,0,0
1,1,270305,0,0,0,0,0,0,15,0,0,18
1,1,270306,0,0,0,0,0,0,0,0,0,0
2,1,270306,8,8,8,8,8,8,8,8,8,8
3,1,270306,0,0,0,0,0,0,0,0,0,0
1,1,270307,0,0,0,0,0,0,0,0,0,0
2,1,270307,0,0,0,0,0,0,0,0,0,0
0,1,270308,0,0,0,0,0,0,0,0,0,0
1,1,270308,0,0,0,0,0,0,0,0,0,0
1,1,270309,0,0,0,0,0,0,0,0,0,0
2,1,270309,0,0,0,0,0,0,0,0,0,0
3,1,270309,0,0,0,0,0,0,0,0,0,0
1,1,270310,0,0,0,0,0,0,0,0,0,0
2,1,270310,0,0,0,0,0,0,0,0,0,0
1,1,270311,0,0,0,0,0,0,0,0,0,0
2,1,270311,0,0,0,0,0,0,0,0,0,0
1,1,270312,0,0,0,0,0,0,0,0,0,0
1,1,270313,0,0,0,12,0,0,3,0,0,0
2,1,270313,0,0,0,0,0,0,0,0,0,13
1,1,270314,28,28,28,28,28,28,28,28,28,28
1,1,270315,0,0,0,0,0,0,0,0,0,0
2,1,270315,0,0,0,0,0,0,0,0,0,0
1,1,270316,0,0,0,0,0,0,0,0,0,0
2,1,270316,0,0,0,0,0,0,0,0,0,0
1,1,270317,17,17,17,17,17,17,17,17,17,17
2,1,270317,0,0,0,0,0,0,0,0,0,0
1,1,270318,23,23,23,23,23,23,23,23,23,23
1,1,270319,0,0,0,0,0,0,0,0,0,0
1,1,270320,0,0,0,0,0,0,0,0,0,0
2,1,270320,0,0,0,0,0,0,0,0,0,0
1,1,270321,0,0,0,0,0,0,0,0,0,0
2,1,270321,0,0,0,0,0,0,0,0,0,0
1,1,270322,36,36,36,36,36,36,36,36,36,36
1,1,270323,0,0,0,0,0,0,0,0,0,0
1,1,270324,28,28,28,28,28,28,28,28,28,28
1,1,270325,20,20,20,20,20,20,20,20,20,20
1,1,270326,22,22,22,22,22,22,22,22,22,22
1,1,270327,21,21,21,21,21,21,21,21,21,21
2,1,270327,0,0,0,0,0,0,0,0,0,0
1,1,270328,0,0,0,0,0,0,0,0,0,0
2,1,270328,0,0,0,0,0,0,0,0,0,0
1,1,270329,0,0,0,0,0,0,0,0,0,0
1,1,270330,0,0,0,0,0,0,0,0,0,0
2,1,270330,0,0,0,0,0,0,0,0,0,0
1,1,270331,0,0,0,0,0,0,0,0,0,0
2,1,270331,0,0,0,0,0,0,0,0,0,0
1,1,270332,0,0,0,0,0,0,0,0,0,0
1,1,270333,0,0,0,0,0,0,0,0,0,0
2,1,270333,0,0,0,0,0,0,0,0,0,0
1,1,270334,0,0,0,0,0,0,0,0,0,0
1,1,270335,0,0,0,0,0,0,0,0,0,0
2,1,270335,0,0,0,0,0,0,0,0,0,0
1,1,270336,0,0,0,0,0,0,0,0,0,0
1,1,270337,0,0,0,0,0,0,0,0,0,0
2,1,270337,0,0,0,0,0,0,0,0,0,0
0,1,270338,0,0,0,0,0,0,0,0,0,0
0,2,270338,0,0,0,0,0,0,0,0,0,0
0,3,270338,0,0,0,0,0,0,0,0,0,10
0,4,270338,0,0,0,0,0,0,0,0,0,0
1,1,270338,0,0,0,0,0,0,0,0,0,0
1,1,270339,25,25,25,25,25,25,25,25,25,25
1,1,270340,0,0,0,0,0,0,0,0,0,0
2,1,270340,0,0,18,0,0,0,0,0,0,0
1,1,270341,0,0,0,0,0,0,0,0,0,0
1,1,270342,14,14,14,14,14,14,14,14,14,14
1,1,270343,28,28,28,28,28,28,28,28,28,28
1,1,270344,19,19,19,19,19,19,19,19,19,19
1,1,270345,0,0,0,0,0,0,0,0,0,0
1,1,270346,0,0,0,0,0,0,0,0,0,0
2,1,270346,0,0,0,0,0,0,0,0,0,0
0,1,270347,0,0,0,0,0,0,0,0,0,0
1,1,270347,12,12,12,12,12,12,12,12,12,12
1,1,270349,0,0,0,0,0,0,0,0,0,0
1,1,270350,26,26,26,26,26,26,26,26,26,26
1,1,270351,0,0,0,0,0,0,0,0,0,0
1,1,270352,17,17,17,17,17,17,17,17,17,17
1,1,270353,0,0,0,0,0,0,0,0,0,0
2,1,270353,0,0,0,0,0,0,0,0,0,0
1,1,270354,17,17,17,17,17,17,17,17,17,17
1,1,270355,18,18,18,18,18,18,18,18,18,18
1,1,270356,0,0,0,0,0,0,0,0,0,0
2,1,270356,1,1,1,1,1,1,1,1,1,1
1,1,270357,22,22,22,22,22,22,22,22,22,22
1,1,270358,0,0,0,0,0,0,0,0,0,0
1,1,270359,0,0,0,0,0,0,0,0,0,0
1,1,270360,20,20,20,20,20,20,20,20,20,20
0,1,270361,26,26,26,26,26,26,26,26,26,26
1,1,270361,0,0,18,0,0,0,16,0,0,0
1,1,270362,27,27,27,27,27,27,27,27,27,27
0,1,270363,28,13,0,0,19,0,0,27,0,0
1,1,270363,0,12,10,0,5,0,0,4,0,8
1,1,270364,0,0,0,0,0,0,0,0,0,0
2,1,270364,0,0,0,0,0,0,0,0,0,0
1,1,270365,0,0,0,0,0,0,0,0,0,0
2,1,270365,0,0,0,0,0,0,0,0,0,0
1,1,270366,0,0,0,0,0,0,0,0,0,0
2,1,270366,0,0,0,0,0,0,0,0,0,0
1,1,270367,11,11,11,11,11,11,11,11,11,11
1,1,270368,31,31,31,31,31,31,31,31,31,31
1,1,270369,0,0,0,0,0,0,0,0,0,0
2,1,270369,0,0,0,0,0,0,0,0,0,0
1,1,270370,0,0,0,0,0,0,0,0,0,0
2,1,270370,0,0,0,0,0,0,0,0,0,0
1,1,270371,19,19,19,19,19,19,19,19,19,19
2,1,270371,2,2,2,2,2,2,2,2,2,2
1,1,270372,0,0,0,0,0,0,0,0,0,0
2,1,270372,10,10,10,10,10,10,10,10,10,10
0,1,270373,0,0,0,0,0,0,0,0,0,0
1,1,270373,0,0,0,0,0,0,0,0,0,0
1,1,270374,4,4,4,4,4,4,4,4,4,4
2,1,270374,18,18,18,18,18,18,18,18,18,18
1,1,270375,0,0,0,0,0,9,0,0,0,0
2,1,270375,0,0,0,0,0,0,0,0,0,0
1,1,270376,0,0,0,0,0,0,0,0,0,0
2,1,270376,0,0,0,0,0,0,0,0,0,0
1,1,270377,0,0,0,0,0,0,0,0,0,6
1,1,270378,0,0,0,0,0,0,0,0,0,0