VEH_NO,PER_NO,ST_CASE,P1,P2,P3,P4,P5,P6,P7,P8,P9,P10
1,1,280180,1,1,1,1,1,1,1,1,1,1
1,1,280181,0,6,13,0,0,0,9,4,23,12
1,1,280182,0,0,4,10,0,0,0,0,0,0
2,1,280182,0,0,0,12,0,0,0,0,19,0
0,1,280183,12,12,12,12,12,12,12,12,12,12
1,1,280183,7,0,0,0,0,0,18,18,0,17
1,1,280184,0,0,0,0,0,0,0,0,0,0
2,1,280184,0,0,0,0,0,0,0,0,0,0
3,1,280184,0,0,0,0,0,0,7,0,0,0
1,1,280185,0,0,0,0,0,0,0,0,0,0
2,1,280185,0,7,0,0,16,0,0,15,10,0
1,1,280186,21,21,21,21,21,21,21,21,21,21
1,1,280187,0,0,0,0,41,14,0,0,0,20
1,1,280188,5,5,5,5,5,5,5,5,5,5
2,1,280188,0,0,13,0,0,0,0,0,0,0
0,1,280189,18,18,0,0,0,0,0,26,0,0
1,1,280189,9,0,16,0,0,0,0,0,0,0
1,1,280190,0,0,13,0,15,15,15,23,0,14
1,1,280191,18,21,0,0,0,16,14,0,0,0
2,1,280191,10,0,0,0,0,0,0,0,0,0
1,1,280192,15,15,15,15,15,15,15,15,15,15
1,1,280193,4,0,17,7,23,0,8,10,17,27
1,1,280194,11,11,11,11,11,11,11,11,11,11
1,1,280195,18,0,23,0,0,32,0,20,7,8
1,1,280196,0,0,0,0,0,0,0,0,0,0
1,1,280197,9,9,9,9,9,9,9,9,9,9
2,1,280197,0,22,4,0,26,20,11,0,16,2
1,1,280198,0,0,0,0,0,0,0,0,0,0
1,1,280199,0,0,0,0,0,0,0,0,0,5
2,1,280199,0,0,0,0,0,0,0,0,0,0
0,1,280200,0,0,0,0,0,0,0,0,0,0
1,1,280200,0,0,0,0,0,11,0,10,12,0
1,1,280201,0,0,0,0,0,0,0,0,0,0
2,1,280201,0,0,0,0,0,0,10,0,0,0
1,1,280202,0,0,0,0,0,0,0,0,0,0
1,1,280203,0,0,0,10,0,0,21,0,0,0
1,1,280204,17,0,13,0,0,25,18,0,0,0
1,1,280205,15,15,15,15,15,15,15,15,15,15
1,1,280206,0,0,0,0,0,0,0,0,0,0
2,1,280206,0,0,0,0,0,0,0,0,0,0
1,1,280207,22,22,22,22,22,22,22,22,22,22
1,1,280208,13,13,13,13,13,13,13,13,13,13
1,1,280209,30,30,30,30,30,30,30,30,30,30
1,1,280210,0,28,0,0,0,15,0,11,0,0
1,1,280211,0,0,0,0,0,0,0,0,0,0
2,1,280211,11,11,11,11,11,11,11,11,11,11
0,1,280212,0,17,0,13,0,0,0,0,19,22
1,1,280212,0,11,0,0,11,13,6,6,0,15
1,1,280213,0,0,0,0,13,8,0,9,13,0
1,1,280214,0,0,0,0,0,0,0,0,0,0
2,1,280214,0,0,0,0,0,0,13,0,0,22
0,1,280215,0,0,0,0,0,0,0,0,0,0
1,1,280215,0,0,0,0,0,0,0,0,0,0
1,1,280216,14,14,14,14,14,14,14,14,14,14
1,1,280217,0,0,0,0,0,0,0,20,0,0
2,1,280217,0,0,0,0,0,0,0,0,0,0
1,1,280218,25,0,0,0,0,0,23,0,12,24
1,1,280219,0,0,0,0,0,22,0,10,0,0
1,1,280220,10,10,10,10,10,10,10,10,10,10
1,1,280221,0,0,0,0,0,0,0,0,0,0
2,1,280221,0,0,0,0,0,0,0,0,0,0
1,1,280222,0,0,0,0,0,0,0,0,0,0
2,1,280222,0,0,0,0,0,0,11,0,0,14
1,1,280223,0,0,0,0,0,0,0,0,0,0
1,1,280224,20,20,20,20,20,20,20,20,20,20
1,1,280225,28,0,0,16,0,0,0,16,13,0
1,1,280226,14,14,14,14,14,14,14,14,14,14
1,1,280227,0,0,0,0,0,0,0,21,9,0
1,1,280228,13,13,13,13,13,13,13,13,13,13
1,1,280229,0,0,0,5,0,0,0,0,0,0
1,1,280230,0,22,10,0,0,0,17,8,17,0
1,1,280231,0,0,0,0,13,0,0,0,15,0
2,1,280231,12,0,9,5,5,13,7,9,0,7
1,1,280232,0,0,0,0,0,0,0,0,0,0
2,1,280232,0,0,0,0,0,0,0,0,0,0
1,1,280233,17,0,0,0,16,17,0,0,16,0
1,1,280234,35,35,35,35,35,35,35,35,35,35
1,1,280235,16,16,16,16,16,16,16,16,16,16
1,1,280236,21,0,0,0,0,0,21,0,17,25
1,1,280237,11,24,0,0,12,0,28,10,0,10
1,1,280238,5,5,5,5,5,5,5,5,5,5
1,1,280239,0,0,0,0,0,0,27,0,13,0
1,1,280240,0,0,0,0,0,0,0,0,0,0
1,1,280241,0,7,0,0,13,23,6,3,20,11
1,1,280242,0,0,0,0,0,0,0,0,0,0
1,1,280243,0,0,0,17,0,0,0,0,0,0
1,1,280244,4,4,4,4,4,4,4,4,4,4
1,1,280245,0,0,0,26,0,27,22,0,0,0
1,1,280246,0,19,0,0,0,19,0,0,17,17
2,1,280246,7,0,0,0,0,0,0,0,0,0
1,1,280247,15,15,15,15,15,15,15,15,15,15
2,1,280247,0,0,0,0,0,0,0,0,20,0
1,1,280248,0,10,0,0,9,15,14,25,11,24
1,1,280249,0,0,27,24,17,18,22,0,0,14
0,1,280250,0,0,5,14,12,0,21,28,37,5
1,1,280250,8,13,25,22,13,0,12,12,0,23
1,1,280251,5,5,5,5,5,5,5,5,5,5
2,1,280251,0,0,16,0,0,0,10,0,0,17
1,1,280252,0,0,0,25,0,19,0,0,22,0
1,1,280253,0,0,0,0,0,0,0,0,0,0
2,1,280253,0,9,0,0,0,0,0,0,0,8
3,1,280253,0,0,0,0,0,0,0,0,0,0
1,1,280254,0,0,0,0,0,0,0,0,0,0
2,1,280254,0,0,0,0,0,0,0,0,0,0
1,1,280255,0,0,0,0,0,0,0,0,0,0
2,1,280255,0,0,0,0,0,0,0,0,0,0
1,1,280256,13,0,0,14,4,24,9,0,9,0
1,1,280257,0,0,0,0,0,0,0,0,0,0
1,1,280258,0,0,0,0,0,11,0,0,11,0
1,1,280259,0,0,0,0,0,0,0,0,0,0
2,1,280259,0,12,0,0,0,0,0,28,0,0
1,1,280260,17,0,21,12,14,11,18,10,10,0
1,1,280261,0,0,0,0,0,0,0,0,0,0
1,1,280262,17,25,17,0,19,25,16,18,19,25
1,1,280263,16,18,17,0,3,14,5,15,11,46
1,1,280264,0,0,0,0,0,0,0,0,0,0
2,1,280264,0,6,0,0,27,0,0,20,25,0
1,1,280265,0,9,0,0,0,0,0,0,16,24
1,1,280266,22,25,8,15,0,0,25,21,37,12
1,1,280267,0,0,0,24,0,0,0,0,0,0
2,1,280267,0,0,0,0,0,0,0,0,0,0
1,1,280268,13,13,13,13,13,13,13,13,13,13
1,1,280269,0,0,0,0,0,0,0,0,0,0
2,1,280269,10,0,16,17,0,0,0,0,0,0
1,1,280270,15,0,21,15,10,0,30,0,0,0
0,1,280271,0,0,0,0,0,0,0,0,0,0
1,1,280271,0,21,0,0,0,0,0,0,23,0
1,1,280272,11,21,42,24,11,26,12,21,28,0
0,1,280273,0,17,0,0,0,0,0,0,6,0
1,1,280273,0,0,0,0,5,0,0,9,6,0
1,1,280274,0,7,23,19,0,0,0,0,14,14
1,1,280275,0,0,0,0,0,0,0,0,0,0
2,1,280275,0,0,23,15,0,38,7,0,10,10
1,1,280276,0,0,11,4,17,0,24,0,8,0
1,1,280277,0,24,16,19,22,0,10,29,38,27
1,1,280278,0,17,14,0,0,0,0,0,19,0
1,1,280279,0,0,0,0,0,0,0,0,0,0
1,1,280280,20,24,15,24,35,0,0,5,5,0
1,1,280281,0,0,0,0,0,0,0,0,0,0
2,1,280281,0,0,0,0,0,0,0,0,0,0
1,1,280282,30,24,21,0,0,0,14,22,0,33
1,1,280283,0,0,0,0,0,0,0,0,0,0
2,1,280283,0,16,12,0,0,18,0,0,0,0
0,1,280284,1,1,1,1,1,1,1,1,1,1
1,1,280284,0,13,0,15,8,14,0,0,0,19
1,1,280285,11,10,0,0,0,12,0,0,0,18
2,1,280285,0,0,0,21,0,0,0,0,0,15
1,1,280286,0,0,11,0,0,0,0,0,0,0
2,1,280286,0,0,0,0,8,0,0,0,0,0
1,1,280287,0,0,0,0,0,0,0,0,0,0
2,1,280287,0,0,0,0,0,0,0,0,0,0
1,1,280288,7,7,7,7,7,7,7,7,7,7
1,1,280289,0,0,0,0,0,0,0,0,0,0
1,1,280290,13,13,13,13,13,13,13,13,13,13
1,1,280291,10,9,24,0,22,0,15,0,22,17
2,1,280291,0,0,0,0,0,0,0,0,0,0
3,1,280291,9,0,0,0,0,11,0,0,0,8
1,1,280292,0,11,0,0,0,0,0,0,0,0
2,1,280292,0,0,0,0,0,0,0,0,0,9
1,1,280293,0,0,0,0,0,0,0,0,0,0
1,1,280294,0,0,0,0,0,0,0,0,0,0
2,1,280294,0,0,0,0,0,0,0,0,0,0
1,1,280295,0,0,4,0,0,5,0,0,0,0
1,1,280296,0,0,0,0,0,0,0,0,0,0
2,1,280296,0,0,0,0,0,0,0,0,0,0
1,1,280297,0,12,0,16,0,0,24,0,24,20
1,1,280298,0,0,0,0,0,0,0,0,0,0
2,1,280298,13,15,0,0,0,0,0,0,0,0
1,1,280299,20,20,20,20,20,20,20,20,20,20
1,1,280300,0,8,0,0,0,0,0,0,0,0
2,1,280300,10,0,0,0,0,0,0,0,0,5
1,1,280301,21,0,31,22,0,8,26,16,14,31
1,1,280302,0,10,0,0,22,0,0,0,0,0
2,1,280302,0,0,0,0,0,0,0,0,0,0
1,1,280303,9,16,0,23,0,0,0,21,0,0
1,1,280304,26,26,26,26,26,26,26,26,26,26
2,1,280304,0,0,0,0,0,0,0,0,0,0
1,1,280305,0,0,0,0,0,0,0,0,0,0
1,1,280306,17,23,11,21,0,13,12,8,8,21
1,1,280307,0,0,0,0,0,0,0,0,0,0
2,1,280307,0,0,0,0,0,0,0,0,0,0
1,1,280308,0,0,0,0,0,0,0,0,0,15
1,1,280309,0,0,0,0,0,0,0,0,3,0
2,1,280309,0,0,0,0,0,0,0,0,0,0
1,1,280310,0,10,16,33,26,0,15,20,0,0
1,1,280311,15,24,17,21,16,22,17,0,29,6
1,1,280312,13,0,0,27,0,13,13,20,0,14
1,1,280313,0,9,24,0,0,34,17,0,0,0
1,1,280314,0,0,0,0,0,0,0,0,0,0
2,1,280314,24,23,0,20,27,0,0,0,0,0
1,1,280315,12,0,21,0,0,16,0,10,0,0
1,1,280316,12,0,0,0,0,0,18,0,15,0
1,1,280317,12,15,0,9,29,24,18,0,14,0
1,1,280318,0,0,0,0,39,0,0,16,18,0
1,1,280319,35,0,0,7,0,0,0,0,0,0
2,1,280319,8,8,8,8,8,8,8,8,8,8
1,1,280320,0,0,0,0,0,0,0,0,0,0
2,1,280320,0,0,0,0,0,0,0,0,0,0
1,1,280321,0,0,0,0,0,8,9,0,0,0
1,1,280322,0,0,0,0,0,0,0,0,0,0
2,1,280322,0,0,0,0,0,0,0,0,0,0
1,1,280323,0,23,0,0,0,0,17,23,8,20
1,1,280324,22,22,22,22,22,22,22,22,22,22
1,1,280325,35,35,35,35,35,35,35,35,35,35
2,1,280325,0,0,0,0,0,0,0,0,0,0
1,1,280326,0,0,0,0,0,0,0,0,0,0
1,1,280327,0,0,0,0,0,0,0,0,0,0
2,1,280327,0,0,0,0,6,0,0,0,0,0
1,1,280328,0,0,0,8,12,0,9,0,14,0
1,1,280329,0,0,6,30,8,8,0,0,10,22
1,1,280330,0,0,13,0,9,0,0,0,0,0
2,1,280330,0,0,0,0,0,0,0,0,0,0
1,1,280331,16,16,16,16,16,16,16,16,16,16
1,1,280332,0,0,0,0,0,0,0,12,24,0
2,1,280332,0,0,0,0,0,0,0,0,0,0
1,1,280333,0,0,0,0,0,0,0,0,0,0
2,1,280333,0,0,0,0,0,0,0,0,0,0
1,1,280334,16,0,0,6,0,0,0,0,24,19
1,1,280335,24,24,24,24,24,24,24,24,24,24
0,1,280336,28,28,28,28,28,28,28,28,28,28
1,1,280336,0,22,0,0,8,8,10,0,0,0
1,1,280337,0,0,0,0,0,0,0,0,0,0
1,1,280338,0,0,0,0,0,0,0,0,0,0
2,1,280338,0,0,12,15,0,21,0,0,0,0
1,1,280339,3,0,0,7,12,0,23,13,10,15
1,1,280340,0,0,0,0,0,14,0,0,0,0
2,1,280340,0,20,0,0,0,0,0,0,12,0
1,1,280341,18,19,0,8,25,21,25,22,25,0
1,1,280342,0,0,0,0,0,0,0,0,0,0
2,1,280342,0,0,0,0,0,0,0,0,0,0
1,1,280343,0,0,5,0,2,0,0,0,0,0
1,1,280344,0,0,0,20,0,0,0,0,0,0
2,1,280344,8,0,0,0,0,12,0,0,20,0
1,1,280345,11,11,11,11,11,11,11,11,11,11
1,1,280346,0,0,0,0,0,0,0,0,0,0
1,1,280347,0,20,0,0,0,0,0,0,0,0
2,1,280347,0,0,0,0,0,0,0,0,0,0
1,1,280348,0,0,0,0,0,0,0,0,0,0
1,1,280349,27,27,27,27,27,27,27,27,27,27
1,1,280350,0,0,0,0,0,0,0,0,0,0
0,1,280351,12,12,12,12,12,12,12,12,12,12
1,1,280351,12,12,12,12,12,12,12,12,12,12
1,1,280352,0,0,0,0,0,0,0,0,0,3
2,1,280352,0,0,0,0,0,0,0,0,0,0
1,1,280353,14,0,0,13,5,0,0,12,20,0
1,1,280354,18,31,27,0,0,0,0,0,17,0
1,1,280355,8,8,8,8,8,8,8,8,8,8
1,1,280356,0,19,0,0,0,22,0,16,25,21
1,1,280357,20,20,20,20,20,20,20,20,20,20
1,1,280358,0,0,0,0,0,0,0,0,0,0
2,1,280358,0,0,0,0,0,0,0,0,0,0
1,1,280359,0,0,0,0,0,0,0,0,0,0
2,1,280359,0,15,16,0,0,0,0,0,13,0
1,1,280360,16,16,16,16,16,16,16,16,16,16
0,1,280361,0,0,0,0,0,0,0,0,0,0
1,1,280361,0,0,0,0,0,0,0,0,20,0
1,1,280362,29,21,12,0,11,17,23,17,0,15
0,1,280363,0,0,0,0,0,0,0,0,0,0
1,1,280363,0,0,0,0,0,0,0,0,0,0
1,1,280364,8,12,0,19,5,22,5,13,21,14
1,1,280365,0,0,0,0,0,0,0,0,0,0
2,1,280365,0,0,0,0,0,0,0,0,0,0
1,1,280366,0,0,0,0,0,0,0,0,0,0
1,1,280367,0,0,0,0,0,0,0,0,0,12
1,1,280368,0,0,0,0,0,0,0,0,0,0
2,1,280368,0,21,0,0,0,0,0,0,0,0
1,1,280369,0,0,0,0,0,0,0,0,0,0
2,1,280369,0,0,0,0,0,0,0,0,0,0
0,1,280370,0,0,0,0,0,0,0,0,0,0
1,1,280370,0,0,0,0,0,0,0,0,0,0
1,1,280371,0,0,0,0,0,0,0,0,0,0
0,1,280372,0,0,0,0,0,0,0,0,0,27
1,1,280372,0,19,0,0,0,0,21,0,0,4
1,1,280373,30,0,23,0,0,0,0,0,0,0
2,1,280373,0,0,0,0,0,16,0,9,0,0
1,1,280374,20,12,0,0,0,0,0,0,0,0
2,1,280374,0,0,7,0,16,0,0,0,0,13
3,1,280374,0,0,0,0,21,0,0,0,0,0
1,1,280375,0,0,0,16,0,0,0,0,0,0
2,1,280375,0,0,21,0,0,0,0,0,0,0
1,1,280376,0,0,22,0,11,17,0,0,0,0
2,1,280376,0,19,0,28,11,8,15,0,0,0
0,1,280377,37,37,37,37,37,37,37,37,37,37
1,1,280377,0,0,0,0,0,0,6,0,0,0
0,1,280378,0,25,14,4,0,34,0,0,28,23
1,1,280378,0,0,0,0,0,0,0,0,0,0
1,1,280379,28,13,25,20,0,13,25,0,0,0
1,1,280380,0,0,0,0,0,0,0,0,8,0
1,1,280381,9,0,17,13,0,26,15,33,29,0
1,1,280382,0,0,0,0,0,0,0,0,0,0
1,1,280383,17,0,15,0,15,10,12,0,0,0
0,1,280384,0,0,0,23,14,32,25,30,0,0
1,1,280384,5,0,0,0,8,11,0,17,25,7
1,1,280385,0,0,0,0,0,0,0,0,0,0
2,1,280385,0,0,0,0,0,0,0,0,0,0
1,1,280386,15,7,0,0,8,0,15,25,22,0
1,1,280387,0,0,33,31,15,29,27,0,5,23
1,1,280388,28,13,0,12,0,24,42,17,21,10
1,1,280389,24,0,0,0,5,0,30,3,0,0
1,1,280390,0,0,0,0,0,0,0,0,0,0
2,1,280390,0,0,0,0,0,0,0,0,0,0
1,1,280391,0,0,0,0,0,0,0,0,0,0
1,1,280392,0,0,0,0,0,0,0,0,0,0
1,1,280393,11,11,11,11,11,11,11,11,11,11
2,1,280393,0,0,0,0,0,0,0,0,0,0
1,1,280394,0,7,0,0,16,24,0,21,0,0
1,1,280395,6,0,0,16,0,24,13,11,0,0
1,1,280396,8,23,27,29,14,0,24,4,20,0
1,1,280397,0,0,0,0,0,0,0,0,0,0
2,1,280397,0,0,0,0,0,0,0,0,0,0
1,1,280398,22,22,22,22,22,22,22,22,22,22
1,1,280399,0,0,0,0,0,11,17,0,5,0
1,1,280400,23,0,16,0,23,10,23,16,15,10
0,1,280401,27,27,27,27,27,27,27,27,27,27
1,1,280401,0,0,0,0,0,0,0,0,20,0
1,1,280402,9,9,9,9,9,9,9,9,9,9
1,1,280403,0,0,0,0,0,0,0,18,0,0
2,1,280403,0,0,0,0,0,0,0,0,0,0
0,1,280404,40,40,40,40,40,40,40,40,40,40
1,1,280404,12,0,17,0,0,20,0,12,0,23
1,1,280405,0,26,0,0,0,0,0,0,0,29
0,1,280406,0,0,0,0,0,0,0,0,0,0
1,1,280406,0,0,0,0,0,0,8,0,0,0
1,1,280407,12,12,12,12,12,12,12,12,12,12
2,1,280407,0,0,0,0,0,0,0,0,0,0
1,1,280408,22,22,22,22,22,22,22,22,22,22
1,1,280409,0,0,0,0,0,0,0,0,0,0
2,1,280409,0,0,0,0,0,0,0,0,0,0
1,1,280410,0,0,8,0,0,0,0,0,0,0
2,1,280410,0,0,0,0,0,0,0,0,0,0
1,1,280411,16,16,16,16,16,16,16,16,16,16
1,1,280412,0,0,0,0,0,0,0,0,0,0
2,1,280412,0,0,0,0,0,0,0,0,0,16
3,1,280412,0,0,0,0,0,0,0,0,0,0
1,1,280413,0,0,0,0,0,0,0,0,0,0
1,1,280414,0,0,0,0,0,11,0,3,0,0
1,1,280415,0,0,0,20,0,0,0,0,11,0
1,1,280416,0,0,0,0,0,0,0,0,14,0
1,1,280417,18,18,18,18,18,18,18,18,18,18
1,1,280418,0,0,0,0,0,11,0,0,22,0
1,1,280419,18,18,18,18,18,18,18,18,18,18
1,1,280420,0,0,0,0,16,8,0,0,0,0
2,1,280420,0,0,0,0,0,0,0,0,0,26
3,1,280420,0,0,0,0,0,0,0,0,0,0
1,1,280421,0,0,0,0,0,0,0,0,0,0
1,1,280422,0,0,0,0,0,0,0,0,0,0
1,1,280423,0,0,0,0,0,0,0,0,0,0
1,1,280424,23,23,23,23,23,23,23,23,23,23
1,1,280425,0,0,0,0,0,0,0,0,0,0
0,1,280426,0,0,14,0,0,0,0,0,9,19
1,1,280426,14,14,14,14,14,14,14,14,14,14
1,1,280427,0,0,0,0,0,25,0,0,0,0
2,1,280427,0,0,0,0,0,0,0,0,0,0
3,1,280427,0,0,0,0,0,0,0,0,0,0
1,1,280428,15,13,15,15,21,13,0,14,12,19
1,1,280429,2,21,17,21,12,11,4,13,0,14
1,1,280430,0,0,0,0,0,0,0,0,0,0
1,1,280431,18,18,18,18,18,18,18,18,18,18
1,1,280432,0,0,6,0,0,0,0,0,0,0
2,1,280432,0,0,0,0,0,0,0,0,0,0
1,1,280433,1,1,1,1,1,1,1,1,1,1
2,1,280433,0,0,0,0,0,0,0,0,0,0
1,1,280434,0,0,0,0,0,0,0,0,0,0
2,1,280434,0,0,0,0,0,0,0,0,0,0
1,1,280435,6,0,0,0,0,0,16,0,0,8
2,1,280435,0,0,0,0,0,0,0,0,0,0
1,1,280436,16,0,0,0,0,21,18,23,0,0
1,1,280437,0,0,0,0,0,0,0,0,0,0
1,1,280438,0,0,0,0,0,0,0,0,0,0
2,1,280438,15,15,15,15,15,15,15,15,15,15
1,1,280439,22,6,0,16,0,0,0,0,0,0
2,1,280439,0,0,0,0,0,0,0,0,0,0
1,1,280440,0,0,0,12,8,20,6,0,0,0
1,1,280441,0,19,12,0,19,0,0,0,0,21
1,1,280442,21,21,21,21,21,21,21,21,21,21
1,1,280443,25,25,25,25,25,25,25,25,25,25
1,1,280444,16,16,16,16,16,16,16,16,16,16
1,1,280445,0,20,11,0,24,16,24,32,37,0
1,1,280446,18,17,20,8,0,15,0,27,21,0
2,1,280446,16,21,14,19,0,0,0,0,0,0
1,1,280447,0,0,0,0,0,10,16,0,0,0
2,1,280447,0,0,0,0,0,0,0,17,0,0
1,1,280448,0,0,0,0,0,0,23,0,0,0
1,1,280449,0,0,0,0,0,0,0,0,0,17
1,1,280450,0,0,0,0,0,0,0,0,0,0
2,1,280450,0,0,0,0,0,0,0,0,0,0
0,1,280451,0,0,0,0,0,0,0,0,0,0
1,1,280451,30,0,0,0,0,0,0,7,0,0
1,1,280452,0,0,0,0,0,0,0,0,0,0
1,1,280453,0,0,0,0,0,0,0,0,0,0
2,1,280453,42,0,0,0,0,0,0,0,0,0
1,1,280454,22,22,22,22,22,22,22,22,22,22
1,1,280455,0,7,0,0,0,0,10,24,0,0
1,1,280456,0,0,0,0,7,0,0,0,0,0
1,1,280457,28,28,28,28,28,28,28,28,28,28
1,1,280458,0,0,10,18,16,25,28,14,10,17
1,1,280459,11,13,17,0,0,0,5,0,0,19
1,1,280460,7,7,7,7,7,7,7,7,7,7
1,1,280461,0,0,0,0,0,0,0,0,0,0
1,1,280462,0,0,8,0,0,0,7,0,0,0
1,1,280463,0,0,0,0,0,0,0,0,0,0
1,1,280464,0,0,0,0,0,23,0,0,0,0
1,1,280465,14,11,0,0,0,0,0,0,0,0
1,1,280466,27,20,0,0,0,12,20,24,0,0
1,1,280467,0,0,0,0,0,0,0,0,0,0
2,1,280467,0,0,0,0,0,0,0,0,0,4
1,1,280468,0,0,0,0,0,0,0,18,0,0
1,1,280469,11,11,11,11,11,11,11,11,11,11
1,1,280470,18,18,18,18,18,18,18,18,18,18
1,1,280471,0,0,0,0,0,0,0,0,0,0
2,1,280471,6,6,6,6,6,6,6,6,6,6
1,1,280472,0,0,0,0,0,0,0,0,0,0
1,1,280473,0,0,12,15,0,4,0,0,0,0
1,1,280474,0,0,0,0,0,0,0,0,0,0
1,1,280475,0,0,0,0,0,0,0,0,0,0
2,1,280475,0,0,0,0,0,0,0,0,0,0
1,1,280476,23,23,23,23,23,23,23,23,23,23
1,1,280477,0,0,18,0,0,0,0,0,0,0
2,1,280477,0,0,0,0,0,0,0,0,0,0
1,1,280478,0,0,0,0,0,0,0,0,0,0
2,1,280478,11,11,11,11,11,11,11,11,11,11
1,1,280479,0,0,0,0,0,0,0,0,0,0
1,1,280480,0,0,0,0,0,0,0,0,0,0
2,1,280480,0,0,0,0,0,0,0,0,0,0
1,1,280481,0,0,0,0,0,0,0,0,0,0
1,1,280482,15,0,0,0,0,17,8,0,15,0
1,1,280483,16,0,15,23,12,21,22,22,22,14
1,1,280484,18,8,0,0,18,4,0,0,0,0
0,1,280485,33,33,33,33,33,33,33,33,33,33
1,1,280485,0,0,0,6,0,0,6,8,0,0
1,1,280486,0,0,0,16,0,17,0,28,0,0
1,1,280487,0,0,0,0,0,0,0,0,0,0
0,1,280488,0,0,0,0,0,0,0,0,0,0
1,1,280488,0,0,0,0,0,0,0,0,0,0
1,1,280489,29,0,39,15,0,0,0,0,0,12
1,1,280490,13,14,0,0,0,0,0,0,25,0
1,1,280491,0,0,0,0,0,0,15,0,0,0
2,1,280491,0,0,0,0,0,0,0,0,0,0
1,1,280492,19,19,19,19,19,19,19,19,19,19
1,1,280493,18,13,21,0,20,20,13,0,4,0
1,1,280494,8,0,0,0,0,0,0,0,20,0
1,1,280495,0,0,0,0,0,23,0,5,0,0
2,1,280495,0,0,0,0,0,0,0,0,0,0
1,1,280496,0,0,0,11,14,13,0,0,0,0
2,1,280496,0,0,0,0,19,0,0,0,0,22
1,1,280497,17,28,0,25,19,20,21,13,0,20
0,1,280498,0,0,0,0,0,0,0,0,0,0
1,1,280498,0,0,0,0,0,0,0,9,0,0
1,1,280499,0,0,0,0,0,0,0,0,0,0
2,1,280499,0,0,0,0,0,0,0,0,11,0
3,1,280499,0,0,0,0,0,0,0,0,0,26
1,1,280500,19,19,19,19,19,19,19,19,19,19
1,1,280501,13,13,13,13,13,13,13,13,13,13
1,1,280502,0,0,0,0,0,0,0,0,0,0
2,1,280502,0,0,0,0,0,0,0,0,0,0
1,1,280503,0,0,0,0,0,0,0,0,0,0
2,1,280503,0,0,0,0,0,0,0,0,0,0
1,1,280504,0,23,25,0,0,0,17,0,22,0
1,1,280505,0,0,0,0,0,0,0,0,0,0
1,1,280506,0,11,7,4,0,8,12,18,0,18
2,1,280506,15,15,15,15,15,15,15,15,15,15
1,1,280507,0,0,0,0,9,0,0,0,8,0
1,1,280508,9,0,20,0,0,31,0,35,10,0
1,1,280509,0,0,0,0,10,0,0,0,0,0
1,1,280510,0,10,26,21,0,0,0,0,0,0
1,1,280511,0,0,0,0,0,0,0,0,0,0
1,1,280512,0,0,0,0,0,0,0,0,0,0
1,1,280513,0,0,0,0,27,0,0,0,0,0
2,1,280513,13,0,0,0,0,0,0,0,12,8
1,1,280514,0,7,16,27,7,7,18,20,27,0
1,1,280515,0,28,12,8,0,0,0,0,17,0
1,1,280516,0,1,14,0,6,0,0,0,0,0
2,1,280516,31,31,31,31,31,31,31,31,31,31
1,1,280517,0,0,0,0,0,0,0,0,0,0
1,1,280518,0,0,8,0,0,9,0,0,10,9
1,1,280519,17,17,17,17,17,17,17,17,17,17
2,1,280519,18,18,18,18,18,18,18,18,18,18
1,1,280520,0,0,0,0,0,0,0,0,0,0
2,1,280520,0,0,0,0,0,0,0,0,0,0
1,1,280521,17,0,22,0,0,23,0,0,0,0
2,1,280521,6,6,6,6,6,6,6,6,6,6
1,1,280522,17,0,12,17,0,13,0,0,24,0
1,1,280523,0,0,0,0,0,0,0,14,0,0
1,1,280524,0,0,0,0,0,0,0,0,0,0
2,1,280524,5,5,5,5,5,5,5,5,5,5
1,1,280525,0,0,0,0,0,0,0,0,0,0
1,1,280526,18,0,0,0,0,7,14,11,0,9
0,1,280527,0,0,0,0,0,0,0,0,8,0
1,1,280527,6,0,0,0,0,0,0,0,0,0
1,1,280528,18,18,18,18,18,18,18,18,18,18
0,1,280529,14,0,0,18,15,0,2,0,0,0
1,1,280529,0,0,0,0,0,0,0,0,0,0
0,1,280530,0,0,0,0,0,0,0,0,0,0
1,1,280530,0,0,0,0,0,0,0,0,0,0
1,1,280531,16,16,16,16,16,16,16,16,16,16
1,1,280532,0,0,0,0,0,0,0,0,0,0
2,1,280532,10,0,0,0,0,0,0,0,0,0
3,1,280532,0,0,0,0,0,0,0,0,0,0
1,1,280533,0,0,0,14,0,0,0,0,0,0
1,1,280534,0,0,0,0,0,0,0,0,0,0
2,1,280534,0,0,0,13,7,0,0,15,9,0
1,1,280535,0,0,0,0,0,0,0,0,0,0
2,1,280535,10,10,10,10,10,10,10,10,10,10
3,1,280535,0,0,0,0,0,0,0,0,33,0