VEH_NO,PER_NO,ST_CASE,P1,P2,P3,P4,P5,P6,P7,P8,P9,P10
0,1,280536,11,11,11,11,11,11,11,11,11,11
1,1,280536,0,0,0,0,0,0,0,0,0,0
1,1,280537,0,0,0,0,0,0,0,0,0,0
2,1,280537,0,0,0,0,0,0,0,0,0,0
1,1,280538,5,0,24,0,20,26,19,14,0,3
1,1,280539,0,0,0,0,0,0,0,0,0,0
2,1,280539,0,0,17,0,0,0,0,0,0,0
3,1,280539,0,0,0,0,0,0,0,0,0,0
1,1,280540,0,0,0,0,0,0,0,0,0,0
2,1,280540,0,0,0,0,0,0,0,0,0,0
1,1,280541,0,11,14,14,0,20,0,21,0,15
1,1,280542,17,21,16,32,7,20,30,27,15,15
1,1,280543,0,0,0,31,0,0,0,19,32,0
1,1,280544,0,0,0,0,0,0,0,0,0,0
1,1,280545,0,0,0,0,0,0,0,0,0,0
1,1,280546,0,0,0,0,0,0,0,0,0,21
1,1,280547,0,0,0,0,0,0,0,0,0,0
1,1,280548,0,0,0,0,0,0,0,0,0,0
1,1,280549,0,18,9,0,0,0,0,0,0,0
2,1,280549,0,0,0,0,0,0,0,0,0,0
3,1,280549,0,0,0,0,0,0,0,0,0,0
1,1,280550,0,0,0,0,0,0,0,0,0,0
2,1,280550,0,0,0,0,0,0,0,0,7,0
1,1,280551,0,0,0,0,0,9,0,0,25,0
2,1,280551,0,0,0,0,0,0,0,20,29,0
1,1,280552,0,0,0,0,0,0,0,9,0,0
2,1,280552,0,0,19,0,0,0,4,0,0,4
1,1,280553,0,0,0,0,14,0,0,0,0,0
2,1,280553,0,8,8,0,0,0,0,13,5,0
1,1,280554,0,0,0,0,0,0,0,0,0,0
2,1,280554,0,0,0,0,0,19,0,0,0,0
1,1,280555,0,0,0,0,0,0,0,0,0,0
2,1,280555,16,34,0,0,0,0,0,0,0,0
3,1,280555,0,0,12,0,0,18,0,0,12,0
1,1,280556,0,18,0,0,0,0,0,0,6,0
1,1,280557,0,0,0,0,0,0,0,0,0,0
2,1,280557,0,0,26,0,0,0,14,0,0,0
1,1,280558,24,24,24,24,24,24,24,24,24,24
1,1,280559,24,24,24,24,24,24,24,24,24,24
1,1,280560,0,31,0,0,0,0,0,0,0,0
2,1,280560,0,0,0,0,0,9,0,0,0,25
0,1,280561,0,24,0,0,0,0,0,11,12,0
1,1,280561,0,0,0,0,0,0,0,0,0,0
1,1,280562,20,20,20,20,20,20,20,20,20,20
2,1,280562,0,0,0,0,0,27,0,0,0,0
1,1,280563,0,0,6,0,0,0,12,0,12,0
0,1,280564,0,0,17,0,22,0,6,0,0,0
1,1,280564,6,0,0,0,27,0,4,0,0,0
1,1,280565,0,10,15,0,5,0,0,0,0,0
2,1,280565,14,0,25,0,0,0,0,0,0,19
1,1,280566,0,0,0,0,0,0,0,0,0,0
2,1,280566,0,0,0,0,0,0,0,0,0,0
1,1,280567,0,7,0,21,15,0,18,0,6,14
1,1,280568,0,0,0,0,0,0,0,0,0,0
2,1,280568,0,0,0,0,0,0,0,0,0,0
1,1,280569,0,0,0,0,0,0,0,0,0,0
2,1,280569,0,0,0,0,0,0,0,0,0,0
1,1,280570,15,15,15,15,15,15,15,15,15,15
1,1,280571,0,0,0,0,0,0,0,28,0,0
1,1,280572,0,0,0,0,0,0,0,0,0,0
1,1,280573,22,22,22,22,22,22,22,22,22,22
1,1,280574,0,8,0,0,15,0,16,0,0,0
2,1,280574,0,0,0,0,0,0,0,0,0,0
1,1,280575,0,0,0,0,0,0,0,0,0,0
1,1,280576,14,14,14,14,14,14,14,14,14,14
2,1,280576,0,0,0,36,0,0,0,0,16,18
1,1,280577,0,13,13,0,33,32,0,4,17,10
1,1,280578,0,13,26,0,0,0,0,0,0,0
1,1,280579,0,0,0,0,0,0,11,0,0,0
1,1,280580,0,0,0,0,0,0,0,0,0,0
2,1,280580,0,0,0,0,0,0,0,8,0,0
1,1,280581,0,0,13,0,22,0,0,0,0,0
1,1,280582,0,0,0,0,0,0,0,0,0,0
2,1,280582,0,0,0,0,0,0,0,0,0,0
1,1,280583,0,0,0,0,0,0,0,0,0,0
2,1,280583,0,0,0,0,21,0,15,0,0,0
1,1,280584,0,0,0,0,0,0,0,0,0,0
2,1,280584,0,25,0,0,0,33,0,28,0,0
1,1,280585,0,0,0,0,0,0,0,0,0,0
1,1,280586,0,0,0,0,0,0,0,0,0,0
2,1,280586,0,0,0,0,0,0,0,0,0,0
1,1,280587,46,46,46,46,46,46,46,46,46,46
0,1,280588,0,0,0,0,0,0,0,0,0,0
1,1,280588,0,0,0,0,0,0,0,0,0,0
1,1,280589,32,32,32,32,32,32,32,32,32,32
1,1,280590,0,0,0,0,0,0,0,0,0,0
1,1,280591,19,19,15,0,0,0,0,0,18,0
1,1,280592,0,0,0,0,0,0,0,0,0,0
2,1,280592,0,0,0,0,0,0,0,0,0,0
1,1,280593,0,0,0,0,0,0,0,0,0,0
2,1,280593,0,0,0,0,0,0,0,0,0,0
1,1,280594,0,0,0,0,0,0,0,0,0,0
1,1,280595,0,0,0,0,0,0,0,0,13,0
1,1,280596,12,12,12,12,12,12,12,12,12,12
2,1,280596,0,0,0,0,0,0,0,0,0,0
1,1,280597,12,0,11,7,0,0,0,0,12,0
1,1,280598,14,14,14,14,14,14,14,14,14,14
1,1,280599,0,11,22,0,19,0,40,19,0,0
2,1,280599,10,12,27,0,0,0,0,0,0,0
1,1,280600,0,0,0,0,0,0,13,0,0,0
2,1,280600,0,0,0,0,0,0,0,0,0,0
1,1,280601,14,14,14,14,14,14,14,14,14,14
1,1,280602,0,0,0,0,0,22,15,0,0,5
2,1,280602,0,0,0,0,4,0,0,0,0,0
3,1,280602,0,0,0,0,0,0,11,0,0,0
1,1,280603,6,28,0,0,0,0,2,0,0,0
2,1,280603,0,0,0,0,0,0,0,0,0,18
3,1,280603,0,0,0,0,0,0,0,0,0,0
1,1,280604,0,0,0,0,0,0,17,0,0,0
2,1,280604,0,0,0,0,0,0,0,0,0,0
1,1,280605,0,0,0,0,0,0,0,0,0,0
2,1,280605,0,0,0,0,0,0,0,0,0,0
1,1,280606,0,0,0,0,0,0,0,0,0,0
2,1,280606,0,0,0,0,0,0,0,0,0,0
0,1,280607,0,0,0,0,0,0,0,0,0,0
1,1,280607,0,0,2,0,0,0,0,0,0,0
1,1,280608,0,0,0,0,0,0,0,0,0,8
2,1,280608,0,0,0,0,0,0,0,0,0,0
1,1,280609,13,34,0,0,0,5,18,30,15,13
0,1,280610,45,0,0,0,0,0,16,0,0,0
1,1,280610,0,0,0,0,0,0,0,0,0,0
1,1,280611,12,12,12,12,12,12,12,12,12,12
0,1,280612,8,8,8,8,8,8,8,8,8,8
1,1,280612,8,8,8,8,8,8,8,8,8,8
1,1,280613,0,0,0,0,0,0,0,0,0,0
2,1,280613,0,0,6,0,0,0,0,0,0,0
1,1,280614,0,0,0,0,0,0,0,0,0,0
1,1,280615,0,0,0,0,0,0,0,0,0,0
2,1,280615,14,14,14,14,14,14,14,14,14,14
1,1,280616,0,0,0,0,24,0,0,15,0,0
2,1,280616,0,0,0,0,0,0,0,0,0,0
1,1,280617,0,0,0,0,0,0,0,0,0,0
2,1,280617,0,0,0,0,0,0,0,0,0,0
1,1,280618,4,4,4,4,4,4,4,4,4,4
1,1,280619,0,0,0,0,0,0,0,0,0,0
1,1,280620,20,0,11,0,0,0,16,0,0,23
1,1,280621,0,0,0,0,0,19,0,0,0,0
2,1,280621,0,0,0,0,0,0,0,0,0,0
3,1,280621,0,0,0,0,0,0,0,0,8,0
1,1,280622,0,0,0,10,0,5,0,0,0,0
1,1,280623,16,6,0,0,0,0,0,9,0,0
2,1,280623,0,0,0,0,0,0,0,0,0,0
1,1,280624,0,0,0,0,0,0,6,9,12,0
2,1,280624,25,0,0,0,18,9,0,0,14,14
1,1,280625,0,0,0,0,0,0,0,0,0,0
2,1,280625,0,0,0,0,14,0,0,0,0,10
1,1,280626,0,0,0,0,0,0,0,0,0,0
2,1,280626,0,0,0,0,0,0,0,0,0,0
1,1,280627,0,0,32,13,26,0,0,0,0,0
1,1,280628,0,0,0,0,0,0,0,0,0,0
1,1,280629,38,0,0,0,0,0,0,0,0,0
2,1,280629,19,0,0,0,10,0,0,0,20,0
1,1,280630,0,0,0,0,0,0,0,0,0,0
1,1,280631,0,0,0,0,0,0,0,0,0,0
2,1,280631,4,4,4,4,4,4,4,4,4,4
1,1,280632,16,17,0,0,0,17,24,21,0,11
2,1,280632,0,0,0,0,0,6,0,0,0,0
1,1,280633,0,0,0,0,0,0,0,0,0,0
1,1,280634,0,0,0,0,0,14,0,0,12,20
2,1,280634,22,22,22,22,22,22,22,22,22,22
1,1,280635,19,0,0,0,0,18,22,23,0,0
2,1,280635,12,12,12,12,12,12,12,12,12,12
1,1,280636,0,8,16,0,0,0,0,11,0,8
1,1,280637,0,0,0,0,0,0,20,0,0,23
0,1,280638,0,0,0,0,0,0,16,16,26,0
1,1,280638,0,0,11,10,0,0,0,0,0,0
1,1,280639,17,17,17,17,17,17,17,17,17,17
1,1,280640,0,0,0,0,0,0,0,0,0,0
2,1,280640,0,0,17,0,0,0,0,0,3,16
1,1,280641,20,20,20,20,20,20,20,20,20,20
1,1,280642,0,9,0,0,0,0,0,0,0,0
2,1,280642,0,0,0,0,0,0,0,0,0,0
1,1,280643,0,0,0,0,0,0,0,0,0,0
2,1,280643,0,0,0,0,0,0,0,0,0,0
1,1,280644,0,0,17,0,0,0,0,0,0,0
1,1,280645,16,16,16,16,16,16,16,16,16,16
0,1,280646,0,0,0,0,0,0,0,0,0,0
1,1,280646,36,16,0,0,0,0,0,0,0,0
1,1,280647,0,0,0,0,0,0,0,0,0,0
2,1,280647,0,0,0,0,0,0,0,10,0,0
1,1,280648,0,0,0,0,0,0,0,0,0,0
2,1,280648,0,0,0,0,0,0,0,0,0,0
3,1,280648,0,0,0,0,0,0,0,0,0,0
1,1,280649,6,6,6,6,6,6,6,6,6,6
1,1,280650,0,0,0,6,0,0,0,0,0,0
1,1,280651,11,19,18,0,5,12,17,18,9,5
1,1,280652,0,0,0,8,0,22,13,0,0,12
1,1,280653,0,0,0,0,0,0,0,0,0,0
2,1,280653,0,0,0,0,0,0,0,0,0,0
1,1,280654,0,0,0,0,0,0,0,0,0,0
1,1,280655,0,0,0,0,0,0,0,0,0,0
0,1,280656,0,0,0,13,0,0,0,7,19,0
1,1,280656,0,0,0,0,0,0,0,0,0,0
1,1,280657,18,18,18,18,18,18,18,18,18,18
1,1,280658,27,19,0,7,17,32,13,27,22,0
1,1,280659,0,0,0,0,0,0,4,0,0,0
2,1,280659,0,0,0,0,0,0,0,0,0,0
1,1,280660,0,0,0,0,0,0,0,0,0,0
2,1,280660,0,0,0,0,0,0,0,0,0,0
1,1,280661,0,26,13,3,0,0,0,0,8,0
2,1,280661,0,0,0,0,0,0,0,0,0,0
1,1,280662,0,0,0,0,0,0,15,0,0,0
1,1,280663,0,0,0,0,0,0,0,0,0,0
2,1,280663,0,0,0,0,0,0,0,0,0,0
1,1,280664,0,0,14,0,0,0,0,0,0,0
2,1,280664,0,0,0,0,0,0,0,0,0,0
1,1,280665,0,0,0,0,0,0,0,0,0,0
2,1,280665,9,0,0,14,0,0,0,0,0,0
1,1,280666,12,15,31,16,0,0,15,0,22,19
1,1,280667,0,0,0,0,0,0,0,0,0,0
1,1,280668,16,16,16,16,16,16,16,16,16,16
0,1,280669,0,0,0,0,0,0,0,0,0,0
1,1,280669,0,0,0,0,0,0,0,0,0,0
1,1,280670,0,0,0,0,0,0,0,0,0,0
2,1,280670,0,13,6,34,0,0,0,0,0,10
1,1,280671,0,0,25,0,0,0,0,0,12,0
1,1,280672,0,0,0,0,0,0,0,0,0,0
2,1,280672,0,0,0,0,0,19,0,0,0,0
1,1,280673,24,24,24,24,24,24,24,24,24,24
2,1,280673,0,0,0,0,0,0,0,0,0,0
3,1,280673,0,0,0,0,0,0,0,0,0,0
4,1,280673,0,0,0,0,0,0,0,0,0,0
0,1,280674,23,23,23,23,23,23,23,23,23,23
1,1,280674,0,0,0,0,0,0,0,0,0,0
1,1,280675,0,0,0,0,0,0,0,0,0,0
2,1,280675,16,0,0,28,0,16,0,0,0,0
1,1,280676,16,0,0,0,24,0,23,0,0,0
0,1,280677,11,11,11,11,11,11,11,11,11,11
1,1,280677,0,0,0,0,0,13,0,0,27,7
0,1,280678,0,0,0,9,8,0,38,11,0,23
1,1,280678,0,7,0,14,0,0,0,0,0,5
0,1,280679,17,12,22,8,15,20,22,0,10,12
1,1,280679,0,0,0,0,9,0,16,0,0,0
1,1,280680,0,0,0,0,0,0,0,0,0,0
2,1,280680,0,12,20,0,18,16,0,0,0,0
1,1,280681,0,0,0,0,0,0,23,0,0,0
2,1,280681,0,0,0,0,21,0,0,0,0,0
1,1,280682,0,23,21,0,0,0,0,20,0,0
0,1,280683,21,13,21,0,0,0,0,0,25,10
1,1,280683,0,0,0,0,0,0,0,12,0,0
1,1,280684,0,0,0,0,0,0,0,0,0,0
2,1,280684,0,0,0,0,0,0,28,0,0,0
0,1,280685,19,19,19,19,19,19,19,19,19,19
1,1,280685,0,0,0,0,0,0,0,0,0,0
1,1,280686,11,11,11,11,11,11,11,11,11,11
1,1,280687,28,28,28,28,28,28,28,28,28,28
1,1,280688,20,13,26,23,0,0,12,0,16,5
1,1,280689,0,0,0,0,0,0,0,0,0,0
2,1,280689,0,0,0,0,0,0,4,0,0,0
1,1,280690,0,0,0,14,0,0,0,0,0,0
2,1,280690,0,0,0,0,0,0,0,0,0,0
1,1,280691,17,17,17,17,17,17,17,17,17,17
1,1,280692,0,0,0,12,0,17,0,0,0,6
2,1,280692,15,0,0,0,0,0,0,0,0,0
1,1,280693,0,0,0,0,0,0,0,0,0,0
2,1,280693,0,0,0,0,0,0,0,0,0,0
1,1,280694,0,0,17,0,17,0,0,0,0,0
0,1,280695,0,25,0,0,0,0,24,30,0,0
1,1,280695,0,0,0,0,0,0,0,0,0,0
1,1,280696,0,0,0,0,0,0,0,0,0,0
2,1,280696,0,0,15,0,0,0,0,6,0,0
1,1,280697,17,20,0,29,18,11,0,20,23,7
1,1,280698,0,0,14,0,0,0,0,10,22,0
1,1,280699,0,0,0,0,17,0,0,0,0,0
1,1,280700,0,0,0,0,0,0,0,0,0,0
2,1,280700,21,13,0,0,0,0,0,0,0,0
1,1,280701,0,17,19,3,15,37,15,17,0,0
1,1,280702,3,3,3,3,3,3,3,3,3,3
2,1,280702,13,0,4,0,11,5,0,16,0,0
1,1,280703,0,0,0,13,0,0,0,18,0,22
1,1,280704,0,0,0,0,0,0,0,0,13,0
0,1,280705,0,0,0,0,0,0,0,0,0,0
1,1,280705,0,0,0,0,0,0,0,0,0,0
1,1,280706,0,0,0,0,0,0,0,0,17,21
1,1,280707,0,0,0,0,0,0,0,0,28,20
1,1,280708,0,0,0,0,0,0,0,0,0,0
1,1,280709,0,0,0,0,0,22,0,0,0,0
2,1,280709,0,0,0,0,0,0,0,0,0,0
1,1,280710,0,0,0,0,0,0,0,0,0,0
2,1,280710,0,17,0,8,0,35,0,0,0,14
1,1,280711,0,0,0,0,0,0,0,0,0,0
1,1,280712,0,25,0,0,0,14,0,0,0,16
2,1,280712,3,3,3,3,3,3,3,3,3,3
0,1,280713,0,0,38,15,0,20,0,13,0,14
1,1,280713,12,16,15,0,0,13,6,20,26,0
1,1,280714,28,0,7,14,13,21,22,17,0,30
1,1,280715,0,0,0,17,0,0,0,0,0,0
1,1,280716,0,21,0,8,0,0,0,12,7,13
1,1,280717,0,0,0,0,0,0,0,0,0,0
2,1,280717,18,0,0,0,0,0,0,0,0,0
1,1,280718,0,0,0,0,0,0,0,0,0,0
2,1,280718,0,0,0,0,0,0,0,0,0,0
1,1,280719,12,0,0,0,0,25,15,0,0,0
1,1,280720,0,0,0,0,0,0,0,0,0,0
1,1,280721,26,0,0,0,0,8,30,0,16,0
1,1,280722,16,16,16,16,16,16,16,16,16,16
1,1,280723,0,0,0,0,0,0,0,0,0,0
1,1,280724,0,0,0,0,0,0,0,0,0,0
2,1,280724,0,0,0,0,0,0,0,0,0,0
1,1,280725,0,0,0,0,0,0,0,0,0,0
1,1,280726,0,0,0,0,0,20,0,0,0,0
2,1,280726,0,0,0,0,0,0,0,11,5,0
1,1,280727,0,0,0,0,0,0,0,0,0,0
2,1,280727,0,0,0,0,0,0,0,0,12,0
1,1,280728,0,34,0,11,0,0,0,14,0,19
1,1,280729,24,24,24,24,24,24,24,24,24,24
1,1,280730,20,20,20,20,20,20,20,20,20,20
1,1,280731,0,0,0,0,0,0,0,0,0,0
2,1,280731,20,21,0,0,0,0,0,0,0,0
1,1,280732,2,2,2,2,2,2,2,2,2,2
1,1,280733,23,23,23,23,23,23,23,23,23,23
0,1,280734,28,28,28,28,28,28,28,28,28,28
1,1,280734,0,0,0,0,0,0,0,0,0,0
1,1,280735,0,0,0,0,0,0,0,14,0,0
2,1,280735,28,35,10,28,33,0,0,0,26,18
1,1,280736,0,0,0,0,0,0,11,0,0,0
2,1,280736,0,0,0,0,0,10,0,0,0,0
1,1,280737,26,26,26,26,26,26,26,26,26,26
1,1,280738,0,0,0,0,0,0,0,0,0,0
2,1,280738,0,0,0,0,0,0,0,0,0,0
1,1,280739,0,0,20,15,0,16,11,17,24,0
1,1,280740,7,7,7,7,7,7,7,7,7,7
1,1,280741,0,0,40,20,0,0,48,0,0,13
1,1,280742,14,16,7,23,14,16,18,0,9,30
1,1,280743,0,15,12,13,20,0,0,18,0,0
1,1,280744,0,0,0,0,0,0,0,0,0,0
2,1,280744,0,0,0,0,0,0,0,0,0,0
3,1,280744,0,0,0,0,0,0,0,0,0,0
1,1,280745,0,0,0,0,0,0,0,0,0,0
2,1,280745,4,0,18,0,0,0,0,0,0,0
1,1,280746,0,33,0,0,0,0,0,0,0,0
1,1,280747,0,0,0,0,0,0,0,0,0,0
2,1,280747,0,0,0,0,0,0,0,0,0,0
1,1,280748,0,0,0,0,0,0,0,0,0,0
2,1,280748,0,0,0,0,0,20,0,0,19,0
1,1,280749,0,22,0,0,0,0,0,0,0,0
1,1,280750,0,0,0,0,17,0,0,0,0,0
0,1,280751,0,21,0,24,16,18,15,7,11,12
1,1,280751,0,0,0,0,0,0,0,0,0,0
1,1,280752,11,7,0,0,0,0,0,0,0,0
2,1,280752,0,0,0,0,0,0,0,0,0,0
1,1,280753,0,0,25,0,0,0,0,26,0,16
1,1,280754,5,8,21,19,14,20,8,9,9,31
1,1,280755,0,0,0,0,9,0,0,0,0,0
2,1,280755,0,21,0,0,10,0,0,0,0,0
1,1,280756,0,0,0,0,0,0,0,0,0,0
1,1,280757,17,0,21,17,12,9,12,0,22,0
1,1,280758,0,0,0,0,17,0,0,0,0,0
1,1,280759,18,0,0,0,0,0,0,0,0,23
1,1,280760,0,14,0,0,30,0,12,0,0,0
1,1,280761,0,0,0,0,0,0,0,21,0,0
2,1,280761,0,0,0,0,0,0,14,0,0,0
0,1,280762,0,8,0,0,0,0,0,0,17,14
1,1,280762,0,12,0,19,14,0,0,23,13,6
0,1,280763,12,12,12,12,12,12,12,12,12,12
1,1,280763,13,0,11,0,8,0,14,12,21,0
1,1,280764,11,0,0,0,0,0,0,0,0,0
2,1,280764,0,0,0,0,0,0,0,0,0,0
0,1,280765,0,7,0,27,22,0,20,15,24,12
1,1,280765,0,0,0,0,0,0,0,0,0,0
1,1,280766,33,33,33,33,33,33,33,33,33,33
1,1,280767,0,0,0,10,0,0,0,0,0,5
1,1,280768,0,0,0,0,0,0,0,0,0,6
2,1,280768,0,0,0,0,0,0,0,0,0,0
1,1,280769,0,11,12,14,5,4,8,0,0,13
1,1,280770,0,11,19,38,0,0,0,26,0,0
1,1,280771,0,0,0,0,0,0,0,0,0,0
2,1,280771,0,0,0,0,0,0,0,0,0,0
1,1,280772,0,0,0,0,0,0,0,0,0,0
1,1,280773,0,0,0,20,0,20,0,0,11,0
0,1,280774,0,7,0,20,11,16,0,0,15,17
1,1,280774,0,6,0,0,0,0,0,0,0,0
1,1,280775,0,0,0,0,0,12,0,0,0,0
1,1,280776,0,40,0,26,0,0,0,0,0,0
2,1,280776,0,0,0,0,0,0,0,0,0,0
1,1,280777,0,0,0,0,0,0,0,0,0,17
1,1,280778,33,33,33,33,33,33,33,33,33,33
0,1,280779,3,21,0,0,27,18,21,10,35,21
1,1,280779,6,0,0,10,11,0,7,0,8,0
1,1,280780,0,0,14,8,0,0,0,0,0,0
2,1,280780,16,16,16,16,16,16,16,16,16,16
0,1,280781,0,16,13,19,10,0,0,20,23,0
1,1,280781,8,27,0,24,0,0,28,21,0,0
1,1,280782,0,20,0,0,0,0,0,0,0,0
1,1,280783,13,19,8,25,20,27,27,0,21,0
2,1,280783,2,2,2,2,2,2,2,2,2,2
0,1,280784,0,0,16,5,0,21,0,0,23,0
1,1,280784,5,22,0,0,0,12,0,0,0,0
1,1,280785,14,14,14,14,14,14,14,14,14,14
1,1,280786,0,0,0,0,13,0,0,0,0,0
1,1,280787,0,0,0,0,0,7,13,30,12,0
1,1,280788,0,0,0,10,0,0,0,0,0,0
2,1,280788,0,0,0,0,0,0,0,0,0,0
1,1,280789,0,0,0,14,0,0,20,0,0,0
2,1,280789,0,0,0,0,0,0,0,0,19,19
1,1,280790,0,0,0,0,0,0,0,0,0,0
2,1,280790,0,0,0,0,0,0,0,0,0,0
1,1,280791,0,0,0,0,0,0,0,0,0,25
2,1,280791,0,0,0,0,0,0,0,0,10,0
1,1,280792,39,22,15,0,19,15,22,0,0,0
1,1,280793,0,0,0,0,0,0,0,0,0,0
2,1,280793,0,0,0,0,0,0,0,0,0,7
1,1,280794,0,0,2,0,17,0,14,0,0,0
1,1,280795,0,0,0,0,0,0,0,0,0,19
1,1,280796,0,0,0,0,10,11,0,10,0,0
1,1,280797,17,17,17,17,17,17,17,17,17,17
1,1,280798,0,0,0,0,0,0,0,0,0,0
1,1,280799,0,0,0,0,0,0,0,0,0,0
2,1,280799,0,0,0,0,0,5,0,0,13,0
1,1,280800,0,0,0,0,0,0,0,0,0,0
1,1,280801,0,0,19,0,0,18,22,0,0,0
1,1,280802,22,22,22,22,22,22,22,22,22,22
1,1,280803,0,0,0,0,12,13,0,0,0,0
1,1,280804,0,0,0,0,0,13,0,0,0,0
2,1,280804,0,0,0,14,8,0,0,0,0,0
1,1,290001,0,0,0,0,0,0,0,0,0,0
1,1,290002,0,0,0,0,0,0,0,0,0,0
1,1,290003,0,11,21,22,0,0,0,0,0,0
1,1,290004,0,0,0,0,0,0,0,0,0,0
2,1,290004,0,0,0,0,0,0,0,0,0,0
1,1,290005,0,0,0,0,0,0,0,0,0,0
2,1,290005,0,0,0,0,0,0,0,0,0,0
1,1,290006,0,0,0,0,0,0,0,0,0,0
2,1,290006,0,0,0,0,0,0,0,0,0,0
1,1,290007,15,15,15,15,15,15,15,15,15,15
1,1,290008,24,24,24,24,24,24,24,24,24,24
1,1,290009,13,13,13,13,13,13,13,13,13,13
1,1,290010,0,0,0,0,0,0,0,0,0,0
2,1,290010,0,0,0,0,0,0,0,0,0,0
1,1,290011,0,0,0,0,14,0,0,0,0,0
2,1,290011,0,0,0,0,0,0,0,0,0,0
1,1,290012,0,0,0,0,0,0,0,0,0,0
1,1,290013,0,0,0,0,0,0,0,0,0,0
2,1,290013,0,0,0,0,0,0,0,0,0,0
1,1,290014,0,0,0,0,0,0,0,0,0,0
1,1,290015,0,0,0,0,0,0,0,0,0,0
2,1,290015,0,0,0,0,0,0,0,0,0,0
1,1,290016,0,0,0,0,0,0,0,0,0,0
1,1,290017,16,16,16,16,16,16,16,16,16,16
1,1,290018,0,0,0,0,0,0,0,0,0,0
1,1,290019,0,0,0,0,0,0,0,0,0,0
2,1,290019,0,0,0,0,0,0,0,0,0,0
1,1,290020,0,0,0,0,0,0,0,0,0,0
1,1,290021,31,31,31,31,31,31,31,31,31,31
1,1,290022,23,33,15,20,15,29,19,15,19,36
1,1,290023,0,0,0,0,0,0,0,0,0,11
2,1,290023,0,0,0,0,0,0,0,0,0,15
1,1,290025,0,0,0,0,0,0,0,0,0,0
2,1,290025,0,0,4,0,0,0,0,0,0,0
3,1,290025,0,0,16,0,0,0,0,11,6,0
1,1,290026,0,0,0,0,0,0,0,0,0,0
2,1,290026,0,0,0,0,0,0,0,0,0,0
1,1,290027,0,0,0,0,9,0,0,0,0,0
2,1,290027,0,0,0,0,0,0,0,0,0,0
1,1,290028,0,0,0,0,0,0,18,0,0,4
2,1,290028,0,11,0,0,0,0,0,0,0,0
0,1,290029,0,0,0,0,0,0,0,0,0,12
1,1,290029,0,0,7,0,0,0,0,0,0,0
1,1,290030,0,0,0,0,0,0,0,0,0,0
1,1,290031,17,17,17,17,17,17,17,17,17,17
1,1,290032,0,0,11,0,0,0,0,0,0,0
2,1,290032,0,0,0,0,0,0,0,14,0,0
0,1,290033,38,38,38,38,38,38,38,38,38,38
1,1,290033,0,19,0,0,4,0,0,0,15,19
1,1,290034,0,0,0,0,0,19,0,28,16,0
2,1,290034,0,0,0,0,0,0,0,0,0,0
1,1,290035,0,0,0,0,0,0,0,0,0,0
2,1,290035,0,0,0,0,0,0,0,0,0,0
1,1,290036,0,0,0,0,0,0,0,0,0,0
1,1,290037,0,0,0,0,0,0,0,0,0,0
2,1,290037,0,0,0,0,0,0,0,0,0,0
1,1,290038,0,0,0,0,0,0,0,0,0,0
2,1,290038,0,0,0,0,0,0,0,0,0,0
1,1,290039,20,0,18,0,0,0,0,0,22,0
2,1,290039,0,0,0,0,0,0,0,0,0,0
0,1,290040,0,0,0,0,0,0,0,0,0,0
1,1,290040,0,0,0,0,0,0,0,0,0,0
1,1,290041,13,13,13,13,13,13,13,13,13,13
2,1,290041,0,20,28,0,20,14,0,0,0,18
1,1,290042,0,0,0,0,0,0,0,0,0,0
1,1,290043,7,7,7,7,7,7,7,7,7,7
1,1,290044,20,20,20,20,20,20,20,20,20,20
1,1,290045,0,0,0,0,0,0,0,0,0,0
2,1,290045,0,0,0,0,0,0,0,0,0,0
1,1,290046,17,17,17,17,17,17,17,17,17,17
1,1,290047,23,23,23,23,23,23,23,23,23,23
2,1,290047,0,0,0,0,9,0,0,0,0,0
1,1,290048,4,4,4,4,4,4,4,4,4,4
1,1,290049,0,0,0,0,0,0,0,0,0,0
2,1,290049,17,17,17,17,17,17,17,17,17,17
3,1,290049,31,25,0,11,0,6,0,34,23,21
1,1,290050,0,0,0,0,0,0,0,0,0,0
2,1,290050,0,0,0,0,0,0,0,0,0,0
0,1,290051,0,0,0,0,0,0,0,0,0,0
1,1,290051,0,0,0,0,0,0,0,0,0,0
1,1,290052,0,0,0,0,0,0,0,0,0,0
0,1,290053,0,0,0,0,0,0,0,0,0,0
1,1,290054,1,1,1,1,1,1,1,1,1,1
1,1,290055,0,0,0,0,0,0,0,0,0,0
2,1,290055,0,0,0,0,0,0,0,0,0,0
0,1,290056,0,0,0,0,0,0,0,0,0,0
1,1,290056,0,0,0,23,0,0,0,13,0,0
1,1,290057,0,0,0,0,0,0,0,0,0,0
1,1,290058,0,0,0,0,0,0,0,0,0,0
2,1,290058,0,0,0,0,0,0,0,0,0,0
1,1,290059,0,0,0,0,0,0,0,0,0,0
2,1,290059,0,0,0,0,0,0,0,0,4,0
1,1,290060,4,4,4,4,4,4,4,4,4,4
1,1,290061,4,42,22,41,19,12,25,26,12,42
1,1,290062,24,24,24,24,24,24,24,24,24,24
1,1,290063,0,0,0,13,0,0,0,0,0,0
2,1,290063,0,0,0,0,0,0,0,0,0,0