VEH_NO,PER_NO,ST_CASE,P1,P2,P3,P4,P5,P6,P7,P8,P9,P10
1,1,290727,0,0,0,0,0,9,0,0,0,10
1,1,290728,21,21,21,21,21,21,21,21,21,21
1,1,290729,0,0,0,0,0,0,0,0,0,0
1,1,290730,8,8,8,8,8,8,8,8,8,8
2,1,290730,0,0,0,0,0,0,0,0,0,0
1,1,290731,0,0,0,0,0,0,0,0,0,0
1,1,290732,0,0,0,0,0,0,0,0,0,0
2,1,290732,0,0,0,0,0,0,0,0,0,0
1,1,290733,0,0,0,0,0,0,0,0,0,0
1,1,290734,0,0,0,0,0,0,0,0,0,0
2,1,290734,0,0,0,0,0,0,0,0,0,0
1,1,290735,0,0,0,0,0,0,0,0,0,0
1,1,290736,17,26,21,0,10,10,5,0,0,17
0,1,290737,0,0,0,0,0,0,0,0,0,0
1,1,290737,0,0,18,0,0,0,0,17,0,0
0,1,290738,0,0,0,0,0,0,0,0,0,0
1,1,290738,0,0,0,0,0,0,0,0,0,0
2,1,290738,0,0,0,0,0,0,7,0,0,17
3,1,290738,5,0,0,0,0,0,0,0,0,0
1,1,290739,19,0,25,17,0,0,0,0,29,0
2,1,290739,0,0,0,0,0,0,0,0,0,0
1,1,290740,19,19,19,19,19,19,19,19,19,19
1,1,290741,15,15,15,15,15,15,15,15,15,15
1,1,290742,0,0,0,0,0,0,0,0,0,0
2,1,290742,0,0,0,0,0,0,0,0,0,0
1,1,290743,0,0,0,0,0,0,0,0,0,0
2,1,290743,0,0,0,0,0,0,0,0,0,0
1,1,290744,0,0,0,0,0,0,0,0,0,0
1,1,290745,0,0,0,0,0,0,0,0,0,0
1,1,290746,18,18,18,18,18,18,18,18,18,18
1,1,290747,0,0,0,0,0,0,0,0,0,0
2,1,290747,22,22,22,22,22,22,22,22,22,22
1,1,290748,0,0,0,0,0,0,0,0,0,0
1,1,290749,11,18,21,17,22,9,35,15,34,21
1,1,290750,27,27,27,27,27,27,27,27,27,27
1,1,290751,14,14,14,14,14,14,14,14,14,14
1,1,290752,0,0,0,0,0,0,0,0,0,0
1,1,290753,0,0,0,0,0,0,0,0,0,0
1,1,290754,0,0,0,0,23,0,0,0,7,0
2,1,290754,0,0,0,0,0,0,11,0,0,0
1,1,290755,8,8,8,8,8,8,8,8,8,8
2,1,290755,0,0,0,0,0,0,0,0,0,0
1,1,290756,16,16,16,16,16,16,16,16,16,16
2,1,290756,0,0,0,0,0,0,0,0,0,0
3,1,290756,0,0,0,0,0,0,0,0,0,0
1,1,290757,12,22,0,27,0,6,0,0,8,10
1,1,290758,0,0,0,0,0,0,0,0,0,0
2,1,290758,0,0,0,0,0,0,0,0,0,0
3,1,290758,0,0,0,0,0,0,0,0,0,0
0,1,290759,0,0,0,0,0,0,0,0,0,0
0,2,290759,10,0,7,0,0,0,0,0,0,0
1,1,290759,0,0,0,0,0,0,0,0,0,0
2,1,290759,0,0,0,0,0,0,0,0,0,0
5,1,290759,0,0,0,0,0,0,0,0,0,0
0,1,290760,0,0,0,0,0,0,0,0,0,0
1,1,290760,0,0,0,0,0,0,0,0,0,0
0,1,290761,0,0,0,0,0,0,0,0,0,0
1,1,290761,18,18,18,18,18,18,18,18,18,18
1,1,290762,0,0,0,0,0,0,0,0,0,0
2,1,290762,0,0,0,0,0,0,0,0,0,0
1,1,290763,0,0,0,0,0,0,0,0,0,0
0,1,290764,0,0,0,0,0,0,0,0,0,0
1,1,290764,0,0,0,0,10,0,0,0,0,0
1,1,290765,0,0,0,0,0,0,0,0,0,0
1,1,290766,25,25,25,25,25,25,25,25,25,25
1,1,290767,22,22,22,22,22,22,22,22,22,22
1,1,290768,0,0,0,0,0,0,0,0,0,0
2,1,290768,0,0,0,0,0,0,0,0,0,0
0,1,290769,0,0,0,0,0,0,0,0,0,0
1,1,290769,10,14,5,0,13,5,25,16,11,25
1,1,290770,17,17,17,17,17,17,17,17,17,17
1,1,290771,13,13,13,13,13,13,13,13,13,13
1,1,290772,8,8,8,8,8,8,8,8,8,8
1,1,290773,0,0,0,0,0,0,0,0,0,0
2,1,290773,0,0,0,0,0,0,0,0,0,0
1,1,290774,24,24,24,24,24,24,24,24,24,24
0,1,290775,33,33,33,33,33,33,33,33,33,33
1,1,290775,0,0,0,0,0,0,14,0,0,0
1,1,290776,18,18,18,18,18,18,18,18,18,18
1,1,290777,0,0,0,0,0,0,0,0,0,0
2,1,290777,0,0,0,0,0,0,0,0,0,0
1,1,290778,0,0,14,0,0,0,0,0,0,0
1,1,290779,0,0,0,0,0,0,0,0,0,0
2,1,290779,0,0,0,0,0,0,0,0,0,0
1,1,290780,0,0,0,0,0,0,0,0,0,0
2,1,290780,0,0,0,0,0,0,0,0,0,0
3,1,290780,0,0,0,0,0,0,0,0,4,0
1,1,290781,0,0,0,0,0,0,0,0,0,0
2,1,290781,0,0,0,0,0,0,0,0,0,0
1,1,290782,22,22,22,22,22,22,22,22,22,22
1,1,290783,0,0,0,0,0,0,0,0,0,0
2,1,290783,0,0,0,0,0,0,34,0,0,0
0,1,290784,0,0,0,0,0,0,0,0,0,0
1,1,290784,0,0,0,0,0,0,0,0,0,0
1,1,290785,0,0,0,0,0,0,0,0,0,0
2,1,290785,0,0,0,0,0,0,0,0,0,0
1,1,290786,0,0,0,0,0,0,0,0,0,0
1,1,290787,22,0,0,0,20,0,28,0,0,0
2,1,290787,8,0,0,0,0,0,7,0,0,0
1,1,290788,0,0,0,0,0,0,0,0,0,0
2,1,290788,0,0,0,0,0,0,0,0,0,0
0,1,290789,3,0,0,0,0,0,0,0,0,0
0,2,290789,10,10,0,15,15,16,0,19,0,0
1,1,290789,0,0,0,0,13,0,2,0,0,0
2,1,290789,0,0,0,0,0,0,0,0,0,6
1,1,290790,23,23,23,23,23,23,23,23,23,23
2,1,290790,0,0,0,0,0,0,0,0,0,0
1,1,290791,27,7,15,19,31,21,37,40,25,20
1,1,290792,15,15,15,15,15,15,15,15,15,15
1,1,290793,15,15,15,15,15,15,15,15,15,15
1,1,290794,19,19,19,19,19,19,19,19,19,19
1,1,290795,17,17,17,17,17,17,17,17,17,17
2,1,290795,0,0,9,0,0,0,0,15,17,17
1,1,290796,0,0,0,0,0,0,0,0,0,0
1,1,290797,0,0,0,0,0,0,0,0,0,0
1,1,290798,0,0,0,0,0,0,0,0,0,0
2,1,290798,0,0,0,0,0,0,0,0,0,0
1,1,290799,0,0,0,0,0,0,0,0,0,0
2,1,290799,0,0,0,0,0,0,0,0,0,0
1,1,290800,0,0,0,0,0,0,0,0,0,0
2,1,290800,0,0,0,0,0,0,0,0,0,0
3,1,290800,0,0,0,0,0,0,0,0,0,0
1,1,290801,23,23,23,23,23,23,23,23,23,23
0,1,290802,0,0,0,0,0,0,0,0,0,0
1,1,290802,0,0,0,0,0,0,0,0,0,0
1,1,290803,0,0,0,0,0,0,0,0,0,0
2,1,290803,0,0,0,0,0,0,0,0,0,0
1,1,290804,0,0,0,0,0,0,0,0,0,0
2,1,290804,0,0,0,0,0,0,0,0,0,0
1,1,290805,4,4,4,4,4,4,4,4,4,4
0,1,290806,19,19,19,19,19,19,19,19,19,19
1,1,290806,0,0,0,0,0,0,0,0,0,0
1,1,290807,0,0,0,0,0,0,0,0,0,0
2,1,290807,0,0,0,0,0,0,0,9,0,0
1,1,290808,0,0,0,0,0,0,0,0,0,0
1,1,290809,6,0,22,0,0,0,0,12,0,0
2,1,290809,0,0,0,0,0,0,0,0,0,0
3,1,290809,0,0,0,0,0,0,12,0,0,10
1,1,290810,0,0,0,0,0,0,0,0,0,0
2,1,290810,0,0,0,0,0,0,0,0,0,0
0,1,290811,6,6,6,6,6,6,6,6,6,6
1,1,290811,0,0,11,0,3,28,24,14,0,21
0,1,290812,25,25,25,25,25,25,25,25,25,25
1,1,290813,4,4,4,4,4,4,4,4,4,4
1,1,290814,20,20,20,20,20,20,20,20,20,20
1,1,290815,0,0,0,0,0,0,0,0,0,0
2,1,290815,0,0,0,0,0,0,0,0,0,0
1,1,290816,0,0,0,0,0,0,0,0,0,0
1,1,290817,21,21,21,21,21,21,21,21,21,21
1,1,290818,0,0,11,0,0,0,0,0,0,0
2,1,290818,0,0,0,0,0,0,0,0,0,0
3,1,290818,0,0,0,0,0,0,0,0,0,0
4,1,290818,0,0,0,0,7,0,0,0,14,0
5,1,290818,0,0,0,0,0,0,0,0,0,0
6,1,290818,0,0,0,0,0,0,0,0,0,0
1,1,290819,14,14,14,14,14,14,14,14,14,14
2,1,290819,0,0,0,0,0,0,0,0,0,0
1,1,290820,0,0,0,0,0,0,0,0,0,0
1,1,290821,0,0,0,0,0,0,0,0,0,0
1,1,290822,0,0,0,0,0,0,0,0,0,0
2,1,290822,0,0,17,0,0,0,0,0,0,0
1,1,290823,0,0,0,0,0,0,0,0,0,0
1,1,290824,0,0,0,0,0,0,0,0,0,0
2,1,290824,0,0,0,0,0,0,0,0,0,0
1,1,290825,21,23,13,20,25,12,20,16,12,27
1,1,290826,0,0,0,0,0,0,0,0,0,0
2,1,290826,16,16,16,16,16,16,16,16,16,16
3,1,290826,0,0,8,7,0,0,0,0,0,0
1,1,290827,3,3,3,3,3,3,3,3,3,3
1,1,290828,24,0,0,0,11,0,0,8,0,0
1,1,290829,0,0,0,0,0,0,0,0,0,0
1,1,290830,29,29,29,29,29,29,29,29,29,29
2,1,290830,0,0,0,0,0,0,0,0,0,0
1,1,290831,0,0,0,0,0,0,0,0,0,0
2,1,290831,0,0,0,0,0,0,0,0,0,0
1,1,290832,0,0,0,0,0,0,0,0,0,12
1,1,290833,21,19,26,20,29,27,13,9,18,34
1,1,290834,15,15,15,15,15,15,15,15,15,15
1,1,290835,0,0,27,0,0,0,0,0,0,0
2,1,290835,20,0,0,0,0,0,0,0,0,0
1,1,290836,0,0,0,0,0,0,0,0,14,8
1,1,290837,21,21,21,21,21,21,21,21,21,21
0,1,290838,17,17,17,17,17,17,17,17,17,17
1,1,290838,0,0,0,0,0,0,0,0,0,0
1,1,290839,0,9,0,0,11,0,4,0,13,5
1,1,290840,0,0,0,0,0,0,0,0,0,0
1,1,290841,23,23,23,23,23,23,23,23,23,23
1,1,290842,0,0,0,0,0,0,0,0,0,0
2,1,290842,0,0,0,0,0,0,0,0,0,0
1,1,290843,0,0,0,0,0,0,0,0,0,0
2,1,290843,0,0,0,0,7,0,14,0,0,0
3,1,290843,0,0,0,0,0,0,0,0,0,14
1,1,290844,0,0,0,0,0,0,0,0,0,0
1,1,290845,41,0,0,0,0,0,0,0,14,25
1,1,290846,10,0,0,0,0,0,29,0,12,6
1,1,290847,0,0,0,0,0,0,0,0,0,0
1,1,290848,0,0,0,0,0,0,0,0,0,0
2,1,290848,0,0,0,0,0,0,0,0,0,0
1,1,290849,0,0,0,0,0,0,0,0,0,0
2,1,290849,0,0,0,0,0,0,0,0,0,0
1,1,290850,0,0,0,0,17,0,0,0,0,0
2,1,290850,0,0,0,0,0,0,0,0,0,0
1,1,290851,15,15,15,15,15,15,15,15,15,15
1,1,290852,0,6,6,15,10,7,22,0,19,21
0,1,290853,5,23,0,0,26,0,20,0,0,37
1,1,290853,15,0,0,0,0,0,0,0,0,0
1,1,290854,24,24,24,24,24,24,24,24,24,24
0,1,290855,0,0,0,0,0,0,0,0,0,0
1,1,290855,0,0,0,0,0,0,0,0,0,0
0,1,290856,0,0,0,0,0,0,0,0,0,0
1,1,290856,0,0,0,0,0,0,0,0,0,0
1,1,290857,0,0,0,0,0,0,0,0,0,0
2,1,290857,0,0,0,0,0,0,0,0,0,0
1,1,290858,14,14,14,14,14,14,14,14,14,14
1,1,290859,0,0,0,0,0,0,0,0,0,0
2,1,290859,0,0,0,0,0,0,0,0,0,0
3,1,290859,0,0,0,0,0,0,0,0,0,0
1,1,290860,33,35,9,7,6,13,13,12,9,16
1,1,290861,17,17,17,17,17,17,17,17,17,17
1,1,290862,0,0,0,0,0,0,0,0,0,0
2,1,290862,14,14,14,14,14,14,14,14,14,14
1,1,290863,0,0,0,0,0,0,0,0,0,0
2,1,290863,0,0,0,0,0,0,0,0,0,0
1,1,290864,0,0,0,0,0,0,0,0,0,0
2,1,290864,0,0,0,0,0,0,0,0,0,0
3,1,290864,0,0,0,0,0,0,0,0,0,0
1,1,290865,9,9,9,9,9,9,9,9,9,9
2,1,290865,3,3,3,3,3,3,3,3,3,3
1,1,290866,0,0,0,0,0,0,0,0,0,0
2,1,290866,0,0,0,0,0,0,0,0,0,0
1,1,290867,0,0,0,0,0,0,0,0,0,0
2,1,290867,0,0,0,0,0,0,0,0,0,0
1,1,290868,0,0,0,0,0,5,0,0,0,0
2,1,290868,0,0,0,16,1,0,0,0,0,0
1,1,290869,18,18,18,18,18,18,18,18,18,18
2,1,290869,0,0,0,0,0,0,0,0,0,0
1,1,290870,0,0,0,0,0,0,0,0,0,0
1,1,290871,0,0,0,0,0,14,0,0,0,0
2,1,290871,0,0,0,0,0,0,0,0,0,0
1,1,290872,13,13,13,13,13,13,13,13,13,13
1,1,290873,0,0,0,10,21,5,7,22,0,0
1,1,290874,0,0,0,0,0,0,0,0,0,23
1,1,290875,0,0,0,0,0,0,0,0,0,0
2,1,290875,0,0,0,0,0,0,0,0,0,0
1,1,290876,23,23,23,23,23,23,23,23,23,23
1,1,290877,0,0,0,0,0,0,0,0,0,0
1,1,290878,0,0,0,0,0,0,0,0,0,0
1,1,290879,19,19,19,19,19,19,19,19,19,19
1,1,290880,0,22,0,9,0,0,0,14,0,0
1,1,290881,0,0,0,0,0,0,0,0,0,0
0,1,290882,30,30,30,30,30,30,30,30,30,30
0,2,290882,32,0,0,0,0,22,0,0,0,0
1,1,290882,0,0,0,29,0,0,26,0,0,0
1,1,290883,24,24,24,24,24,24,24,24,24,24
1,1,290884,0,0,0,0,0,0,0,0,0,0
2,1,290884,0,0,0,0,0,0,0,0,0,22
3,1,290884,0,0,0,0,0,0,0,0,0,0
1,1,290885,18,18,18,18,18,18,18,18,18,18
1,1,290886,0,0,0,0,0,0,0,0,0,0
2,1,290886,0,0,0,0,0,0,0,0,0,0
1,1,290887,15,15,15,15,15,15,15,15,15,15
1,1,290888,0,0,0,0,0,0,0,0,0,0
2,1,290888,0,0,0,0,0,0,0,0,0,0
1,1,290889,0,0,0,0,0,0,0,0,0,0
0,1,290890,0,0,46,0,0,33,0,0,0,0
0,2,290890,0,0,0,0,0,0,0,0,0,0
1,1,290890,0,0,0,0,0,0,0,0,0,0
1,1,290891,0,0,0,0,0,0,0,0,0,0
2,1,290891,0,0,0,0,0,0,0,0,0,0
1,1,290892,24,24,24,24,24,24,24,24,24,24
2,1,290892,0,0,0,0,0,0,0,0,0,0
1,1,290893,0,0,0,0,0,0,0,0,0,0
2,1,290893,0,0,0,0,0,0,0,0,0,0
1,1,290894,0,0,0,0,0,0,0,0,0,0
2,1,290894,0,0,0,0,0,0,0,0,0,0
1,1,290895,4,4,4,4,4,4,4,4,4,4
1,1,290896,0,0,0,0,0,0,0,0,0,0
2,1,290896,0,0,0,0,0,0,0,0,0,0
1,1,290897,17,17,17,17,17,17,17,17,17,17
1,1,290898,13,13,13,13,13,13,13,13,13,13
1,1,290899,0,0,0,0,0,0,0,0,0,0
2,1,290899,0,0,0,0,0,0,0,0,0,0
1,1,290900,0,0,0,0,0,0,0,0,0,0
2,1,290900,0,0,0,0,0,11,24,0,0,0
3,1,290900,0,0,0,0,0,0,0,0,0,0
4,1,290900,0,0,0,0,0,0,0,0,0,0
1,1,290901,0,0,0,0,0,0,0,0,0,0
2,1,290901,0,0,0,0,0,0,0,0,0,0
1,1,290902,0,0,0,0,0,0,0,21,0,0
2,1,290902,0,0,0,0,0,0,0,0,0,10
1,1,290903,7,7,7,7,7,7,7,7,7,7
1,1,290904,17,0,11,28,0,0,0,16,0,0
2,1,290904,0,0,0,0,0,0,0,0,0,0
1,1,290905,0,0,0,0,0,0,0,0,0,0
1,1,290906,0,0,0,0,2,0,0,0,0,0
2,1,290906,0,0,0,0,0,0,0,0,0,0
0,1,290907,0,0,0,0,0,22,0,0,0,0
1,1,290907,0,26,0,0,0,0,0,0,0,0
1,1,290908,0,0,0,0,0,0,0,0,0,0
2,1,290908,0,0,0,0,18,0,0,0,0,0
1,1,290909,0,0,0,0,0,0,0,0,0,0
2,1,290909,0,0,0,0,0,0,0,0,0,0
1,1,300001,0,0,0,0,0,0,0,0,0,0
1,1,300002,0,0,0,0,0,0,0,0,0,0
1,1,300003,0,0,0,0,0,0,0,0,0,0
2,1,300003,0,0,0,0,0,0,0,0,0,0
1,1,300004,19,19,19,19,19,19,19,19,19,19
1,1,300005,13,13,13,13,13,13,13,13,13,13
2,1,300005,2,2,2,2,2,2,2,2,2,2
1,1,300006,9,9,9,9,9,9,9,9,9,9
1,1,300007,0,0,0,0,0,0,0,0,0,0
2,1,300007,0,0,0,0,0,0,0,0,0,0
3,1,300007,0,0,0,0,0,0,0,0,0,0
1,1,300008,0,0,0,0,0,0,0,0,0,0
2,1,300008,0,0,0,0,0,0,0,0,0,0
1,1,300009,22,22,22,22,22,22,22,22,22,22
1,1,300010,0,0,0,0,0,0,0,0,0,0
2,1,300010,0,0,0,0,0,0,0,0,0,0
1,1,300011,18,18,18,18,18,18,18,18,18,18
1,1,300012,0,0,0,0,0,0,0,0,0,0
0,1,300013,25,25,25,25,25,25,25,25,25,25
1,1,300013,7,7,7,7,7,7,7,7,7,7
1,1,300014,7,7,7,7,7,7,7,7,7,7
1,1,300015,0,0,0,0,0,0,0,0,0,0
2,1,300015,0,0,0,0,0,0,0,0,0,0
1,1,300016,22,22,22,22,22,22,22,22,22,22
2,1,300016,0,0,0,0,0,0,0,0,0,0
1,1,300017,0,0,0,0,0,0,0,0,0,0
2,1,300017,0,0,0,0,0,0,0,0,0,0
1,1,300018,0,0,0,0,0,0,0,0,0,0
2,1,300018,0,0,0,0,0,0,0,0,0,0
1,1,300019,0,0,0,0,0,0,0,0,0,0
2,1,300019,0,0,0,0,0,0,0,0,0,0
1,1,300020,0,0,0,0,0,0,0,0,0,0
1,1,300021,0,0,0,0,0,0,0,0,0,0
2,1,300021,0,0,0,0,0,0,0,0,0,0
1,1,300022,25,25,25,25,25,25,25,25,25,25
1,1,300023,0,0,0,0,0,0,0,0,0,0
1,1,300024,0,0,0,0,0,0,0,0,0,0
2,1,300024,0,0,0,0,0,0,0,0,0,0
1,1,300025,0,0,0,0,0,0,0,0,0,0
0,1,300026,0,0,0,0,0,0,0,0,0,0
1,1,300026,0,0,0,0,0,0,0,0,0,0
1,1,300027,0,0,0,0,0,0,0,0,0,0
2,1,300027,0,0,0,0,0,0,0,0,0,0
1,1,300028,0,0,0,0,0,0,0,0,0,0
1,1,300029,14,13,14,9,15,22,13,1,15,20
1,1,300030,0,0,0,0,0,0,0,0,0,0
1,1,300031,0,0,0,0,0,0,0,0,0,0
2,1,300031,0,0,0,0,0,0,0,0,0,0
1,1,300032,24,24,24,24,24,24,24,24,24,24
2,1,300032,10,10,10,10,10,10,10,10,10,10
1,1,300033,2,2,2,2,2,2,2,2,2,2
1,1,300034,17,17,17,17,17,17,17,17,17,17
1,1,300035,14,14,14,14,14,14,14,14,14,14
2,1,300035,0,0,0,0,0,0,0,0,0,0
0,1,300036,33,33,33,33,33,33,33,33,33,33
1,1,300036,0,0,0,0,0,0,0,0,0,0
1,1,300037,20,20,20,20,20,20,20,20,20,20
1,1,300038,0,0,0,0,0,0,0,0,0,0
0,1,300039,0,0,0,0,0,0,0,0,0,0
0,2,300039,0,0,0,0,0,0,3,22,17,6
1,1,300039,16,16,16,16,16,16,16,16,16,16
1,1,300040,21,21,21,21,21,21,21,21,21,21
1,1,300041,0,0,0,0,0,0,0,0,0,0
2,1,300041,0,0,0,0,0,0,0,0,0,0
1,1,300042,0,0,0,0,0,0,0,0,0,0
2,1,300042,20,20,20,20,20,20,20,20,20,20
1,1,300043,23,23,23,23,23,23,23,23,23,23
1,1,300044,0,0,0,0,0,0,0,0,0,0
2,1,300044,0,0,0,0,0,0,0,0,0,0
1,1,300045,0,0,0,0,0,0,0,0,0,0
2,1,300045,0,0,0,0,0,0,0,0,0,0
1,1,300046,31,31,31,31,31,31,31,31,31,31
1,1,300047,30,30,30,30,30,30,30,30,30,30
1,1,300048,0,0,0,0,0,0,0,0,0,0
1,1,300049,25,25,25,25,25,25,25,25,25,25
1,1,300050,0,0,0,0,0,0,0,0,0,0
1,1,300051,25,25,25,25,25,25,25,25,25,25
2,1,300051,0,0,0,0,0,0,0,0,0,0
1,1,300052,17,17,17,17,17,17,17,17,17,17
1,1,300053,0,0,0,0,0,0,0,0,0,0
1,1,300054,0,0,0,0,0,0,0,0,0,0
2,1,300054,0,0,0,0,0,0,0,0,0,0
1,1,300055,0,0,0,0,0,0,0,0,0,0
1,1,300056,0,0,0,0,0,0,0,0,0,0
1,1,300057,16,16,16,16,16,16,16,16,16,16
1,1,300058,0,0,0,0,0,0,0,0,0,0
2,1,300058,0,0,0,0,0,0,0,0,0,0
0,1,300059,7,7,7,7,7,7,7,7,7,7
1,1,300059,22,22,22,22,22,22,22,22,22,22
1,1,300060,25,25,25,25,25,25,25,25,25,25
1,1,300061,0,0,0,0,0,0,0,0,0,0
1,1,300062,0,0,0,0,0,0,0,0,0,0
1,1,300063,0,0,0,0,0,0,0,0,0,0
1,1,300064,20,20,20,20,20,20,20,20,20,20
1,2,300065,20,0,0,0,0,0,0,0,0,0
1,1,300066,24,34,8,23,11,6,29,14,22,0
1,1,300067,6,22,11,30,10,14,18,33,9,42
2,1,300067,0,0,0,0,0,0,0,0,0,0
1,1,300068,24,24,24,24,24,24,24,24,24,24
1,1,300069,12,12,12,12,12,12,12,12,12,12
1,1,300070,0,0,0,0,0,0,0,0,0,0
2,1,300070,0,0,0,0,0,0,0,0,0,0
1,1,300071,2,2,2,2,2,2,2,2,2,2
2,1,300071,0,0,0,0,0,0,0,0,0,0
1,1,300072,0,0,0,0,0,0,0,0,0,0
2,1,300072,0,0,0,0,0,0,0,0,0,0
1,1,300073,30,30,30,30,30,30,30,30,30,30
1,1,300074,0,0,0,0,0,0,0,0,0,0
1,1,300075,0,0,0,0,0,0,0,0,0,0
1,1,300076,15,15,15,15,15,15,15,15,15,15
1,1,300077,7,7,7,7,7,7,7,7,7,7
1,1,300078,9,9,9,9,9,9,9,9,9,9
1,1,300079,0,0,0,0,0,0,0,0,0,0
2,1,300079,0,0,0,0,0,0,0,0,0,0
1,1,300080,0,0,0,0,0,0,0,0,0,0
2,1,300080,0,0,0,0,0,0,0,0,0,0
1,1,300081,0,0,0,0,0,0,0,0,0,0
1,2,300082,16,16,22,0,22,9,0,0,0,0
1,1,300083,23,23,23,23,23,23,23,23,23,23
1,1,300084,10,10,10,10,10,10,10,10,10,10
1,1,300085,0,0,0,0,0,0,0,0,26,0
2,1,300085,0,0,0,0,0,0,0,0,0,10
1,1,300086,18,18,18,18,18,18,18,18,18,18
1,1,300087,0,0,0,0,0,0,0,0,0,0
1,1,300088,17,17,17,17,17,17,17,17,17,17
1,1,300089,32,32,32,32,32,32,32,32,32,32
1,1,300090,0,0,0,0,0,0,0,0,0,0
2,1,300090,0,0,0,0,0,0,0,0,0,0
1,1,300091,0,0,0,0,0,0,0,0,0,0
1,1,300092,0,0,0,0,0,0,0,0,0,0
1,1,300093,21,21,21,21,21,21,21,21,21,21
1,1,300094,0,25,0,0,0,0,0,0,0,0
1,1,300095,25,25,25,25,25,25,25,25,25,25
1,1,300096,0,0,0,0,0,0,0,0,0,0
1,1,300097,0,0,0,0,0,0,0,0,0,0
2,1,300097,0,0,0,0,0,0,0,0,0,0
1,1,300098,23,23,23,23,23,23,23,23,23,23
1,1,300099,0,2,15,18,15,15,11,19,19,7
2,1,300099,6,0,0,0,0,6,0,0,37,12
1,1,300100,30,30,30,30,30,30,30,30,30,30
0,1,300101,20,20,20,20,20,20,20,20,20,20
0,2,300101,13,13,13,13,13,13,13,13,13,13
1,1,300101,0,0,0,0,0,0,0,0,0,0
1,1,300102,19,19,19,19,19,19,19,19,19,19
1,1,300103,16,16,16,16,16,16,16,16,16,16
1,1,300104,22,22,22,22,22,22,22,22,22,22
1,1,300105,0,0,0,0,0,0,0,0,0,0
2,1,300105,0,0,0,0,0,0,0,0,0,0
1,3,300106,10,26,0,13,24,28,27,15,20,0
1,1,300107,0,0,0,0,0,0,0,0,0,0
2,1,300107,0,0,0,0,0,0,0,0,0,0
0,1,300108,19,19,19,19,19,19,19,19,19,19
1,1,300108,0,0,0,0,0,10,0,0,0,0
1,1,300109,0,0,0,0,0,0,0,0,0,0
2,1,300109,0,0,0,0,0,0,0,0,0,0
1,1,300110,0,0,0,0,0,0,0,0,0,0
0,1,300111,0,0,0,0,0,0,0,0,0,0
1,1,300111,0,0,0,0,0,0,0,0,0,0
0,1,300112,29,29,29,29,29,29,29,29,29,29
1,1,300112,0,0,0,0,0,0,0,0,0,0
1,1,300113,26,26,26,26,26,26,26,26,26,26
1,1,300114,0,0,0,0,0,0,0,0,0,0
2,1,300114,0,0,0,0,0,0,0,0,0,0
1,1,300115,8,8,8,8,8,8,8,8,8,8
1,1,300116,0,0,0,0,0,0,0,0,0,0
2,1,300116,0,0,33,0,0,0,0,0,0,0
1,1,300117,0,0,0,0,0,0,0,0,0,0
1,1,300118,0,0,0,0,0,0,0,0,0,0
0,1,300119,0,0,0,0,0,0,0,0,0,0
1,1,300119,0,0,0,0,0,0,0,0,0,0
1,1,300120,0,0,0,0,0,0,0,0,0,0
2,1,300120,0,0,0,0,0,0,0,0,0,0
0,1,300121,24,24,24,24,24,24,24,24,24,24
1,1,300121,22,0,0,0,0,0,0,0,0,0
1,1,300122,3,17,15,28,10,3,13,12,8,2
1,1,300123,0,0,0,0,0,0,0,0,0,0
2,1,300123,0,0,0,0,0,0,0,0,0,0
1,1,300124,7,7,7,7,7,7,7,7,7,7
2,1,300124,0,0,0,0,0,0,0,0,0,0
1,1,300125,0,0,0,0,0,0,0,0,0,0
2,1,300125,12,12,12,12,12,12,12,12,12,12
1,1,300126,0,0,0,0,0,0,0,0,0,0
1,1,300127,13,13,13,13,13,13,13,13,13,13
1,1,300128,0,0,0,0,0,0,0,0,0,0
1,1,300129,0,0,0,0,0,0,0,0,0,0
2,1,300129,0,0,0,0,0,0,0,0,0,0
1,1,300130,0,11,0,0,10,0,0,25,10,16
1,1,300131,0,0,0,0,0,0,0,0,0,0
1,1,300132,31,31,31,31,31,31,31,31,31,31
1,1,300133,3,3,3,3,3,3,3,3,3,3
1,1,300134,12,12,12,12,12,12,12,12,12,12
1,1,300135,0,0,0,0,0,0,0,0,0,0
1,1,300136,0,0,0,0,0,0,0,0,0,0
1,1,300137,0,0,0,0,0,0,0,0,0,0
1,1,300138,0,0,0,0,0,0,0,0,0,0
2,1,300138,0,0,0,0,0,0,0,0,0,0
1,1,300139,0,0,0,0,0,0,0,0,0,0
1,1,300140,0,0,0,0,0,0,0,0,0,0
1,1,300141,23,23,23,23,23,23,23,23,23,23
1,1,300142,0,0,0,0,0,0,0,0,0,0
2,1,300142,0,0,0,0,0,0,0,0,0,0
1,1,300143,23,23,23,23,23,23,23,23,23,23
1,1,300144,17,17,17,17,17,17,17,17,17,17
1,1,300145,0,0,19,0,0,0,0,14,0,0
0,1,300146,16,16,16,16,16,16,16,16,16,16