VEH_NO,PER_NO,ST_CASE,P1,P2,P3,P4,P5,P6,P7,P8,P9,P10
1,1,300146,15,10,5,3,5,17,6,18,19,7
1,1,300147,0,0,0,0,0,0,0,0,0,0
1,1,300148,0,0,0,0,0,0,0,0,0,0
1,1,300149,0,0,0,0,0,0,0,0,0,0
2,1,300149,0,0,0,0,0,0,0,0,0,0
1,1,300150,26,26,26,26,26,26,26,26,26,26
1,1,300151,17,17,17,17,17,17,17,17,17,17
1,1,300152,0,0,0,0,0,0,0,0,22,0
1,1,300153,0,0,0,0,0,0,0,0,0,0
1,1,300154,0,0,0,0,0,0,0,0,0,0
1,1,300155,0,0,0,0,0,0,0,0,0,0
2,1,300155,0,0,0,0,0,0,0,0,0,0
3,1,300155,0,0,0,0,0,0,0,0,0,0
4,1,300155,0,0,0,0,0,0,0,0,0,0
1,1,300156,21,21,21,21,21,21,21,21,21,21
1,1,300157,7,7,7,7,7,7,7,7,7,7
1,1,300158,0,0,0,0,0,0,0,0,0,0
1,1,300159,0,0,0,0,0,0,0,0,0,0
2,1,300159,0,0,0,0,0,0,0,0,0,0
1,1,300160,17,14,16,13,3,15,7,15,7,17
1,1,300161,0,0,0,0,0,0,0,0,0,0
1,1,300162,21,21,21,21,21,21,21,21,21,21
1,1,300163,0,0,0,0,0,0,0,0,0,0
1,1,300164,11,11,11,11,11,11,11,11,11,11
1,1,300165,4,4,4,4,4,4,4,4,4,4
1,1,300166,0,0,0,0,0,10,0,0,0,0
1,1,300167,19,19,19,19,19,19,19,19,19,19
1,1,300168,0,0,0,0,0,0,0,0,0,0
1,1,300169,0,0,0,0,0,0,0,0,0,0
2,1,300169,0,0,0,0,0,0,0,0,0,0
1,1,300170,0,0,0,0,0,0,0,0,0,0
1,1,300171,0,0,0,0,0,0,0,0,0,9
1,1,300172,0,0,0,0,0,0,0,0,0,0
1,1,300173,0,0,0,0,0,0,0,0,0,0
2,1,300173,0,0,0,0,0,0,0,0,0,0
3,1,300173,0,0,0,0,0,0,0,0,0,0
1,1,300174,13,13,13,13,13,13,13,13,13,13
1,1,300175,0,0,0,0,0,0,0,0,0,0
2,1,300175,0,0,0,0,0,0,0,0,0,0
1,1,300176,0,10,30,20,0,0,0,0,2,0
1,1,300177,0,0,0,0,0,0,0,0,0,0
2,1,300177,0,0,0,0,0,10,0,0,0,0
3,1,300177,0,0,0,0,0,0,0,0,0,0
1,1,300178,11,11,11,11,11,11,11,11,11,11
1,1,300179,0,0,0,0,0,0,0,0,0,0
1,1,300180,25,25,25,25,25,25,25,25,25,25
1,1,300181,0,0,0,0,0,0,0,0,0,0
2,1,300181,0,0,0,0,0,0,0,0,0,0
1,1,300182,0,0,0,0,0,0,0,0,0,0
2,1,300182,0,0,0,0,0,0,0,0,0,0
1,1,300183,0,0,0,13,0,0,0,0,0,0
1,1,300184,0,0,0,0,0,0,0,0,0,0
1,1,300185,26,10,12,17,11,12,26,21,12,28
1,1,300186,0,0,0,0,0,0,0,0,0,0
2,1,300186,0,0,0,0,0,0,0,0,0,0
1,1,300187,0,7,0,0,19,5,18,18,0,9
2,1,300187,0,0,0,0,0,0,0,0,0,0
1,1,300188,0,0,0,0,0,0,0,0,0,0
2,1,300188,0,0,0,0,0,0,0,0,0,0
1,1,300189,0,0,0,0,0,0,0,0,0,0
1,1,300190,0,0,0,0,0,0,0,0,0,0
1,1,300191,12,12,12,12,12,12,12,12,12,12
1,1,300192,15,15,15,15,15,15,15,15,15,15
2,1,300192,0,0,0,0,0,0,0,0,0,0
1,1,300193,33,33,33,33,33,33,33,33,33,33
1,1,300194,0,0,0,0,0,0,0,0,0,0
1,1,300195,0,0,0,0,0,0,0,0,0,0
2,1,300195,0,0,0,0,0,0,0,0,0,0
1,1,300196,17,17,17,17,17,17,17,17,17,17
1,1,300197,0,0,0,0,0,0,0,0,0,0
2,1,300197,0,0,0,0,0,0,0,0,0,0
1,1,300198,0,0,0,0,0,0,0,0,0,0
1,1,300199,16,16,16,16,16,16,16,16,16,16
1,1,300200,28,28,28,28,28,28,28,28,28,28
2,1,300200,0,0,0,0,0,0,0,0,0,0
0,1,300201,22,22,22,22,22,22,22,22,22,22
1,1,300201,0,0,0,0,0,0,0,0,0,0
1,1,300202,2,2,2,2,2,2,2,2,2,2
1,1,300203,8,8,8,8,8,8,8,8,8,8
1,1,300204,12,7,14,0,2,35,12,9,7,14
1,1,300205,22,22,22,22,22,22,22,22,22,22
1,1,300206,20,20,20,20,20,20,20,20,20,20
1,1,300207,0,0,0,0,0,0,0,0,0,0
1,1,300208,0,0,0,0,0,0,0,0,0,0
2,1,300208,0,0,0,0,0,0,0,0,0,0
1,1,300209,36,36,36,36,36,36,36,36,36,36
1,1,300210,0,0,0,0,0,0,0,0,0,0
1,1,300211,0,0,0,0,0,0,0,0,0,0
2,1,300211,0,8,0,0,0,0,0,0,0,0
1,1,300212,0,0,0,0,0,0,0,0,0,0
0,1,300213,0,0,0,0,0,0,0,0,0,0
0,2,300213,0,0,0,0,0,0,0,0,0,0
0,3,300213,0,0,0,0,0,0,0,0,0,0
1,1,300213,6,6,6,6,6,6,6,6,6,6
1,1,300214,0,0,0,0,0,0,0,0,0,0
1,1,300215,25,25,25,25,25,25,25,25,25,25
1,1,300216,24,24,24,24,24,24,24,24,24,24
1,1,300217,2,2,2,2,2,2,2,2,2,2
1,1,300218,0,0,0,0,0,0,0,0,0,0
1,1,300219,25,25,25,25,25,25,25,25,25,25
0,1,300220,0,0,0,0,0,0,0,0,0,0
1,1,300220,0,0,13,0,3,0,19,0,0,0
1,1,300221,0,0,0,0,0,0,16,0,0,0
2,1,300221,0,0,0,0,0,0,0,0,0,0
1,1,300222,23,23,23,23,23,23,23,23,23,23
1,1,300223,23,23,23,23,23,23,23,23,23,23
1,1,300224,38,38,38,38,38,38,38,38,38,38
1,1,300225,0,0,0,8,0,0,0,0,0,0
1,1,300226,0,0,0,0,0,0,0,0,0,0
2,1,300226,0,0,0,0,0,0,0,0,0,0
1,1,300227,21,21,21,21,21,21,21,21,21,21
1,1,300228,0,0,0,0,20,0,22,0,12,0
2,1,300228,0,0,0,0,0,0,0,0,0,0
1,1,300229,0,0,0,0,0,0,0,0,0,0
2,1,300229,0,0,0,0,0,0,0,0,0,0
1,1,300230,0,0,0,3,0,0,0,11,20,0
2,1,300230,0,0,0,7,0,0,0,0,0,20
1,1,300231,31,31,31,31,31,31,31,31,31,31
1,1,300232,20,28,18,23,20,19,22,8,20,15
1,1,300233,19,19,19,19,19,19,19,19,19,19
1,1,300234,15,15,15,15,15,15,15,15,15,15
1,1,300235,26,26,26,26,26,26,26,26,26,26
1,1,300236,0,0,0,0,0,0,0,0,0,0
1,1,300237,16,16,16,16,16,16,16,16,16,16
1,1,300238,0,22,0,0,0,0,0,0,0,0
1,1,300239,0,0,0,0,0,0,0,0,0,0
2,1,300239,0,0,0,0,0,0,0,0,0,0
1,1,300240,0,0,0,0,0,0,0,0,0,0
1,1,300241,0,6,0,0,0,0,0,0,0,0
1,1,300242,0,0,0,0,0,0,7,0,0,0
0,1,300243,0,0,0,0,0,0,0,0,0,0
2,1,300243,0,0,0,0,0,0,0,0,0,0
1,1,300244,28,28,28,28,28,28,28,28,28,28
1,1,300245,20,20,20,20,20,20,20,20,20,20
1,1,300246,0,0,0,0,0,0,0,0,0,0
2,1,300246,0,0,0,0,0,0,0,0,0,22
3,1,300246,0,0,12,0,0,0,0,0,0,0
1,1,300247,33,33,33,33,33,33,33,33,33,33
0,1,300248,29,29,29,29,29,29,29,29,29,29
1,1,300248,7,11,0,8,0,5,0,12,0,5
1,1,300249,10,39,16,15,12,16,34,18,10,38
1,1,300250,0,3,0,0,0,0,0,0,0,0
1,1,310001,0,0,0,0,0,0,0,0,0,0
2,1,310001,0,0,0,0,0,0,0,0,0,0
1,1,310002,0,0,0,0,0,0,0,0,0,0
2,1,310002,0,0,0,0,0,0,0,0,0,0
1,1,310003,0,0,0,0,0,0,0,0,0,0
1,1,310004,0,0,0,0,0,0,0,0,0,0
2,1,310004,0,0,0,0,0,0,0,0,0,0
1,1,310005,0,0,0,0,0,0,0,0,0,0
2,1,310005,0,0,0,0,0,0,0,0,0,0
1,1,310006,20,20,20,20,20,20,20,20,20,20
1,1,310007,0,0,0,0,0,0,0,0,0,0
2,1,310007,0,0,0,0,0,0,0,0,0,0
1,1,310008,0,0,0,0,0,0,0,0,0,0
1,1,310009,16,16,16,16,16,16,16,16,16,16
1,1,310010,0,0,0,0,0,0,0,0,0,0
2,1,310010,0,0,0,0,0,0,0,0,0,0
3,1,310010,0,0,0,0,0,0,0,0,0,0
1,1,310011,0,0,0,0,0,0,0,0,0,0
2,1,310011,0,0,0,0,0,0,0,0,0,0
1,1,310012,0,0,0,0,0,0,0,0,0,0
2,1,310012,0,0,0,0,0,0,0,0,0,0
1,1,310013,20,20,20,20,20,20,20,20,20,20
1,1,310014,0,0,0,0,0,0,0,0,0,0
2,1,310014,29,29,29,29,29,29,29,29,29,29
1,1,310015,0,0,0,0,0,0,0,0,0,0
1,1,310016,0,0,0,0,0,0,0,0,0,0
2,1,310016,0,0,0,0,0,0,0,0,0,0
1,1,310017,31,31,31,31,31,31,31,31,31,31
1,1,310018,0,0,0,0,0,0,0,0,0,0
2,1,310018,0,0,0,0,0,0,0,0,0,0
0,1,310019,30,30,30,30,30,30,30,30,30,30
1,1,310019,0,0,0,0,0,0,0,0,0,0
1,1,310020,0,0,0,0,0,0,0,0,0,0
2,1,310020,0,0,0,0,0,0,0,0,0,0
1,1,310021,0,0,0,0,0,0,0,0,0,0
2,1,310021,0,0,0,0,0,0,0,0,0,0
1,1,310022,0,0,0,0,0,0,0,0,0,0
2,1,310022,0,0,0,0,0,0,0,0,0,0
1,1,310023,0,0,0,0,0,0,0,0,0,0
2,1,310023,0,0,0,0,0,0,0,0,0,0
1,1,310024,17,17,17,17,17,17,17,17,17,17
2,1,310024,0,0,0,0,0,2,0,0,0,0
1,1,310025,0,0,0,0,0,0,0,0,0,0
2,1,310025,0,0,0,0,0,0,0,0,0,0
1,1,310026,0,0,0,0,0,0,0,0,0,0
2,1,310026,0,0,0,0,0,0,0,0,0,0
3,1,310026,0,0,0,0,0,0,0,0,0,0
4,1,310026,0,0,0,0,0,0,0,0,0,0
5,1,310026,0,0,0,0,0,0,0,0,0,0
6,1,310026,0,0,0,0,0,0,0,0,0,0
7,1,310026,0,0,0,0,0,0,0,0,0,0
8,1,310026,0,0,0,0,0,0,0,0,0,0
9,1,310026,0,0,0,0,0,0,0,0,0,0
1,1,310027,27,27,27,27,27,27,27,27,27,27
1,1,310028,0,0,0,0,0,0,0,0,0,0
2,1,310028,0,0,0,0,0,0,0,0,0,0
0,1,310029,0,0,0,0,0,0,0,0,0,0
1,1,310029,0,0,0,0,0,0,0,0,0,0
1,1,310030,0,0,0,0,0,0,0,0,0,0
2,1,310030,0,0,0,0,0,0,0,0,0,0
3,1,310030,0,0,0,0,0,0,0,0,0,0
1,1,310031,13,0,0,0,0,0,0,0,0,0
1,1,310032,0,0,0,0,0,0,0,0,0,0
1,1,310033,4,4,4,4,4,4,4,4,4,4
1,1,310034,0,0,0,0,0,0,0,0,0,0
2,1,310034,0,0,0,0,0,0,0,0,0,0
1,1,310035,0,0,0,0,0,0,0,0,0,0
2,1,310035,0,0,0,0,0,0,0,0,0,0
1,1,310036,11,20,19,17,24,9,16,21,12,21
1,1,310037,15,15,15,15,15,15,15,15,15,15
1,1,310038,7,7,7,7,7,7,7,7,7,7
1,1,310039,1,1,1,1,1,1,1,1,1,1
2,1,310039,6,6,6,6,6,6,6,6,6,6
1,1,310040,0,0,0,0,0,0,0,0,0,0
2,1,310040,0,0,0,0,0,0,0,0,0,0
1,1,310041,0,0,0,0,0,0,0,0,0,0
2,1,310041,24,24,24,24,24,24,24,24,24,24
1,1,310042,25,17,30,13,23,17,19,4,12,11
1,1,310043,0,0,0,0,0,0,0,0,0,0
2,1,310043,0,0,0,0,0,0,0,0,0,0
3,1,310043,0,0,0,0,0,0,0,0,0,0
0,1,310044,0,0,0,0,0,0,0,0,0,0
1,1,310044,0,0,0,0,0,0,0,0,0,0
1,1,310045,0,0,0,0,0,0,0,0,0,0
2,1,310045,0,0,0,0,0,0,0,0,0,0
1,1,310046,0,0,0,0,0,0,0,0,0,0
2,1,310046,0,0,0,0,0,0,0,0,0,0
1,1,310047,0,0,0,0,0,0,0,0,0,0
1,1,310048,0,0,0,0,0,0,0,0,0,0
1,1,310049,0,0,0,0,0,0,0,0,0,0
2,1,310049,0,0,0,0,0,0,0,0,0,0
1,1,310050,32,32,32,32,32,32,32,32,32,32
1,1,310051,21,21,21,21,21,21,21,21,21,21
2,1,310051,0,0,0,0,0,0,0,0,0,0
1,1,310052,0,0,0,0,0,0,0,0,0,0
1,1,310053,0,0,0,0,0,0,0,0,0,0
1,1,310054,0,0,0,0,0,0,0,0,0,0
2,1,310054,21,21,21,21,21,21,21,21,21,21
1,1,310055,0,0,0,0,0,0,0,0,0,0
2,1,310055,0,0,0,0,0,0,0,0,0,0
3,1,310055,0,0,0,0,0,0,0,0,0,0
1,1,310056,15,15,15,15,15,15,15,15,15,15
1,1,310057,0,0,0,0,0,0,0,0,0,0
2,1,310057,1,1,1,1,1,1,1,1,1,1
1,1,310058,0,0,0,0,0,0,0,0,0,0
1,1,310059,12,12,12,12,12,12,12,12,12,12
1,1,310060,23,23,23,23,23,23,23,23,23,23
1,1,310061,1,1,1,1,1,1,1,1,1,1
2,1,310061,0,0,0,0,0,0,0,0,0,0
1,1,310062,0,0,0,0,0,0,0,0,0,0
2,1,310062,0,0,0,0,0,0,0,0,0,0
3,1,310062,0,0,0,0,0,0,0,0,0,0
1,1,310063,0,0,0,0,0,0,0,0,0,0
2,1,310063,0,0,0,0,0,0,0,0,0,0
1,1,310064,0,0,0,0,0,0,0,0,0,0
2,1,310064,0,0,6,0,0,0,0,6,0,0
1,1,310065,0,0,0,0,0,0,0,0,0,0
2,1,310065,0,0,0,0,0,0,0,0,0,0
1,1,310066,0,0,0,0,0,0,0,0,0,0
1,1,310067,7,7,7,7,7,7,7,7,7,7
1,1,310068,0,0,0,0,0,0,0,0,0,0
1,1,310069,0,0,0,0,0,0,0,0,0,0
0,1,310070,0,0,0,0,0,0,0,0,0,0
1,1,310070,0,0,0,0,0,0,0,0,0,0
2,1,310070,0,0,0,0,0,0,0,0,0,0
1,1,310071,14,14,14,14,14,14,14,14,14,14
2,1,310071,9,9,9,9,9,9,9,9,9,9
1,1,310072,0,0,0,0,0,0,0,0,0,0
1,1,310073,15,15,15,15,15,15,15,15,15,15
1,1,310074,0,0,0,0,0,0,0,0,0,0
2,1,310074,0,0,0,0,0,0,0,0,0,0
1,1,310075,0,0,0,0,0,0,0,0,0,0
2,1,310075,0,0,0,0,0,0,0,0,0,0
1,1,310076,0,0,0,0,0,0,0,0,0,0
1,1,310077,15,15,15,15,15,15,15,15,15,15
1,1,310078,0,0,0,0,0,0,0,0,0,0
1,1,310079,0,0,0,0,0,0,0,0,0,0
2,1,310079,0,0,0,0,0,0,0,0,0,0
1,1,310080,14,14,14,14,14,14,14,14,14,14
2,1,310080,1,1,1,1,1,1,1,1,1,1
1,1,310081,0,0,0,0,0,0,0,0,0,0
1,1,310082,30,30,30,30,30,30,30,30,30,30
1,1,310083,21,21,21,21,21,21,21,21,21,21
1,1,310084,6,6,6,6,6,6,6,6,6,6
1,1,310085,0,0,0,0,0,0,0,0,0,0
1,1,310086,0,0,0,0,0,0,0,0,0,0
2,1,310086,0,0,0,0,0,0,0,0,0,0
1,1,310087,0,0,0,0,0,0,0,0,0,0
2,1,310087,0,0,0,0,0,0,0,0,0,0
1,1,310088,0,0,0,0,0,0,0,0,0,0
2,1,310088,0,0,0,0,0,0,0,0,0,0
3,1,310088,0,0,0,0,0,0,0,0,0,0
1,1,310089,0,0,0,0,0,0,0,0,0,0
2,1,310089,0,0,0,0,0,0,0,0,0,0
1,1,310090,0,0,0,0,0,0,0,0,0,0
2,1,310090,0,0,0,0,0,0,0,0,0,0
1,1,310091,0,0,18,0,0,0,0,0,0,0
2,1,310091,0,2,16,0,0,0,0,0,0,6
1,1,310092,0,0,0,0,0,0,0,0,0,0
2,1,310092,0,0,0,0,0,0,0,0,0,0
1,1,310093,1,1,1,1,1,1,1,1,1,1
1,1,310094,10,10,10,10,10,10,10,10,10,10
2,1,310094,15,15,15,15,15,15,15,15,15,15
1,1,310095,0,0,0,0,0,0,0,0,0,0
1,1,310096,0,0,0,0,0,0,0,0,0,0
2,1,310096,0,0,0,0,0,0,0,0,0,0
3,1,310096,0,0,0,0,0,0,0,0,0,0
1,1,310097,0,0,0,0,0,0,0,0,0,0
2,1,310097,0,0,0,0,0,0,0,0,0,0
1,1,310098,0,0,0,0,0,0,0,0,0,0
2,1,310098,0,0,0,0,0,0,0,0,0,0
1,1,310099,0,0,0,0,0,0,0,0,0,0
2,1,310099,0,0,0,0,0,0,0,0,0,0
1,1,310100,0,0,0,0,0,0,0,6,0,0
1,1,310101,0,0,0,0,0,0,0,0,0,0
2,1,310101,0,0,0,0,0,0,0,0,0,0
1,2,310102,0,0,0,0,0,0,0,0,19,0
1,1,310103,0,0,0,0,0,0,0,0,0,0
1,1,310104,20,20,20,20,20,20,20,20,20,20
1,1,310105,0,0,0,0,0,0,0,0,0,0
1,1,310106,0,0,0,0,0,0,0,0,0,0
1,1,310107,0,0,0,0,0,0,0,0,0,0
1,1,310108,0,0,0,0,0,0,0,0,0,0
2,1,310108,0,0,0,0,0,0,0,0,0,0
1,1,310109,0,0,0,0,0,0,0,0,4,0
1,1,310110,10,10,10,10,10,10,10,10,10,10
1,1,310111,8,8,8,8,8,8,8,8,8,8
1,1,310112,0,0,0,0,0,0,0,0,0,0
2,1,310112,0,0,0,0,0,0,0,0,0,0
1,1,310113,0,0,0,0,0,0,0,0,0,0
1,1,310114,0,0,0,0,0,0,0,0,0,0
1,1,310115,0,0,20,0,0,0,0,0,0,0
2,1,310115,22,19,17,33,0,8,0,21,22,0
1,1,310116,25,25,25,25,25,25,25,25,25,25
1,1,310117,0,0,0,0,0,0,0,0,0,0
2,1,310117,0,0,0,0,0,0,0,0,0,0
1,1,310118,15,15,15,15,15,15,15,15,15,15
1,1,310119,9,9,9,9,9,9,9,9,9,9
0,1,310120,0,0,0,0,0,0,0,0,0,0
1,1,310120,0,0,0,0,0,0,0,0,0,0
1,1,310121,0,0,0,0,0,0,0,0,0,0
1,1,310122,15,15,15,15,15,15,15,15,15,15
2,1,310122,11,11,11,11,11,11,11,11,11,11
1,1,310123,0,0,0,0,0,0,0,0,0,0
2,1,310123,0,0,0,0,0,0,0,0,0,0
3,1,310123,0,0,0,0,0,0,34,0,0,0
1,1,310124,0,0,0,0,0,0,0,0,0,0
1,1,310125,14,14,14,14,14,14,14,14,14,14
1,1,310126,23,23,23,23,23,23,23,23,23,23
1,1,310127,0,0,0,0,0,0,0,0,0,0
2,1,310127,0,0,0,0,0,0,0,0,0,0
3,1,310127,0,0,0,0,0,0,0,0,0,0
1,1,310128,0,0,0,0,0,0,0,0,0,0
2,1,310128,0,0,0,0,0,0,0,0,0,0
1,1,310129,20,15,0,0,0,9,20,14,0,0
1,1,310130,0,0,0,0,0,0,0,0,0,0
1,1,310131,0,0,0,0,0,0,0,0,0,0
2,1,310131,0,0,0,0,0,0,0,0,0,0
1,1,310132,0,0,0,10,0,0,0,0,0,0
2,1,310132,19,19,19,19,19,19,19,19,19,19
1,1,310133,23,23,23,23,23,23,23,23,23,23
2,1,310133,6,6,6,6,6,6,6,6,6,6
1,1,310134,0,0,0,0,0,0,0,0,0,0
2,1,310134,0,0,0,0,0,0,0,0,0,0
1,1,310135,0,0,0,0,0,0,0,0,0,0
2,1,310135,17,17,17,17,17,17,17,17,17,17
1,1,310136,14,14,14,14,14,14,14,14,14,14
2,1,310136,0,0,0,0,0,0,0,0,0,0
1,1,310137,17,17,17,17,17,17,17,17,17,17
1,1,310138,15,15,15,15,15,15,15,15,15,15
0,1,310139,12,12,12,12,12,12,12,12,12,12
1,1,310139,23,23,23,23,23,23,23,23,23,23
1,1,310140,14,14,14,14,14,14,14,14,14,14
1,1,310141,0,0,0,0,0,0,0,0,0,0
2,1,310141,12,12,12,12,12,12,12,12,12,12
3,1,310141,0,0,0,0,0,0,0,0,0,0
1,1,310142,0,0,0,0,0,0,0,0,0,0
2,1,310142,0,0,0,0,0,0,0,0,0,0
1,1,310143,0,0,0,0,0,0,0,0,0,0
1,1,310144,1,1,1,1,1,1,1,1,1,1
1,1,310145,0,0,0,0,0,0,0,0,0,0
2,1,310145,1,1,1,1,1,1,1,1,1,1
1,1,310146,24,24,24,24,24,24,24,24,24,24
1,1,310147,0,0,0,0,0,0,0,0,0,0
2,1,310147,0,0,7,0,0,0,0,0,0,0
1,1,310148,0,0,0,0,0,0,0,0,0,0
2,1,310148,0,0,0,0,0,0,0,0,0,0
3,1,310148,0,0,0,0,0,0,0,0,0,0
1,1,310149,0,0,0,0,0,0,0,0,0,0
2,1,310149,0,0,0,0,0,0,0,0,0,0
1,1,310150,0,0,0,0,0,0,0,0,0,0
1,1,310151,0,0,0,0,0,0,0,0,0,0
2,1,310151,0,0,0,0,0,0,0,0,0,0
3,1,310151,0,0,0,0,0,0,0,0,0,0
1,1,310152,12,12,12,12,12,12,12,12,12,12
1,1,310153,1,1,1,1,1,1,1,1,1,1
1,1,310154,0,0,0,0,0,0,0,0,0,0
2,1,310154,0,0,0,0,0,0,0,0,0,0
1,1,310155,0,0,0,0,0,0,0,0,0,0
1,1,310156,0,0,0,0,0,0,0,0,0,0
1,1,310157,0,0,0,0,0,0,0,0,0,0
1,1,310158,0,0,0,0,0,0,0,0,0,0
2,1,310158,0,0,0,0,0,0,0,0,0,0
1,1,310159,22,22,22,22,22,22,22,22,22,22
1,1,310160,0,0,0,0,0,0,0,0,0,0
1,1,310161,0,0,0,0,0,0,0,0,0,0
1,1,310162,0,0,0,0,0,0,0,0,0,0
1,1,310163,4,4,4,4,4,4,4,4,4,4
1,1,310164,13,13,13,13,13,13,13,13,13,13
1,1,310165,0,0,0,0,0,0,0,0,0,0
1,1,310166,16,16,16,16,16,16,16,16,16,16
1,1,310167,30,30,30,30,30,30,30,30,30,30
1,1,310168,0,0,0,0,0,0,0,0,0,0
2,1,310168,0,0,0,0,0,0,0,0,0,0
1,1,310169,0,0,0,0,0,0,0,0,0,0
2,1,310169,0,0,0,0,0,0,0,0,0,0
1,1,310170,11,11,11,11,11,11,11,11,11,11
1,1,310171,12,12,12,12,12,12,12,12,12,12
0,1,310172,0,0,0,0,0,0,0,0,0,0
0,2,310172,0,0,0,0,0,0,0,0,0,0
1,1,310172,0,6,22,19,8,6,12,11,11,25
1,1,310173,0,0,0,0,0,0,0,0,0,0
2,1,310173,0,0,0,0,0,0,0,0,0,0
1,1,310174,6,0,0,0,0,0,0,0,0,0
2,1,310174,0,0,0,0,0,0,0,0,0,0
1,1,310175,0,0,0,0,0,0,0,0,0,0
2,1,310175,0,0,0,0,0,0,0,0,0,0
1,1,310176,0,0,0,0,0,0,0,0,0,0
2,1,310176,0,0,0,0,0,0,0,0,0,0
3,1,310176,0,0,0,0,0,0,0,0,0,0
1,1,310177,29,29,29,29,29,29,29,29,29,29
1,1,310178,31,30,19,16,25,38,8,13,20,18
1,1,310179,1,1,1,1,1,1,1,1,1,1
2,1,310179,0,0,0,0,0,0,0,0,0,0
1,1,310180,15,15,15,15,15,15,15,15,15,15
1,1,310181,0,0,0,0,0,0,0,0,0,0
1,1,310182,0,0,0,0,0,0,0,0,0,0
2,1,310182,0,0,0,0,0,0,0,0,0,0
1,1,310183,0,0,0,0,0,0,0,0,0,0
2,1,310183,0,0,0,0,0,0,0,0,0,0
1,1,310184,15,15,15,15,15,15,15,15,15,15
1,1,310185,15,15,15,15,15,15,15,15,15,15
1,1,310186,0,0,0,0,0,0,0,0,0,0
1,1,310187,9,9,9,9,9,9,9,9,9,9
2,1,310187,0,0,0,0,0,0,0,0,0,0
1,1,310188,19,19,19,19,19,19,19,19,19,19
1,1,310189,0,0,0,0,0,0,0,0,0,0
0,1,310190,0,0,0,0,0,0,0,0,0,0
1,1,310191,13,21,0,37,21,12,18,21,2,9
1,1,310192,0,0,0,0,0,0,0,0,0,0
2,1,310192,0,0,0,0,0,0,0,0,0,0
1,1,310193,0,0,0,0,0,0,0,0,0,0
2,1,310193,0,0,0,0,0,0,0,0,0,0
1,1,310194,0,0,0,0,0,0,0,0,0,0
1,1,310195,0,0,0,0,0,0,0,0,0,0
2,1,310195,0,0,0,0,0,0,0,0,0,0
1,1,310196,17,17,17,17,17,17,17,17,17,17
1,1,310197,12,15,0,11,21,12,0,16,17,0
1,1,310198,0,0,0,0,0,0,0,0,0,0
1,1,310199,25,25,25,25,25,25,25,25,25,25
1,1,310200,12,12,12,12,12,12,12,12,12,12
1,1,310201,0,0,0,0,0,0,0,0,0,0
2,1,310201,0,0,0,0,0,0,0,0,0,0
1,1,310202,0,0,0,0,0,0,0,0,0,0
1,1,310203,15,15,15,15,15,15,15,15,15,15
1,1,310204,0,0,0,0,0,0,0,0,0,0
1,1,310205,0,0,0,0,0,0,0,0,0,0
2,1,310205,0,0,0,0,0,0,0,0,0,0
3,1,310205,0,0,0,0,0,0,0,0,0,21
1,1,310206,0,0,0,0,0,0,0,0,0,0
2,1,310206,0,0,0,0,0,0,0,0,0,0
1,1,310207,0,0,0,0,0,0,0,0,0,0
1,1,310208,0,0,0,0,0,0,0,0,0,0
1,1,310209,16,16,16,16,16,16,16,16,16,16
1,1,310210,0,0,0,0,0,0,0,0,0,0
2,1,310210,0,0,0,0,0,0,0,0,0,0
1,1,310211,26,26,26,26,26,26,26,26,26,26
1,1,310212,0,0,0,0,0,0,0,0,0,0
2,1,310212,0,0,0,0,0,0,0,0,0,5
1,1,310213,0,0,0,0,0,0,0,0,0,0
1,1,310214,1,1,1,1,1,1,1,1,1,1
2,1,310214,0,0,0,0,0,0,0,0,0,0
1,1,310215,0,0,0,0,0,0,0,0,0,0
2,1,310215,0,0,0,0,0,0,0,0,0,0
1,1,310216,0,0,0,0,0,0,0,0,0,0
1,1,310217,0,0,0,0,0,0,0,0,0,0
1,1,310218,0,0,0,0,0,0,0,0,0,0
1,1,310219,0,0,0,0,0,0,0,0,0,0
2,1,310219,6,6,6,6,6,6,6,6,6,6
1,1,310220,0,0,0,0,0,0,0,0,0,0
1,1,310221,0,0,0,0,0,0,0,0,0,0
2,1,310221,0,0,0,0,0,0,0,0,0,0
0,1,310222,0,0,0,0,0,0,0,0,0,0
1,1,310222,1,1,1,1,1,1,1,1,1,1
1,1,310223,0,0,0,0,0,0,0,0,0,0
2,1,310223,0,0,0,0,0,0,0,0,0,0
1,1,310224,0,0,0,0,0,0,0,0,0,0
1,1,310225,0,0,0,0,0,0,0,0,0,0
2,1,310225,0,0,0,0,0,0,0,0,0,0
1,1,310226,9,9,9,9,9,9,9,9,9,9
1,1,310227,0,0,0,0,0,0,0,0,0,0
1,1,310228,0,0,0,0,0,0,0,0,0,0
2,1,310228,0,0,0,0,0,0,0,0,0,0
1,1,310229,0,0,5,8,0,0,0,0,0,0
2,1,310229,0,0,0,0,0,0,0,0,0,9
1,1,310230,0,0,0,0,0,0,0,0,0,0
2,1,310230,0,0,0,0,0,0,0,0,0,0
1,1,320001,0,0,0,0,0,0,0,0,0,0
2,1,320001,0,0,0,0,0,0,0,0,0,0
1,1,320002,0,0,0,0,0,0,0,0,0,0