VEH_NO,PER_NO,ST_CASE,P1,P2,P3,P4,P5,P6,P7,P8,P9,P10
1,1,320305,0,0,0,0,0,0,0,0,0,0
1,1,320306,0,0,0,0,0,0,0,0,0,0
2,1,320306,0,0,0,0,0,0,0,0,0,0
1,1,320307,24,24,24,24,24,24,24,24,24,24
1,1,320308,10,10,10,10,10,10,10,10,10,10
2,1,320308,0,0,0,0,0,0,0,0,0,0
1,1,320309,0,0,0,0,0,0,0,0,0,0
1,1,320310,14,14,14,14,14,14,14,14,14,14
2,1,320310,0,0,0,0,0,0,0,0,0,0
3,1,320310,0,0,0,0,0,0,0,0,0,0
1,1,320311,0,0,0,0,0,0,0,0,0,0
2,1,320311,0,0,0,0,0,0,0,0,0,0
1,1,320312,11,12,0,9,18,6,21,31,20,17
2,1,320312,0,0,0,0,0,0,0,0,0,0
1,1,320313,0,0,0,0,0,0,0,0,0,0
2,1,320313,0,0,0,0,0,0,0,0,0,0
1,1,320314,0,0,0,0,0,0,0,0,0,0
2,1,320314,12,12,12,12,12,12,12,12,12,12
0,1,320315,18,18,18,18,18,18,18,18,18,18
1,1,320315,9,2,19,11,17,0,0,12,0,7
1,1,320316,17,17,17,17,17,17,17,17,17,17
2,1,320316,0,0,0,0,0,15,0,0,0,0
1,1,320317,14,14,14,14,14,14,14,14,14,14
2,1,320317,0,0,0,0,0,0,0,0,0,0
1,1,320318,12,12,12,12,12,12,12,12,12,12
1,1,320319,0,0,0,0,0,0,0,0,0,0
1,1,320320,14,19,11,6,10,3,10,16,9,8
1,1,320321,0,0,0,0,0,0,0,0,0,0
1,1,320322,0,0,0,0,0,0,0,0,0,0
1,1,320323,0,0,0,0,0,0,0,0,0,0
1,1,320324,2,2,2,2,2,2,2,2,2,2
2,1,320324,0,0,0,0,0,0,0,0,0,0
1,1,320325,0,0,0,0,0,0,0,0,0,0
1,1,320326,0,0,0,0,0,0,0,0,0,0
2,1,320326,10,10,10,10,10,10,10,10,10,10
1,1,320327,0,0,0,0,0,0,0,0,0,0
2,1,320327,0,0,0,0,0,0,0,0,0,0
1,1,320328,23,23,23,23,23,23,23,23,23,23
1,1,320329,0,0,0,0,0,0,0,0,0,0
1,1,320330,0,0,0,0,10,0,0,0,6,0
2,1,320330,0,0,0,0,0,0,0,0,0,0
1,1,320331,17,17,17,17,17,17,17,17,17,17
2,1,320331,0,0,0,0,0,0,0,0,0,0
1,1,320332,0,0,0,0,0,0,0,0,0,0
2,1,320332,0,0,0,0,0,0,0,0,0,0
0,1,320333,16,16,16,16,16,16,16,16,16,16
1,1,320333,0,0,0,0,0,0,0,0,0,0
1,1,320334,0,0,0,0,0,0,0,0,0,0
2,1,320334,0,0,0,0,0,0,0,0,0,0
1,1,320335,0,0,0,0,0,9,0,0,0,0
2,1,320335,0,0,0,0,0,0,0,0,0,0
3,1,320335,7,7,7,7,7,7,7,7,7,7
1,1,320336,2,2,2,2,2,2,2,2,2,2
2,1,320336,0,0,0,0,0,0,0,0,0,0
1,1,320337,10,10,10,10,10,10,10,10,10,10
2,1,320337,0,0,0,0,0,0,0,0,0,0
1,1,320338,0,0,0,0,0,0,0,0,0,0
2,1,320338,0,0,0,0,0,0,0,0,0,0
1,1,320339,0,0,0,0,0,0,0,0,0,0
2,1,320339,0,0,0,0,0,0,0,0,0,0
1,1,320340,21,21,21,21,21,21,21,21,21,21
1,1,320341,0,0,0,0,0,0,0,0,0,0
2,1,320341,0,0,0,0,0,0,0,0,0,0
1,1,320342,8,8,8,8,8,8,8,8,8,8
0,1,320343,0,0,0,0,0,0,0,0,0,0
1,1,320343,0,0,0,0,0,0,0,0,0,0
0,1,330001,45,45,45,45,45,45,45,45,45,45
1,1,330001,0,0,0,0,7,0,0,0,0,0
2,1,330001,0,0,0,0,7,0,0,0,0,0
1,1,330002,12,12,12,12,12,12,12,12,12,12
2,1,330002,0,0,0,0,0,0,0,0,0,0
1,1,330003,6,6,6,6,6,6,6,6,6,6
2,1,330003,0,0,0,0,0,0,0,0,0,0
1,1,330004,0,0,0,0,0,0,0,0,0,0
2,1,330004,0,0,0,0,0,0,0,0,0,0
1,1,330005,0,0,0,0,0,0,0,0,0,0
1,1,330006,0,0,0,0,0,0,0,0,0,0
2,1,330006,0,0,0,0,0,0,0,0,0,0
0,1,330007,0,0,0,0,0,0,0,0,0,0
1,1,330007,0,0,0,0,0,0,0,0,0,0
1,1,330008,10,10,10,10,10,10,10,10,10,10
2,1,330008,0,0,0,0,0,0,0,0,0,0
1,1,330009,0,0,0,0,0,0,0,0,0,0
2,1,330009,0,0,0,0,0,0,0,0,0,0
1,1,330010,0,0,0,0,0,0,0,0,0,0
2,1,330010,0,0,0,0,0,0,0,0,0,0
1,1,330011,0,0,7,10,0,0,0,0,0,0
2,1,330011,0,0,0,0,0,0,9,0,0,0
1,1,330012,0,0,0,0,0,0,0,0,0,0
2,1,330012,0,0,0,0,0,0,0,0,0,0
1,1,330014,0,0,0,0,0,0,0,0,0,0
2,1,330014,0,0,0,0,0,0,0,0,0,0
1,1,330015,0,0,0,0,0,0,0,0,0,0
2,1,330015,0,0,0,0,0,0,0,0,0,0
1,1,330016,4,4,4,4,4,4,4,4,4,4
1,1,330017,0,0,0,0,0,0,0,0,0,0
1,1,330018,0,0,0,0,0,0,0,0,0,0
2,1,330018,0,0,0,0,0,0,0,0,0,0
1,1,330019,0,0,0,0,0,0,0,0,0,0
1,1,330020,0,0,0,0,0,0,0,0,0,0
2,1,330020,19,0,16,0,0,17,25,0,18,17
1,1,330021,0,0,0,0,0,0,0,0,0,0
2,1,330021,3,3,3,3,3,3,3,3,3,3
1,1,330023,0,0,0,0,0,0,0,0,0,0
2,1,330023,0,0,0,0,0,0,0,0,0,0
1,1,330024,0,0,0,0,0,0,0,0,0,0
1,1,330025,0,0,0,0,0,0,0,0,0,0
2,1,330025,0,0,19,0,0,4,0,0,0,0
1,1,330027,0,0,0,0,0,0,0,0,0,0
1,1,330028,0,0,0,0,0,0,0,0,0,0
2,1,330028,0,0,0,0,0,0,0,0,0,0
1,1,330029,0,0,0,0,0,0,0,0,0,0
2,1,330029,0,0,0,0,0,0,0,0,0,0
1,1,330030,8,8,8,8,8,8,8,8,8,8
2,1,330030,0,0,0,0,0,0,0,0,0,0
3,1,330030,0,9,0,0,0,0,0,0,0,0
4,1,330030,0,0,0,0,0,0,0,0,0,0
5,1,330030,0,0,0,9,0,0,0,0,0,0
6,1,330030,0,0,25,0,0,0,1,0,0,0
1,1,330031,19,19,19,19,19,19,19,19,19,19
1,1,330032,18,0,0,0,7,0,0,11,0,17
1,1,330033,0,0,0,17,13,15,0,11,0,11
1,1,330034,0,0,0,0,0,0,0,0,0,0
1,1,330035,33,33,33,33,33,33,33,33,33,33
1,1,330036,4,4,4,4,4,4,4,4,4,4
1,1,330037,0,0,0,0,0,0,0,0,0,0
1,1,330038,16,16,16,16,16,16,16,16,16,16
1,1,330039,6,2,12,0,0,0,13,8,0,0
0,1,330040,0,0,0,0,0,0,0,0,0,0
1,1,330040,0,0,0,0,0,0,0,0,0,0
0,1,330041,0,0,0,0,0,0,0,0,0,0
1,1,330041,0,0,0,14,0,12,0,0,0,13
1,1,330042,0,0,0,0,0,0,0,0,0,0
2,1,330042,0,0,0,0,0,0,0,0,0,0
1,1,330044,0,0,0,0,0,0,0,0,0,0
1,1,330045,0,0,0,0,0,0,0,0,0,0
1,1,330046,0,0,0,0,0,0,0,0,0,0
0,1,330047,13,13,13,13,13,13,13,13,13,13
1,1,330047,0,0,0,0,0,0,0,0,0,0
1,1,330048,0,0,0,0,0,0,0,0,0,0
2,1,330048,0,0,0,0,0,0,0,0,0,0
1,1,330049,27,27,27,27,27,27,27,27,27,27
1,1,330050,20,20,20,20,20,20,20,20,20,20
1,1,330051,13,13,13,13,13,13,13,13,13,13
0,1,330052,0,0,31,0,19,0,14,0,0,0
1,1,330052,0,0,0,0,0,0,0,0,0,0
1,1,330053,5,5,5,5,5,5,5,5,5,5
1,1,330054,0,0,0,0,0,0,0,0,0,0
1,1,330055,0,0,0,0,0,0,0,0,0,0
0,1,330056,15,15,15,15,15,15,15,15,15,15
1,1,330056,25,25,25,25,25,25,25,25,25,25
1,1,330059,0,0,0,0,0,0,0,0,0,0
2,1,330059,0,0,0,0,0,0,0,0,0,8
3,1,330059,0,0,0,0,0,0,0,0,7,0
1,1,330060,0,0,9,0,0,0,8,0,0,0
2,1,330060,0,0,0,0,3,0,16,5,2,16
1,1,330061,14,14,14,14,14,14,14,14,14,14
1,1,330062,0,0,0,0,0,0,0,0,0,0
2,1,330062,0,0,0,0,0,0,0,0,0,0
1,1,330063,0,0,0,0,0,0,0,0,0,0
2,1,330063,0,0,0,0,0,0,0,0,0,0
1,1,330064,0,0,0,0,0,0,0,0,0,0
2,1,330064,0,0,0,0,0,0,0,0,0,0
1,1,330065,7,7,7,7,7,7,7,7,7,7
1,1,330066,0,0,0,0,0,0,0,0,0,0
2,1,330066,0,0,0,0,0,0,0,0,0,0
1,1,330067,0,0,0,0,0,0,0,0,0,0
1,1,330068,0,0,0,0,0,0,0,0,0,0
2,1,330068,0,0,0,0,0,0,0,0,0,0
1,1,330069,0,0,0,0,0,31,0,0,0,0
2,1,330069,0,0,0,0,0,0,0,0,0,0
3,1,330069,0,0,27,0,0,0,0,0,0,0
1,1,330070,0,0,0,0,0,0,0,0,0,0
2,1,330070,0,0,0,0,0,0,0,0,0,0
1,1,330071,0,0,0,0,0,0,0,7,0,20
2,1,330071,0,0,0,0,0,0,0,0,0,0
1,1,330072,0,0,0,0,0,0,0,0,0,0
2,1,330072,0,0,0,0,0,0,0,0,0,0
1,1,330073,0,0,0,0,0,0,0,0,0,0
2,1,330073,0,0,0,0,0,0,0,0,0,0
1,1,330074,0,0,0,0,0,0,0,0,0,0
2,1,330074,0,0,0,0,0,0,23,0,0,0
1,1,330077,0,0,0,0,0,0,0,0,0,0
1,1,330078,22,22,22,22,22,22,22,22,22,22
1,1,330079,0,0,0,0,0,0,0,0,0,0
1,1,330080,0,0,0,0,0,0,0,0,0,0
2,1,330080,0,0,0,0,0,0,0,0,0,0
1,1,330081,0,0,0,0,0,0,0,0,0,0
1,1,330082,0,0,0,0,0,0,0,0,0,0
2,1,330082,0,0,0,0,0,0,0,0,0,0
1,1,330083,0,0,7,0,0,0,0,0,0,0
1,1,330084,4,4,4,4,4,4,4,4,4,4
1,1,330085,0,0,0,0,0,0,0,0,0,0
0,1,330086,27,5,15,12,17,23,0,0,7,15
1,1,330086,0,0,0,0,0,0,0,0,0,0
1,1,330087,20,20,20,20,20,20,20,20,20,20
1,1,330088,2,2,2,2,2,2,2,2,2,2
1,1,330089,0,0,0,0,0,0,0,0,0,0
0,1,330090,0,0,0,0,0,0,0,0,0,0
1,1,330090,0,0,0,0,0,0,0,0,0,0
2,1,330090,0,0,0,0,0,0,0,0,0,0
1,1,330093,0,0,0,0,0,0,0,0,0,0
2,1,330093,0,0,0,0,0,0,0,0,0,0
1,1,330094,19,19,19,19,19,19,19,19,19,19
1,1,330095,26,26,26,26,26,26,26,26,26,26
0,1,330100,28,28,28,28,28,28,28,28,28,28
1,1,330100,0,0,19,0,0,13,13,0,6,0
1,1,330101,0,0,0,16,0,0,0,0,0,0
2,1,330101,0,0,0,0,0,0,0,0,0,0
1,1,330102,0,0,0,0,0,0,0,0,0,0
1,1,330103,13,0,0,12,0,34,0,0,0,0
1,1,330104,7,7,7,7,7,7,7,7,7,7
2,1,330104,7,0,0,0,0,6,0,11,3,0
3,1,330104,0,0,0,0,0,0,0,0,0,0
1,1,330105,0,0,0,0,0,0,0,0,0,0
2,1,330105,0,0,0,0,0,0,0,0,0,0
1,1,330106,0,0,0,0,0,0,0,0,0,0
2,1,330106,0,0,0,0,0,0,0,0,0,0
3,1,330106,0,0,0,0,0,0,0,0,0,0
1,1,330107,0,0,0,0,0,0,0,0,0,0
1,1,330108,12,12,12,12,12,12,12,12,12,12
1,1,330109,21,21,21,21,21,21,21,21,21,21
2,1,330109,0,0,0,0,0,0,0,0,0,0
1,1,330110,0,0,0,0,0,0,0,0,0,0
0,1,330111,0,0,0,0,0,0,0,0,0,0
1,1,330111,0,0,6,0,0,0,0,0,0,0
1,1,330112,26,26,26,26,26,26,26,26,26,26
1,1,330114,9,9,9,9,9,9,9,9,9,9
1,1,330115,0,0,0,0,0,0,0,0,0,0
1,1,330116,0,0,0,0,0,0,0,0,0,0
2,1,330116,8,0,2,0,0,0,0,0,0,0
0,1,330117,0,0,0,0,0,0,0,0,0,0
1,1,330117,0,0,0,0,0,0,0,0,0,0
1,1,330118,0,0,0,0,0,0,0,0,0,0
1,1,330119,0,0,0,0,0,0,0,0,0,0
2,1,330119,0,0,0,0,0,0,0,0,0,0
1,1,330120,19,19,19,19,19,19,19,19,19,19
1,1,330121,31,31,31,31,31,31,31,31,31,31
1,1,330122,17,17,17,17,17,17,17,17,17,17
1,1,330123,14,14,14,14,14,14,14,14,14,14
0,1,330126,18,18,18,18,18,18,18,18,18,18
1,1,330126,0,0,0,0,0,0,0,0,0,18
0,1,330127,0,0,0,0,0,0,0,0,0,0
1,1,330127,0,0,0,0,0,0,0,0,0,0
0,1,330128,0,0,0,0,0,0,0,0,0,0
1,1,330128,0,0,0,0,0,0,0,0,0,0
1,1,330129,18,0,19,0,0,0,0,0,0,0
2,1,330129,0,0,0,0,0,0,0,0,0,0
1,1,330130,0,0,0,0,0,0,0,0,0,0
1,1,330131,0,0,0,0,0,0,0,0,0,0
1,1,330132,15,15,15,15,15,15,15,15,15,15
1,1,330133,0,0,0,0,0,0,0,0,0,0
1,1,330134,0,0,0,0,0,0,0,0,0,0
2,1,330134,0,0,0,0,0,0,0,0,0,0
1,1,330135,17,17,17,17,17,17,17,17,17,17
1,1,330136,0,0,0,0,0,20,0,0,0,25
1,1,330137,20,20,20,20,20,20,20,20,20,20
2,1,330137,0,0,0,0,0,0,0,0,0,0
0,1,330138,0,0,0,0,0,0,0,0,0,0
1,1,330138,0,0,0,0,0,0,0,0,0,0
1,1,330140,0,0,0,0,0,0,0,0,0,0
2,1,330140,0,0,0,0,0,0,0,0,0,0
3,1,330140,0,0,0,0,0,0,0,0,0,0
1,1,340001,0,0,0,0,0,0,0,0,0,0
2,1,340001,0,0,0,0,0,0,0,0,0,0
1,1,340002,0,0,0,0,0,0,0,0,24,0
2,1,340002,0,0,0,0,0,0,0,15,0,0
1,1,340003,0,0,0,0,0,0,0,0,0,0
1,1,340005,0,0,0,0,0,0,0,0,0,0
1,1,340007,30,30,30,30,30,30,30,30,30,30
1,1,340008,10,10,10,10,10,10,10,10,10,10
1,1,340009,0,0,0,0,0,0,0,0,0,0
1,1,340010,0,0,0,0,0,0,0,0,0,0
0,1,340011,0,0,0,0,0,0,0,0,0,0
1,1,340011,0,0,0,0,4,0,0,0,0,0
2,1,340011,0,0,0,0,17,0,0,0,10,0
1,1,340012,0,0,0,0,0,0,0,0,0,0
2,1,340012,0,0,0,0,0,0,0,0,0,0
1,1,340013,0,0,0,0,0,0,0,0,0,0
1,1,340014,0,6,0,0,0,0,0,9,0,8
0,1,340015,35,35,35,35,35,35,35,35,35,35
1,1,340015,0,0,0,0,0,0,0,0,0,0
1,1,340016,0,0,0,0,0,0,0,0,0,0
0,1,340017,26,26,26,26,26,26,26,26,26,26
1,1,340017,0,0,0,0,4,0,23,0,0,0
0,1,340018,0,0,0,0,0,0,0,0,0,0
1,1,340018,0,0,0,0,0,0,0,0,0,0
1,1,340019,0,0,0,0,0,0,0,0,0,0
2,1,340019,0,0,0,0,0,0,0,0,0,0
1,1,340020,0,0,0,0,0,0,0,0,0,0
2,1,340020,0,0,0,0,0,0,0,0,0,0
3,1,340020,0,0,0,0,0,0,0,0,0,0
4,1,340020,0,0,0,0,0,0,0,0,0,0
1,1,340021,0,0,0,0,0,0,0,0,0,0
2,1,340021,0,0,3,0,0,0,0,0,0,0
1,1,340022,0,0,0,0,0,0,22,0,0,0
2,1,340022,0,0,0,0,0,0,0,0,0,0
1,1,340023,0,0,0,0,0,0,0,0,0,0
2,1,340023,11,0,0,0,0,0,0,0,0,0
0,1,340024,3,3,3,3,3,3,3,3,3,3
1,1,340024,9,0,0,0,0,0,0,0,0,0
1,1,340025,0,0,0,0,0,0,0,0,0,0
2,1,340025,0,0,0,0,0,0,0,0,0,0
1,1,340026,0,0,0,0,0,0,0,0,0,0
2,1,340026,0,0,0,0,0,0,0,0,0,0
3,1,340026,0,0,0,0,0,0,0,0,0,0
1,1,340027,0,0,0,0,0,0,0,0,9,0
2,1,340027,0,0,0,0,0,0,0,0,0,0
0,1,340028,1,1,1,1,1,1,1,1,1,1
1,1,340028,0,0,0,20,0,0,0,0,0,0
1,1,340029,0,0,0,0,0,0,0,0,0,0
2,1,340029,0,0,0,0,0,0,0,0,0,0
3,1,340029,0,0,0,0,0,0,6,0,0,0
4,1,340029,0,0,0,0,0,0,0,0,0,0
1,1,340030,0,0,0,0,0,0,0,0,0,0
2,1,340030,0,0,0,0,0,0,0,0,0,0
1,1,340031,10,10,10,10,10,10,10,10,10,10
1,1,340032,0,0,0,0,0,0,0,0,0,0
2,1,340032,0,0,0,0,0,0,0,0,0,0
1,1,340033,0,0,0,0,0,0,0,0,0,0
1,1,340034,4,4,4,4,4,4,4,4,4,4
2,1,340034,0,0,33,0,0,0,0,0,0,0
1,1,340035,0,0,0,0,0,0,0,0,0,0
2,1,340035,0,0,0,0,0,0,0,0,0,0
1,1,340036,30,30,30,30,30,30,30,30,30,30
1,1,340037,0,0,0,0,0,0,0,0,0,0
1,1,340038,5,0,0,0,0,0,0,0,0,13
1,1,340039,0,0,0,0,0,0,0,0,0,0
0,1,340040,0,0,0,0,0,0,0,0,0,0
1,1,340040,0,9,23,0,0,0,0,0,0,0
0,1,340041,0,0,0,0,0,0,0,0,0,0
1,1,340041,0,0,0,0,0,0,0,0,0,0
0,1,340042,11,16,23,0,0,16,0,12,29,0
1,1,340042,0,0,0,0,0,0,2,0,0,0
1,1,340043,0,0,0,0,0,0,0,0,0,0
2,1,340043,0,0,0,0,0,0,0,0,0,0
1,1,340044,0,0,0,0,0,0,0,0,0,0
2,1,340044,0,0,0,0,0,0,0,0,0,0
1,1,340045,0,0,0,0,0,0,0,0,0,0
1,1,340046,0,0,0,0,0,0,0,0,0,0
2,1,340046,0,0,0,0,0,0,0,0,0,0
1,1,340047,0,0,0,0,0,0,0,0,0,0
0,1,340049,0,0,0,0,0,0,0,0,0,0
1,1,340049,0,0,0,0,0,0,0,0,0,0
1,1,340050,15,15,15,15,15,15,15,15,15,15
1,1,340051,0,0,0,0,0,0,0,0,0,0
2,1,340051,8,8,8,8,8,8,8,8,8,8
1,1,340052,0,0,0,0,0,0,0,0,0,0
2,1,340052,0,0,0,0,0,0,0,0,0,0
1,1,340053,15,15,15,15,15,15,15,15,15,15
1,1,340054,0,0,0,0,0,0,12,0,0,0
1,1,340055,4,0,6,0,13,0,0,17,0,21
1,1,340056,0,0,0,0,0,0,0,0,0,0
2,1,340056,0,0,0,0,0,0,0,0,0,0
3,1,340056,0,0,0,0,0,0,0,0,0,0
1,1,340057,0,0,0,0,0,0,0,0,0,0
1,1,340058,0,0,0,0,0,0,0,0,0,0
1,1,340059,0,0,0,0,0,0,0,0,0,0
0,1,340060,34,34,34,34,34,34,34,34,34,34
1,1,340060,0,0,0,0,0,0,0,0,0,0
0,1,340061,0,0,0,0,0,0,0,0,0,0
1,1,340061,19,0,18,5,0,0,0,0,0,0
1,1,340062,0,0,0,0,0,0,0,0,0,0
2,1,340062,0,0,0,0,0,0,0,0,0,0
1,1,340063,0,0,0,0,0,0,24,0,0,0
1,1,340064,0,0,0,0,0,0,0,0,0,0
2,1,340064,0,0,0,0,0,0,0,0,0,10
1,1,340065,0,0,0,0,0,0,0,0,0,0
0,1,340066,0,0,0,0,0,0,0,0,0,0
1,1,340066,14,14,14,14,14,14,14,14,14,14
1,1,340067,0,0,0,0,0,0,0,0,0,0
1,1,340068,0,0,0,0,0,0,0,0,0,0
2,1,340068,0,0,0,0,0,0,0,0,0,0
0,1,340069,0,0,0,0,0,0,0,0,0,0
1,1,340069,12,5,0,16,3,13,4,2,8,9
1,1,340070,14,14,14,14,14,14,14,14,14,14
0,1,340071,28,28,28,28,28,28,28,28,28,28
1,1,340071,0,0,4,0,11,0,0,0,8,6
0,1,340072,47,47,47,47,47,47,47,47,47,47
1,1,340072,0,0,0,0,0,0,0,0,0,0
0,1,340073,0,0,0,0,0,0,0,0,0,0
1,1,340073,0,0,0,0,0,0,0,0,0,0
1,1,340074,11,11,11,11,11,11,11,11,11,11
1,1,340075,0,8,0,31,7,11,0,0,15,10
0,1,340076,0,0,0,0,0,0,0,0,0,0
1,1,340076,0,0,0,0,0,0,0,0,0,0
1,1,340077,0,0,0,0,0,0,0,0,0,0
2,1,340077,0,0,0,18,0,0,0,0,0,0
0,1,340078,0,0,0,0,0,0,0,0,0,0
1,1,340078,0,0,0,0,0,0,0,0,0,0
1,1,340080,0,0,0,0,0,0,0,0,0,0
2,1,340080,0,3,14,0,0,0,10,17,0,23
3,1,340080,0,0,0,0,0,0,0,0,0,0
4,1,340080,0,0,0,0,0,9,24,0,0,0
1,1,340081,17,17,17,17,17,17,17,17,17,17
1,1,340082,26,26,26,26,26,26,26,26,26,26
2,1,340082,0,0,0,0,0,0,0,0,0,0
1,1,340083,0,0,0,0,0,0,0,0,0,0
1,1,340084,12,12,12,12,12,12,12,12,12,12
1,1,340085,12,12,12,12,12,12,12,12,12,12
1,1,340086,0,0,0,0,0,0,0,0,0,0
1,1,340087,11,11,11,11,11,11,11,11,11,11
2,1,340087,0,0,0,0,0,0,0,0,0,0
1,1,340088,0,0,0,0,0,0,0,0,0,0
1,1,340089,0,0,0,0,0,0,0,0,0,0
1,1,340090,1,1,1,1,1,1,1,1,1,1
2,1,340090,0,0,0,0,0,0,0,0,0,0
0,1,340091,0,0,0,0,0,0,0,0,0,0
1,1,340091,0,0,0,0,0,7,8,0,0,14
1,1,340092,0,0,0,0,0,0,0,0,0,0
0,1,340093,21,21,21,21,21,21,21,21,21,21
1,1,340093,0,0,0,0,0,0,0,0,0,0
1,1,340094,22,22,22,22,22,22,22,22,22,22
2,1,340094,0,0,0,0,0,0,0,0,0,0
1,1,340095,0,0,0,0,0,0,0,0,0,0
2,1,340095,0,0,0,0,0,0,0,0,0,19
1,1,340096,0,0,0,0,0,0,0,0,0,0
1,1,340097,0,0,0,0,0,0,0,0,0,0
2,1,340097,0,0,0,0,0,0,0,0,0,0
1,1,340098,0,0,0,0,0,0,0,0,0,0
1,1,340099,0,0,0,0,0,0,0,0,0,0
1,1,340100,4,4,4,4,4,4,4,4,4,4
1,1,340101,0,0,0,0,0,0,0,0,0,0
2,1,340101,0,0,0,0,0,0,0,0,0,0
1,1,340102,0,0,0,0,0,0,0,0,0,0
2,1,340102,1,1,1,1,1,1,1,1,1,1
1,1,340103,0,0,0,7,0,0,0,9,0,5
1,1,340104,0,0,0,0,0,0,0,0,0,0
1,1,340105,13,15,15,0,0,0,0,18,0,9
1,1,340106,23,23,23,23,23,23,23,23,23,23
1,1,340107,3,3,3,3,3,3,3,3,3,3
1,1,340108,0,0,13,25,0,0,0,0,0,20
1,1,340109,0,0,0,0,0,0,0,0,0,0
1,1,340110,0,0,0,0,0,0,0,0,0,0
0,1,340111,0,0,0,0,0,0,0,0,0,0
1,1,340111,12,0,15,18,0,18,0,0,0,16
1,1,340112,0,0,0,0,0,0,0,0,0,0
2,1,340112,0,0,0,0,0,0,0,0,0,0
1,1,340113,0,0,0,0,0,0,0,0,0,0
2,1,340113,0,0,0,0,0,0,0,12,0,0
1,1,340114,23,23,23,23,23,23,23,23,23,23
1,1,340115,4,17,20,0,0,8,0,9,0,0
2,1,340115,10,10,10,10,10,10,10,10,10,10
1,1,340116,0,0,0,0,0,0,0,0,0,0
0,1,340117,5,5,5,5,5,5,5,5,5,5
1,1,340117,16,23,14,0,0,0,0,0,13,16
1,1,340118,0,0,0,0,0,0,0,0,0,0
1,1,340119,0,0,0,0,0,0,0,0,0,0
2,1,340119,0,0,0,0,0,0,0,0,0,0
0,1,340120,0,0,0,0,0,11,0,8,0,0
1,1,340120,0,0,0,0,19,0,0,0,0,0
1,1,340121,0,0,0,0,0,0,0,0,0,0
1,1,340122,0,0,0,0,0,0,0,0,0,0
2,1,340122,0,0,0,0,0,0,0,0,0,0
0,1,340123,0,0,0,0,0,0,0,0,0,0
1,1,340123,0,0,0,0,0,0,0,0,0,0
1,1,340124,15,15,15,15,15,15,15,15,15,15
2,1,340124,0,0,0,0,0,0,0,0,0,0
1,1,340125,0,0,0,0,0,0,0,0,0,0
2,1,340125,0,9,0,0,0,0,0,0,0,0
1,1,340126,21,21,21,21,21,21,21,21,21,21
0,1,340127,0,0,0,0,0,0,0,0,0,0
1,1,340127,0,0,0,0,0,0,0,0,0,0
3,1,340127,0,0,0,0,0,0,0,0,0,0
0,1,340128,0,0,0,0,0,0,0,0,0,0
1,1,340128,0,16,0,14,4,0,11,24,0,7
2,1,340128,0,0,0,0,0,32,0,0,0,0
3,1,340128,0,0,0,0,0,0,10,0,0,0
4,1,340128,0,0,15,0,0,0,0,0,0,0
0,1,340129,24,24,24,24,24,24,24,24,24,24
1,1,340129,0,0,0,0,0,0,0,11,0,0
1,1,340130,0,0,0,0,0,0,0,0,0,0
2,1,340130,0,0,0,0,0,0,0,0,0,0
1,1,340131,19,19,19,19,19,19,19,19,19,19
1,1,340132,0,0,0,0,0,0,0,0,0,0
1,1,340133,0,0,0,0,0,0,0,0,0,0
2,1,340133,0,0,0,0,0,0,0,0,0,0
1,1,340134,0,0,0,0,0,0,0,0,0,0
1,1,340135,0,0,0,0,0,0,0,0,0,0
2,1,340135,0,0,0,0,0,0,0,0,0,0
3,1,340135,0,0,0,0,0,0,0,0,0,0
1,1,340136,0,0,0,0,0,0,0,0,0,0
1,1,340137,13,13,13,13,13,13,13,13,13,13
2,1,340137,0,0,0,0,0,0,0,0,0,0
1,1,340138,0,0,0,0,0,0,0,0,0,0
2,1,340138,0,0,0,0,0,0,0,0,0,0
1,1,340139,0,0,0,0,0,0,0,0,0,0
2,1,340139,0,0,0,0,0,0,0,0,0,0
1,1,340141,0,0,0,0,0,0,0,0,0,0
1,1,340142,0,0,0,0,0,18,0,0,0,0
2,1,340142,0,0,0,0,0,0,0,0,0,0
1,1,340143,38,38,38,38,38,38,38,38,38,38
1,1,340144,0,0,0,0,0,0,0,0,0,0
2,1,340144,0,0,0,0,0,0,0,0,0,0
3,1,340144,0,0,0,0,0,0,0,0,0,0
1,1,340145,20,20,20,20,20,20,20,20,20,20
1,1,340146,0,0,0,0,0,0,23,0,0,0
2,1,340146,19,19,19,19,19,19,19,19,19,19
0,1,340147,0,0,0,0,0,0,0,0,0,0
1,1,340147,0,0,22,0,0,0,0,0,0,0
1,1,340148,0,0,0,0,0,0,0,0,0,0
1,1,340149,0,0,0,0,0,0,0,0,0,0
0,1,340150,0,0,0,0,0,0,15,0,13,0
1,1,340150,20,20,20,20,20,20,20,20,20,20
1,1,340151,0,0,18,0,0,0,0,0,0,0
2,1,340151,0,0,0,0,0,0,0,0,0,0
1,1,340152,23,23,23,23,23,23,23,23,23,23
1,1,340153,12,12,12,12,12,12,12,12,12,12
2,1,340153,0,0,0,0,0,0,0,0,0,0
1,1,340154,0,0,0,0,0,0,0,0,0,0
2,1,340154,0,0,0,0,0,0,0,0,0,0
1,1,340156,17,17,17,17,17,17,17,17,17,17
1,1,340157,0,0,0,0,0,0,0,0,0,0
2,1,340157,0,0,0,0,0,0,0,0,0,0
1,1,340158,0,0,0,0,0,0,0,0,0,0
1,1,340159,0,0,0,0,0,0,0,0,0,0
2,1,340159,0,0,0,9,6,0,0,0,0,0
1,1,340160,15,15,15,15,15,15,15,15,15,15