VEH_NO,PER_NO,ST_CASE,P1,P2,P3,P4,P5,P6,P7,P8,P9,P10
1,1,340161,31,31,31,31,31,31,31,31,31,31
0,1,340162,18,0,0,0,20,23,23,22,36,0
1,1,340162,0,0,0,0,0,0,12,0,0,0
0,1,340163,0,0,0,0,0,0,0,0,0,0
1,1,340163,0,0,0,0,0,0,0,0,0,0
1,1,340164,10,10,10,10,10,10,10,10,10,10
1,1,340165,0,0,0,0,0,0,0,0,0,0
2,1,340165,0,0,0,0,0,0,0,0,0,0
1,1,340166,0,0,0,0,0,0,0,0,0,0
1,1,340167,0,0,0,0,0,0,0,0,0,0
2,1,340167,0,0,0,0,0,0,0,0,0,0
1,1,340168,0,0,0,0,0,0,0,0,0,0
2,1,340168,0,0,0,0,0,0,0,0,0,0
1,1,340169,0,0,0,0,0,0,0,0,0,0
2,1,340169,0,0,0,0,0,0,0,13,0,0
3,1,340169,0,0,0,0,0,0,10,0,0,0
1,1,340170,1,1,1,1,1,1,1,1,1,1
0,1,340171,27,27,27,27,27,27,27,27,27,27
1,1,340171,0,0,0,0,0,0,0,0,0,0
1,1,340172,0,0,0,0,0,0,0,0,0,0
2,1,340172,0,0,0,0,0,0,0,0,0,0
0,1,340173,0,0,0,0,0,0,0,0,0,0
1,1,340173,0,0,0,0,11,0,0,0,0,0
1,1,340174,0,0,0,20,5,0,0,0,0,0
2,1,340174,2,2,2,2,2,2,2,2,2,2
1,1,340175,0,0,0,0,0,0,0,0,0,0
2,1,340175,8,8,8,8,8,8,8,8,8,8
1,1,340176,24,24,24,24,24,24,24,24,24,24
1,1,340177,27,27,27,27,27,27,27,27,27,27
0,1,340178,0,0,0,0,0,0,0,0,0,0
1,1,340178,0,0,0,0,0,0,0,0,0,0
1,1,340179,0,0,0,0,0,0,0,0,0,0
2,1,340179,0,0,0,0,0,0,11,0,0,0
1,1,340180,0,0,0,0,0,0,0,0,5,0
2,1,340180,0,0,0,0,0,0,0,0,0,0
1,1,340181,0,0,17,0,0,0,0,0,0,0
2,1,340181,0,0,0,0,0,0,0,0,0,0
1,1,340182,14,14,14,14,14,14,14,14,14,14
1,1,340183,0,0,0,0,0,0,0,0,0,0
2,1,340183,1,1,1,1,1,1,1,1,1,1
1,1,340184,0,0,0,0,0,0,0,0,0,0
1,1,340185,0,0,0,0,0,0,0,0,0,0
2,1,340185,0,0,0,0,0,0,0,0,0,0
0,1,340186,0,0,0,0,0,0,0,0,0,0
1,1,340186,0,0,0,0,0,0,0,0,0,0
1,1,340187,0,0,0,0,0,0,0,0,0,0
2,1,340187,19,19,19,19,19,19,19,19,19,19
3,1,340187,0,0,0,0,0,0,0,0,0,0
1,1,340188,0,0,0,0,0,0,0,0,0,0
2,1,340188,0,0,0,0,0,0,0,0,0,0
1,1,340189,18,18,18,18,18,18,18,18,18,18
0,1,340190,0,0,0,0,0,0,0,0,0,0
1,1,340190,0,0,0,0,0,0,0,0,0,0
1,1,340191,0,0,0,0,0,0,0,0,0,0
1,1,340192,8,8,8,8,8,8,8,8,8,8
1,1,340193,16,16,16,16,16,16,16,16,16,16
1,1,340194,0,0,0,0,0,0,0,0,0,0
1,1,340195,4,4,4,4,4,4,4,4,4,4
0,1,340196,19,19,19,19,19,19,19,19,19,19
1,1,340196,0,0,0,0,0,0,0,0,0,0
1,1,340197,0,0,6,0,0,0,0,0,0,0
2,1,340197,0,0,0,0,0,0,0,0,0,0
0,1,340198,0,0,0,0,0,0,0,0,0,0
1,1,340198,0,11,0,0,0,0,0,0,0,0
1,1,340199,0,0,0,0,0,0,0,0,0,0
2,1,340199,0,0,0,38,0,0,0,10,26,23
1,1,340200,14,14,14,14,14,14,14,14,14,14
2,1,340200,8,0,14,16,20,0,3,0,0,0
1,1,340201,0,0,0,0,0,0,0,0,0,0
2,1,340201,0,0,0,0,0,0,0,0,0,0
3,1,340201,0,0,0,0,0,0,0,0,0,0
1,1,340202,0,0,0,0,0,0,0,0,0,0
2,1,340202,0,0,0,0,0,0,0,0,0,0
0,1,340203,19,0,0,0,0,10,0,0,0,2
1,1,340203,0,14,0,0,0,0,21,0,10,0
0,1,340204,0,0,0,0,0,0,0,0,0,0
1,1,340204,0,0,0,0,0,0,0,0,0,0
0,1,340205,23,23,23,23,23,23,23,23,23,23
1,1,340205,0,0,0,5,0,12,0,0,5,0
1,1,340206,0,0,0,0,0,0,0,0,0,0
0,1,340207,0,0,0,0,0,0,0,20,0,0
1,1,340207,0,0,0,0,0,0,0,0,0,0
0,1,340208,27,27,27,27,27,27,27,27,27,27
1,1,340208,5,19,11,9,4,13,17,6,11,18
2,1,340208,0,0,0,0,0,0,0,0,0,0
3,1,340208,0,0,0,0,0,0,0,0,0,0
1,1,340209,0,0,0,0,0,0,0,0,0,0
2,1,340209,0,0,0,0,19,0,0,0,0,0
1,1,340210,0,0,0,0,0,0,0,0,0,0
2,1,340210,0,0,0,0,0,0,0,0,0,0
3,1,340210,0,0,0,0,0,0,0,0,0,0
1,1,340211,32,32,32,32,32,32,32,32,32,32
1,1,340212,0,0,0,0,0,0,0,0,0,0
1,1,340213,0,0,0,0,0,0,0,0,0,0
1,1,340214,23,23,23,23,23,23,23,23,23,23
2,1,340215,0,0,0,0,0,0,0,0,0,0
1,1,340216,0,0,0,0,0,0,0,0,0,0
2,1,340216,0,0,0,0,0,0,0,0,0,0
1,1,340217,0,0,0,0,0,0,0,0,0,0
1,1,340218,0,0,0,0,0,0,0,0,0,0
1,1,340219,0,0,0,0,0,0,0,4,0,0
2,1,340219,0,0,0,0,0,0,0,0,0,0
1,1,340220,0,0,0,0,0,0,0,0,0,0
2,1,340220,0,0,0,0,0,0,0,0,0,0
0,1,340221,0,0,0,0,0,0,0,0,0,0
1,1,340221,0,17,32,19,0,0,0,10,0,0
1,1,340222,0,0,0,0,0,0,0,0,0,0
1,1,340223,0,16,0,0,0,0,0,0,0,0
1,1,340224,0,0,0,0,0,0,0,0,0,0
2,1,340224,0,0,0,0,0,0,0,0,0,0
0,1,340225,0,0,0,0,0,0,0,0,0,0
1,1,340225,0,0,0,0,0,0,0,0,0,0
1,1,340226,17,17,17,17,17,17,17,17,17,17
2,1,340226,0,0,0,0,0,7,0,0,0,16
1,1,340227,25,25,25,25,25,25,25,25,25,25
1,1,340228,0,0,0,0,0,0,0,0,0,0
1,1,340229,0,0,0,0,0,0,0,0,0,0
2,1,340229,0,11,0,0,0,21,0,0,17,0
1,1,340230,0,0,0,0,0,0,0,0,0,0
1,1,340231,0,0,0,0,0,0,0,0,0,0
2,1,340231,19,19,19,19,19,19,19,19,19,19
1,1,340232,0,0,0,0,0,0,0,0,0,0
2,1,340232,10,10,10,10,10,10,10,10,10,10
1,1,340233,6,6,6,6,6,6,6,6,6,6
0,1,340234,0,0,0,0,0,0,0,0,0,0
1,1,340234,0,0,0,0,0,0,0,0,0,0
0,1,340235,0,0,0,0,0,0,0,0,0,0
1,1,340235,0,0,0,0,0,0,0,0,0,0
1,1,340236,22,22,22,22,22,22,22,22,22,22
1,1,340237,0,0,0,0,0,0,0,0,0,0
2,2,340237,0,0,0,0,0,0,19,0,0,0
1,1,340238,1,1,1,1,1,1,1,1,1,1
2,1,340238,0,0,0,0,0,0,16,0,14,0
0,1,340239,0,0,0,0,0,0,0,0,0,0
1,1,340239,0,0,0,0,0,0,0,0,0,0
1,1,340240,20,20,20,20,20,20,20,20,20,20
1,1,340241,0,0,0,0,0,0,0,0,0,0
1,1,340242,12,12,12,12,12,12,12,12,12,12
2,1,340242,0,0,0,0,0,0,0,0,9,0
1,1,340243,0,0,0,0,0,0,0,0,0,0
0,1,340244,0,0,0,0,0,0,0,0,0,0
1,1,340244,3,15,17,10,2,12,7,4,19,0
1,1,340245,29,29,29,29,29,29,29,29,29,29
0,1,340246,16,16,16,16,16,16,16,16,16,16
1,1,340246,0,0,0,0,0,0,0,0,0,0
2,1,340246,0,0,0,0,0,0,0,0,0,0
3,1,340246,0,0,0,0,0,0,0,0,0,0
1,1,340247,0,0,0,0,0,0,0,0,0,0
2,1,340247,0,0,0,0,0,0,0,0,0,0
1,1,340248,0,0,0,0,0,0,0,0,0,0
2,1,340248,0,0,0,0,0,0,0,0,0,0
1,1,340249,0,0,17,0,0,0,0,0,0,0
2,1,340249,0,0,0,0,0,0,0,0,0,0
1,1,340250,10,10,10,10,10,10,10,10,10,10
2,1,340250,0,2,0,0,7,0,0,18,0,8
1,1,340251,6,6,6,6,6,6,6,6,6,6
1,1,340252,0,0,0,0,0,20,0,0,0,0
2,1,340252,0,0,0,0,0,0,0,0,26,0
1,1,340253,9,9,9,9,9,9,9,9,9,9
1,1,340254,0,0,0,0,0,0,0,0,0,0
1,1,340255,0,0,0,0,0,0,0,0,0,0
2,1,340255,0,0,0,0,0,0,0,0,0,0
3,1,340255,0,0,0,0,0,0,0,0,0,0
1,1,340256,0,0,0,0,0,9,9,0,25,0
2,1,340256,0,0,0,0,10,0,0,0,0,0
3,1,340256,0,0,10,11,0,0,0,0,0,0
4,1,340256,0,0,20,7,0,0,0,0,0,0
1,1,340257,21,21,21,21,21,21,21,21,21,21
1,1,340258,15,0,14,0,4,6,21,0,20,0
0,1,340259,20,20,20,20,20,20,20,20,20,20
1,1,340259,0,5,4,0,0,44,0,0,0,0
1,1,340260,0,0,0,0,0,0,0,0,0,0
2,1,340261,0,0,0,0,0,0,0,0,0,0
1,1,340262,0,0,0,0,0,0,0,0,0,0
0,1,340263,0,0,0,0,0,0,0,0,0,0
1,1,340263,0,0,0,0,0,0,0,0,0,0
1,1,340264,0,0,0,0,0,0,0,0,0,0
1,1,340265,0,0,0,0,0,0,0,0,0,0
1,1,340266,10,10,10,10,10,10,10,10,10,10
2,1,340266,0,0,0,0,0,0,0,0,0,0
1,1,340267,0,0,0,0,0,0,0,0,0,0
2,1,340267,7,7,7,7,7,7,7,7,7,7
1,1,340268,0,0,0,0,0,0,0,0,0,0
2,1,340268,0,0,0,0,0,0,0,0,0,0
1,1,340269,0,0,0,0,0,0,0,0,0,0
1,1,340270,0,0,0,0,0,0,0,0,0,0
0,1,340272,10,10,10,10,10,10,10,10,10,10
1,1,340272,0,0,0,15,0,0,0,0,0,0
1,1,340273,0,0,0,0,0,0,0,0,0,0
1,1,340274,0,0,0,0,0,0,0,0,0,0
2,1,340274,0,0,0,0,0,0,0,0,0,0
1,1,340275,16,16,16,16,16,16,16,16,16,16
1,1,340276,0,0,0,0,0,0,0,0,0,0
1,1,340277,0,0,0,0,0,0,0,0,0,0
2,1,340277,23,23,23,23,23,23,23,23,23,23
1,1,340278,0,0,0,0,0,0,0,0,0,0
2,1,340278,0,0,0,0,0,0,0,0,0,0
1,1,340279,0,0,0,0,0,0,0,0,0,0
2,1,340279,0,0,0,0,0,0,0,0,0,0
1,1,340280,0,0,0,0,0,0,0,0,0,0
1,1,340281,0,0,0,0,0,0,0,0,0,0
2,1,340281,0,0,0,0,0,0,0,0,0,0
1,1,340282,21,21,21,21,21,21,21,21,21,21
2,1,340282,0,0,0,0,0,0,0,0,0,0
3,1,340282,0,0,0,19,0,0,0,0,0,0
4,1,340282,0,0,0,0,0,0,0,0,0,0
1,1,340283,0,0,0,0,0,0,0,0,0,0
2,1,340283,0,0,0,0,0,0,0,0,0,0
1,1,340284,3,3,3,3,3,3,3,3,3,3
1,1,340285,0,0,0,0,0,0,0,0,0,0
1,1,340286,0,0,0,0,0,41,0,20,0,0
0,1,340287,0,0,0,0,0,0,0,0,0,0
0,2,340287,0,28,0,0,0,13,0,15,0,18
1,1,340287,26,26,26,26,26,26,26,26,26,26
0,1,340288,0,0,0,0,0,0,37,0,0,0
0,2,340288,0,0,0,0,0,0,0,0,0,0
1,1,340288,5,5,5,5,5,5,5,5,5,5
1,1,340289,0,0,0,0,0,0,0,0,0,0
2,1,340289,0,0,0,0,0,0,4,0,0,0
1,1,340290,0,0,0,0,0,0,0,0,0,0
2,1,340290,0,0,0,0,0,0,0,0,0,0
1,1,340291,0,0,0,0,0,0,0,0,0,0
2,1,340291,0,0,0,0,0,0,0,0,0,0
1,1,340292,0,0,0,0,0,0,0,0,0,0
2,1,340292,0,0,0,0,0,0,0,0,0,0
1,1,340293,25,25,25,25,25,25,25,25,25,25
1,1,340294,0,0,0,0,0,0,0,0,0,0
1,1,340295,0,0,0,0,0,0,0,0,0,0
2,1,340295,0,0,0,0,0,0,0,0,0,0
1,1,340296,0,0,0,0,0,0,0,0,0,16
2,1,340296,15,15,15,15,15,15,15,15,15,15
0,1,340297,0,0,0,0,0,0,0,0,0,0
1,1,340297,1,1,1,1,1,1,1,1,1,1
0,1,340298,0,0,0,0,0,0,0,0,0,0
1,1,340298,0,0,14,0,0,0,0,0,0,0
1,1,340299,1,1,1,1,1,1,1,1,1,1
1,1,340300,0,0,5,0,0,0,0,0,0,0
2,1,340300,0,0,0,0,0,0,0,0,0,0
0,1,340301,14,14,14,14,14,14,14,14,14,14
1,1,340301,11,11,11,11,11,11,11,11,11,11
1,1,340302,0,0,0,0,0,0,0,0,0,0
1,1,340303,0,0,12,0,0,0,0,0,0,0
2,1,340303,0,0,0,0,0,0,0,0,0,0
1,1,340304,0,0,0,0,0,0,0,0,0,0
2,1,340304,0,0,0,0,0,0,0,0,0,0
1,1,340305,0,0,0,0,0,0,0,0,0,0
1,1,340306,0,0,0,0,0,0,0,0,0,0
1,1,340307,0,0,0,0,0,0,0,0,0,0
1,1,340308,0,0,0,0,0,0,0,0,0,0
2,1,340308,0,0,0,0,0,0,0,0,0,0
1,1,340309,0,0,0,0,0,0,0,0,0,0
0,1,340310,13,13,13,13,13,13,13,13,13,13
1,1,340310,0,0,0,0,0,0,0,0,0,0
1,1,340312,0,0,0,0,0,0,12,0,0,0
2,1,340312,0,0,0,0,0,0,0,0,0,0
1,1,340313,1,1,1,1,1,1,1,1,1,1
1,1,340314,0,13,0,24,0,0,0,0,0,0
2,1,340314,0,0,2,0,0,0,0,0,0,0
1,1,340315,21,21,21,21,21,21,21,21,21,21
1,1,340316,0,0,0,0,0,0,0,0,0,0
1,1,340317,0,0,0,0,0,10,0,0,0,0
2,1,340317,0,0,0,0,0,0,0,0,0,0
1,1,340318,13,13,13,13,13,13,13,13,13,13
2,1,340318,23,23,23,23,23,23,23,23,23,23
1,1,340319,0,0,0,0,0,0,0,0,0,0
2,1,340319,0,0,0,0,0,0,0,0,0,0
1,1,340320,20,20,20,20,20,20,20,20,20,20
1,1,340321,15,15,15,15,15,15,15,15,15,15
1,1,340322,0,0,0,0,0,13,0,0,0,0
2,1,340322,5,5,5,5,5,5,5,5,5,5
1,1,340323,0,0,0,0,0,0,0,0,0,0
0,1,340324,0,0,0,0,0,0,0,0,0,0
1,1,340324,0,0,9,0,0,0,0,0,4,0
1,1,340325,0,0,0,0,0,0,0,0,0,0
2,1,340325,0,0,0,0,0,0,0,0,0,0
1,1,340326,0,0,0,0,0,0,0,0,0,0
2,1,340326,0,0,0,0,0,0,0,0,0,0
1,1,340327,0,0,0,0,15,0,0,0,0,0
2,1,340327,0,0,4,0,0,0,0,0,0,0
3,1,340327,0,0,0,0,0,3,0,12,0,0
1,1,340328,0,0,0,0,0,0,0,0,0,0
1,1,340329,0,0,0,0,0,0,0,0,0,0
2,1,340329,0,0,0,0,0,0,0,0,0,0
1,1,340330,0,0,0,0,0,0,0,0,0,0
2,1,340330,0,0,0,0,0,0,0,0,0,0
0,1,340331,18,18,18,18,18,18,18,18,18,18
1,1,340331,0,0,0,0,0,0,0,0,0,0
2,1,340331,0,0,0,0,0,0,9,0,0,0
1,1,340332,0,0,0,0,0,0,0,0,0,0
1,1,340333,8,8,8,8,8,8,8,8,8,8
2,1,340333,0,0,24,0,8,0,16,0,0,0
1,1,340334,1,1,1,1,1,1,1,1,1,1
1,1,340335,0,0,0,0,0,0,0,0,0,0
2,1,340335,0,0,0,8,0,0,0,0,0,0
3,1,340335,0,0,0,0,3,0,7,0,23,0
1,1,340336,12,12,12,12,12,12,12,12,12,12
1,1,340337,0,0,0,0,0,0,0,0,0,0
1,1,340338,0,0,0,0,0,0,0,0,0,0
1,1,340339,6,6,6,6,6,6,6,6,6,6
1,1,340340,0,0,0,0,0,0,0,0,0,0
1,1,340341,0,0,0,0,0,0,0,0,0,0
2,1,340341,0,0,0,0,0,0,0,0,0,0
1,1,340342,0,0,0,0,0,0,0,0,0,0
1,1,340343,0,0,0,0,0,0,0,0,0,0
1,1,340344,3,3,3,3,3,3,3,3,3,3
0,1,340345,14,14,14,14,14,14,14,14,14,14
1,1,340345,0,0,0,0,0,0,0,0,0,0
1,1,340346,17,17,17,17,17,17,17,17,17,17
1,1,340347,0,0,0,0,0,0,0,0,0,0
1,1,340348,0,0,0,0,0,0,0,0,0,0
2,1,340348,0,0,0,0,0,0,0,0,0,0
1,1,340349,0,0,0,0,0,0,0,0,21,0
2,1,340349,0,0,0,0,0,0,0,14,0,0
1,1,340350,21,21,21,21,21,21,21,21,21,21
0,1,340351,0,0,0,0,0,0,0,0,5,0
1,1,340351,0,0,0,0,0,0,0,0,0,0
1,1,340352,0,0,0,0,0,0,0,0,0,15
2,1,340352,0,0,0,0,0,0,0,0,0,0
0,1,340353,14,0,0,0,0,21,12,0,24,0
1,1,340353,0,0,0,0,0,0,0,0,9,0
1,1,340354,7,0,36,13,0,0,0,10,0,0
1,1,340356,0,0,0,0,0,0,0,0,0,0
1,1,340357,0,0,0,0,0,0,0,0,0,0
3,1,340358,5,0,0,0,0,0,10,0,0,0
0,1,340359,0,0,0,0,0,0,0,0,0,0
1,1,340359,0,0,13,0,0,0,0,12,0,0
1,1,340360,0,0,0,0,0,0,0,0,0,0
2,1,340360,0,0,0,0,0,0,0,0,0,0
3,1,340360,0,0,0,0,0,0,0,0,0,0
1,1,340361,0,0,0,0,0,0,0,0,0,0
1,1,340362,0,0,0,0,0,0,0,0,15,0
0,1,340363,18,0,0,0,0,0,0,0,0,0
0,2,340363,16,0,0,0,0,0,0,0,0,0
1,1,340363,0,0,14,0,0,15,0,0,31,0
1,1,340364,28,35,22,31,0,0,38,12,26,27
0,1,340365,14,14,14,14,14,14,14,14,14,14
1,1,340365,0,0,0,0,0,0,0,0,5,0
1,1,340366,10,10,10,10,10,10,10,10,10,10
1,1,340367,7,7,7,7,7,7,7,7,7,7
0,1,340368,0,0,0,0,0,0,0,0,0,0
1,1,340368,12,0,13,0,15,0,0,0,0,0
0,1,340369,0,0,0,0,0,0,0,0,0,0
1,1,340369,0,0,0,0,19,0,0,0,0,15
1,1,340370,13,13,13,13,13,13,13,13,13,13
1,1,340371,6,6,6,6,6,6,6,6,6,6
1,1,340372,12,12,12,12,12,12,12,12,12,12
1,1,340373,0,0,0,0,0,0,0,0,0,0
1,1,340374,0,0,0,0,0,0,0,0,0,0
0,1,340375,21,21,21,21,21,21,21,21,21,21
1,1,340375,0,0,0,0,0,0,0,0,0,0
1,1,340376,0,0,0,0,0,0,0,0,0,0
1,1,340377,0,0,0,0,0,0,0,0,0,0
2,1,340377,0,0,0,0,0,0,0,0,0,0
1,1,340378,0,0,0,0,0,0,0,0,0,0
2,1,340378,0,12,0,0,9,0,0,0,0,0
1,1,340379,15,15,15,15,15,15,15,15,15,15
1,1,340380,0,0,0,0,0,0,0,0,0,0
1,1,340381,10,10,10,10,10,10,10,10,10,10
1,1,340382,0,0,0,0,0,0,0,0,0,0
2,1,340382,0,0,0,0,0,0,0,0,0,0
1,1,340383,0,0,0,0,0,0,0,0,0,0
2,1,340383,0,12,0,0,0,0,0,0,17,0
1,1,340384,0,0,0,0,0,0,0,0,0,0
2,1,340384,0,0,0,0,0,0,0,0,0,0
1,1,340385,7,7,7,7,7,7,7,7,7,7
2,1,340385,0,0,0,0,0,0,0,0,0,0
1,1,340386,24,24,24,24,24,24,24,24,24,24
1,1,340387,22,22,22,22,22,22,22,22,22,22
0,1,340388,0,0,0,0,0,0,0,0,0,0
1,1,340388,0,0,0,0,0,0,0,0,0,0
1,1,340389,0,0,0,0,0,0,0,0,0,0
2,1,340389,0,0,0,0,0,0,0,0,0,0
3,1,340389,0,0,0,0,0,0,12,0,9,0
0,1,340390,0,0,0,0,0,0,0,0,0,0
1,1,340390,0,0,0,0,0,0,0,0,0,0
2,1,340390,0,0,0,0,0,0,0,0,0,0
1,1,340391,0,0,0,0,0,0,0,0,0,0
0,1,340392,19,19,19,19,19,19,19,19,19,19
1,1,340393,17,17,17,17,17,17,17,17,17,17
0,1,340394,23,23,23,23,23,23,23,23,23,23
1,1,340394,25,2,0,0,0,26,0,11,0,0
1,1,340395,0,0,0,0,0,0,0,0,0,0
2,1,340395,0,0,0,0,0,0,0,0,0,0
1,1,340396,0,0,0,0,6,0,0,12,0,29
2,1,340396,0,11,0,9,0,11,0,0,5,0
1,1,340397,0,0,0,0,0,0,0,0,0,0
2,1,340397,0,0,0,0,0,0,0,0,0,0
3,1,340397,0,0,0,0,0,0,0,0,0,0
1,1,340398,25,25,25,25,25,25,25,25,25,25
1,1,340399,16,16,16,16,16,16,16,16,16,16
1,1,340400,0,0,0,0,0,0,0,0,0,0
2,1,340400,0,0,0,0,0,0,0,0,0,0
1,1,340401,11,0,0,0,0,0,0,6,0,0
2,1,340401,12,7,0,0,10,0,0,0,11,0
0,1,340402,0,0,0,0,0,0,0,0,0,0
1,1,340402,0,0,0,0,0,0,0,0,0,0
0,1,340403,0,13,0,0,0,17,22,24,0,26
1,1,340403,12,0,16,0,0,0,0,0,0,0
2,1,340403,0,6,0,0,0,14,0,0,0,0
3,1,340403,0,0,0,0,0,0,0,0,0,0
1,1,340404,0,0,0,0,0,0,9,0,25,0
1,1,340405,0,0,0,0,0,0,0,0,0,0
1,1,340406,0,0,0,0,0,0,0,12,0,0
2,1,340406,0,0,0,0,0,0,0,0,0,0
3,1,340406,0,0,0,0,0,0,16,0,0,0
4,1,340406,0,0,0,0,0,0,0,0,0,0
5,1,340406,0,0,0,0,0,0,0,0,0,0
6,1,340406,0,0,0,0,0,0,0,0,0,0
7,1,340406,0,0,0,0,0,0,0,0,0,0
8,1,340406,0,0,0,0,0,0,0,0,0,0
0,1,340407,0,0,0,0,0,0,0,0,0,0
1,1,340407,0,0,24,0,0,0,0,0,0,0
1,1,340408,23,23,23,23,23,23,23,23,23,23
2,1,340408,0,25,0,0,20,0,0,0,0,0
3,1,340408,0,0,0,0,15,0,0,0,0,0
1,1,340409,29,29,29,29,29,29,29,29,29,29
1,1,340410,0,0,0,0,0,0,0,0,0,17
2,1,340410,0,0,0,0,0,0,0,0,0,0
0,1,340411,12,12,12,12,12,12,12,12,12,12
1,1,340411,0,0,0,0,0,0,0,0,0,0
1,1,340412,25,25,25,25,25,25,25,25,25,25
0,1,340413,0,0,0,0,0,0,0,0,0,0
1,1,340413,0,0,0,0,0,0,0,0,0,0
1,1,340414,1,1,1,1,1,1,1,1,1,1
1,1,340415,0,0,0,0,0,0,0,0,0,0
2,1,340415,0,0,0,0,0,0,0,0,0,0
1,1,340416,17,0,0,0,0,0,0,0,0,0
2,1,340416,0,0,0,0,0,0,0,0,0,0
0,1,340417,0,0,0,0,0,0,0,0,0,0
1,1,340417,0,0,0,4,0,0,0,18,0,0
1,1,340418,0,0,0,0,0,0,0,0,0,0
2,1,340418,0,0,0,0,0,0,0,0,0,0
1,1,340419,0,0,0,0,0,0,0,0,0,0
2,1,340419,0,0,0,0,0,0,0,0,0,0
1,1,340420,0,0,0,0,0,0,0,0,0,0
2,1,340420,0,0,0,0,0,0,0,0,0,0
1,1,340421,0,0,0,0,0,0,0,0,0,0
1,1,340422,1,1,1,1,1,1,1,1,1,1
1,1,340423,0,0,0,0,0,0,0,0,0,0
2,1,340423,13,13,13,13,13,13,13,13,13,13
1,1,340424,0,7,0,17,17,0,0,0,0,0
2,1,340424,0,10,0,7,0,0,12,0,0,4
4,1,340424,23,23,23,23,23,23,23,23,23,23
0,1,340425,0,0,0,0,0,0,0,0,0,0
1,1,340425,0,0,0,0,0,0,0,28,0,10
1,1,340426,6,6,6,6,6,6,6,6,6,6
2,1,340426,9,9,9,9,9,9,9,9,9,9
1,1,340427,10,10,10,10,10,10,10,10,10,10
1,1,340428,0,0,0,0,0,0,0,0,0,0
2,1,340428,0,0,0,0,17,0,0,0,0,0
3,1,340428,0,0,0,0,0,0,0,0,0,0
0,1,340429,27,27,27,27,27,27,27,27,27,27
1,1,340429,0,0,0,0,0,0,0,0,0,0
1,1,340430,0,0,0,0,0,0,0,0,0,0
0,1,340431,0,0,0,0,0,0,0,0,0,0
1,1,340431,0,0,0,0,0,0,0,0,0,0
1,1,340432,0,0,0,0,0,0,0,0,0,0
2,1,340432,0,16,0,0,0,0,0,0,0,0
1,1,340433,0,0,0,0,0,0,0,0,0,0
2,1,340433,0,0,0,0,0,0,0,0,31,0
0,1,340434,0,0,0,0,0,0,0,0,0,0
1,1,340434,0,0,0,0,0,0,0,0,0,0
2,1,340434,0,0,0,0,0,0,0,0,0,5
1,1,340435,33,33,33,33,33,33,33,33,33,33
1,1,340436,18,18,18,18,18,18,18,18,18,18
2,1,340436,0,0,0,0,9,0,0,0,0,0
1,1,340437,0,0,0,0,0,0,14,0,0,0
2,1,340437,0,0,0,0,0,0,0,0,0,0
1,1,340438,0,0,0,0,0,0,0,0,0,0
2,1,340438,0,0,0,0,0,0,0,0,0,0
1,1,340440,0,30,35,22,0,14,0,0,0,0
0,1,340441,0,0,0,0,0,0,0,0,0,0
1,1,340441,0,0,0,0,0,0,0,0,0,0
1,1,340442,0,0,0,0,0,0,0,0,0,0
2,1,340442,0,0,0,0,0,0,0,0,0,0
1,1,340443,0,0,0,0,0,0,0,0,0,0
0,1,340444,0,0,0,0,0,0,0,0,0,0
1,1,340444,0,0,0,0,0,0,0,0,0,0
1,1,340445,0,0,0,0,0,0,0,0,0,0
0,1,340446,0,0,0,0,0,0,0,0,0,0
1,1,340446,0,0,26,0,10,0,0,0,0,0
1,1,340447,0,0,0,0,0,0,0,0,0,0
1,1,340448,0,0,0,0,0,0,0,0,0,0
2,1,340448,0,0,21,0,0,0,0,21,0,0
1,1,340449,0,0,0,0,0,0,0,15,0,0
2,1,340449,18,18,18,18,18,18,18,18,18,18
1,1,340450,8,8,8,8,8,8,8,8,8,8
2,1,340450,0,0,13,0,0,0,0,0,0,0
0,1,340451,0,0,0,0,0,0,0,0,0,0
2,1,340451,0,0,0,13,0,12,0,0,0,0
0,1,340452,0,0,0,0,0,0,0,0,0,0
1,1,340452,0,6,0,0,0,0,19,28,0,0
2,1,340452,0,0,0,0,0,0,0,0,16,0
1,1,340453,0,0,0,7,0,0,0,0,0,0
2,1,340453,11,11,11,11,11,11,11,11,11,11
0,1,340454,0,0,0,0,0,0,0,0,0,0
1,1,340454,0,0,0,0,0,0,0,0,0,0
1,1,340455,22,22,22,22,22,22,22,22,22,22
1,1,340456,0,0,0,0,0,0,0,24,0,0
2,1,340456,0,0,0,0,0,0,0,0,0,0
3,1,340456,0,0,0,0,0,0,0,0,0,0
0,1,340457,0,0,0,0,0,0,0,0,0,0
1,1,340457,1,1,1,1,1,1,1,1,1,1
1,1,340458,0,0,0,0,0,0,0,0,0,0
2,1,340458,0,0,0,0,0,0,0,0,0,0
1,1,340459,0,0,0,0,0,0,0,0,0,0
2,1,340459,0,0,0,0,0,0,0,0,0,0
0,1,340462,28,17,22,31,18,35,0,0,0,31
1,1,340462,0,0,15,5,12,0,0,15,0,9
1,1,340463,0,0,0,0,0,0,0,0,0,0
1,1,340464,9,9,9,9,9,9,9,9,9,9
2,1,340464,0,0,0,0,9,0,0,16,4,0
1,1,340465,26,26,26,26,26,26,26,26,26,26
0,1,340466,0,0,0,0,0,0,0,0,0,0
1,1,340466,0,0,0,0,0,0,0,0,0,0
1,1,340467,0,0,0,0,0,0,0,0,0,0
1,1,340468,0,0,0,0,0,0,0,0,0,0