VEH_NO,PER_NO,ST_CASE,P1,P2,P3,P4,P5,P6,P7,P8,P9,P10
1,1,360050,0,0,0,0,0,0,0,0,0,0
2,1,360050,0,0,0,0,0,0,0,0,0,0
1,1,360051,34,34,34,34,34,34,34,34,34,34
2,1,360051,0,0,0,0,0,0,0,0,0,0
1,1,360052,0,0,0,0,0,0,0,0,0,0
2,1,360052,0,0,0,0,0,0,7,0,0,0
1,1,360053,0,0,5,0,0,0,3,0,0,0
1,1,360054,0,0,0,0,0,0,0,0,0,0
1,1,360055,0,0,0,0,0,0,0,0,0,0
2,1,360055,0,0,0,0,0,0,0,0,0,0
1,1,360056,0,0,0,0,0,0,0,0,0,0
1,1,360057,0,0,0,0,0,0,0,0,0,0
2,1,360057,0,0,0,0,0,0,0,16,9,0
1,1,360058,0,0,0,9,0,0,14,0,0,0
2,1,360058,0,0,0,0,0,0,0,0,0,0
3,1,360058,0,0,6,0,0,0,0,0,0,0
1,1,360059,12,12,12,12,12,12,12,12,12,12
1,1,360060,0,0,0,2,0,0,0,0,0,16
1,1,360061,0,0,0,0,0,0,0,0,0,0
2,1,360061,0,0,8,0,0,0,0,0,0,0
1,1,360062,9,9,9,9,9,9,9,9,9,9
1,1,360063,0,0,0,0,0,0,0,0,0,0
2,1,360063,0,0,0,0,0,0,0,0,0,0
0,1,360064,0,28,0,0,0,0,0,0,17,24
2,1,360064,0,0,0,0,0,0,0,0,0,0
3,1,360064,8,0,0,0,0,0,0,0,0,0
4,1,360064,11,0,0,0,0,0,0,0,0,0
1,1,360065,0,0,0,0,0,0,0,0,0,0
2,1,360065,0,0,0,0,0,0,0,0,0,0
1,1,360066,0,0,0,5,0,0,0,0,0,0
2,1,360066,0,0,0,0,0,0,0,0,0,0
3,1,360066,0,0,0,0,0,0,0,0,0,0
4,1,360066,0,0,0,0,0,0,0,0,0,0
1,1,360067,0,0,0,0,0,0,0,0,0,0
1,1,360068,0,0,0,0,0,0,0,0,0,0
2,1,360068,0,0,6,0,0,0,0,0,0,5
3,1,360068,0,0,0,0,0,0,0,0,0,0
1,1,360069,0,0,0,0,0,0,0,0,0,0
2,1,360069,0,0,0,0,0,0,0,0,0,0
3,1,360069,0,0,0,0,0,0,0,0,0,0
1,1,360070,0,0,0,0,0,0,0,0,0,0
2,1,360070,0,0,0,0,0,0,0,0,0,0
3,1,360070,0,0,0,0,0,0,0,15,0,0
1,1,360071,0,0,13,0,0,0,0,0,0,0
2,1,360071,0,0,0,0,0,12,0,0,0,0
3,1,360071,0,0,0,0,0,0,0,0,0,0
2,1,360072,0,0,0,0,0,0,0,0,0,0
3,1,360072,0,0,0,0,0,0,0,0,0,0
1,1,360073,0,0,0,0,0,0,0,0,0,0
1,1,360074,13,13,13,13,13,13,13,13,13,13
1,1,360075,14,14,14,14,14,14,14,14,14,14
2,1,360075,0,0,0,0,0,0,0,0,0,0
1,1,360076,0,0,0,0,0,0,0,0,0,0
1,1,360077,3,3,3,3,3,3,3,3,3,3
1,1,360078,18,18,18,18,18,18,18,18,18,18
1,1,360079,14,14,14,14,14,14,14,14,14,14
0,1,360080,0,0,0,0,0,0,0,0,0,0
1,1,360080,0,12,0,0,0,0,0,0,0,16
1,1,360081,0,0,0,0,0,0,0,0,0,0
2,1,360081,0,0,0,0,0,0,0,0,0,0
1,1,360082,4,4,4,4,4,4,4,4,4,4
1,1,360083,11,11,11,11,11,11,11,11,11,11
1,1,360084,0,0,0,0,0,0,0,0,0,0
2,1,360084,0,0,0,0,0,0,0,0,0,0
1,1,360085,0,0,0,0,0,0,0,0,0,0
2,1,360085,0,0,0,0,0,0,0,0,0,0
3,1,360085,0,0,0,0,0,2,0,0,0,0
1,1,360086,12,12,12,12,12,12,12,12,12,12
1,1,360087,0,0,0,0,0,0,0,0,0,0
2,1,360087,0,0,0,0,0,0,0,0,0,0
1,1,360088,25,25,25,25,25,25,25,25,25,25
2,1,360088,0,0,0,0,0,0,0,0,3,0
3,1,360088,0,0,0,0,0,0,0,0,0,0
4,1,360088,0,0,0,0,0,0,0,0,0,0
1,1,360089,20,20,20,20,20,20,20,20,20,20
1,1,360090,7,7,7,7,7,7,7,7,7,7
2,1,360090,0,0,0,0,0,0,0,0,0,0
1,1,360091,16,21,0,16,28,0,0,0,20,0
1,1,360092,0,0,0,0,0,0,0,0,0,0
1,1,360093,0,0,0,0,0,0,0,0,0,11
2,1,360093,0,0,0,0,0,0,0,0,0,0
1,1,360094,0,0,0,0,0,0,0,0,8,0
2,1,360094,0,0,0,0,0,0,0,0,0,0
0,1,360095,0,0,0,0,0,0,0,0,0,0
1,1,360095,0,0,0,0,0,0,0,0,0,0
1,1,360096,0,0,0,0,0,0,0,0,0,0
1,1,360097,6,0,26,16,0,0,0,0,27,0
1,1,360098,0,0,0,0,0,0,0,0,0,0
1,1,360099,17,17,17,17,17,17,17,17,17,17
1,1,360100,0,0,0,0,0,0,0,0,0,0
2,1,360100,0,0,0,0,0,0,0,0,0,0
1,1,360101,0,0,0,0,0,0,0,0,0,0
2,1,360101,0,0,4,35,24,0,0,0,0,0
1,1,360102,0,0,0,0,0,0,0,0,0,0
1,1,360103,21,20,8,11,13,19,8,28,15,28
1,1,360104,9,17,17,13,7,4,14,11,20,14
0,1,360105,0,0,0,0,0,0,0,0,0,0
1,1,360105,13,0,18,9,0,0,0,0,0,0
1,1,360106,0,0,0,0,0,0,0,0,0,0
1,1,360107,0,0,0,0,0,0,0,0,0,0
2,1,360107,0,0,0,0,0,0,0,0,0,0
3,1,360107,0,0,0,0,13,0,0,0,0,0
1,1,360108,5,5,5,5,5,5,5,5,5,5
2,1,360108,10,0,0,10,0,5,9,33,8,0
0,1,360109,25,25,25,25,25,25,25,25,25,25
1,1,360109,0,0,0,0,0,0,0,0,0,0
1,1,360110,26,21,22,7,0,6,47,9,0,43
2,1,360110,0,0,0,0,0,0,0,0,0,0
0,1,360111,0,0,0,0,0,0,0,0,0,0
1,1,360111,0,0,0,12,0,0,15,0,32,20
1,1,360112,11,7,5,18,35,16,12,20,17,28
1,1,360113,0,26,0,0,0,0,0,0,0,0
2,1,360113,0,0,0,0,0,0,0,0,0,0
2,1,360114,0,0,0,0,0,0,0,0,0,0
1,1,360115,0,0,0,0,0,0,0,0,0,0
1,1,360116,0,0,0,0,0,0,0,0,0,0
2,1,360116,0,0,0,0,0,0,0,0,0,0
3,1,360116,0,0,0,0,0,0,0,0,0,0
0,1,360117,0,0,0,0,0,0,0,14,0,0
1,1,360117,0,0,19,0,0,13,9,0,15,0
1,1,360118,0,0,0,0,0,0,0,0,0,0
2,1,360118,0,0,0,0,0,0,0,0,0,0
0,1,360119,35,35,35,35,35,35,35,35,35,35
1,1,360119,0,0,0,0,0,0,11,10,0,0
2,1,360119,0,0,6,18,0,0,0,0,0,0
1,1,360120,0,0,0,0,0,0,0,0,0,0
2,1,360120,0,0,0,0,5,0,0,0,0,0
3,1,360120,0,0,0,0,0,0,0,0,0,0
0,1,360121,0,0,27,0,22,12,0,0,0,0
1,1,360121,0,0,0,0,0,0,0,0,0,0
1,1,360122,0,0,0,0,0,0,0,0,0,0
1,1,360123,0,0,0,0,0,0,0,0,0,0
2,1,360123,0,0,0,0,0,0,0,0,0,0
1,1,360124,0,0,0,0,0,0,20,0,18,0
2,1,360124,0,0,0,0,0,0,0,0,0,0
3,1,360124,4,15,0,15,0,6,0,0,0,6
1,1,360125,0,0,0,0,0,0,0,0,0,0
2,1,360125,0,0,0,0,0,0,0,0,0,0
0,1,360126,0,0,0,0,0,0,0,0,0,0
1,1,360126,0,0,0,0,0,0,0,0,0,0
0,1,360127,0,0,0,0,0,0,5,0,0,0
1,1,360127,0,0,0,0,0,0,0,0,0,0
1,1,360128,0,0,0,0,0,0,0,0,0,0
2,1,360128,0,0,0,0,0,0,0,0,0,0
0,1,360129,0,0,0,0,0,0,0,0,0,0
0,2,360129,0,0,0,0,0,0,0,0,0,0
1,1,360129,0,0,0,0,0,0,0,0,0,0
1,1,360130,0,0,0,0,0,0,0,0,0,0
2,1,360130,0,0,0,0,0,0,0,0,0,0
1,1,360131,0,0,0,0,0,4,0,0,10,0
2,1,360131,0,0,0,7,0,0,0,0,0,0
1,1,360132,0,0,0,0,0,0,0,0,0,0
2,1,360132,0,0,0,0,0,0,0,0,0,0
1,1,360133,0,0,0,0,0,0,0,0,0,0
2,1,360133,13,0,0,0,12,0,0,0,13,0
1,1,360134,7,7,7,7,7,7,7,7,7,7
1,1,360135,26,0,0,0,0,0,0,0,0,0
2,1,360135,0,0,0,0,0,0,0,0,0,0
3,1,360135,0,0,0,0,0,0,0,0,0,0
4,1,360135,0,0,0,0,0,0,0,0,0,0
5,1,360135,0,0,0,0,0,0,0,0,0,0
1,1,360136,12,0,0,0,0,0,0,0,0,0
2,1,360136,0,0,0,0,4,0,0,0,0,0
1,1,360137,0,0,0,0,0,0,0,0,0,0
1,1,360138,0,0,0,0,0,0,0,0,0,11
2,1,360138,0,0,0,0,0,0,0,0,0,0
3,1,360138,0,0,0,0,0,0,0,6,0,9
4,1,360138,0,0,0,0,0,0,0,0,0,0
1,1,360139,21,21,21,21,21,21,21,21,21,21
1,1,360140,0,0,0,0,0,0,0,0,0,0
2,1,360140,0,0,0,0,0,0,0,0,0,0
1,1,360141,16,16,16,16,16,16,16,16,16,16
1,1,360142,1,1,1,1,1,1,1,1,1,1
2,1,360142,0,0,0,0,0,0,0,0,0,3
3,1,360142,0,0,14,7,0,0,0,0,0,0
4,1,360142,0,0,0,0,0,14,0,0,0,0
0,1,360143,0,0,0,0,0,0,0,0,0,0
1,1,360143,16,16,6,14,0,0,0,0,0,0
0,1,360144,0,0,0,0,0,0,0,0,0,0
1,1,360144,0,0,0,0,0,0,0,0,8,0
1,1,360145,15,15,15,15,15,15,15,15,15,15
1,1,360146,0,0,14,12,11,0,0,0,16,0
2,1,360146,0,0,0,0,0,0,0,0,0,0
1,1,360147,17,31,0,21,0,0,16,0,12,23
1,1,360148,16,16,16,16,16,16,16,16,16,16
0,1,360149,0,0,0,0,0,0,0,0,0,0
1,1,360149,0,0,0,0,0,0,15,11,0,0
1,1,360150,27,11,15,2,6,0,8,24,16,8
2,1,360150,0,0,0,0,0,0,0,0,0,0
1,1,360151,0,0,0,0,0,0,0,0,0,0
1,1,360152,0,0,0,0,0,9,0,0,0,0
2,1,360152,0,0,0,0,0,0,0,0,0,0
1,1,360153,0,0,0,0,0,0,0,0,0,0
2,1,360153,0,0,0,0,0,0,0,0,0,0
0,1,360154,0,0,0,0,0,0,0,0,0,0
1,1,360154,0,0,0,0,0,0,11,0,0,13
1,1,360155,0,0,0,0,0,0,0,0,0,0
0,1,360156,0,0,0,0,0,0,0,0,0,0
0,2,360156,0,0,0,0,0,0,0,0,0,0
1,1,360156,0,0,0,0,16,12,0,15,0,0
1,1,360157,0,0,0,0,0,0,0,0,0,0
2,1,360157,0,0,0,0,0,0,0,5,0,0
0,1,360158,0,0,0,0,0,0,0,0,0,0
1,1,360158,0,0,9,0,0,4,0,0,0,0
1,1,360159,0,0,0,0,0,0,0,0,0,0
2,1,360159,0,0,0,0,0,0,0,0,0,0
0,1,360160,0,0,0,0,0,0,0,0,0,0
1,1,360160,5,15,0,0,0,3,14,2,0,0
1,1,360161,0,0,0,0,0,0,0,0,0,0
2,1,360161,22,0,0,0,0,0,0,0,0,0
3,1,360161,0,0,0,0,0,0,0,0,0,0
0,1,360162,0,0,0,0,0,0,0,0,0,0
1,1,360162,0,0,0,0,0,0,0,9,7,14
1,1,360163,21,21,21,21,21,21,21,21,21,21
2,1,360163,0,9,0,0,0,0,0,0,0,0
0,1,360164,0,0,0,0,0,0,0,0,0,0
1,1,360164,0,0,0,0,0,0,0,0,0,0
0,1,360165,25,0,9,0,0,0,0,0,21,16
1,1,360165,14,9,0,10,0,18,8,0,0,16
1,1,360166,0,0,0,0,0,0,19,0,0,0
1,1,360167,0,0,0,0,0,0,0,0,0,0
2,1,360167,0,0,0,0,0,0,0,0,10,0
1,1,360168,18,18,18,18,18,18,18,18,18,18
1,1,360169,0,0,0,0,0,0,0,0,0,0
1,1,360171,0,0,0,0,0,0,0,0,0,0
2,1,360171,0,0,0,0,0,0,0,0,0,0
1,1,360172,0,0,0,0,0,0,0,0,0,0
1,1,360173,0,16,0,0,15,0,0,9,0,0
1,1,360174,0,0,0,0,0,0,0,0,0,0
1,1,360175,0,0,0,0,0,0,0,0,0,0
1,1,360176,1,1,1,1,1,1,1,1,1,1
1,1,360177,0,0,0,0,0,0,0,0,0,0
0,1,360178,19,19,19,19,19,19,19,19,19,19
1,1,360178,11,16,19,0,19,0,0,7,0,0
1,1,360179,0,0,0,0,0,0,0,0,0,0
1,1,360180,4,4,4,4,4,4,4,4,4,4
2,1,360180,0,0,0,0,0,0,31,0,0,0
1,1,360181,0,0,0,0,0,0,0,0,0,0
2,1,360181,0,0,0,0,0,0,0,0,0,0
1,1,360182,19,19,19,19,19,19,19,19,19,19
1,1,360183,1,1,1,1,1,1,1,1,1,1
1,1,360184,19,19,19,19,19,19,19,19,19,19
2,1,360184,0,0,11,15,0,10,0,0,0,0
1,1,360185,0,0,0,0,0,0,0,0,0,0
2,1,360185,0,0,0,0,0,0,0,0,0,0
0,1,360186,0,0,0,11,12,0,0,0,13,0
1,1,360186,0,0,4,0,0,0,0,0,0,0
0,1,360187,0,0,0,0,0,0,0,0,0,0
1,1,360187,0,17,0,5,21,0,0,0,21,0
1,1,360188,0,0,0,0,0,0,0,0,0,0
2,1,360188,0,0,0,0,0,12,0,0,0,0
0,1,360189,0,0,0,0,0,25,0,0,0,0
1,1,360189,4,0,11,0,0,2,0,0,0,0
0,1,360190,16,31,0,0,0,0,12,0,29,7
1,1,360190,0,0,12,11,0,0,28,7,21,4
0,1,360191,0,0,0,0,0,0,0,0,0,0
1,1,360191,18,0,12,0,0,0,0,0,0,0
1,1,360192,0,0,4,11,0,0,0,0,0,0
1,1,360193,0,13,0,7,20,0,0,0,0,0
1,1,360194,0,0,0,0,0,0,0,0,0,0
1,1,360195,12,0,0,0,0,0,0,14,0,0
1,1,360196,0,0,0,0,0,0,0,0,0,0
2,1,360196,0,0,0,0,0,0,0,0,0,0
1,1,360197,0,19,18,14,9,20,12,7,21,6
0,1,360198,0,0,0,0,0,0,0,0,0,0
1,1,360198,0,0,0,0,23,0,0,0,0,0
1,1,360199,0,0,0,0,0,0,0,0,0,0
1,1,360200,28,28,28,28,28,28,28,28,28,28
1,1,360201,21,21,21,21,21,21,21,21,21,21
1,1,360202,0,12,0,0,0,14,0,0,0,0
2,1,360202,0,0,0,0,0,23,0,0,9,0
1,1,360203,0,0,0,0,0,0,0,0,0,0
0,1,360204,0,0,0,0,0,0,0,0,0,0
1,1,360204,0,0,0,0,0,8,0,29,0,0
2,1,360204,0,18,0,0,23,18,0,0,0,0
1,1,360205,0,0,0,0,0,0,0,0,0,0
2,1,360205,0,0,0,0,0,0,0,0,0,0
0,1,360206,28,28,28,28,28,28,28,28,28,28
1,1,360206,0,0,0,0,0,0,0,0,0,0
1,1,360207,0,25,16,0,0,0,0,36,0,15
2,1,360207,0,0,0,0,0,0,0,0,0,0
1,1,360208,0,0,0,0,0,0,0,0,0,0
2,1,360208,0,0,0,0,0,0,0,0,0,0
1,1,360209,0,0,0,0,0,0,0,0,0,0
2,1,360209,0,0,0,0,0,0,0,0,0,0
1,1,360210,0,0,11,12,0,7,0,0,17,0
2,1,360210,0,0,0,0,0,0,0,0,0,0
1,1,360211,0,0,0,0,0,0,0,0,0,0
1,1,360212,2,2,2,2,2,2,2,2,2,2
2,1,360212,3,0,0,0,15,0,0,0,0,0
3,1,360212,0,0,0,0,0,0,0,0,0,0
1,1,360213,0,0,4,0,0,0,0,0,0,0
2,1,360213,0,0,0,0,0,0,0,0,0,0
0,1,360214,0,0,0,0,0,0,0,0,0,0
1,1,360214,0,0,0,10,9,0,0,0,0,0
1,1,360215,0,0,0,0,0,0,0,0,0,0
1,1,360216,0,0,0,0,0,0,0,0,0,0
2,1,360216,0,0,0,0,0,0,0,0,0,0
3,1,360216,0,0,11,0,0,0,0,0,0,0
4,1,360216,0,0,5,0,0,0,0,0,0,0
1,1,360217,0,0,0,0,0,0,0,0,0,0
2,1,360217,0,0,0,0,0,0,0,0,0,0
1,1,360218,4,4,4,4,4,4,4,4,4,4
1,1,360219,0,0,0,0,0,0,0,0,0,0
2,1,360219,0,0,0,0,0,4,0,13,0,0
1,1,360220,0,0,0,0,0,18,0,0,0,0
2,1,360220,0,0,0,0,0,0,0,0,0,0
1,1,360221,0,0,0,0,0,0,0,0,0,0
2,1,360221,0,0,0,0,0,0,0,9,0,0
0,1,360222,0,0,0,0,0,0,0,0,0,0
1,1,360222,0,0,0,0,0,0,0,3,0,0
1,1,360223,0,0,0,0,0,0,0,0,0,0
2,1,360223,0,0,0,0,0,0,0,0,0,0
0,1,360224,14,0,0,0,0,8,0,0,0,0
1,1,360224,0,8,0,0,0,0,0,2,0,7
1,1,360225,0,0,0,11,0,13,0,0,0,0
2,1,360225,0,0,0,0,0,0,0,0,0,0
0,1,360226,0,0,0,0,0,0,0,0,29,0
1,1,360226,0,0,0,0,0,0,0,0,0,0
0,1,360227,0,0,0,0,0,0,0,0,0,0
1,1,360227,0,0,0,0,0,0,0,0,0,0
0,1,360228,0,0,0,0,0,0,0,0,0,0
0,2,360228,0,5,24,17,0,17,32,43,15,21
1,1,360228,0,0,0,11,0,12,6,0,0,7
1,1,360229,0,0,0,0,0,0,0,0,0,0
2,1,360229,0,0,0,0,0,17,6,9,0,0
1,1,360230,17,0,0,12,0,0,11,0,0,31
2,1,360230,1,1,1,1,1,1,1,1,1,1
1,1,360231,0,0,0,0,0,0,0,0,0,0
1,1,360232,14,14,14,14,14,14,14,14,14,14
1,1,360233,22,22,22,22,22,22,22,22,22,22
1,1,360234,0,0,0,0,0,0,0,0,0,0
1,1,360235,26,26,26,26,26,26,26,26,26,26
1,1,360236,0,0,0,11,0,0,0,0,27,0
1,1,360237,0,18,0,0,0,0,0,0,0,0
0,1,360238,0,0,6,0,0,0,0,0,0,29
0,2,360238,0,0,0,0,0,0,0,0,0,0
0,3,360238,0,8,0,0,11,0,10,0,11,0
1,1,360238,0,0,0,0,0,0,0,0,0,0
1,1,360239,8,8,8,8,8,8,8,8,8,8
0,1,360240,29,29,29,29,29,29,29,29,29,29
1,1,360240,9,32,0,0,0,0,0,0,0,0
1,1,360241,0,0,0,0,0,0,0,0,0,0
2,1,360241,0,0,0,0,12,0,0,0,0,0
1,1,360242,0,0,0,0,0,0,0,0,0,0
2,1,360242,0,0,0,0,0,0,0,0,0,0
1,1,360243,0,0,0,0,0,0,0,0,0,0
1,1,360244,10,5,11,13,0,2,13,0,0,16
1,1,360245,0,0,0,0,0,0,0,0,0,0
2,1,360245,0,0,0,0,0,0,0,0,0,0
0,1,360246,0,0,0,0,0,0,0,0,0,0
1,1,360246,0,0,0,0,0,0,14,12,0,21
1,1,360247,0,0,0,0,0,0,0,0,0,0
2,1,360247,0,0,0,16,4,0,3,0,0,0
1,1,360248,0,17,0,0,0,0,0,0,0,0
2,1,360248,0,0,0,0,0,10,0,0,0,0
3,1,360248,0,0,0,0,0,0,0,0,0,0
1,1,360249,0,0,0,0,0,0,0,0,0,0
2,1,360249,0,0,0,0,0,0,0,0,0,0
3,1,360249,0,0,0,0,0,0,0,0,0,0
1,1,360250,28,28,28,28,28,28,28,28,28,28
1,1,360251,1,1,1,1,1,1,1,1,1,1
2,1,360251,17,3,6,0,18,0,14,0,0,0
0,1,360252,0,0,0,0,0,0,0,0,0,0
1,1,360252,0,0,0,0,0,0,32,0,0,0
0,1,360253,0,22,0,15,0,0,10,0,0,0
1,1,360253,5,0,0,0,0,0,0,0,0,0
1,1,360254,14,0,0,0,16,0,0,0,6,0
1,1,360255,14,14,14,14,14,14,14,14,14,14
1,1,360256,0,0,0,0,0,0,0,0,0,0
0,1,360257,0,0,0,0,0,0,0,0,0,0
0,2,360257,0,19,0,11,36,0,0,0,0,0
1,1,360257,0,0,0,22,0,2,0,0,0,0
1,1,360258,16,0,15,0,0,0,0,0,0,31
0,1,360259,0,0,12,0,0,0,0,0,4,0
1,1,360259,0,0,0,0,0,0,0,0,0,0
1,1,360260,0,20,9,0,9,0,17,10,0,18
1,1,360261,10,0,0,0,0,0,0,0,0,0
2,1,360261,0,0,0,0,0,0,0,0,0,0
0,1,360262,0,0,0,0,0,0,14,0,0,0
2,1,360262,0,0,0,0,0,0,0,0,0,4
3,1,360262,0,0,0,0,0,0,0,0,0,0
1,1,360263,0,0,0,0,0,0,0,0,0,0
2,1,360263,0,0,0,0,0,0,0,0,0,0
1,1,360264,0,0,0,0,0,0,0,0,0,0
2,1,360264,0,0,0,0,0,0,0,0,0,0
0,1,360265,4,0,0,6,0,17,0,0,6,0
1,1,360265,0,0,12,0,0,0,0,15,0,0
1,1,360266,7,7,7,7,7,7,7,7,7,7
1,1,360267,0,0,0,0,0,0,0,0,0,0
2,1,360267,0,0,0,0,0,0,0,0,0,0
1,1,360268,0,0,0,0,0,0,0,0,0,0
1,1,360269,7,7,7,7,7,7,7,7,7,7
1,1,360270,0,0,0,0,0,0,0,0,0,0
1,1,360271,0,0,0,0,0,0,0,0,0,0
1,1,360272,0,0,0,0,0,0,0,0,0,0
2,1,360272,0,0,0,0,0,0,0,0,0,8
1,1,360273,0,0,0,0,0,0,18,0,0,0
2,1,360273,0,0,0,0,0,0,0,0,0,0
3,1,360273,0,0,0,13,0,0,18,23,0,0
1,1,360274,0,0,0,0,0,0,0,0,0,0
2,1,360274,0,0,0,0,0,0,0,0,0,0
1,1,360275,8,10,19,9,10,22,0,12,12,23
1,1,360276,27,0,0,0,18,0,0,0,0,8
1,1,360277,0,0,0,0,0,0,0,0,0,0
2,1,360277,0,0,0,0,0,0,0,0,0,0
1,1,360278,0,0,0,13,0,0,0,38,0,0
2,1,360278,0,0,0,0,0,0,0,0,0,0
1,1,360279,0,0,0,0,0,0,0,0,0,0
2,1,360279,0,0,0,0,0,0,0,0,0,0
1,1,360280,0,0,0,0,15,0,17,0,0,0
2,1,360280,0,0,0,0,0,11,0,0,0,7
3,1,360280,0,0,0,0,0,0,0,0,0,0
0,1,360281,0,0,0,0,0,0,0,0,0,0
1,1,360281,0,14,9,0,0,10,0,0,0,0
1,1,360282,11,11,11,11,11,11,11,11,11,11
1,1,360283,16,0,28,9,0,23,33,0,0,25
1,1,360284,0,0,0,0,0,0,0,0,0,0
1,1,360285,0,0,0,0,0,0,0,0,0,0
2,1,360285,0,0,0,0,0,0,0,0,0,0
1,1,360286,0,0,0,0,0,0,0,0,0,0
1,1,360287,20,20,20,20,20,20,20,20,20,20
0,1,360288,0,0,0,0,0,0,0,0,0,0
0,2,360288,0,0,0,0,0,8,0,0,0,0
1,1,360288,0,0,0,0,0,0,0,0,0,0
1,1,360289,0,0,0,0,0,0,0,0,0,0
1,1,360290,27,27,27,27,27,27,27,27,27,27
0,1,360291,0,0,0,0,0,0,0,0,0,0
1,1,360291,0,0,0,0,0,0,0,0,0,0
0,1,360292,9,9,9,9,9,9,9,9,9,9
1,1,360292,7,16,20,20,0,9,10,8,0,0
0,1,360294,27,27,27,27,27,27,27,27,27,27
1,1,360294,0,0,0,0,0,0,10,0,0,8
1,1,360295,5,5,5,5,5,5,5,5,5,5
0,1,360296,4,4,4,4,4,4,4,4,4,4
1,1,360296,15,17,35,12,0,6,8,18,7,15
3,1,360297,0,0,0,0,0,0,0,0,0,0
1,1,360298,0,22,16,0,0,0,0,0,0,0
1,1,360299,0,0,0,0,0,0,0,0,0,0
2,1,360299,0,0,0,0,0,0,0,0,0,0
3,1,360299,0,0,0,0,0,0,0,0,0,0
0,1,360300,0,0,0,0,0,0,0,0,0,0
1,1,360300,17,13,15,7,3,0,0,15,0,0
0,1,360302,0,0,0,0,0,0,0,0,0,0
1,1,360302,0,0,0,0,0,0,25,0,0,0
0,1,360303,0,0,0,0,0,0,0,0,0,0
1,1,360303,0,0,0,0,0,0,0,0,0,0
0,1,360304,18,21,13,13,18,23,26,12,19,38
1,1,360304,0,0,0,8,0,5,0,0,14,21
0,1,360305,28,28,28,28,28,28,28,28,28,28
1,1,360305,0,0,7,14,0,0,0,12,0,11
1,1,360306,5,5,5,5,5,5,5,5,5,5
1,1,360307,0,0,0,0,0,0,0,0,0,0
2,1,360307,0,0,0,0,0,0,0,0,0,0
1,1,360308,0,0,0,0,38,0,0,24,0,25
2,1,360308,0,0,0,0,0,0,0,0,0,0
1,1,360309,19,19,19,19,19,19,19,19,19,19
0,1,360310,0,0,0,0,0,0,0,0,0,0
1,1,360310,17,8,16,8,25,0,18,0,10,8
1,1,360311,0,0,0,0,0,0,0,0,0,0
2,1,360311,4,0,0,0,0,0,0,0,0,0
1,1,360312,0,0,0,0,0,0,0,0,0,0
0,1,360313,0,0,0,0,0,0,0,0,0,0
1,1,360313,12,0,0,0,0,0,5,0,26,15
1,1,360314,0,0,0,0,0,0,0,0,0,0
2,1,360314,0,0,0,0,0,0,0,0,0,0
1,1,360315,0,0,0,0,0,0,0,0,0,0
2,1,360315,0,0,0,0,0,0,0,0,0,0
1,1,360316,0,0,0,0,0,0,0,0,0,0
2,1,360316,0,0,0,0,0,0,0,0,0,0
1,1,360317,0,0,0,0,0,0,0,0,0,0
2,1,360317,7,0,0,0,0,0,0,0,0,0
1,1,360318,3,5,0,4,10,4,2,0,0,10
2,1,360318,0,0,14,0,0,0,0,0,0,0
1,1,360319,0,0,0,0,0,0,0,0,0,0
1,1,360320,0,0,0,0,0,0,0,0,0,0
0,1,360321,0,0,0,0,0,0,0,0,0,0
1,1,360321,0,0,0,0,0,0,0,0,0,0
1,1,360322,0,0,0,0,4,6,0,4,0,0
1,1,360323,0,0,0,0,0,0,0,0,0,0
2,1,360323,0,0,0,0,0,0,0,18,10,0
1,1,360324,22,22,22,22,22,22,22,22,22,22
1,1,360325,0,0,28,0,18,0,0,15,15,5
2,1,360325,0,0,0,0,0,0,0,0,0,0
1,1,360326,16,0,0,11,0,0,17,0,0,11
2,1,360326,0,0,0,0,0,0,0,0,0,0
0,1,360327,0,0,0,0,0,0,0,22,17,0
1,1,360327,0,0,0,0,0,0,0,0,0,0
2,1,360327,0,0,0,0,0,0,0,0,0,0
1,1,360328,17,0,0,0,0,0,0,0,0,0
1,1,360329,27,0,12,0,0,0,0,0,0,0
1,1,360330,2,2,2,2,2,2,2,2,2,2
1,1,360331,24,24,24,24,24,24,24,24,24,24
1,1,360332,0,0,0,0,0,0,0,0,0,0
2,1,360332,0,0,0,0,0,0,0,0,0,0
1,1,360333,0,0,0,0,0,0,0,0,0,0
2,1,360333,0,0,0,0,0,0,0,0,0,0
1,1,360334,0,0,0,0,0,0,0,0,0,9
2,1,360334,0,0,0,15,8,7,22,12,0,0
1,1,360335,0,0,0,20,0,0,0,0,17,0
0,1,360336,0,8,0,5,0,0,0,0,0,10
2,1,360336,0,0,0,0,0,0,14,0,0,0
1,1,360337,8,8,8,8,8,8,8,8,8,8
1,1,360338,0,0,0,0,0,0,0,0,0,0
0,1,360339,0,0,0,3,0,0,0,4,0,30
1,1,360339,0,8,0,0,0,0,0,0,0,0
1,1,360340,0,0,0,0,0,0,0,0,0,0
1,1,360341,11,11,11,11,11,11,11,11,11,11
1,1,360342,29,29,29,29,29,29,29,29,29,29
1,1,360343,0,0,0,0,0,0,0,0,0,0
0,1,360344,0,0,0,0,0,0,0,19,0,0
1,1,360344,0,0,0,0,0,0,0,20,17,0
0,1,360345,12,0,11,10,34,20,8,24,0,20
1,1,360345,0,3,0,0,0,0,0,0,0,0
1,1,360346,0,0,0,0,0,0,0,0,0,0
2,1,360346,0,0,0,0,0,0,0,0,0,0
1,1,360347,0,0,0,18,0,0,0,0,0,0
2,1,360347,0,0,0,0,0,0,0,0,0,0
3,1,360347,0,0,0,0,0,0,0,0,0,0
1,1,360348,0,0,0,0,0,0,10,0,0,0
2,1,360348,0,0,0,0,0,0,0,0,0,0
1,1,360349,0,0,0,0,0,0,0,0,0,0
1,1,360350,0,0,0,0,0,0,0,0,0,9
2,1,360350,0,8,0,19,0,0,0,0,0,14