VEH_NO,PER_NO,ST_CASE,P1,P2,P3,P4,P5,P6,P7,P8,P9,P10
1,1,360649,0,0,0,0,0,0,0,0,0,0
1,1,360650,0,0,14,0,0,0,0,0,0,0
2,1,360650,0,0,0,0,0,0,0,0,0,0
3,1,360650,0,0,0,0,0,0,0,0,0,0
1,1,360651,0,11,0,0,0,0,23,0,31,0
1,1,360652,0,0,0,0,0,0,0,0,0,0
1,1,360653,0,0,0,0,0,0,0,0,0,0
0,1,360654,21,21,21,21,21,21,21,21,21,21
1,1,360654,0,0,0,0,0,0,0,0,0,0
1,1,360655,0,0,0,0,0,0,0,0,0,0
2,1,360655,0,0,0,0,0,0,0,0,0,0
1,1,360656,0,0,0,0,0,0,0,0,0,0
2,1,360656,0,0,0,0,0,0,0,0,0,0
1,1,360657,14,21,32,11,11,11,10,19,10,10
1,1,360658,0,0,0,0,0,0,0,0,0,0
1,1,360659,2,24,18,20,9,5,18,7,25,11
1,1,360660,0,0,0,0,0,0,0,0,0,0
2,1,360660,0,0,0,0,0,0,0,0,0,0
1,1,360661,0,0,0,0,0,0,7,0,0,0
1,1,360662,0,0,0,0,0,0,0,0,0,0
1,1,360663,30,22,0,10,0,0,0,0,0,13
0,1,360664,0,0,0,0,0,0,0,0,0,0
1,1,360664,0,0,0,0,0,8,0,0,0,0
1,1,360665,0,0,0,0,0,0,0,0,0,0
2,1,360665,0,0,0,0,0,10,0,4,0,0
1,1,360666,0,0,15,0,0,0,0,0,0,0
2,1,360666,0,0,0,0,0,0,0,0,0,0
1,1,360667,3,3,3,3,3,3,3,3,3,3
2,1,360667,0,0,0,0,0,0,0,0,0,0
0,1,360668,23,23,23,23,23,23,23,23,23,23
1,1,360668,0,0,0,0,0,0,0,0,0,0
1,1,360669,0,0,3,17,0,0,0,0,23,0
1,1,360670,1,1,1,1,1,1,1,1,1,1
0,1,360671,0,0,0,0,0,0,0,0,0,0
1,1,360671,0,0,0,0,0,0,0,0,0,0
1,1,360672,18,18,18,18,18,18,18,18,18,18
1,1,360673,0,0,0,0,0,0,0,0,0,0
0,1,360674,0,23,0,0,28,13,18,0,6,8
1,1,360674,0,9,0,0,9,8,14,10,0,3
0,1,360675,0,0,0,0,0,0,0,0,0,0
1,1,360675,3,0,0,0,0,13,0,0,11,0
0,1,360676,0,0,0,0,0,0,0,0,0,0
1,1,360676,6,12,0,7,6,0,0,0,13,0
1,1,360677,0,0,0,0,0,0,0,0,0,0
2,1,360677,0,0,0,0,0,0,0,0,0,0
1,1,360678,0,0,0,0,0,0,0,0,0,0
0,1,360679,0,0,0,0,0,0,0,0,0,0
1,1,360679,0,0,0,0,0,0,0,0,0,0
1,1,360680,0,0,7,0,0,0,0,0,0,0
2,1,360680,0,0,0,0,0,0,0,0,0,0
1,1,360681,21,21,21,21,21,21,21,21,21,21
0,1,360682,16,16,16,16,16,16,16,16,16,16
1,1,360682,9,7,0,0,0,0,27,0,0,0
1,1,360683,0,0,0,0,0,0,0,0,0,0
0,1,360684,0,0,0,0,18,26,0,0,0,19
1,1,360684,0,0,0,0,0,0,0,0,0,0
0,1,360685,0,19,0,26,30,32,0,16,30,0
1,1,360685,0,0,0,0,0,0,0,0,0,0
1,1,360686,13,13,13,13,13,13,13,13,13,13
2,1,360686,0,0,0,18,29,4,0,0,0,0
0,1,360687,0,0,0,0,0,0,0,0,0,0
1,1,360687,0,0,0,17,0,12,0,0,21,0
1,1,360688,0,0,0,0,0,0,0,0,0,0
2,1,360688,17,17,17,17,17,17,17,17,17,17
1,1,360689,5,0,0,0,0,0,0,0,0,0
2,1,360689,0,0,0,0,0,0,0,0,0,0
1,1,360690,0,0,0,0,0,0,0,0,0,0
2,1,360690,0,0,0,0,0,0,0,0,0,0
1,1,360691,0,0,0,0,0,0,0,0,0,0
2,1,360691,0,0,13,0,0,19,0,0,0,0
0,1,360692,0,0,0,0,0,0,0,0,5,0
1,1,360692,0,0,18,4,4,0,6,0,0,0
1,1,360693,0,0,0,0,0,0,0,0,0,0
2,1,360693,4,3,0,4,0,0,0,12,15,0
1,1,360694,0,0,0,0,42,0,0,0,0,0
1,1,360695,0,0,0,0,0,0,0,0,0,0
2,1,360695,0,0,0,0,0,0,0,0,0,0
3,1,360695,0,0,0,0,0,0,0,0,0,0
1,1,360696,14,14,14,14,14,14,14,14,14,14
2,1,360696,18,0,0,0,0,0,8,0,0,0
3,1,360696,10,10,0,6,0,0,0,0,1,11
0,1,360697,0,0,0,0,0,0,0,0,0,0
1,1,360697,0,0,0,0,0,0,0,0,0,0
1,1,360698,0,0,0,0,0,0,0,0,0,0
2,1,360698,6,4,8,5,2,7,15,8,0,9
3,1,360698,0,0,0,0,0,0,0,0,0,0
4,1,360698,0,0,0,0,0,0,0,0,0,0
1,1,360699,0,0,0,0,0,0,0,0,0,0
2,1,360699,0,0,0,0,0,0,8,0,0,0
1,1,360700,0,0,0,0,0,0,0,0,0,0
2,1,360700,0,0,0,0,0,0,0,0,0,11
1,1,360701,0,0,0,0,0,0,0,0,0,0
2,1,360701,0,0,0,0,0,0,0,0,0,3
3,1,360701,0,0,0,0,0,0,0,0,0,11
4,1,360701,0,9,0,0,0,0,0,0,0,0
1,1,360702,17,11,0,7,9,0,34,11,17,14
1,1,360703,14,14,14,14,14,14,14,14,14,14
2,1,360703,0,0,0,17,0,0,0,0,0,0
1,1,360704,19,19,19,19,19,19,19,19,19,19
1,1,360705,0,0,0,0,0,0,0,0,0,0
1,1,360706,0,0,0,0,0,0,0,0,0,0
2,1,360706,0,0,0,0,0,0,0,0,0,0
3,1,360706,0,0,0,0,0,0,0,0,0,0
1,1,360707,0,0,0,0,0,0,0,0,0,0
2,1,360707,0,0,0,0,0,0,0,0,0,0
1,1,360708,0,0,0,0,0,0,0,0,0,0
1,1,360709,0,0,0,0,0,0,0,0,0,0
2,1,360709,0,0,0,0,0,0,0,0,0,0
1,1,360710,14,0,0,19,0,0,20,26,15,24
1,1,360711,0,0,0,0,0,0,0,0,0,15
1,1,360712,0,0,0,0,0,0,0,0,0,0
2,1,360712,0,0,0,0,0,0,0,0,0,0
1,1,360713,0,0,0,0,0,0,0,0,0,0
0,1,360714,16,49,23,8,0,32,0,23,24,22
1,1,360714,13,0,0,0,0,0,18,0,0,0
1,1,360715,0,0,0,0,0,0,0,14,0,0
0,1,360716,0,0,0,0,0,13,0,0,0,0
1,1,360716,16,27,0,0,8,14,0,20,18,3
0,1,360717,0,0,0,0,7,0,0,0,0,0
1,1,360717,0,0,0,0,0,0,0,0,0,0
1,1,360718,0,3,0,0,0,0,0,16,15,0
1,1,360719,0,0,0,0,9,0,0,0,0,0
2,1,360719,0,0,0,0,0,0,0,0,0,0
1,1,360720,7,7,7,7,7,7,7,7,7,7
1,1,360721,0,0,0,0,0,0,12,0,0,0
2,1,360721,0,0,0,0,4,0,0,0,0,0
1,1,360722,2,2,2,2,2,2,2,2,2,2
2,1,360722,0,0,0,0,0,0,0,0,0,0
0,1,360723,0,0,0,0,0,0,0,0,0,0
1,1,360723,0,0,0,0,0,0,0,0,0,0
2,1,360723,0,0,0,0,0,0,0,0,0,0
3,1,360723,0,0,0,0,0,0,0,0,0,0
4,1,360723,0,0,0,0,0,0,0,0,0,7
1,1,360724,0,0,0,0,0,0,0,0,0,0
2,1,360724,0,0,0,0,0,0,0,0,0,0
3,1,360724,0,0,0,0,0,0,0,0,0,0
0,1,360725,24,0,36,23,0,44,38,5,9,0
1,1,360725,0,0,0,0,0,0,17,12,16,12
1,1,360726,0,0,0,0,0,0,0,0,0,0
2,1,360726,0,0,0,0,0,0,0,0,0,0
3,1,360726,0,0,0,0,0,0,11,0,9,0
4,1,360726,0,0,0,0,0,0,0,0,0,0
1,1,360727,0,0,0,0,0,0,0,0,0,0
2,1,360727,0,0,4,0,22,0,23,0,0,0
3,1,360727,0,0,0,0,0,0,0,0,0,0
0,1,360728,0,0,0,0,0,0,0,0,0,0
1,1,360728,12,12,12,12,12,12,12,12,12,12
0,1,360729,0,0,0,0,0,0,0,0,0,0
1,1,360729,0,0,0,0,0,0,0,0,0,0
0,1,360730,18,18,18,18,18,18,18,18,18,18
1,1,360730,0,0,0,0,0,0,0,0,0,0
1,1,360731,0,0,0,0,0,0,0,0,0,0
2,1,360731,0,0,6,0,0,0,0,0,0,0
0,1,360732,6,6,6,6,6,6,6,6,6,6
0,2,360732,17,0,13,0,13,0,14,0,19,19
1,1,360732,0,0,17,17,10,0,0,15,4,0
0,1,360733,0,0,0,0,0,0,0,0,0,0
1,1,360733,0,0,0,0,0,0,0,0,0,0
1,1,360734,44,44,44,44,44,44,44,44,44,44
1,1,360735,0,0,0,0,0,0,0,0,0,0
1,1,360736,0,0,0,27,0,0,0,0,0,0
2,1,360736,0,0,0,0,0,0,0,0,0,0
1,1,360737,0,0,7,0,0,20,0,10,0,0
1,1,360738,26,26,26,26,26,26,26,26,26,26
1,1,360739,0,0,0,0,0,0,0,0,0,0
0,1,360740,18,18,18,18,18,18,18,18,18,18
1,1,360740,9,0,0,0,0,10,0,0,8,0
0,1,360741,0,0,0,0,0,0,0,0,0,0
1,1,360741,0,0,0,0,0,0,0,0,16,0
1,1,360743,21,21,21,21,21,21,21,21,21,21
0,1,360744,0,26,15,0,0,22,0,0,0,41
1,1,360744,0,0,10,0,0,0,0,0,15,0
0,1,360745,0,0,0,0,0,0,0,0,0,0
1,1,360745,0,0,0,19,21,0,0,0,0,0
0,1,360746,0,0,0,0,0,0,0,0,0,0
1,1,360746,0,17,0,12,0,0,6,0,21,5
1,1,360747,0,0,0,0,0,0,0,0,0,0
2,1,360747,0,0,0,0,0,0,0,0,0,6
3,1,360747,0,0,0,0,0,0,0,0,0,0
0,1,360748,0,0,0,0,0,0,0,0,0,0
1,1,360748,0,0,0,0,0,0,0,0,0,0
1,1,360749,0,0,0,0,0,0,0,28,0,0
1,1,360750,0,0,0,0,0,0,0,0,0,0
2,1,360750,9,9,9,9,9,9,9,9,9,9
1,1,360751,0,0,0,0,0,0,0,0,0,0
2,1,360751,0,0,0,0,0,0,0,0,0,0
1,1,360752,16,16,16,16,16,16,16,16,16,16
2,1,360752,16,0,0,23,6,0,0,0,18,0
0,1,360753,0,29,0,0,11,23,0,0,7,0
1,1,360753,12,0,13,18,18,23,12,19,7,20
2,1,360753,0,0,0,0,0,0,0,0,0,0
4,1,360753,0,0,0,0,0,0,0,0,0,0
1,1,360754,0,0,0,10,0,8,6,0,0,0
2,1,360754,0,13,8,8,4,0,0,0,13,0
1,1,360755,12,21,0,0,0,21,0,0,0,0
2,1,360755,0,0,0,0,0,0,0,0,0,0
3,1,360755,0,0,0,0,0,0,0,0,0,0
1,1,360756,0,0,0,0,0,0,0,0,0,0
2,1,360756,0,0,0,0,0,0,0,0,0,0
1,1,360757,0,0,0,0,0,0,0,0,0,0
0,1,360758,0,0,21,0,0,0,26,0,20,0
1,1,360758,0,0,0,0,0,0,0,0,0,0
1,1,360759,0,0,0,0,0,0,0,0,0,0
2,1,360759,0,0,0,0,0,0,0,0,0,0
1,1,360760,16,16,16,16,16,16,16,16,16,16
1,1,360761,0,0,0,0,0,14,0,13,14,0
1,1,360762,0,0,0,0,0,0,0,0,0,0
1,1,360763,28,28,28,28,28,28,28,28,28,28
1,1,360764,0,0,0,0,0,0,0,0,0,0
0,1,360765,0,0,0,0,0,0,0,0,0,0
1,1,360765,11,19,0,0,0,0,0,0,0,0
2,1,360766,32,0,0,0,8,0,0,0,0,0
1,1,360767,0,0,0,0,0,0,0,0,0,0
2,1,360767,0,0,0,0,0,0,0,0,0,0
1,1,360768,23,0,8,0,0,18,0,29,0,17
1,1,360769,0,0,0,0,0,0,0,0,0,0
2,1,360769,0,0,0,0,0,0,0,0,0,0
1,1,360770,0,0,0,0,0,0,0,0,0,0
1,1,360771,32,6,0,17,24,0,0,0,2,15
1,1,360772,0,0,0,0,0,0,0,0,0,0
2,1,360772,0,11,0,8,21,0,0,0,0,0
1,1,360773,25,25,25,25,25,25,25,25,25,25
1,1,360774,0,0,0,0,0,0,0,0,11,0
2,1,360774,0,0,0,0,0,0,0,0,0,0
1,1,360775,26,26,26,26,26,26,26,26,26,26
0,1,360776,0,0,0,10,0,0,0,12,0,0
1,1,360776,0,0,0,0,13,12,0,0,0,0
1,1,360777,16,16,16,16,16,16,16,16,16,16
2,1,360777,0,0,0,0,0,0,0,0,0,0
1,1,360778,28,28,28,28,28,28,28,28,28,28
1,1,360779,0,6,0,0,0,0,0,0,0,0
2,1,360779,0,0,0,0,0,0,0,0,0,0
1,1,360780,0,0,0,0,0,0,0,0,0,0
2,1,360780,0,0,0,0,0,0,0,0,0,0
1,1,360782,12,12,12,12,12,12,12,12,12,12
1,1,360783,21,21,21,21,21,21,21,21,21,21
1,1,360784,0,0,0,19,0,0,0,0,0,0
1,1,360785,0,0,0,0,0,0,0,0,0,0
2,1,360785,0,0,0,0,0,0,0,0,0,0
1,1,360786,0,0,0,0,0,0,0,0,0,0
1,1,360787,13,13,13,13,13,13,13,13,13,13
1,1,360788,24,24,24,24,24,24,24,24,24,24
1,1,360789,0,0,0,0,0,0,0,0,0,0
2,1,360789,0,0,0,7,0,0,0,0,0,0
1,1,360790,14,14,14,14,14,14,14,14,14,14
1,1,360791,0,0,0,0,0,0,0,0,0,0
2,1,360791,0,16,0,14,0,18,26,0,0,9
1,1,360792,0,0,0,0,0,0,0,0,0,0
1,1,360793,10,9,6,19,27,7,13,14,20,26
1,1,360794,0,0,0,0,0,0,0,0,0,0
2,1,360794,0,0,0,0,0,0,0,0,0,0
1,1,360795,16,0,26,0,0,0,0,0,0,0
2,1,360795,0,0,0,0,0,0,11,9,0,0
3,1,360795,0,0,0,0,0,0,0,0,0,0
4,1,360795,0,0,0,0,0,0,0,0,0,0
1,1,360796,13,13,13,13,13,13,13,13,13,13
0,1,360797,0,0,0,0,0,0,0,0,0,0
1,1,360797,0,0,0,0,0,0,0,0,0,0
0,1,360798,8,8,8,8,8,8,8,8,8,8
1,1,360798,0,0,0,0,0,0,0,0,0,0
1,1,360799,0,0,0,18,0,26,0,0,27,0
1,1,360800,3,3,3,3,3,3,3,3,3,3
2,1,360800,0,0,0,0,7,0,0,0,0,0
1,1,360801,0,0,0,24,0,0,0,0,8,0
2,1,360801,0,0,0,0,0,0,0,0,0,0
1,1,360802,0,0,0,9,0,0,0,0,0,0
2,1,360802,3,3,3,3,3,3,3,3,3,3
1,1,360803,18,18,18,18,18,18,18,18,18,18
2,1,360803,0,0,0,0,0,0,0,0,0,0
3,1,360803,0,0,10,0,0,0,12,0,0,0
0,1,360804,0,0,0,0,0,0,0,0,0,0
1,1,360804,0,0,17,8,0,14,0,0,0,0
1,1,360805,0,0,0,0,0,0,0,0,0,0
2,1,360805,0,0,0,0,0,0,0,0,0,0
0,1,360806,0,0,0,20,8,0,18,0,0,0
1,1,360806,0,0,0,0,0,0,0,0,0,0
0,1,360807,0,28,0,25,0,11,33,35,20,50
1,1,360807,9,14,24,10,5,0,8,24,0,29
1,1,360808,0,0,0,0,0,0,0,0,0,0
1,1,360809,0,6,0,0,5,0,0,0,0,0
2,1,360809,0,0,0,0,0,0,0,0,0,0
1,1,360810,8,8,8,8,8,8,8,8,8,8
1,1,360811,0,8,0,0,31,24,22,0,0,11
0,1,360813,0,0,0,0,0,0,0,0,0,0
1,1,360813,0,0,0,0,0,0,0,0,0,0
1,1,360814,0,0,0,0,0,0,0,0,0,0
1,1,360815,0,0,0,0,0,0,0,0,0,0
2,1,360815,0,0,0,0,0,0,0,0,0,0
1,1,360816,0,0,0,0,0,0,0,0,0,0
2,1,360816,0,0,0,0,0,0,0,0,0,0
1,1,360817,0,0,0,0,0,0,0,0,0,0
2,1,360817,0,11,0,0,0,0,6,12,0,0
3,1,360818,0,0,0,0,11,26,0,0,0,0
1,1,360819,0,0,0,0,0,0,0,0,0,0
0,1,360820,16,22,19,0,0,0,8,0,0,0
1,1,360820,0,11,0,0,0,8,18,17,0,0
1,1,360821,0,0,0,0,0,0,0,0,0,0
2,1,360821,0,0,0,0,0,0,5,0,0,0
1,1,360822,0,0,0,0,0,0,0,0,0,0
1,1,360823,0,0,0,0,0,0,0,0,0,0
1,1,360824,0,0,0,0,0,0,0,0,0,0
1,1,360825,0,0,0,0,0,0,0,0,0,0
0,1,360826,0,0,0,9,33,0,0,6,0,9
1,1,360826,0,0,0,8,21,0,0,0,0,0
1,1,360827,0,0,30,0,15,0,24,0,19,0
0,1,360828,0,0,0,0,0,0,0,0,0,0
1,1,360828,18,0,0,19,0,5,10,0,0,0
0,1,360829,0,0,0,0,0,0,0,0,0,0
1,1,360829,0,0,0,0,0,8,0,0,0,0
1,1,360830,27,27,27,27,27,27,27,27,27,27
0,1,360831,0,0,0,0,0,0,0,0,0,0
1,1,360831,0,0,0,0,0,0,0,0,0,0
1,1,360832,15,0,0,15,0,0,0,16,0,0
2,1,360832,15,15,15,15,15,15,15,15,15,15
1,1,360833,0,0,0,0,0,0,0,0,0,0
2,1,360833,0,0,0,0,0,0,0,0,0,0
3,1,360833,0,0,0,0,0,0,0,0,0,0
1,1,360834,0,15,0,0,0,11,0,0,0,0
0,1,360835,3,3,3,3,3,3,3,3,3,3
1,1,360835,0,0,0,0,0,0,0,0,0,0
2,1,360835,7,0,0,0,0,0,28,0,0,0
3,1,360835,0,0,0,0,0,0,0,0,0,0
1,1,360836,20,20,20,20,20,20,20,20,20,20
2,1,360836,0,0,0,0,0,0,0,0,0,0
0,1,360837,17,0,0,0,26,0,0,16,0,0
0,2,360837,0,0,0,0,0,0,0,0,0,0
1,1,360837,0,0,0,23,0,0,0,0,0,0
1,1,360838,27,14,13,21,0,10,14,10,0,0
1,1,360839,0,0,0,0,0,0,0,0,0,0
2,1,360839,3,3,3,3,3,3,3,3,3,3
1,1,360840,26,26,26,26,26,26,26,26,26,26
2,1,360840,0,0,7,0,0,0,0,28,0,0
1,1,360841,0,0,0,0,0,0,0,0,0,0
1,1,360842,0,0,0,0,0,0,0,0,0,0
2,1,360842,0,0,0,0,0,0,0,0,0,0
1,1,360843,0,0,0,0,0,0,0,0,0,0
1,1,360844,14,0,0,0,0,0,0,0,0,0
0,1,360845,20,9,26,0,0,0,0,21,14,14
1,1,360845,0,0,0,0,0,0,0,0,0,0
1,1,360846,0,0,0,0,0,0,0,0,0,0
1,1,360847,0,0,0,0,0,0,0,0,0,0
1,1,360848,0,0,0,0,0,0,0,0,0,0
2,1,360848,17,0,0,0,0,0,0,0,0,0
1,1,360849,19,19,19,19,19,19,19,19,19,19
2,1,360849,0,0,0,0,0,0,0,0,0,0
0,1,360850,16,16,16,16,16,16,16,16,16,16
1,1,360850,0,9,30,0,0,0,0,0,0,0
0,1,360851,0,0,0,0,0,0,0,0,0,0
1,1,360851,18,0,13,3,0,0,12,10,8,13
1,1,360852,0,0,0,0,0,0,0,0,0,0
2,1,360852,0,0,0,0,0,0,0,0,0,0
0,1,360853,0,0,0,0,0,0,0,0,0,0
1,1,360853,0,10,0,0,0,0,0,0,5,4
0,1,360854,0,0,0,0,0,0,0,0,0,0
1,1,360854,0,0,0,0,0,33,0,0,0,0
1,1,360855,15,15,15,15,15,15,15,15,15,15
0,1,360856,27,27,27,27,27,27,27,27,27,27
1,1,360856,0,0,0,0,0,10,0,16,15,21
1,1,360857,12,12,12,12,12,12,12,12,12,12
1,1,360858,0,0,0,0,0,0,8,0,0,0
2,1,360858,0,0,0,0,0,0,0,0,0,0
1,1,360859,9,9,9,9,9,9,9,9,9,9
1,1,360860,17,17,17,17,17,17,17,17,17,17
1,1,360861,0,0,0,0,0,0,0,0,0,0
2,1,360861,0,0,0,0,0,0,0,0,0,0
1,1,360862,1,1,1,1,1,1,1,1,1,1
2,1,360862,0,0,0,0,0,0,0,0,0,0
1,1,360863,19,19,19,19,19,19,19,19,19,19
1,1,360865,7,7,7,7,7,7,7,7,7,7
1,1,360866,0,0,0,0,0,0,0,0,0,0
2,1,360866,0,0,0,0,0,0,0,0,0,17
0,1,360867,0,0,0,0,0,0,0,0,0,0
1,1,360867,0,0,0,0,0,0,0,0,0,0
1,1,360868,4,4,4,4,4,4,4,4,4,4
2,1,360868,0,0,0,0,0,0,0,0,9,0
1,1,360869,0,0,0,0,0,0,0,0,0,0
0,1,360870,0,0,0,0,0,0,0,0,0,0
1,1,360870,0,0,0,0,0,0,0,0,0,0
1,1,360871,11,11,11,11,11,11,11,11,11,11
1,1,360872,0,0,0,0,0,0,0,0,0,0
0,1,360873,0,17,0,0,0,30,0,0,13,0
1,1,360873,0,0,0,0,0,0,0,0,0,12
2,1,360873,0,0,0,0,0,0,0,0,0,0
0,1,360875,17,17,17,17,17,17,17,17,17,17
1,1,360875,11,0,0,4,0,0,0,0,0,0
1,1,360876,28,11,13,20,6,22,35,13,23,13
2,1,360876,0,0,0,0,0,0,14,0,0,0
0,1,360877,0,0,0,0,0,0,0,0,0,0
1,1,360877,0,0,0,0,0,0,0,0,0,0
0,1,360878,0,0,0,0,0,0,0,0,0,0
1,1,360878,0,0,0,0,0,0,0,0,0,0
0,1,360879,25,25,25,25,25,25,25,25,25,25
0,2,360879,0,4,0,27,0,0,20,0,0,10
1,1,360879,0,0,9,0,0,0,3,17,12,20
0,1,360880,0,36,18,18,0,20,0,0,0,0
1,1,360880,0,0,0,0,0,0,0,0,0,0
0,1,360881,0,0,0,0,0,0,0,0,0,0
1,1,360881,10,0,0,0,0,0,0,0,0,0
1,1,360882,3,3,3,3,3,3,3,3,3,3
0,1,360883,0,0,0,0,0,0,0,0,0,0
1,1,360883,0,0,0,0,0,0,0,0,0,0
1,1,360884,1,1,1,1,1,1,1,1,1,1
2,1,360884,0,0,0,0,0,0,0,0,0,0
1,1,360885,0,0,0,0,0,0,0,0,0,0
2,1,360885,0,0,0,0,0,0,0,0,0,0
3,1,360885,0,0,0,0,0,0,0,0,0,0
1,1,360886,0,0,0,0,0,0,0,0,0,0
1,1,360887,0,0,0,0,0,0,0,0,0,0
2,1,360887,0,0,0,0,0,0,0,0,0,0
1,1,360888,0,0,0,0,0,0,0,0,0,0
2,1,360888,4,4,4,4,4,4,4,4,4,4
1,1,360889,13,0,15,21,23,0,13,12,0,0
2,1,360889,6,0,0,4,11,0,0,0,0,0
1,1,360890,0,0,0,0,0,0,0,0,0,0
2,1,360890,0,0,0,0,0,0,0,0,0,0
1,1,360891,0,0,0,0,0,0,0,0,0,0
2,1,360891,0,15,0,0,0,0,18,0,0,0
1,1,360892,11,0,19,11,9,0,14,0,0,11
1,1,360893,18,18,18,18,18,18,18,18,18,18
0,1,360894,0,0,0,0,38,0,0,0,2,0
1,1,360894,0,3,2,0,12,9,0,0,0,0
1,1,360895,0,0,0,0,0,0,0,0,0,0
1,1,360896,0,0,0,0,0,0,0,0,0,0
0,1,360897,12,12,12,12,12,12,12,12,12,12
1,1,360897,0,0,5,16,6,0,0,0,0,0
0,1,360898,0,0,0,0,0,0,0,0,0,0
1,1,360898,0,0,0,0,0,0,0,0,0,0
1,1,360899,19,13,17,19,23,0,13,26,21,12
1,1,360900,0,0,0,0,0,0,0,0,0,0
2,1,360900,0,0,0,0,0,0,0,0,0,0
1,1,360901,8,0,0,0,0,0,0,5,0,24
0,1,360902,0,0,0,0,0,0,0,3,10,14
0,2,360902,0,0,0,0,0,0,4,0,0,18
1,1,360902,12,5,9,0,10,11,7,19,13,20
1,1,360903,0,0,0,0,0,0,0,0,0,0
2,1,360903,0,20,0,0,0,0,0,11,0,15
3,1,360903,0,0,0,0,17,0,0,0,0,0
1,1,360905,0,0,0,0,0,0,0,0,0,0
2,1,360905,0,0,0,0,0,0,0,0,0,0
0,1,360906,0,0,0,0,0,0,0,0,0,0
1,1,360906,0,0,0,0,0,0,0,0,0,0
1,1,360907,0,0,0,0,0,0,0,0,0,0
1,1,360908,0,0,0,0,0,0,0,0,0,0
2,1,360908,0,0,0,0,0,0,0,0,0,0
1,1,360909,0,0,0,0,0,0,0,0,0,14
2,1,360909,0,0,0,0,0,0,7,0,15,0
1,1,360910,20,20,20,20,20,20,20,20,20,20
1,1,360911,0,0,0,0,0,0,0,0,0,0
1,1,360912,0,0,0,0,0,0,0,0,0,0
1,1,360913,0,0,0,0,8,0,0,0,20,6
2,1,360913,1,1,1,1,1,1,1,1,1,1
1,1,360914,0,0,0,0,0,22,0,0,0,0
2,1,360914,0,0,0,0,0,0,0,0,0,7
0,1,360915,0,0,0,0,0,0,0,0,0,0
1,1,360915,0,0,0,0,0,0,0,3,0,16
1,1,360916,26,26,26,26,26,26,26,26,26,26
2,1,360916,0,0,0,0,0,0,0,0,0,0
1,1,360917,0,0,0,0,0,0,0,0,0,6
2,1,360917,0,0,0,0,0,0,0,0,0,0
3,1,360917,0,0,0,0,0,0,0,0,0,0
1,1,360918,0,0,0,0,0,0,0,0,0,0
2,1,360918,0,0,0,0,0,0,0,0,0,0
1,1,360919,0,0,0,0,0,0,0,0,0,0
2,1,360919,0,0,0,0,0,0,0,0,0,0
1,1,360920,4,4,4,4,4,4,4,4,4,4
1,1,360921,28,28,28,28,28,28,28,28,28,28
1,1,360922,0,0,0,0,0,0,0,0,0,0
2,1,360922,20,0,0,0,0,0,0,0,0,0
1,1,360923,24,24,24,24,24,24,24,24,24,24
2,1,360924,0,0,0,14,0,16,0,9,0,0
1,1,360925,0,17,0,0,0,17,0,0,0,0
2,1,360925,0,0,0,0,0,0,0,0,0,0
1,1,360926,0,0,0,0,0,0,0,0,0,0
2,1,360926,0,0,0,0,0,0,0,0,0,0
1,1,360927,0,0,0,0,0,0,0,0,15,13
1,1,360928,0,0,0,0,0,0,0,0,0,0
2,1,360928,0,0,0,0,0,0,0,0,0,0
1,1,360929,0,0,0,0,0,0,0,0,0,0
2,1,360929,0,0,0,0,0,0,0,0,0,0
1,1,360930,11,18,29,17,10,13,11,30,30,26
0,1,360931,0,0,0,0,0,0,0,0,0,0
1,1,360931,0,0,0,0,0,0,0,0,0,0
1,1,360932,0,0,0,0,0,0,0,0,0,0
2,1,360932,0,0,0,0,0,0,0,0,0,0
1,1,360933,0,0,0,0,0,0,0,0,0,0
2,1,360933,0,0,0,0,0,0,0,0,0,0
1,1,360934,14,14,14,14,14,14,14,14,14,14
0,1,360935,0,0,0,0,0,0,0,0,0,0
0,2,360935,0,0,0,0,0,0,0,0,0,0
0,3,360935,0,0,0,0,0,0,0,0,0,0
1,1,360935,0,0,0,0,0,0,0,0,0,0
1,1,360936,0,0,0,0,0,0,0,0,0,0
2,1,360936,0,0,0,11,0,0,0,0,0,0
0,1,360937,18,18,18,18,18,18,18,18,18,18
1,1,360937,16,9,0,0,0,22,0,0,0,33
1,1,360938,0,0,0,0,0,0,0,0,0,0
2,1,360938,0,0,0,0,0,0,0,0,0,0
1,1,360939,10,0,0,0,16,0,0,0,19,0
1,1,360940,22,22,22,22,22,22,22,22,22,22
1,1,360941,0,0,0,0,0,0,0,0,0,0
1,1,360942,0,0,0,0,0,0,0,0,0,0
0,1,360943,23,23,23,23,23,23,23,23,23,23
1,1,360943,10,7,0,9,0,21,0,0,16,0
0,1,360944,0,0,0,0,0,0,0,0,0,0
1,1,360944,21,0,21,0,0,23,0,16,19,11
0,1,360945,16,0,16,26,0,36,25,10,19,22
1,1,360945,0,0,0,0,0,0,0,0,0,0
1,1,360946,0,0,0,0,0,0,0,0,0,0
1,1,360947,0,0,0,0,0,0,0,0,0,0
2,1,360947,0,0,0,0,0,0,0,0,0,0
1,1,360948,0,0,0,0,0,0,0,0,0,0
2,1,360948,0,0,0,0,0,0,0,0,0,16
0,1,360949,0,0,0,0,0,0,0,0,0,0
1,1,360949,0,0,0,0,0,0,11,0,0,0
2,1,360949,0,0,0,0,0,0,0,0,0,0
0,1,360950,0,0,0,0,0,0,0,0,0,0
1,1,360950,0,0,0,0,0,0,0,0,0,12