VEH_NO,PER_NO,ST_CASE,P1,P2,P3,P4,P5,P6,P7,P8,P9,P10
1,1,360951,4,0,0,0,0,0,11,0,0,15
1,1,360952,23,23,23,23,23,23,23,23,23,23
1,1,360953,0,0,0,0,0,0,0,0,0,0
2,1,360953,0,0,0,0,0,0,0,0,0,0
1,1,360954,0,0,0,0,0,0,0,0,0,0
2,1,360954,0,0,0,0,0,0,0,0,0,0
1,1,360955,9,0,0,0,0,0,11,0,8,0
2,1,360955,0,0,0,0,0,0,0,0,0,0
1,1,360956,0,0,0,0,0,0,0,0,0,0
2,1,360956,0,0,0,0,0,0,0,0,0,0
0,1,360957,0,17,0,0,0,0,0,16,0,0
1,1,360957,0,0,0,0,0,0,0,0,0,0
1,1,360958,0,0,0,0,0,0,0,0,0,0
2,1,360958,0,0,0,0,0,0,0,0,0,0
0,1,360959,9,9,9,9,9,9,9,9,9,9
1,1,360959,0,0,0,7,0,0,0,0,8,0
0,1,360960,0,17,19,17,0,48,0,0,0,0
1,1,360960,13,0,0,0,0,0,0,0,0,0
2,1,360960,0,0,0,0,0,0,0,0,0,0
0,1,360961,0,0,0,0,0,0,0,0,0,0
1,1,360961,0,13,0,0,0,0,0,0,0,0
1,1,360962,19,19,19,19,19,19,19,19,19,19
0,1,360963,29,0,0,0,0,0,38,0,19,11
1,1,360963,0,13,13,4,10,4,9,0,0,0
1,1,360964,0,0,0,18,23,7,0,0,0,0
1,1,360965,12,12,12,12,12,12,12,12,12,12
1,1,360966,0,0,0,0,0,0,0,0,0,0
2,1,360966,17,17,17,17,17,17,17,17,17,17
1,1,360967,0,0,0,0,0,0,0,0,0,0
2,1,360967,0,0,0,0,0,0,0,0,0,0
1,1,360968,0,10,2,0,0,0,14,0,11,17
1,1,360969,0,0,0,0,0,0,0,0,0,12
2,1,360969,0,0,0,0,0,0,0,0,0,0
1,1,360970,0,0,0,11,0,0,0,0,0,0
2,1,360970,0,0,0,0,0,0,0,0,0,0
0,1,360971,0,0,0,0,0,0,0,0,0,0
1,1,360971,0,0,0,0,0,0,16,0,0,0
1,1,360972,0,0,0,0,0,0,0,0,0,0
2,1,360972,0,0,0,0,0,0,0,0,0,0
1,1,360973,0,0,0,0,0,0,0,0,0,0
2,1,360973,0,0,0,0,0,0,0,0,0,0
0,1,360974,0,0,0,0,0,0,0,0,0,0
1,1,360974,0,0,0,0,0,0,0,0,0,0
2,1,360974,0,0,8,0,0,0,0,0,0,6
3,1,360974,0,0,0,0,0,0,0,0,0,0
0,1,360975,0,0,21,0,0,0,0,0,0,0
1,1,360975,0,0,0,0,0,0,0,0,0,0
0,1,360976,0,0,0,0,0,0,0,5,0,15
1,1,360976,3,0,0,0,0,0,0,10,0,0
0,1,360977,0,0,0,0,0,0,0,0,0,0
1,1,360977,0,0,0,0,0,0,0,0,0,0
0,1,360978,10,0,0,0,0,0,37,0,20,0
1,1,360978,0,0,9,8,0,13,0,9,0,0
1,1,360979,0,0,0,0,0,0,0,0,0,0
2,1,360979,0,0,0,0,0,0,0,0,0,0
3,1,360979,0,0,0,0,20,0,28,0,0,16
1,1,360980,26,26,26,26,26,26,26,26,26,26
1,1,360981,16,16,16,16,16,16,16,16,16,16
0,1,360982,0,18,16,0,0,0,24,0,26,0
1,1,360982,14,0,0,4,0,0,16,0,0,0
1,1,360983,0,0,0,0,0,0,0,0,0,0
1,1,360984,24,24,24,24,24,24,24,24,24,24
1,1,360986,0,0,0,0,0,0,0,0,0,0
2,1,360986,0,0,0,0,0,0,0,0,0,0
1,1,360987,12,12,12,12,12,12,12,12,12,12
0,1,360988,0,0,0,0,0,0,0,0,0,0
1,1,360988,0,0,0,0,0,0,0,0,0,0
1,1,360989,12,8,0,10,8,0,4,16,10,15
2,1,360989,0,0,0,0,0,0,0,0,0,0
0,1,360990,0,0,0,0,0,0,0,0,0,0
1,1,360990,22,0,0,0,0,0,0,0,0,26
1,1,360991,30,30,30,30,30,30,30,30,30,30
1,1,360992,0,0,0,17,26,31,0,0,0,0
2,1,360992,0,0,0,0,0,0,0,0,0,0
3,1,360992,0,0,13,0,24,0,0,0,0,0
4,1,360992,0,0,0,0,0,0,0,0,0,0
5,1,360992,0,3,0,0,0,0,0,0,0,0
1,1,360993,0,0,0,12,0,0,0,0,0,10
2,1,360993,0,0,0,0,0,0,0,0,0,0
0,1,360994,0,0,0,0,0,0,0,0,0,0
1,1,360994,0,0,0,0,0,0,0,3,0,0
1,1,360995,0,0,0,0,0,0,0,0,0,0
2,1,360995,0,0,0,0,0,0,0,0,0,0
0,1,360996,19,21,0,39,18,24,17,0,0,32
1,1,360996,0,0,13,12,11,0,0,0,9,12
1,1,360997,0,0,0,0,0,0,0,0,0,0
1,1,360998,28,28,28,28,28,28,28,28,28,28
1,1,360999,0,0,0,0,0,0,0,12,0,0
2,1,360999,16,16,16,16,16,16,16,16,16,16
3,1,360999,0,0,0,0,0,0,0,0,0,0
1,1,361000,0,0,22,0,8,0,0,0,15,0
0,1,361001,1,1,1,1,1,1,1,1,1,1
1,1,361001,0,28,0,5,8,0,0,11,0,10
0,1,361002,0,0,0,0,0,0,0,0,0,0
1,1,361002,0,0,0,0,0,0,8,0,5,0
0,1,361003,0,0,0,0,0,0,0,0,0,0
1,1,361003,0,0,9,0,0,0,0,22,0,0
1,1,361004,0,0,0,0,0,0,0,0,0,0
1,1,361005,8,12,0,11,11,9,19,27,36,12
2,1,361005,10,0,0,0,0,0,0,0,0,0
3,1,361005,0,0,0,0,0,0,0,0,0,0
0,1,361006,0,0,0,0,0,0,0,0,0,0
1,1,361006,0,0,0,0,0,10,0,0,0,0
0,1,361007,0,0,0,0,0,0,0,0,0,0
1,1,361007,0,0,0,0,0,0,0,0,0,29
1,1,361008,12,12,12,12,12,12,12,12,12,12
0,1,361010,0,0,0,0,0,11,0,0,0,6
1,1,361010,0,0,0,0,0,0,0,0,0,0
1,1,361011,0,0,0,0,0,0,0,0,0,0
2,1,361011,28,28,28,28,28,28,28,28,28,28
1,1,361012,0,0,0,0,0,0,0,0,0,0
2,1,361012,23,23,23,23,23,23,23,23,23,23
1,1,361013,0,13,0,0,10,0,0,0,0,0
2,1,361013,0,0,0,0,0,0,0,0,0,0
3,1,361013,0,0,0,0,0,0,0,0,0,7
1,1,361014,0,0,0,0,0,0,0,0,0,0
2,1,361014,14,14,14,14,14,14,14,14,14,14
1,1,361015,0,0,0,0,0,0,0,0,0,0
2,1,361015,0,0,0,0,0,0,0,0,0,0
1,1,361016,0,0,0,0,0,0,0,0,0,0
2,1,361016,0,0,18,14,0,0,11,0,0,0
0,1,361017,23,20,0,34,20,22,7,15,0,33
1,1,361017,6,0,0,0,0,0,0,13,21,0
0,1,361018,16,0,25,0,0,0,0,0,0,0
1,1,361018,0,0,0,0,0,0,0,0,0,0
0,1,361019,22,22,22,22,22,22,22,22,22,22
1,1,361019,0,9,0,0,12,0,0,0,11,7
1,1,361020,0,0,0,0,0,0,0,0,0,0
2,1,361020,0,0,0,0,0,0,0,0,0,16
1,1,361021,0,0,0,0,0,0,0,0,0,0
1,1,361022,0,0,0,16,0,0,3,0,0,0
1,1,361023,0,0,0,0,13,0,0,7,0,13
2,1,361023,0,0,0,0,0,0,0,0,8,0
3,1,361023,0,0,0,0,0,0,0,0,0,0
1,1,361025,17,0,0,7,8,0,0,8,8,0
2,1,361025,3,3,3,3,3,3,3,3,3,3
0,1,361026,0,0,0,0,0,0,0,0,0,0
1,1,361026,0,0,0,0,0,0,0,0,0,0
0,1,361027,0,0,0,0,0,0,0,0,0,0
1,1,361027,0,0,0,0,0,0,0,0,0,0
1,1,361028,13,6,22,12,9,23,8,20,14,4
0,1,361029,0,0,0,0,0,0,0,0,0,0
1,1,361029,0,0,18,0,0,0,0,0,0,0
1,1,361030,0,0,0,0,0,0,0,0,0,0
1,1,361031,0,0,0,0,0,0,0,0,0,0
2,1,361031,22,22,22,22,22,22,22,22,22,22
1,1,361032,0,0,11,0,0,0,0,0,0,0
2,1,361032,8,3,0,0,0,10,9,0,0,0
1,1,361034,0,0,0,0,0,0,0,0,0,0
0,1,361035,0,0,0,0,0,0,0,0,0,0
1,1,361035,0,0,0,0,0,0,0,0,0,0
0,1,361036,0,0,0,0,0,0,0,0,0,0
1,1,361036,0,5,0,0,0,25,0,0,0,15
1,1,361037,0,0,0,17,10,0,4,15,13,0
2,1,361037,0,0,0,0,0,0,0,0,0,0
1,1,361038,0,0,0,0,0,0,0,0,0,0
1,1,361039,0,0,15,0,0,0,0,0,0,0
2,1,361039,10,10,10,10,10,10,10,10,10,10
1,1,361040,0,0,0,0,0,22,0,0,0,0
1,1,361041,0,0,0,0,0,0,0,0,0,0
1,1,361042,17,17,17,17,17,17,17,17,17,17
0,1,361043,0,0,0,0,0,0,0,0,0,0
1,1,361043,0,0,0,0,0,0,0,13,0,0
0,1,361044,11,11,11,11,11,11,11,11,11,11
1,1,361044,0,0,0,0,0,0,0,14,13,0
1,1,361045,0,0,0,0,0,0,0,0,0,0
1,1,361046,0,0,0,0,0,0,0,0,0,0
2,1,361046,0,0,0,0,0,0,0,0,0,0
1,1,361047,20,20,20,20,20,20,20,20,20,20
2,1,361047,0,0,14,0,0,0,0,0,0,0
3,1,361047,0,0,0,0,0,0,0,0,0,0
4,1,361047,0,0,0,0,0,0,0,0,0,0
1,1,361048,0,0,0,0,0,0,0,0,0,0
2,1,361048,15,0,0,0,0,0,0,0,6,0
1,1,361049,0,0,0,0,0,0,0,0,0,0
2,1,361049,9,0,0,0,0,15,3,0,0,0
3,1,361049,7,0,0,10,0,0,0,0,0,0
0,1,361050,27,27,27,27,27,27,27,27,27,27
1,1,361050,0,0,12,17,0,0,0,0,0,0
0,1,361052,0,0,0,0,0,0,0,0,0,0
1,1,361052,0,0,0,0,0,0,11,0,0,0
1,1,361053,21,21,21,21,21,21,21,21,21,21
1,1,361054,23,19,18,17,23,23,15,21,18,25
1,1,361055,0,0,0,0,0,0,0,0,0,0
2,1,361055,0,0,0,0,0,0,0,0,0,0
1,1,361056,19,19,19,19,19,19,19,19,19,19
2,1,361056,0,0,0,0,0,14,0,0,0,0
1,1,361057,0,7,0,0,0,30,20,0,0,0
2,1,361057,0,0,0,0,0,0,0,0,0,0
0,1,361058,0,0,0,0,0,0,0,0,0,0
1,1,361058,0,11,0,0,16,7,0,10,0,0
0,1,361059,0,0,0,0,0,0,0,0,0,0
1,1,361059,8,4,13,18,14,11,7,0,14,13
1,1,361060,19,19,19,19,19,19,19,19,19,19
2,1,361060,0,0,0,0,0,0,0,0,4,0
3,1,361060,0,0,0,0,0,0,13,0,0,0
4,1,361060,0,0,0,0,0,0,0,0,0,0
1,1,361061,0,0,0,0,0,0,0,0,0,0
2,1,361061,0,3,0,0,14,0,0,0,0,0
3,1,361061,0,0,0,0,10,0,0,0,0,9
1,1,361062,0,0,0,0,0,0,0,0,0,0
2,1,361062,0,0,0,0,0,0,0,0,0,0
0,1,361063,0,0,20,0,0,0,0,0,0,0
1,1,361063,0,0,0,0,0,0,0,0,0,0
0,1,361064,0,30,42,17,0,27,13,0,0,0
1,1,361064,0,0,0,0,0,0,0,0,0,4
0,1,361065,27,21,17,20,0,0,12,11,30,26
1,1,361065,0,0,15,22,0,17,0,0,19,0
1,1,361066,32,16,0,23,0,5,32,24,28,22
1,1,361067,0,0,0,0,0,0,0,0,8,0
2,1,361067,0,0,0,0,0,0,0,0,0,0
1,1,361068,0,0,0,0,0,0,0,15,0,0
2,1,361068,0,0,10,0,0,0,0,0,0,0
1,1,361069,0,0,0,0,0,0,0,0,0,0
1,1,361070,0,0,0,0,0,0,0,0,0,0
2,1,361070,0,21,14,0,4,0,0,27,25,10
1,1,361071,0,0,0,0,0,0,0,0,0,0
2,1,361071,0,0,3,0,0,0,12,0,0,0
3,1,361071,6,3,0,17,0,0,7,0,0,18
4,1,361071,0,0,0,0,0,0,11,0,7,0
5,1,361071,8,0,0,0,0,31,13,27,0,0
1,1,361072,17,0,0,0,0,0,0,0,0,0
0,1,361073,0,0,0,0,0,0,0,0,0,0
1,1,361073,0,0,0,0,0,0,0,0,0,0
1,1,361074,14,14,14,14,14,14,14,14,14,14
0,1,361075,0,20,34,24,0,0,0,0,0,24
1,1,361075,0,0,20,3,3,17,12,0,0,9
2,1,361075,24,0,13,3,3,0,14,9,0,0
1,1,361076,1,1,1,1,1,1,1,1,1,1
0,1,361077,12,12,12,12,12,12,12,12,12,12
0,2,361077,0,0,0,0,0,12,30,0,0,0
1,1,361077,5,0,7,19,14,0,6,13,14,16
0,1,361078,0,0,0,7,0,0,11,0,0,0
1,1,361078,0,0,0,0,0,0,0,0,0,0
0,1,361079,0,20,14,0,0,13,0,13,19,0
1,1,361079,0,0,0,0,0,0,0,0,0,0
0,1,361080,0,0,0,0,0,0,0,0,0,0
1,1,361080,0,0,0,0,0,0,26,0,0,0
1,1,361081,6,0,0,0,0,0,0,0,0,0
2,1,361081,0,0,0,0,0,0,0,0,0,0
1,1,361082,0,0,19,0,0,0,0,0,0,0
0,1,361083,0,0,0,0,0,0,0,0,0,0
1,1,361083,11,11,11,11,11,11,11,11,11,11
1,1,361084,0,0,0,0,0,0,0,0,0,0
2,1,361084,0,0,0,10,19,13,0,0,0,11
1,1,361085,0,0,0,0,0,0,0,0,0,0
0,1,361086,24,24,24,24,24,24,24,24,24,24
1,1,361086,5,5,5,5,5,5,5,5,5,5
0,1,361087,12,26,0,0,0,20,0,0,0,0
1,1,361087,0,0,0,0,0,0,0,0,0,0
1,1,361088,22,0,14,0,0,0,0,0,0,20
2,1,361088,0,0,0,0,0,0,0,0,0,0
1,1,361089,16,21,19,28,7,23,0,17,0,0
2,1,361089,0,0,6,0,0,0,0,0,0,0
1,1,361090,0,14,30,6,0,0,0,0,8,0
2,1,361090,0,0,0,0,0,0,0,0,0,0
1,1,361091,0,30,0,39,12,0,0,0,14,19
1,1,361092,0,0,0,0,0,0,0,0,0,0
1,1,361093,0,0,0,0,0,0,0,0,0,0
0,1,361094,2,2,2,2,2,2,2,2,2,2
0,2,361094,0,0,0,0,0,0,0,13,24,25
0,3,361094,0,0,0,0,0,0,0,0,0,0
0,4,361094,0,0,0,0,0,0,0,0,0,0
1,1,361094,8,0,0,0,13,0,0,20,11,12
0,1,361095,0,0,0,0,0,0,0,0,0,0
1,1,361095,0,0,0,0,0,0,0,0,0,0
1,1,361096,18,12,0,14,19,6,10,7,19,13
0,1,361098,21,21,21,21,21,21,21,21,21,21
1,1,361098,0,6,0,0,18,0,0,8,0,0
1,1,361099,25,25,25,25,25,25,25,25,25,25
0,1,361100,17,0,0,0,19,11,0,0,0,0
1,1,361100,0,0,0,0,0,0,23,0,0,0
0,1,361101,23,23,23,23,23,23,23,23,23,23
1,1,361101,0,0,0,38,0,0,0,0,0,0
1,1,361102,0,0,0,0,0,0,0,0,0,0
2,1,361102,0,0,0,0,0,0,29,5,0,0
1,1,361103,0,0,0,0,0,0,0,0,0,0
2,1,361103,0,0,0,0,0,0,0,0,0,0
0,1,361104,0,0,0,0,0,7,0,0,0,0
1,1,361104,0,0,0,0,0,0,0,0,0,0
1,1,361105,0,0,0,0,0,0,0,0,4,0
2,1,361105,0,0,0,0,0,0,0,0,0,0
1,1,361106,0,0,0,0,0,0,0,0,0,0
1,1,361107,13,13,13,13,13,13,13,13,13,13
1,1,361108,0,0,0,0,0,0,0,0,0,0
2,1,361108,0,0,0,0,0,0,0,0,0,0
0,1,361109,8,8,8,8,8,8,8,8,8,8
1,1,361109,22,0,6,16,0,14,0,0,10,0
1,1,361110,16,16,16,16,16,16,16,16,16,16
1,1,361111,0,0,0,0,0,0,0,0,0,0
2,1,361111,25,25,25,25,25,25,25,25,25,25
1,1,361112,0,0,0,0,0,0,0,9,0,0
2,1,361112,0,0,0,0,0,0,0,0,0,0
3,1,361112,19,12,17,25,16,11,22,10,26,16
1,1,361113,0,0,0,0,0,0,0,0,0,0
2,1,361113,0,0,0,0,0,0,0,0,10,0
1,1,361114,0,0,0,0,0,0,0,0,0,0
1,1,361115,0,0,0,0,0,0,0,0,0,0
2,1,361115,0,0,0,0,0,0,0,0,0,0
1,1,361116,0,0,0,0,0,0,0,10,0,0
2,1,361116,0,0,0,0,0,0,0,0,0,0
0,1,361117,0,0,0,0,0,0,0,0,0,0
1,1,361117,0,0,0,0,0,0,0,0,0,0
1,1,361118,0,0,0,0,0,0,0,0,0,0
1,1,361119,0,9,0,0,0,0,0,0,0,0
1,1,361120,17,17,17,17,17,17,17,17,17,17
0,1,361121,0,0,0,0,0,0,0,0,0,0
1,1,361121,0,0,0,0,0,0,0,0,0,6
0,1,361122,0,0,0,0,0,0,0,0,0,0
1,1,361122,0,0,0,0,0,0,0,0,0,0
2,1,361122,0,0,0,0,0,0,0,0,0,0
0,1,361123,0,0,0,0,0,0,0,0,0,0
1,1,361123,0,0,0,0,0,6,0,11,9,7
1,1,361124,0,0,0,0,0,0,10,0,0,0
2,1,361124,0,0,0,0,0,0,0,0,0,0
1,1,361125,0,12,0,0,0,0,0,0,0,0
2,1,361125,0,0,0,0,0,0,0,0,0,0
1,1,361126,0,12,0,0,0,0,0,0,0,0
2,1,361126,2,2,2,2,2,2,2,2,2,2
3,1,361126,0,0,0,0,0,0,0,0,0,0
1,1,361127,0,0,0,0,0,0,0,0,0,0
2,1,361127,0,0,15,0,0,0,0,0,0,0
3,1,361127,0,0,0,0,0,0,0,0,0,0
0,1,361128,9,9,9,9,9,9,9,9,9,9
1,1,361128,8,0,11,0,0,7,0,0,0,0
0,1,361129,10,10,10,10,10,10,10,10,10,10
1,1,361129,0,24,0,14,0,12,0,0,0,0
2,1,361129,0,0,0,0,0,0,0,0,0,0
1,1,361130,0,0,0,0,0,0,0,0,0,0
2,1,361130,0,0,0,0,0,0,0,0,0,0
3,1,361130,0,0,0,0,0,0,0,0,0,0
1,1,361131,12,12,12,12,12,12,12,12,12,12
1,1,361132,0,0,18,0,0,0,0,0,0,0
0,1,361133,0,0,0,7,0,0,0,0,0,0
1,1,361133,0,0,0,0,0,0,0,0,0,0
0,1,361134,36,13,33,35,23,33,18,32,21,20
1,1,361134,0,0,0,0,0,3,0,0,0,12
1,1,361135,0,0,0,0,0,0,0,0,0,0
2,1,361135,10,10,10,10,10,10,10,10,10,10
0,1,361136,0,0,0,0,0,0,0,0,0,0
1,1,361136,0,0,0,0,0,0,0,0,0,0
0,1,361137,0,0,0,0,0,0,0,0,0,0
1,1,361137,0,0,0,0,0,0,0,0,0,0
0,1,361138,0,0,0,0,0,0,0,0,28,0
1,1,361138,0,0,0,0,0,0,0,0,0,0
0,1,361139,22,22,22,22,22,22,22,22,22,22
1,1,361139,0,0,0,0,0,0,0,0,0,0
0,1,361140,0,0,0,0,0,0,0,0,0,0
1,1,361140,0,0,0,0,0,0,0,7,0,0
0,1,361141,23,23,23,23,23,23,23,23,23,23
1,1,361141,16,17,5,12,17,12,15,7,14,11
1,1,361142,10,10,10,10,10,10,10,10,10,10
2,1,361142,3,3,3,3,3,3,3,3,3,3
3,1,361142,0,0,0,0,0,0,0,0,0,0
1,1,361143,0,0,0,0,0,0,0,0,0,0
2,1,361143,0,0,0,0,0,0,0,0,0,0
3,1,361143,0,0,7,0,0,4,4,0,0,0
1,1,361144,0,0,0,0,0,0,0,0,0,0
2,1,361144,0,0,0,0,0,0,0,0,0,0
3,1,361144,0,0,0,0,0,0,0,0,0,0
1,1,361145,0,0,0,0,0,0,0,0,36,0
1,1,361146,9,0,0,0,15,15,0,12,0,0
0,1,361147,0,0,0,21,0,0,0,0,0,0
1,1,361147,19,0,8,13,0,0,0,9,0,0
1,1,361148,12,12,12,12,12,12,12,12,12,12
0,1,361149,0,0,0,0,0,0,0,0,0,0
1,1,361149,11,0,0,11,0,12,9,0,0,3
0,1,361150,0,0,0,0,0,0,0,0,0,0
1,1,361150,0,0,0,0,0,0,9,0,0,0
0,1,361151,20,20,20,20,20,20,20,20,20,20
1,1,361151,0,0,0,0,22,0,17,0,0,13
0,1,361152,1,1,1,1,1,1,1,1,1,1
1,1,361152,0,0,0,0,0,0,0,0,0,0
1,1,361153,0,0,0,0,0,0,0,0,0,0
2,1,361153,0,0,0,0,0,0,0,0,0,0
1,1,361154,0,0,0,0,0,0,0,0,0,0
2,1,361154,0,0,0,0,0,14,0,0,0,0
0,1,361155,0,0,0,0,0,0,0,0,0,0
1,1,361155,0,0,0,0,0,0,0,0,0,0
1,1,361156,10,10,10,10,10,10,10,10,10,10
2,1,361156,0,0,0,0,0,0,0,0,0,0
3,1,361156,0,0,0,0,0,0,0,0,0,0
1,1,361157,0,0,11,0,0,0,0,0,0,0
2,1,361157,0,0,0,0,0,0,0,0,0,0
1,1,361158,3,0,27,0,0,0,0,0,0,0
2,1,361158,0,0,0,0,0,0,0,0,0,0
1,1,361159,0,9,18,32,0,8,15,0,35,0
1,1,361161,0,0,0,13,0,0,0,0,0,0
0,1,361163,0,0,0,0,0,0,0,0,0,0
1,1,361163,2,0,0,0,7,0,0,13,17,16
0,1,361164,17,0,0,19,9,0,26,0,0,0
0,2,361164,15,0,0,7,0,0,0,0,0,0
1,1,361164,0,0,0,0,0,14,0,0,0,0
0,1,361165,17,0,0,0,0,0,0,0,15,23
1,1,361165,0,0,0,0,21,0,0,0,0,0
1,1,361166,22,22,22,22,22,22,22,22,22,22
1,1,361167,63,63,63,63,63,63,63,63,63,63
2,1,361167,0,0,0,0,0,0,12,0,0,0
0,1,361168,0,0,0,0,0,0,0,0,0,0
1,1,361168,0,0,0,0,9,0,5,0,0,0
1,1,361169,0,0,0,0,0,0,0,0,0,0
1,1,361170,13,10,11,8,10,25,18,9,13,7
2,1,361170,0,13,0,0,0,9,4,0,0,0
1,1,361171,14,14,14,14,14,14,14,14,14,14
2,1,361171,0,0,0,0,23,13,0,0,0,0
0,1,361172,0,0,0,0,0,0,0,0,0,0
1,1,361172,0,0,0,0,0,0,0,0,0,0
1,1,361173,0,0,0,0,0,0,0,0,0,0
2,1,361173,0,0,0,0,0,0,0,0,0,0
1,1,361174,0,0,0,0,0,0,0,0,0,0
2,1,361174,0,0,0,0,0,9,0,0,0,0
1,1,361175,17,0,0,0,7,0,17,0,0,0
1,1,361176,18,11,33,26,16,17,0,14,50,12
1,1,361177,0,0,0,0,0,0,0,0,0,0
2,1,361177,0,0,0,0,0,0,0,0,0,0
0,1,361178,0,0,0,0,0,0,0,0,0,0
1,1,361178,0,0,0,0,0,0,0,0,0,0
0,1,361180,0,0,0,0,0,0,0,0,0,0
1,1,361180,0,0,0,0,0,0,0,0,22,0
1,1,361181,9,9,9,9,9,9,9,9,9,9
1,1,361182,0,0,0,0,0,0,0,0,0,0
2,1,361182,4,4,4,4,4,4,4,4,4,4
0,1,361183,0,0,0,0,0,0,0,0,0,0
1,1,361183,0,23,0,0,0,0,0,0,0,4
1,1,361184,16,16,16,16,16,16,16,16,16,16
1,1,361185,0,0,0,0,0,0,0,0,0,0
1,1,361186,29,0,0,0,0,0,0,0,0,0
2,1,361186,0,0,0,0,0,0,0,0,0,0
1,1,361187,7,7,7,7,7,7,7,7,7,7
0,1,361188,0,0,0,0,0,0,0,0,0,0
1,1,361188,0,0,0,0,13,14,8,0,0,0
0,1,361189,0,0,0,0,0,0,0,0,0,0
1,1,361189,0,0,0,0,10,0,0,0,0,18
1,1,361190,0,0,0,0,0,0,0,0,0,0
1,1,361191,0,0,0,0,0,0,0,0,0,0
2,1,361191,0,0,0,0,0,0,0,0,0,0
1,1,361192,0,0,0,0,0,0,0,0,0,0
2,1,361192,0,0,0,0,0,0,0,0,14,0
1,1,361193,0,0,3,0,0,0,0,0,0,0
2,1,361193,3,3,3,3,3,3,3,3,3,3
0,1,361194,1,1,1,1,1,1,1,1,1,1
1,1,361194,0,0,0,0,0,0,0,0,0,0
0,1,361195,18,18,18,18,18,18,18,18,18,18
1,1,361195,0,0,0,0,0,0,0,0,0,0
1,1,361196,0,0,0,0,0,0,16,17,0,0
2,1,361196,0,9,0,0,0,0,0,0,0,0
0,1,361197,0,6,0,0,0,0,28,0,0,0
1,1,361197,0,0,0,0,0,0,0,0,7,0
1,1,361198,4,10,0,0,0,0,0,8,0,9
1,1,361199,0,0,0,0,0,0,0,0,0,0
1,1,361200,0,0,0,0,0,0,0,0,0,0
2,1,361200,0,0,0,0,0,0,0,0,0,0
0,1,361201,0,0,0,0,0,0,0,0,0,0
1,1,361201,7,29,0,0,0,0,0,0,0,0
1,1,361202,28,28,28,28,28,28,28,28,28,28
0,1,361203,0,0,0,0,0,0,0,0,0,0
1,1,361203,0,0,0,0,0,0,0,0,0,0
1,1,361204,18,18,18,18,18,18,18,18,18,18
1,1,361205,21,21,21,21,21,21,21,21,21,21
0,1,361206,0,0,0,0,0,0,0,0,0,0
1,1,361206,0,0,0,0,0,0,0,12,0,12
0,1,361207,0,0,0,0,0,0,0,0,0,0
1,1,361207,0,0,0,0,0,0,0,0,0,0
0,1,361208,17,26,19,16,38,0,8,35,23,0
1,1,361208,20,0,12,0,17,9,0,0,12,0
0,1,361209,0,0,0,0,0,0,0,0,0,0
1,1,361209,16,0,0,0,0,0,15,9,17,0
0,1,361210,0,0,0,0,0,0,0,0,0,0
1,1,361210,0,0,0,0,0,0,0,0,6,0
1,1,361211,0,0,0,0,0,0,0,0,0,0
0,1,361212,7,7,7,7,7,7,7,7,7,7
1,1,361212,0,0,23,14,12,0,0,18,0,23
1,1,361213,0,0,0,0,0,0,0,0,0,0
2,1,361213,0,0,0,0,0,0,7,0,0,0
1,1,361214,0,0,0,0,0,0,0,0,0,0
2,1,361214,0,0,0,20,0,0,0,0,20,0
1,1,361215,19,19,19,19,19,19,19,19,19,19
2,1,361215,0,0,0,0,0,0,0,0,0,0
0,1,361216,0,0,0,0,0,0,0,0,0,0
1,1,361216,0,0,0,18,0,0,0,0,7,0
0,1,361217,0,0,0,0,0,0,0,0,0,0
2,1,361217,0,0,0,0,0,0,0,0,0,0
0,1,361218,0,0,0,0,0,0,0,0,0,0
1,1,361218,0,0,0,0,0,0,0,0,0,0
1,1,361219,0,0,0,0,0,0,0,0,0,0
2,1,361219,0,0,0,0,0,0,0,0,0,0
3,1,361219,0,0,0,0,0,0,0,0,0,0
1,1,361220,0,0,0,0,0,0,0,0,0,0
0,1,361221,15,0,0,0,0,13,0,0,0,0
1,1,361221,0,0,0,0,0,0,0,0,0,0
1,1,361222,0,0,0,0,0,0,0,0,0,0
0,1,361223,24,24,24,24,24,24,24,24,24,24
1,1,361223,0,0,0,0,0,0,0,0,8,0
1,1,361224,0,0,0,0,0,0,0,0,0,0
2,1,361224,0,0,0,0,0,0,0,0,0,0
0,1,361225,23,23,23,23,23,23,23,23,23,23
1,1,361225,0,0,2,3,2,15,5,8,0,0
0,1,361226,0,0,0,0,0,0,0,0,0,0
1,1,361226,21,17,0,12,0,10,18,16,0,0
1,1,361227,16,9,0,0,18,17,0,0,12,7
1,1,361228,0,0,0,0,0,0,0,0,0,0
2,1,361228,0,0,0,0,0,0,0,0,0,0
0,1,361229,0,0,0,0,14,0,0,0,30,0
1,1,361229,0,0,0,7,6,0,0,0,10,0
1,1,361231,17,17,17,17,17,17,17,17,17,17
2,1,361231,0,0,15,11,19,0,0,0,0,0
0,1,361232,0,0,0,0,10,0,19,0,0,0
0,2,361232,0,0,0,0,0,0,18,0,7,0
1,1,361232,11,0,0,6,0,7,0,18,18,0
0,1,361233,0,0,0,17,18,20,0,0,24,0
1,1,361233,0,0,0,22,15,0,17,6,0,0
1,1,361234,14,0,0,18,0,0,15,11,0,0
0,1,361235,0,0,0,0,0,0,0,0,0,0
1,1,361235,0,0,0,0,0,0,0,0,0,0
0,1,361236,0,0,0,0,8,0,0,0,0,0
1,1,361236,0,0,0,0,0,0,6,0,0,0