VEH_NO,PER_NO,ST_CASE,P1,P2,P3,P4,P5,P6,P7,P8,P9,P10
0,1,361237,0,0,0,19,0,0,0,0,0,0
1,1,361237,0,0,17,15,0,0,0,0,15,0
1,1,361238,8,29,20,13,15,24,26,22,15,7
0,1,361239,0,0,0,0,0,0,0,0,0,0
1,1,361239,0,0,0,11,0,19,0,0,33,0
0,1,361240,0,0,0,0,0,0,0,0,0,0
1,1,361240,30,0,0,15,14,0,12,0,0,0
0,1,361241,0,0,0,0,0,0,0,0,0,0
1,1,361241,0,0,0,0,0,0,0,0,0,0
0,1,361242,0,0,0,0,0,0,0,0,0,0
1,1,361242,2,6,0,5,23,0,3,5,10,5
0,1,361243,0,0,0,0,0,11,0,0,0,10
1,1,361243,0,0,0,0,0,0,0,0,32,0
0,1,361244,0,0,0,0,0,0,0,0,0,0
1,1,361244,0,0,0,0,0,0,0,0,0,0
0,1,361245,23,0,0,0,0,0,0,0,3,0
1,1,361245,0,0,0,0,0,0,17,0,0,0
1,1,361246,0,0,0,0,0,0,0,0,0,0
2,1,361246,0,0,0,0,0,0,0,0,0,0
0,1,361247,0,0,0,0,0,0,0,0,0,0
1,1,361247,0,0,10,0,0,0,17,0,0,18
0,1,361248,0,0,0,0,0,0,0,0,0,0
1,1,361248,0,0,0,0,0,0,0,0,0,0
1,1,361249,0,24,0,0,0,0,0,6,0,5
0,1,361250,0,0,0,0,0,0,0,0,0,0
1,1,361250,0,0,0,25,0,27,0,0,0,0
0,1,361251,0,0,0,0,0,0,0,0,0,0
1,1,361251,0,0,0,0,0,0,0,0,0,0
0,1,361252,0,16,8,29,0,12,0,10,0,0
1,1,361252,0,11,19,0,0,0,0,0,0,0
0,1,361253,0,0,0,0,0,0,0,0,0,0
1,1,361253,0,0,0,0,0,0,0,20,0,10
1,1,361254,0,0,0,0,0,0,0,0,0,0
0,1,361255,22,22,22,22,22,22,22,22,22,22
1,1,361255,0,4,0,0,0,0,31,10,0,24
0,1,361256,0,0,0,0,0,0,0,0,0,0
1,1,361256,0,0,0,0,10,0,8,0,12,0
1,1,361257,0,0,0,0,0,0,0,0,0,0
2,1,361257,0,0,0,0,0,0,0,0,0,26
1,1,361258,19,19,19,19,19,19,19,19,19,19
0,1,361259,28,28,28,28,28,28,28,28,28,28
1,1,361259,0,0,0,20,13,0,0,9,9,0
1,1,361260,0,0,0,0,0,0,0,0,0,0
2,1,361260,0,0,0,0,0,0,0,0,0,0
1,1,361261,0,8,6,0,0,11,0,0,9,0
2,1,361261,0,0,0,0,0,0,0,0,0,0
0,1,361262,0,0,0,0,0,0,0,0,0,0
1,1,361262,0,9,0,0,0,0,0,0,0,0
1,1,361263,0,0,0,0,0,0,0,0,0,0
2,1,361263,0,0,0,0,0,0,0,12,0,0
1,1,361264,0,0,0,0,0,0,0,0,0,0
2,1,361264,0,0,0,0,0,0,0,0,0,0
0,1,370001,28,21,31,21,11,14,26,29,22,29
1,1,370001,0,13,0,0,0,0,0,0,0,0
1,1,370002,28,28,28,28,28,28,28,28,28,28
2,1,370002,0,0,0,0,0,0,3,0,0,0
1,1,370003,9,13,9,13,10,10,6,13,11,12
1,1,370004,0,0,0,0,0,0,0,0,0,0
2,1,370004,0,0,0,0,0,0,0,0,0,0
1,1,370005,25,25,25,25,25,25,25,25,25,25
1,1,370006,8,8,8,8,8,8,8,8,8,8
1,1,370007,0,0,0,0,0,0,0,0,0,0
2,1,370007,0,0,0,0,11,0,0,0,0,0
1,1,370008,0,0,0,0,0,0,0,0,0,0
2,1,370008,0,0,0,0,0,0,0,0,0,0
1,1,370009,0,0,0,0,0,0,0,0,0,0
1,1,370010,0,0,0,0,0,0,0,0,0,0
2,1,370010,0,0,0,0,0,0,0,0,0,0
1,1,370011,20,20,20,20,20,20,20,20,20,20
0,1,370012,0,11,0,0,0,0,0,0,0,0
1,1,370012,0,0,0,0,0,0,0,0,0,0
1,1,370013,0,0,0,0,0,0,0,0,0,0
1,1,370014,15,7,23,24,23,5,25,11,6,25
0,1,370015,0,0,0,0,0,0,0,0,0,0
1,1,370015,23,3,17,3,0,0,10,0,19,14
0,1,370016,32,32,32,32,32,32,32,32,32,32
1,1,370016,20,0,0,0,0,0,0,0,0,0
1,1,370017,24,24,24,24,24,24,24,24,24,24
2,1,370017,0,0,0,0,0,0,0,0,0,0
1,1,370018,0,0,0,0,0,0,0,0,0,0
1,1,370019,18,18,18,18,18,18,18,18,18,18
2,1,370019,0,0,0,0,0,0,0,0,0,0
1,1,370020,12,0,10,12,0,0,0,0,0,0
1,1,370021,0,0,0,0,0,0,0,0,0,0
2,1,370021,0,0,0,0,0,0,0,0,0,0
1,1,370022,22,22,22,22,22,22,22,22,22,22
1,1,370023,0,0,0,0,0,0,0,0,0,0
2,1,370024,30,10,5,22,19,4,8,25,12,4
3,1,370024,0,0,2,0,0,0,0,0,0,0
1,1,370025,20,6,10,22,18,0,9,15,8,18
1,1,370026,0,0,0,0,0,0,0,0,0,0
2,1,370026,0,0,0,0,0,0,0,0,0,0
0,1,370027,0,0,0,0,0,0,0,0,0,0
1,1,370027,0,0,0,0,0,0,0,0,0,0
1,1,370028,0,0,0,0,0,0,0,0,0,0
2,1,370028,0,0,0,0,0,0,0,0,0,0
1,1,370029,0,0,0,0,0,0,0,0,0,0
1,1,370030,0,0,0,0,0,0,0,0,0,0
1,1,370031,0,0,0,0,0,0,0,0,0,0
1,1,370032,0,0,0,0,0,0,0,0,0,0
2,1,370032,0,0,0,0,0,0,0,0,0,0
1,1,370033,0,0,0,0,0,0,0,0,0,0
1,1,370034,0,0,0,0,0,0,0,0,0,0
2,1,370034,0,0,0,0,0,0,0,0,0,0
1,1,370035,0,0,0,0,0,0,0,0,0,0
2,1,370035,0,0,0,0,0,0,0,0,0,0
3,1,370035,0,0,12,0,0,0,0,0,0,0
1,1,370036,25,25,25,25,25,25,25,25,25,25
1,1,370037,0,0,0,0,0,0,0,0,0,0
1,1,370038,0,0,0,0,0,0,0,0,0,0
1,1,370039,0,0,0,0,0,0,0,0,0,0
1,1,370040,0,0,0,0,0,0,0,0,0,0
2,1,370040,0,0,0,0,0,0,0,0,0,0
1,1,370041,19,19,19,19,19,19,19,19,19,19
1,1,370042,0,0,0,0,0,0,0,0,0,0
2,1,370042,0,0,0,0,0,0,0,0,0,0
1,1,370043,0,0,0,0,0,0,0,0,0,0
2,1,370043,0,0,0,0,0,0,0,0,0,0
1,1,370044,0,0,0,0,0,0,0,0,0,0
1,1,370045,0,0,0,0,0,0,0,0,0,0
1,1,370046,24,24,24,24,24,24,24,24,24,24
2,1,370046,0,0,0,0,0,0,0,0,0,0
1,1,370047,0,0,0,0,0,0,0,0,0,0
1,1,370048,0,0,0,0,0,0,0,0,0,0
2,1,370048,0,0,0,0,0,0,0,0,0,0
0,1,370049,0,0,0,0,0,0,0,0,0,0
1,1,370049,0,0,0,0,0,0,5,10,0,0
1,1,370050,0,0,0,0,0,0,0,0,0,0
2,1,370050,0,0,0,0,0,0,0,0,0,0
3,1,370050,0,0,0,0,0,0,0,0,0,0
1,1,370051,0,0,0,0,0,0,0,0,0,0
2,1,370051,0,0,0,0,0,0,0,0,0,0
1,1,370052,0,0,0,0,0,0,0,0,0,0
2,1,370052,0,0,0,0,0,0,0,0,0,0
1,1,370053,25,25,25,25,25,25,25,25,25,25
1,1,370054,5,18,5,15,0,0,12,23,0,0
2,1,370054,0,0,0,0,0,0,0,0,0,0
1,1,370055,6,6,6,6,6,6,6,6,6,6
1,1,370056,0,0,0,0,0,0,0,0,0,0
2,1,370056,0,0,0,0,0,0,0,0,0,0
1,1,370057,0,0,0,0,0,0,0,0,0,0
2,1,370057,11,11,11,11,11,11,11,11,11,11
1,1,370058,25,25,25,25,25,25,25,25,25,25
1,1,370059,39,39,39,39,39,39,39,39,39,39
1,1,370060,19,19,19,19,19,19,19,19,19,19
1,1,370061,0,0,0,0,0,0,0,0,0,0
2,1,370061,0,0,0,0,0,0,0,0,0,0
1,1,370063,8,13,24,15,13,25,30,18,31,15
1,1,370064,0,0,0,0,0,0,0,0,0,0
2,1,370064,0,0,0,0,0,0,0,0,0,0
0,1,370065,0,0,0,0,0,0,0,0,0,0
1,1,370065,0,0,5,0,0,0,0,0,0,0
1,1,370066,26,26,26,26,26,26,26,26,26,26
2,1,370066,0,0,0,0,0,0,0,0,0,0
1,1,370067,0,0,0,0,0,0,0,0,0,0
2,1,370067,0,0,0,0,0,0,0,0,0,0
1,1,370068,6,6,6,6,6,6,6,6,6,6
1,1,370069,0,0,0,0,0,0,0,0,0,0
2,1,370069,0,0,0,0,0,0,0,0,0,0
1,1,370070,0,0,0,0,0,0,0,0,0,0
1,1,370071,0,0,0,0,0,0,0,0,0,0
1,1,370072,0,0,0,0,0,0,0,0,0,0
1,1,370073,13,13,13,13,13,13,13,13,13,13
1,1,370074,0,0,0,0,0,0,0,0,0,0
1,1,370075,18,18,18,18,18,18,18,18,18,18
1,1,370076,0,0,0,0,0,0,0,0,0,0
1,1,370077,0,0,0,0,0,0,0,0,0,0
2,1,370077,0,0,0,0,0,0,0,0,0,0
3,1,370077,0,5,7,6,6,11,13,19,9,13
1,1,370078,0,0,0,0,0,13,0,0,0,0
2,1,370078,0,0,0,0,0,0,0,0,0,0
3,1,370078,0,0,0,0,0,0,0,0,0,0
1,1,370079,0,0,0,0,0,0,0,0,0,0
0,1,370080,0,0,0,0,0,0,0,0,0,0
0,2,370080,0,0,0,0,0,0,0,0,0,0
1,1,370080,0,0,0,0,0,0,0,0,0,0
1,1,370081,4,0,0,0,0,0,0,0,0,0
0,1,370082,0,0,0,0,0,0,0,0,0,0
1,1,370082,0,0,0,0,0,0,0,0,0,0
1,1,370083,0,0,0,0,0,0,0,0,0,0
1,1,370084,4,6,25,20,15,22,7,13,7,10
1,1,370085,22,22,22,22,22,22,22,22,22,22
1,1,370086,30,30,30,30,30,30,30,30,30,30
1,1,370087,0,0,0,0,0,0,0,0,0,0
2,1,370087,0,0,0,0,0,0,0,0,0,0
3,1,370087,0,0,0,0,0,0,0,0,0,0
1,1,370088,31,31,31,31,31,31,31,31,31,31
1,1,370089,0,0,0,0,0,0,0,0,0,0
1,1,370090,30,30,30,30,30,30,30,30,30,30
1,1,370091,0,0,0,0,0,0,0,0,0,0
1,1,370092,0,0,0,0,0,0,0,0,0,0
1,1,370093,0,0,0,0,0,0,0,0,0,0
2,1,370093,0,0,0,0,0,0,0,0,0,0
1,1,370094,7,22,20,8,9,0,39,15,9,0
2,1,370094,0,0,0,0,0,0,0,0,0,0
1,1,370095,0,0,0,0,0,0,0,0,0,0
1,1,370096,0,0,0,0,0,0,0,0,0,0
2,1,370096,0,0,0,0,0,0,0,0,0,0
0,1,370097,0,0,0,0,0,0,0,0,0,0
1,1,370097,0,0,0,0,0,0,3,0,0,0
1,1,370098,0,0,0,0,0,0,0,0,0,9
2,1,370098,4,4,4,4,4,4,4,4,4,4
1,1,370099,0,0,0,0,0,0,0,0,0,0
2,1,370099,0,0,0,0,0,0,0,0,0,0
1,1,370100,0,0,0,0,0,0,0,0,0,0
2,1,370100,9,9,9,9,9,9,9,9,9,9
0,1,370101,0,0,0,0,0,0,0,0,0,0
1,1,370101,0,0,0,0,0,0,0,0,0,0
0,1,370102,0,0,0,0,0,0,0,0,0,0
1,1,370102,0,3,0,0,0,0,0,19,0,0
1,1,370103,0,0,0,0,0,0,0,0,0,0
1,1,370104,26,26,26,26,26,26,26,26,26,26
1,1,370105,0,0,0,0,0,0,0,0,0,0
1,1,370106,33,33,33,33,33,33,33,33,33,33
1,1,370107,16,16,16,16,16,16,16,16,16,16
1,1,370108,0,0,0,0,0,0,0,0,0,0
2,1,370108,0,0,0,0,0,0,0,0,0,0
1,1,370109,18,18,18,18,18,18,18,18,18,18
1,1,370110,0,0,0,0,0,0,0,0,0,0
2,1,370110,0,0,0,0,0,0,0,0,0,0
1,1,370111,19,19,19,19,19,19,19,19,19,19
0,1,370112,0,0,0,0,0,0,0,0,0,0
0,2,370112,0,9,0,0,0,0,0,4,0,0
1,1,370112,0,0,0,0,0,0,0,0,0,0
1,1,370113,0,0,0,0,0,0,0,0,0,0
2,1,370113,0,0,0,0,0,0,0,0,0,0
1,1,370114,0,0,0,0,0,0,0,0,0,0
2,1,370114,0,0,0,0,0,0,0,0,0,0
1,1,370115,0,0,0,0,0,0,0,0,0,0
1,1,370116,0,0,29,0,0,0,0,0,0,0
2,1,370116,0,0,0,0,0,0,0,0,0,0
1,1,370117,15,14,0,0,0,18,0,0,0,0
2,1,370117,0,0,0,0,0,0,0,10,0,0
1,1,370118,0,0,0,0,0,0,0,0,0,0
2,1,370118,0,0,0,0,0,0,0,0,0,0
1,1,370119,0,0,0,0,0,0,0,0,0,0
2,1,370119,0,0,0,0,0,0,0,0,0,0
1,1,370120,16,16,16,16,16,16,16,16,16,16
1,1,370121,8,23,10,10,12,0,9,0,0,22
2,1,370121,0,0,0,0,0,0,0,0,0,0
1,1,370122,0,0,0,0,0,0,0,0,0,0
1,1,370123,0,0,0,0,0,0,0,0,0,0
2,1,370123,0,0,0,0,0,0,0,0,0,0
1,1,370124,25,25,25,25,25,25,25,25,25,25
1,1,370125,0,0,0,0,0,0,0,0,0,5
2,1,370125,0,0,0,0,0,0,0,0,0,0
1,1,370126,26,26,26,26,26,26,26,26,26,26
1,1,370127,19,19,19,19,19,19,19,19,19,19
1,1,370128,0,0,0,0,0,0,0,0,0,0
2,1,370128,0,0,0,0,0,0,0,0,0,0
1,1,370129,2,2,2,2,2,2,2,2,2,2
1,1,370130,15,23,16,8,3,5,22,5,14,9
1,1,370131,0,0,0,0,0,0,0,0,0,0
1,1,370132,0,0,0,0,0,0,0,0,0,0
2,1,370132,0,0,0,0,0,0,0,0,0,0
1,1,370133,26,26,26,26,26,26,26,26,26,26
2,1,370133,0,0,0,0,0,0,0,0,0,0
1,1,370134,22,22,22,22,22,22,22,22,22,22
1,1,370135,0,0,0,0,0,0,0,0,0,0
2,1,370135,13,13,21,17,6,21,8,8,17,14
1,1,370136,0,0,0,0,0,0,0,0,0,0
2,1,370136,0,0,0,0,0,0,0,0,0,0
0,1,370137,0,0,0,0,0,0,0,0,0,0
1,1,370137,11,16,0,0,13,2,16,10,8,7
1,1,370138,0,0,0,0,0,0,0,0,0,0
1,1,370139,0,0,0,0,0,0,0,0,0,0
1,1,370140,0,0,0,0,0,0,0,0,0,0
1,1,370141,0,0,0,0,0,0,0,0,0,0
0,1,370142,11,11,11,11,11,11,11,11,11,11
1,1,370142,8,10,0,13,7,0,0,0,0,0
1,1,370143,7,7,7,7,7,7,7,7,7,7
2,1,370143,0,0,0,0,0,0,0,0,0,0
1,1,370144,0,0,0,0,0,0,0,0,0,0
0,1,370145,0,0,0,0,0,0,0,0,0,0
1,1,370145,0,0,0,0,0,0,0,0,0,0
1,1,370146,0,0,0,0,0,0,0,0,0,0
1,1,370147,0,0,0,0,0,0,0,0,0,0
2,1,370147,0,0,0,0,0,0,0,0,0,0
0,1,370148,20,20,20,20,20,20,20,20,20,20
1,1,370148,0,0,0,0,0,0,0,0,0,0
1,1,370149,0,0,0,0,0,0,0,0,0,0
1,1,370150,0,0,0,0,0,0,0,0,0,0
2,1,370150,0,0,0,0,0,0,0,0,0,0
1,1,370151,7,7,7,7,7,7,7,7,7,7
2,1,370151,0,0,0,0,0,0,0,0,0,0
1,1,370152,0,0,0,14,5,0,0,9,0,8
1,1,370153,0,0,0,0,0,0,0,0,0,0
2,1,370153,0,0,0,0,0,0,0,0,0,0
1,1,370154,14,14,14,14,14,14,14,14,14,14
1,1,370155,0,0,0,0,0,0,0,0,0,0
2,1,370155,0,0,0,0,0,0,0,0,0,0
1,1,370157,24,24,24,24,24,24,24,24,24,24
1,3,370158,20,15,11,21,0,5,6,0,0,19
1,1,370159,22,22,22,22,22,22,22,22,22,22
0,1,370160,0,0,0,0,0,0,0,0,0,0
1,1,370160,0,0,0,0,0,0,0,0,0,0
1,1,370161,25,25,25,25,25,25,25,25,25,25
2,1,370161,0,0,0,0,0,0,0,0,0,0
1,1,370162,0,0,0,0,0,0,0,0,0,0
2,1,370162,0,0,0,0,0,0,0,0,0,0
1,1,370163,0,0,0,0,0,0,0,0,0,0
2,1,370163,0,0,0,0,0,0,0,0,0,0
1,1,370164,0,0,0,0,0,0,0,0,0,0
1,1,370165,0,0,0,0,0,0,0,0,0,0
1,1,370166,29,29,29,29,29,29,29,29,29,29
0,1,370167,0,0,0,0,0,0,0,0,0,0
0,2,370167,0,0,0,0,0,0,0,0,0,0
1,1,370167,0,0,0,0,0,0,15,0,0,0
1,1,370168,24,24,24,24,24,24,24,24,24,24
1,1,370169,0,0,0,0,0,0,0,0,0,0
0,1,370170,0,0,0,0,0,0,0,0,0,0
1,1,370170,23,0,3,0,0,0,0,0,0,0
1,1,370171,0,0,0,0,0,0,0,0,0,0
1,1,370172,0,0,0,0,0,0,0,0,0,0
2,1,370172,0,0,0,0,0,0,0,0,0,0
1,1,370173,7,7,7,7,7,7,7,7,7,7
1,1,370174,0,0,0,0,0,0,0,0,0,0
1,1,370175,0,0,0,0,0,0,0,0,0,0
1,1,370176,0,0,0,0,0,0,0,0,0,0
2,1,370176,0,0,0,0,0,0,0,0,0,0
1,1,370177,0,0,0,0,0,0,0,0,0,0
1,1,370178,0,0,0,0,0,0,0,0,0,0
1,1,370179,25,25,25,25,25,25,25,25,25,25
1,1,370180,0,0,0,0,0,0,0,0,0,0
1,1,370181,0,0,0,0,0,0,0,0,0,0
1,1,370182,0,0,0,0,0,0,0,0,0,0
1,1,370183,0,0,0,0,0,0,0,0,0,0
0,1,370184,0,0,0,0,0,0,0,0,0,0
1,1,370184,0,0,0,0,0,0,0,0,0,0
1,1,370185,15,15,15,15,15,15,15,15,15,15
1,1,370186,27,27,27,27,27,27,27,27,27,27
1,1,370187,19,0,0,6,12,0,8,14,16,13
2,1,370187,0,0,0,0,0,0,0,0,0,0
1,1,370188,0,0,0,0,0,0,0,0,0,0
1,1,370189,0,0,0,0,0,4,0,0,0,0
2,1,370189,0,0,0,0,0,0,0,0,0,0
0,1,370190,21,21,21,21,21,21,21,21,21,21
1,1,370190,0,0,0,0,0,0,0,0,0,0
1,1,370191,0,0,0,0,0,0,0,0,0,0
1,1,370192,0,0,0,0,0,0,0,0,0,0
2,1,370192,0,0,0,0,0,0,0,0,0,0
1,1,370193,0,0,0,0,0,0,0,0,0,0
2,1,370193,0,0,0,0,0,0,0,0,0,0
3,1,370193,0,0,0,0,0,0,0,0,0,0
4,1,370193,0,0,0,0,0,0,0,0,0,0
1,1,370194,16,11,38,0,6,11,8,19,0,10
2,1,370194,0,0,0,0,0,0,0,0,0,0
1,1,370195,0,0,0,0,0,0,0,0,0,0
2,1,370195,0,0,0,0,0,0,0,0,0,0
0,1,370196,30,30,30,30,30,30,30,30,30,30
1,1,370196,10,0,20,7,6,0,9,7,0,0
1,1,370197,0,9,0,0,4,0,0,0,6,0
2,1,370197,8,8,8,8,8,8,8,8,8,8
1,1,370198,0,0,0,0,0,0,0,0,0,0
2,1,370198,0,0,0,0,0,0,0,0,0,0
1,1,370199,0,0,0,0,0,0,0,0,0,0
2,1,370199,0,0,0,0,0,0,0,0,0,0
1,1,370200,0,0,0,0,0,0,0,0,0,0
2,1,370200,0,0,0,0,0,0,0,0,0,0
1,1,370201,0,0,0,0,0,0,0,0,0,0
2,1,370201,0,0,0,0,0,0,0,0,0,0
3,1,370201,0,0,0,0,0,0,0,0,0,0
1,1,370202,6,6,6,6,6,6,6,6,6,6
1,1,370203,0,0,0,0,0,0,0,0,0,0
2,1,370203,0,0,0,0,0,0,0,0,0,0
1,1,370204,0,0,0,0,0,0,0,0,0,0
1,1,370205,0,0,0,0,0,0,0,0,0,0
1,1,370206,0,0,0,0,0,0,0,0,0,0
2,1,370207,0,0,0,0,0,0,0,0,0,7
1,1,370208,0,0,0,0,0,0,0,0,0,0
1,1,370209,0,0,0,0,0,0,0,0,0,0
2,1,370209,0,0,0,0,0,0,0,0,0,0
0,1,370210,0,0,0,0,0,0,0,0,0,0
1,1,370210,5,0,14,11,10,0,0,20,7,11
1,1,370211,14,14,14,14,14,14,14,14,14,14
1,1,370212,0,0,0,0,0,0,0,0,0,0
2,1,370212,0,10,0,0,0,0,0,0,0,0
1,1,370213,0,0,0,0,0,0,0,0,0,0
2,1,370213,0,0,0,0,0,0,0,0,0,0
1,1,370214,0,0,0,0,0,0,0,0,0,0
2,1,370214,0,0,0,0,0,0,0,0,0,0
1,1,370215,0,0,0,0,0,0,0,0,0,0
1,1,370216,0,0,0,0,0,0,0,0,0,0
2,1,370216,0,0,0,0,0,0,0,0,0,0
0,1,370217,21,21,21,21,21,21,21,21,21,21
1,1,370217,0,0,0,0,0,0,0,0,0,0
1,1,370218,0,0,0,0,0,0,0,0,0,0
2,1,370218,0,0,0,0,0,0,6,0,0,0
1,1,370219,0,0,0,0,0,0,0,0,0,0
1,1,370220,0,0,0,0,0,0,0,0,0,0
2,1,370220,0,0,0,0,0,0,0,0,0,0
3,1,370220,0,0,0,0,0,0,0,0,0,0
4,1,370220,0,0,0,0,0,0,0,0,0,0
0,1,370221,30,30,30,30,30,30,30,30,30,30
1,1,370221,0,0,0,0,0,0,0,0,0,0
2,1,370221,3,3,3,3,3,3,3,3,3,3
1,1,370222,0,0,0,0,0,0,0,0,0,0
1,1,370223,0,0,0,0,0,0,0,0,0,0
2,1,370223,0,0,0,0,0,0,0,0,0,0
1,1,370224,0,0,0,0,0,0,0,0,0,0
2,1,370224,0,0,0,0,0,0,0,0,0,0
1,1,370225,0,0,0,0,0,0,0,0,0,0
1,1,370226,0,0,0,0,0,0,0,0,0,0
2,1,370226,0,0,0,0,0,0,0,0,0,0
0,1,370227,29,29,29,29,29,29,29,29,29,29
1,1,370227,0,0,0,0,0,0,0,0,0,0
1,1,370228,0,0,0,0,0,0,0,0,0,0
2,1,370228,0,0,0,0,0,0,0,0,0,0
0,1,370229,39,39,39,39,39,39,39,39,39,39
1,1,370229,0,0,0,0,0,0,0,0,0,0
0,1,370230,0,0,0,0,0,0,0,0,0,0
1,1,370230,0,0,0,0,0,0,0,0,3,0
1,1,370231,0,0,0,0,0,0,0,0,0,0
2,1,370231,0,0,0,0,0,0,0,0,0,0
1,1,370232,0,0,0,0,0,0,0,0,0,0
1,1,370233,16,15,0,20,15,12,0,8,9,0
2,1,370233,0,0,0,0,4,0,0,0,0,0
1,1,370234,0,0,0,0,0,0,0,0,0,0
2,1,370234,0,0,0,0,0,0,0,0,0,0
1,1,370235,0,0,0,0,0,0,0,0,0,0
2,1,370235,0,0,0,0,0,0,0,0,0,0
1,1,370236,0,0,0,0,0,0,0,0,0,0
1,1,370237,36,36,36,36,36,36,36,36,36,36
2,1,370237,0,0,0,0,0,0,0,0,0,0
1,1,370238,0,0,0,0,0,0,0,5,0,0
2,1,370238,0,0,8,0,8,0,0,2,0,0
3,1,370238,0,0,0,0,0,0,0,0,0,0
1,1,370239,0,0,0,0,0,0,0,0,0,0
2,1,370239,3,3,3,3,3,3,3,3,3,3
1,1,370240,17,17,17,17,17,17,17,17,17,17
1,1,370241,0,0,0,0,0,0,0,0,0,0
2,1,370241,0,0,0,0,0,0,0,0,0,0
1,1,370242,0,0,0,0,0,0,0,0,0,0
1,1,370243,0,0,0,0,0,0,0,0,0,0
1,1,370244,9,9,9,9,9,9,9,9,9,9
2,1,370244,0,0,0,0,0,0,0,0,0,0
3,1,370244,0,0,0,0,0,0,0,0,0,0
1,1,370245,13,13,13,13,13,13,13,13,13,13
0,1,370246,18,18,18,18,18,18,18,18,18,18
1,1,370246,0,0,0,0,0,0,0,0,0,0
1,1,370247,0,0,0,0,0,0,0,0,0,0
2,1,370247,0,0,0,0,0,0,0,0,0,0
0,1,370248,0,0,0,0,7,0,0,0,0,0
1,1,370248,0,0,0,0,0,0,0,0,0,0
1,1,370249,7,26,14,22,27,12,36,46,32,20
1,1,370250,12,12,12,12,12,12,12,12,12,12
1,1,370251,6,6,6,6,6,6,6,6,6,6
1,1,370252,0,0,0,0,0,0,0,0,0,0
1,1,370253,9,9,9,9,9,9,9,9,9,9
1,1,370254,30,30,30,30,30,30,30,30,30,30
1,1,370255,0,0,0,0,0,0,0,0,0,0
2,1,370255,11,11,11,11,11,11,11,11,11,11
1,1,370256,0,0,0,0,0,0,0,0,0,0
0,1,370257,0,0,0,0,0,0,0,0,0,0
1,1,370257,0,0,0,0,0,6,0,0,0,16
1,1,370258,0,0,0,0,0,0,0,0,0,10
2,1,370258,0,0,0,0,0,0,0,0,0,0
1,1,370259,8,8,8,8,8,8,8,8,8,8
1,1,370260,19,19,19,19,19,19,19,19,19,19
0,1,370261,36,36,36,36,36,36,36,36,36,36
1,1,370261,0,0,17,4,14,8,5,27,13,15
1,1,370262,0,0,0,0,0,0,0,0,0,0
2,1,370262,0,0,0,0,0,0,0,0,0,0
1,1,370263,0,0,0,0,0,0,0,0,0,0
2,1,370263,0,0,0,0,0,0,0,0,0,0
1,1,370264,0,0,0,0,0,0,0,0,0,0
2,1,370264,0,0,0,0,0,0,0,0,0,0
0,1,370265,33,33,33,33,33,33,33,33,33,33
1,1,370265,0,0,0,0,0,0,0,7,0,0
1,1,370266,27,27,27,27,27,27,27,27,27,27
2,1,370267,0,0,0,0,0,0,0,0,0,0
1,1,370268,0,0,0,0,0,0,0,0,0,0
1,1,370269,0,0,0,0,0,0,0,0,0,0
2,1,370269,0,0,0,0,0,0,0,0,0,0
3,1,370269,0,0,0,0,0,0,0,0,0,0
4,1,370269,0,0,0,0,0,0,0,0,0,0
0,1,370270,38,38,38,38,38,38,38,38,38,38
1,1,370270,0,0,0,0,0,0,0,0,0,0
1,1,370271,0,0,0,0,0,0,0,0,0,0
2,1,370271,0,0,0,0,0,0,0,0,0,0
3,1,370271,0,0,0,0,0,0,0,0,0,0
1,1,370272,0,0,0,0,0,0,0,0,0,0
2,1,370272,0,0,0,0,0,0,0,0,0,0
1,1,370273,0,0,0,0,0,0,0,0,0,0
2,1,370273,0,0,0,0,0,0,0,0,0,0
1,1,370274,21,21,21,21,21,21,21,21,21,21
1,1,370275,0,0,0,0,0,0,0,0,0,0
2,1,370275,0,0,0,0,0,0,0,0,0,0
1,1,370276,0,0,0,0,0,0,0,0,0,0
2,1,370276,0,0,0,0,0,0,0,0,0,0
1,1,370277,11,11,11,11,11,11,11,11,11,11
1,1,370278,0,0,0,0,0,0,0,0,0,0
1,1,370279,23,21,0,12,26,19,21,6,10,17
1,1,370280,0,0,0,0,0,0,0,0,0,0
1,1,370281,0,0,0,0,0,0,0,0,0,0
2,1,370281,0,0,0,0,0,0,0,0,0,0
0,1,370282,0,0,0,0,0,0,0,0,0,0
1,1,370282,0,0,0,0,0,0,0,0,0,0
1,1,370283,0,0,0,0,0,0,0,0,0,0
2,1,370283,0,0,0,0,0,0,0,0,0,0
1,1,370284,25,25,25,25,25,25,25,25,25,25
1,1,370285,20,20,20,20,20,20,20,20,20,20
1,1,370286,0,0,0,0,0,0,0,0,0,0
1,1,370287,22,22,22,22,22,22,22,22,22,22
1,1,370288,19,19,19,19,19,19,19,19,19,19
1,1,370289,0,0,0,0,0,0,0,0,0,0
0,1,370290,0,0,0,0,0,0,0,0,0,0
1,1,370290,0,0,0,0,0,0,0,0,0,0
1,1,370291,0,0,0,0,0,0,0,0,0,0
2,1,370291,0,0,0,0,0,0,0,0,0,0
3,1,370291,0,0,0,0,0,0,0,0,0,6
1,1,370292,28,28,28,28,28,28,28,28,28,28
1,1,370293,25,25,25,25,25,25,25,25,25,25
1,1,370294,0,0,0,0,0,0,0,0,0,0
2,1,370294,0,0,0,0,0,0,0,0,0,0
1,1,370295,0,0,0,0,0,0,0,0,0,0
1,1,370296,0,0,0,0,0,0,0,0,0,0