VEH_NO,PER_NO,ST_CASE,P1,P2,P3,P4,P5,P6,P7,P8,P9,P10
2,1,370296,0,0,0,0,0,0,0,0,0,0
1,1,370297,0,0,10,0,0,0,0,0,0,0
2,1,370297,4,4,4,4,4,4,4,4,4,4
0,1,370298,0,0,0,0,0,0,0,0,0,0
1,1,370298,0,0,0,0,0,0,0,0,0,0
1,1,370299,0,0,0,0,0,0,0,0,0,0
2,1,370299,0,0,0,0,0,0,0,0,0,3
1,1,370300,0,0,0,0,0,0,0,0,0,0
2,1,370300,0,0,0,0,0,0,0,0,0,0
1,1,370301,19,19,19,19,19,19,19,19,19,19
1,1,370302,0,0,0,0,2,0,0,0,0,0
2,1,370302,0,0,0,0,0,0,0,0,0,0
1,1,370303,0,0,0,0,0,0,0,0,0,0
1,1,370304,28,28,28,28,28,28,28,28,28,28
1,1,370305,5,5,5,5,5,5,5,5,5,5
1,1,370306,0,0,0,0,0,0,0,0,0,0
1,1,370307,16,16,16,16,16,16,16,16,16,16
1,1,370308,0,0,0,0,0,0,0,0,0,0
1,1,370309,0,0,0,0,0,0,0,0,0,0
1,1,370310,21,21,21,21,21,21,21,21,21,21
1,1,370311,0,0,0,0,0,0,0,0,0,0
0,1,370312,21,21,21,21,21,21,21,21,21,21
1,1,370312,0,0,0,0,0,0,0,0,0,0
1,1,370313,0,0,0,0,0,0,0,0,0,0
2,1,370313,0,0,0,0,0,0,0,0,0,0
1,1,370314,11,16,10,15,26,16,16,8,0,13
1,1,370315,13,14,12,12,11,23,11,16,8,18
1,1,370316,13,0,0,0,0,0,0,0,0,0
2,1,370316,0,0,0,0,0,0,0,0,0,0
0,1,370317,0,0,0,0,0,0,0,0,0,0
1,1,370317,0,0,0,0,0,0,0,0,0,0
0,1,370318,0,0,0,0,0,0,0,0,0,0
1,1,370318,0,0,0,0,0,0,0,0,15,0
1,1,370319,0,0,0,0,0,0,0,0,0,0
2,1,370319,0,0,0,0,0,0,0,0,0,0
1,1,370320,14,14,14,14,14,14,14,14,14,14
1,1,370321,0,0,0,0,0,0,0,0,0,0
2,1,370321,0,0,0,0,0,0,0,0,0,0
1,1,370322,0,0,0,0,0,0,0,0,0,0
2,1,370322,0,0,0,0,0,0,0,0,0,0
1,1,370323,0,0,0,0,0,0,0,0,0,0
2,1,370323,0,0,0,0,0,0,0,0,0,0
1,1,370324,21,21,21,21,21,21,21,21,21,21
0,1,370325,23,23,23,23,23,23,23,23,23,23
1,1,370325,11,21,13,22,23,24,21,20,27,0
1,1,370326,0,0,0,0,0,0,0,0,0,0
2,1,370326,0,0,0,0,0,0,0,0,0,0
1,1,370327,0,0,0,0,0,0,0,0,0,0
2,1,370327,0,0,13,0,0,0,0,21,0,0
1,1,370328,0,0,0,0,0,0,0,0,0,0
2,1,370328,0,0,0,0,0,0,0,0,0,0
1,1,370329,0,0,0,0,0,0,0,0,0,0
1,1,370330,0,0,0,0,0,0,0,0,0,0
1,1,370331,0,0,0,0,0,0,0,0,0,0
2,1,370331,0,0,0,0,24,0,0,0,0,9
1,1,370332,0,0,0,0,0,0,0,0,0,0
1,1,370333,0,0,0,0,0,0,0,0,0,0
2,1,370333,8,0,0,0,0,0,0,0,0,0
1,1,370334,0,0,0,0,0,0,0,0,0,0
1,1,370335,10,10,10,10,10,10,10,10,10,10
1,1,370336,0,0,0,0,0,0,0,0,0,0
2,1,370336,0,0,0,0,0,0,0,0,0,0
3,1,370336,0,0,0,0,0,0,0,0,0,0
1,1,370337,0,0,0,0,0,0,0,0,0,0
1,1,370338,20,20,20,20,20,20,20,20,20,20
1,1,370339,0,0,0,0,0,0,0,0,0,0
2,1,370339,0,0,0,0,0,0,0,0,0,0
0,1,370340,32,32,32,32,32,32,32,32,32,32
1,1,370340,19,25,23,23,16,29,8,10,21,16
1,1,370341,0,0,0,0,0,0,0,0,0,0
2,1,370341,0,0,0,0,0,0,0,0,0,0
1,1,370342,0,0,0,0,0,0,0,0,0,0
2,1,370342,0,0,0,0,0,0,0,0,0,9
1,1,370343,0,0,0,0,0,0,0,0,0,0
1,1,370344,16,16,16,16,16,16,16,16,16,16
2,1,370344,0,0,0,0,0,0,0,0,0,0
0,1,370345,0,0,0,0,0,0,0,0,0,0
1,1,370345,0,0,0,0,0,0,0,0,0,0
1,1,370346,0,9,6,9,13,16,4,17,19,3
1,1,370347,24,24,24,24,24,24,24,24,24,24
1,1,370348,8,8,8,8,8,8,8,8,8,8
1,1,370349,14,14,14,14,14,14,14,14,14,14
1,1,370350,0,0,0,0,0,0,0,0,0,0
2,1,370350,0,0,0,0,0,0,0,0,0,0
1,1,370351,13,0,0,0,0,0,0,0,0,0
2,1,370351,0,0,0,0,0,0,0,0,0,0
1,1,370352,0,0,0,0,0,0,0,0,0,0
2,1,370352,0,0,0,0,0,0,0,0,0,0
1,1,370353,0,0,0,0,0,0,0,0,0,0
2,1,370353,0,0,0,0,0,0,0,0,0,0
1,1,370354,13,18,6,24,27,9,18,18,21,37
1,1,370355,18,10,22,12,34,6,19,3,10,9
1,1,370356,9,0,5,4,5,13,21,0,10,11
2,1,370356,13,0,0,0,0,0,6,0,0,0
1,1,370357,9,9,9,9,9,9,9,9,9,9
1,1,370358,0,0,0,0,0,0,0,0,0,0
1,1,370359,0,0,0,0,0,0,0,0,0,0
2,1,370359,0,0,0,0,0,0,0,0,0,0
1,1,370360,0,0,0,0,0,0,0,0,0,0
1,1,370361,0,0,0,0,0,0,0,0,0,0
2,1,370361,0,0,0,0,0,0,0,0,0,0
1,1,370362,0,0,0,0,0,0,0,0,0,0
2,1,370362,0,0,0,0,0,0,0,0,0,0
1,1,370363,0,0,0,0,0,0,0,0,0,0
1,1,370364,35,35,35,35,35,35,35,35,35,35
1,1,370365,0,0,0,0,0,0,0,0,0,0
1,1,370366,4,4,4,4,4,4,4,4,4,4
2,1,370366,0,0,0,0,0,0,0,0,6,0
1,1,370367,0,18,7,0,0,11,0,0,11,0
1,1,370368,2,2,2,2,2,2,2,2,2,2
1,1,370369,0,0,0,0,0,0,0,0,0,0
2,1,370369,0,0,0,0,0,0,0,0,0,0
3,1,370369,0,0,0,0,0,0,0,0,0,0
1,1,370370,0,0,0,0,0,0,0,0,0,0
1,1,370371,0,0,0,0,0,0,0,0,0,0
1,1,370372,16,16,16,16,16,16,16,16,16,16
0,1,370373,0,0,0,0,0,0,0,0,0,0
1,1,370373,0,0,0,0,0,0,0,0,0,0
1,1,370374,0,0,0,0,0,0,0,0,0,0
2,1,370374,0,0,0,0,0,0,0,0,0,0
1,1,370375,17,17,17,17,17,17,17,17,17,17
1,1,370376,0,0,0,0,0,0,0,0,0,0
2,1,370376,20,20,20,20,20,20,20,20,20,20
1,1,370377,23,23,23,23,23,23,23,23,23,23
1,1,370378,19,19,19,19,19,19,19,19,19,19
1,1,370379,8,8,8,8,8,8,8,8,8,8
2,1,370379,0,0,0,0,0,0,0,0,0,0
1,1,370380,0,0,0,0,0,0,0,0,0,0
2,1,370380,0,0,0,0,0,0,0,0,0,0
1,1,370381,0,0,0,0,0,0,0,0,0,0
2,1,370381,0,0,0,0,0,0,0,0,0,0
1,1,370382,20,20,20,20,20,20,20,20,20,20
1,1,370383,19,19,19,19,19,19,19,19,19,19
1,1,370384,0,0,0,0,0,0,0,0,0,0
2,1,370384,0,0,0,0,0,0,0,0,0,0
3,1,370384,3,3,3,3,3,3,3,3,3,3
1,1,370385,0,0,0,0,0,0,0,0,0,0
2,1,370385,0,0,0,0,0,0,0,0,0,0
1,1,370386,0,0,0,0,0,0,0,0,0,0
1,1,370387,7,7,7,7,7,7,7,7,7,7
1,1,370388,19,19,19,19,19,19,19,19,19,19
1,1,370389,0,0,0,0,0,0,0,0,0,0
1,1,370390,0,0,0,0,0,0,0,0,0,0
2,1,370390,0,0,0,0,0,0,0,0,0,0
3,1,370390,0,0,0,0,0,0,0,0,0,0
1,1,370391,0,0,0,0,0,0,0,0,0,0
2,1,370391,0,0,0,0,0,0,0,0,0,0
1,1,370392,16,16,16,16,16,16,16,16,16,16
1,1,370393,0,0,0,0,0,0,0,0,0,0
1,1,370394,6,7,15,18,15,23,19,21,12,6
1,1,370395,0,0,0,0,0,0,0,0,0,0
2,1,370395,0,0,0,0,0,0,0,0,0,0
1,1,370396,18,18,18,18,18,18,18,18,18,18
1,1,370397,0,0,0,0,0,0,0,0,0,0
1,1,370398,0,0,0,0,0,0,0,0,0,0
1,1,370399,0,0,0,0,0,0,0,0,0,0
2,1,370399,0,0,0,0,0,0,0,0,0,0
3,1,370399,0,0,0,0,0,0,0,0,0,0
1,1,370400,0,0,0,0,0,0,0,0,0,0
2,1,370400,0,6,0,0,0,0,0,0,0,0
1,1,370401,0,0,0,0,0,0,0,0,0,0
2,1,370401,0,0,0,0,0,0,0,0,0,0
3,1,370401,0,0,0,0,0,0,0,0,0,0
0,1,370402,0,0,0,0,0,0,0,0,0,0
1,1,370402,3,0,11,16,18,10,29,23,18,3
1,1,370403,17,0,12,0,17,11,5,21,29,0
1,1,370404,6,6,6,6,6,6,6,6,6,6
1,1,370405,0,0,0,0,0,0,0,0,0,0
2,1,370405,0,0,0,0,0,0,0,0,0,0
1,1,370406,0,0,0,0,0,0,0,0,0,0
2,1,370406,0,0,0,0,0,0,0,0,0,0
1,1,370407,12,12,12,12,12,12,12,12,12,12
1,1,370408,0,0,0,0,0,14,0,0,0,0
2,1,370408,0,0,0,0,0,0,0,0,0,0
1,1,370409,10,10,10,10,10,10,10,10,10,10
1,1,370410,0,0,0,0,0,0,0,0,0,0
2,1,370410,0,0,0,0,0,0,0,0,0,0
1,1,370411,29,29,29,29,29,29,29,29,29,29
1,1,370412,0,0,0,0,0,0,0,0,0,0
1,1,370413,37,0,22,11,0,9,0,10,7,6
0,1,370414,22,22,22,22,22,22,22,22,22,22
1,1,370414,0,0,0,0,0,0,3,0,0,0
1,1,370415,0,0,0,0,0,0,0,0,0,0
2,1,370415,0,0,0,0,0,0,0,0,0,0
1,1,370416,33,33,33,33,33,33,33,33,33,33
1,1,370417,16,31,0,0,9,19,0,27,9,0
1,1,370418,0,0,0,0,0,0,0,0,0,0
2,1,370418,0,0,0,0,0,0,0,0,0,0
1,1,370419,0,0,0,0,0,0,0,0,0,0
2,1,370419,0,0,0,0,0,0,0,0,0,0
1,1,370420,0,0,10,0,0,0,0,0,0,0
2,1,370420,0,0,0,0,0,0,0,0,0,0
3,1,370420,0,0,0,0,0,0,0,0,0,0
1,1,370421,0,0,0,0,0,0,0,0,0,0
1,1,370422,11,11,11,11,11,11,11,11,11,11
1,1,370423,4,4,4,4,4,4,4,4,4,4
1,1,370424,20,20,20,20,20,20,20,20,20,20
1,1,370425,0,0,0,0,0,0,0,0,0,0
2,1,370425,28,28,28,28,28,28,28,28,28,28
1,1,370426,19,19,19,19,19,19,19,19,19,19
1,1,370427,28,28,28,28,28,28,28,28,28,28
1,1,370428,0,0,0,0,0,0,0,0,0,0
2,1,370428,0,0,0,0,0,0,0,0,0,0
1,1,370429,0,0,0,0,0,0,0,0,0,0
1,1,370430,23,23,23,23,23,23,23,23,23,23
1,1,370431,8,8,8,8,8,8,8,8,8,8
1,1,370432,0,0,0,0,0,0,0,0,0,0
1,1,370433,0,0,0,0,0,0,0,0,0,0
1,1,370435,4,4,4,4,4,4,4,4,4,4
2,1,370435,0,0,0,0,0,0,0,0,0,0
1,1,370436,0,0,0,0,0,0,0,0,0,0
2,1,370436,0,0,0,0,0,0,0,0,0,0
1,1,370437,0,0,0,0,0,0,0,0,0,0
2,1,370437,14,14,14,14,14,14,14,14,14,14
1,1,370438,0,0,0,0,0,0,0,0,0,0
2,1,370438,0,0,0,0,0,0,0,0,0,0
1,1,370439,0,0,0,0,0,0,0,0,0,0
1,1,370440,0,0,0,0,0,0,0,0,0,0
2,1,370440,0,0,0,0,0,0,0,0,0,0
1,1,370441,19,19,19,19,19,19,19,19,19,19
1,1,370442,0,0,0,0,0,0,0,0,0,0
1,1,370443,0,0,0,0,0,0,0,0,0,0
2,1,370443,0,0,0,0,0,0,0,0,0,0
1,1,370444,12,12,8,0,11,13,8,0,7,0
2,1,370444,0,0,0,0,0,0,0,0,0,0
3,1,370444,0,0,0,0,0,0,0,0,0,0
1,1,370445,0,0,0,0,0,0,0,0,0,0
1,1,370446,23,27,0,10,8,18,2,11,4,12
2,1,370446,0,0,0,0,0,0,0,0,0,0
0,1,370447,0,0,0,0,0,0,0,0,0,0
1,1,370447,0,0,0,0,0,0,0,0,0,0
1,1,370448,0,0,0,0,0,0,0,0,0,0
1,1,370449,0,0,0,0,0,0,0,0,0,0
2,1,370449,0,0,0,0,0,0,0,0,0,0
0,1,370450,0,0,0,0,0,0,0,0,0,0
1,1,370450,0,0,0,0,0,0,0,0,0,0
1,1,370451,0,0,0,0,0,0,0,0,0,0
2,1,370451,0,0,0,0,0,0,0,0,0,0
3,1,370451,0,0,0,0,0,0,0,0,0,0
1,1,370452,0,0,0,0,0,0,0,0,0,0
2,1,370452,0,0,0,0,0,0,0,0,0,0
1,1,370453,26,26,26,26,26,26,26,26,26,26
2,1,370453,0,0,0,0,0,0,0,0,0,0
1,1,370454,9,9,9,9,9,9,9,9,9,9
2,1,370454,0,0,0,0,0,15,0,0,0,0
1,1,370455,0,0,0,0,0,0,0,11,0,0
1,1,370456,0,0,0,0,0,0,0,0,0,0
1,1,370457,0,0,0,0,0,3,0,0,0,0
1,1,370458,0,0,0,0,0,0,0,0,0,0
2,1,370458,0,0,0,0,0,0,0,0,0,0
3,1,370458,0,0,0,0,0,0,0,0,0,0
1,1,370459,0,0,0,0,0,0,0,0,0,0
2,1,370459,0,0,0,0,0,0,0,0,0,0
3,1,370459,0,0,0,0,0,0,0,0,0,0
1,1,370460,24,24,24,24,24,24,24,24,24,24
2,1,370460,0,0,0,0,0,0,0,0,0,0
4,1,370460,0,0,0,0,0,0,0,0,0,0
0,1,370461,34,34,34,34,34,34,34,34,34,34
1,1,370461,0,0,0,0,0,0,0,0,0,0
1,1,370462,0,0,0,0,0,0,0,0,0,0
2,1,370462,15,15,15,15,15,15,15,15,15,15
1,1,370463,0,0,0,0,0,0,0,0,0,0
1,1,370464,0,0,0,0,0,0,0,0,0,0
2,1,370464,0,0,0,0,0,0,0,0,0,0
1,1,370465,0,0,0,0,0,0,0,0,0,0
2,1,370465,0,0,0,0,0,0,0,0,0,0
0,1,370466,16,16,16,16,16,16,16,16,16,16
1,1,370466,13,13,13,13,13,13,13,13,13,13
0,1,370467,33,33,33,33,33,33,33,33,33,33
1,1,370467,0,0,0,0,0,0,0,0,0,0
1,1,370468,0,0,0,0,0,0,0,0,0,0
2,1,370468,0,0,0,0,0,0,0,0,0,0
1,1,370469,13,13,13,13,13,13,13,13,13,13
2,1,370469,0,0,0,0,0,0,0,0,0,0
3,1,370469,0,0,0,0,0,0,0,0,0,0
1,1,370470,0,0,0,0,0,0,0,0,0,0
2,1,370470,0,0,0,0,0,0,0,0,0,0
1,1,370471,0,0,0,0,0,0,0,0,0,0
1,1,370472,0,0,0,0,0,0,0,0,0,0
2,1,370472,0,0,0,0,0,0,0,0,0,0
1,1,370473,0,0,0,0,0,0,0,0,0,0
1,1,370474,13,13,13,13,13,13,13,13,13,13
1,1,370475,29,29,29,29,29,29,29,29,29,29
1,1,370476,17,13,17,27,6,0,9,16,7,3
1,1,370477,19,19,19,19,19,19,19,19,19,19
1,1,370478,21,21,21,21,21,21,21,21,21,21
2,1,370479,23,23,23,23,23,23,23,23,23,23
1,1,370480,0,0,0,0,0,0,0,0,0,0
2,1,370480,8,0,0,0,0,16,0,19,0,0
1,1,370481,24,24,24,24,24,24,24,24,24,24
1,1,370483,0,0,0,0,0,0,0,0,0,0
2,1,370483,27,27,27,27,27,27,27,27,27,27
1,1,370484,0,20,0,0,0,0,0,0,19,0
1,1,370485,0,0,0,0,0,0,0,0,0,0
2,1,370485,0,0,0,0,0,0,0,0,0,0
1,1,370486,0,0,0,0,0,0,0,0,0,0
1,1,370487,30,30,30,30,30,30,30,30,30,30
1,1,370488,0,0,0,0,0,0,0,0,0,0
2,1,370488,0,0,0,0,0,0,0,0,0,0
1,1,370489,0,0,0,0,0,0,0,0,0,0
0,1,370490,0,0,0,0,0,0,0,0,0,0
1,1,370490,0,0,0,0,0,0,0,0,0,0
1,1,370491,0,0,21,9,0,0,0,0,0,0
1,1,370492,17,11,11,25,21,14,8,6,14,24
1,1,370493,0,0,0,0,0,0,0,0,0,0
1,1,370494,17,0,6,0,0,20,0,26,14,0
2,1,370494,0,0,0,0,0,0,0,0,0,0
1,1,370495,0,0,0,0,0,0,0,0,0,0
2,1,370495,0,0,0,0,0,0,0,0,0,0
1,1,370496,19,9,7,0,0,16,13,15,0,11
2,1,370496,0,0,0,0,0,0,0,0,0,0
1,1,370497,0,0,0,0,0,0,0,0,0,0
2,1,370497,0,0,0,0,0,0,0,0,0,0
1,1,370498,19,19,19,19,19,19,19,19,19,19
1,1,370499,0,0,0,0,0,0,0,0,0,0
2,1,370499,0,0,0,0,0,0,0,0,0,0
1,1,370500,0,0,0,0,0,0,0,0,0,0
2,1,370500,0,0,0,0,0,0,0,0,0,0
1,1,370501,10,10,10,10,10,10,10,10,10,10
0,1,370502,31,31,31,31,31,31,31,31,31,31
1,1,370502,0,0,0,0,0,0,0,0,0,0
1,1,370503,24,23,15,17,31,8,22,14,6,26
0,1,370504,0,0,0,0,0,0,0,0,0,0
1,1,370504,0,13,16,0,0,0,0,9,0,0
1,1,370505,0,0,0,0,0,0,0,0,0,0
1,1,370506,0,0,0,0,0,0,0,0,0,0
2,1,370506,0,0,0,0,0,0,0,0,0,0
3,1,370506,18,17,0,0,0,0,8,10,0,0
1,1,370507,0,0,0,0,0,0,0,0,0,0
2,1,370507,0,0,0,0,0,0,0,14,0,0
1,1,370508,4,4,4,4,4,4,4,4,4,4
1,1,370509,0,0,0,0,0,0,0,0,0,0
2,1,370509,21,21,21,21,21,21,21,21,21,21
1,1,370510,12,12,12,12,12,12,12,12,12,12
1,1,370511,0,0,0,0,0,0,0,0,0,0
1,1,370512,0,0,0,0,0,0,0,0,0,0
2,1,370512,0,0,0,0,0,0,0,0,0,0
3,1,370512,0,0,0,0,0,0,0,0,0,0
1,1,370513,11,11,11,11,11,11,11,11,11,11
1,1,370514,0,0,0,0,0,0,0,0,0,0
2,1,370514,0,0,0,0,0,0,0,0,0,0
1,1,370515,23,23,23,23,23,23,23,23,23,23
1,1,370516,0,0,0,0,0,0,0,0,0,0
2,1,370516,0,0,0,0,0,0,0,0,0,0
0,1,370517,6,6,6,6,6,6,6,6,6,6
1,1,370517,0,0,0,0,0,0,0,0,0,0
1,1,370518,0,0,0,0,0,0,0,0,0,0
1,1,370519,0,0,0,0,0,0,0,0,0,0
2,1,370519,0,0,0,0,0,0,0,0,0,0
1,1,370520,14,0,0,0,0,0,0,9,0,0
5,1,370520,0,0,0,0,0,0,0,0,0,0
1,1,370521,0,0,0,0,0,0,0,0,0,0
1,1,370522,0,0,0,0,0,0,0,0,0,0
2,1,370522,0,0,0,0,0,0,0,0,0,0
3,1,370522,0,0,0,12,0,0,0,0,0,0
1,1,370523,0,0,0,0,0,0,0,0,0,0
2,1,370523,0,0,0,0,0,0,0,0,0,0
0,1,370524,33,33,33,33,33,33,33,33,33,33
1,1,370524,0,0,0,0,0,0,0,0,0,0
1,1,370525,0,0,0,0,0,0,0,0,0,0
2,1,370525,0,0,0,0,0,0,0,0,0,0
1,1,370526,16,16,16,16,16,16,16,16,16,16
0,1,370527,0,0,0,0,0,0,0,0,0,0
1,1,370527,0,0,0,0,0,0,0,0,0,0
1,1,370528,26,26,26,26,26,26,26,26,26,26
1,1,370529,4,4,4,4,4,4,4,4,4,4
1,1,370530,32,32,32,32,32,32,32,32,32,32
1,1,370531,10,10,10,10,10,10,10,10,10,10
2,1,370531,0,0,18,12,0,11,0,13,12,0
1,1,370532,0,0,0,0,0,0,0,0,0,0
2,1,370532,0,0,0,0,0,0,0,0,0,0
1,1,370533,12,12,12,12,12,12,12,12,12,12
2,1,370533,0,0,0,0,0,0,0,0,0,0
1,1,370534,0,0,0,0,0,0,0,0,0,0
1,1,370535,0,0,0,0,0,0,0,0,0,0
2,1,370535,0,0,0,0,0,0,0,0,0,0
1,1,370536,0,6,0,0,0,0,0,0,0,0
1,1,370537,2,2,2,2,2,2,2,2,2,2
2,1,370537,0,7,0,10,3,17,0,0,0,0
1,1,370538,0,0,0,0,0,0,0,0,0,0
2,1,370538,0,0,0,0,0,0,0,0,0,0
3,1,370538,0,0,0,0,0,0,0,0,0,0
1,1,370539,0,0,0,0,0,0,0,0,0,0
2,1,370539,0,0,0,0,0,0,0,0,0,0
3,1,370539,0,0,0,0,0,0,0,21,0,0
4,1,370539,0,0,0,0,0,0,0,0,0,0
0,1,370540,28,28,28,28,28,28,28,28,28,28
1,1,370540,0,0,0,0,0,0,0,0,0,0
1,1,370541,0,0,0,0,0,11,0,0,0,0
1,1,370542,0,0,0,0,0,0,0,0,0,0
1,1,370543,0,0,0,0,0,0,0,0,0,0
1,1,370544,0,0,0,0,0,0,0,0,0,0
1,1,370545,0,0,0,0,0,0,0,0,0,0
2,1,370545,0,0,0,7,0,0,0,0,0,0
1,1,370546,11,11,11,11,11,11,11,11,11,11
0,1,370547,0,0,0,0,0,0,0,0,0,0
1,1,370547,0,0,0,0,0,0,0,0,10,0
1,1,370548,21,21,21,21,21,21,21,21,21,21
1,1,370549,0,0,0,0,0,0,0,0,0,0
1,1,370550,22,22,22,22,22,22,22,22,22,22
2,1,370550,0,0,0,0,0,0,0,0,0,0
1,1,370551,0,0,0,0,5,0,0,0,0,0
2,1,370551,0,0,0,0,0,0,0,0,0,0
1,1,370552,2,2,2,2,2,2,2,2,2,2
2,1,370552,0,0,0,0,0,0,0,0,0,0
1,1,370553,0,0,0,0,0,0,0,0,0,0
1,1,370554,0,0,0,0,0,0,0,0,0,0
2,1,370554,0,0,0,0,0,0,0,0,0,0
1,1,370555,0,0,0,0,0,0,0,0,0,0
1,1,370556,0,0,0,0,0,0,0,0,0,0
1,1,370557,13,12,13,8,25,9,10,15,24,13
2,1,370557,0,0,0,0,0,0,0,0,0,0
0,1,370558,39,39,39,39,39,39,39,39,39,39
1,1,370558,0,0,0,0,0,0,0,0,0,0
1,1,370559,24,24,24,24,24,24,24,24,24,24
1,1,370560,18,34,13,14,25,28,22,19,10,20
1,1,370561,0,0,0,0,0,0,0,16,0,0
2,1,370561,0,0,0,0,0,0,0,0,0,0
1,1,370562,0,0,0,0,0,0,0,0,0,0
2,1,370562,0,0,0,0,0,0,0,0,0,0
1,1,370563,15,15,15,15,15,15,15,15,15,15
1,1,370564,0,0,0,0,0,0,0,0,0,0
1,1,370565,0,0,0,0,0,0,0,0,0,0
1,1,370566,0,0,0,0,0,0,0,0,0,0
1,1,370567,0,0,0,0,0,0,0,0,0,0
2,1,370567,0,0,0,0,0,0,0,0,0,0
3,1,370567,0,0,0,0,0,0,0,0,0,0
1,1,370568,0,0,0,0,0,0,0,0,0,0
1,1,370569,6,6,6,6,6,6,6,6,6,6
1,1,370570,0,0,0,0,0,0,0,0,0,0
1,1,370571,18,18,18,18,18,18,18,18,18,18
0,1,370572,0,0,0,0,0,0,0,0,0,0
1,1,370572,9,28,0,24,8,13,2,9,9,7
1,1,370573,0,0,0,0,0,0,0,0,0,0
2,1,370573,0,0,0,0,0,0,0,0,0,9
1,1,370574,0,0,0,0,0,0,0,0,0,0
2,1,370574,0,0,0,0,0,0,0,0,0,0
1,1,370575,0,0,0,0,0,0,0,0,0,0
2,1,370575,0,0,0,0,0,0,0,0,0,0
1,1,370576,7,0,16,0,0,0,0,0,6,0
2,1,370576,0,0,0,0,0,0,0,0,0,0
1,1,370577,0,0,0,0,0,0,0,0,0,0
2,1,370577,0,0,0,0,0,0,0,0,0,0
1,1,370578,0,0,0,0,0,0,0,0,0,0
2,1,370578,0,0,0,0,0,0,0,0,0,0
1,1,370579,26,26,26,26,26,26,26,26,26,26
0,1,370580,0,0,0,0,0,0,0,0,0,0
1,1,370580,0,0,0,0,0,0,0,0,0,3
1,1,370581,0,0,12,0,0,0,0,0,0,0
2,1,370581,0,0,0,0,0,0,0,0,0,0
1,1,370582,0,0,0,0,0,0,0,0,0,0
2,1,370582,0,0,0,0,0,0,0,0,0,0
0,1,370583,0,0,0,0,0,0,0,0,0,0
1,1,370583,0,0,0,5,0,0,0,10,15,0
1,1,370584,0,0,0,0,0,0,0,0,0,0
2,1,370584,0,0,0,0,0,0,0,0,0,0
0,1,370585,0,0,0,0,0,0,0,0,0,0
1,1,370585,0,0,15,0,0,0,0,13,0,0
0,1,370586,0,0,0,0,0,0,0,0,0,0
1,1,370586,17,0,11,0,0,0,0,0,10,11
1,1,370587,0,0,0,0,0,0,0,0,0,0
2,1,370587,0,0,0,0,0,0,0,0,0,0
1,1,370588,0,0,0,0,0,0,0,15,0,0
1,1,370589,18,18,18,18,18,18,18,18,18,18
1,1,370590,16,16,16,16,16,16,16,16,16,16
0,1,370591,4,4,4,4,4,4,4,4,4,4
0,2,370591,0,0,0,0,0,0,0,15,0,0
1,1,370591,14,7,20,13,16,20,18,30,22,25
1,1,370592,0,0,0,0,0,0,0,0,0,0
1,1,370593,19,19,19,19,19,19,19,19,19,19
1,1,370594,0,0,0,0,0,0,0,0,0,0
2,1,370594,22,12,0,44,13,27,0,18,13,0
1,1,370595,14,14,14,14,14,14,14,14,14,14
1,1,370596,0,0,0,0,0,0,0,0,0,0
2,1,370596,27,13,20,15,15,26,25,17,9,35
1,1,370597,0,0,0,0,0,0,0,0,0,0
2,1,370597,0,0,0,0,0,0,0,0,0,0
1,1,370598,0,0,0,0,0,0,0,0,0,0
1,1,370599,8,28,20,10,20,10,11,16,15,12
1,1,370600,8,9,9,12,16,18,5,6,12,11
1,1,370601,5,5,5,5,5,5,5,5,5,5
0,1,370602,0,0,0,0,0,0,0,0,0,0
1,1,370602,0,2,15,15,7,3,15,23,0,0
1,1,370603,0,0,0,0,0,0,0,0,0,0
1,1,370604,0,0,0,0,0,0,0,0,0,0
1,1,370605,0,0,0,0,0,0,0,0,0,0
2,1,370605,0,0,0,0,0,0,0,0,0,0
1,1,370606,14,0,0,0,0,0,0,0,0,0
1,1,370607,0,0,0,0,0,0,0,0,0,0
1,1,370608,0,0,0,0,0,0,0,0,0,0
2,1,370608,0,0,0,0,0,0,0,0,0,0
1,1,370609,0,0,0,0,0,0,0,0,0,0
1,1,370610,0,0,0,0,0,0,0,0,0,0
1,1,370611,37,17,8,4,20,17,0,27,8,24
2,1,370611,0,0,0,0,0,0,0,0,0,0
1,1,370612,0,0,0,0,0,0,0,0,0,0
2,1,370612,3,0,0,0,8,0,0,0,0,0
1,1,370613,0,0,0,0,0,0,0,0,0,0
2,1,370613,0,0,0,0,0,0,0,0,0,0
0,1,370614,0,18,0,0,0,32,0,22,17,0
1,1,370614,0,0,0,0,2,0,0,0,0,0
2,1,370614,0,0,0,0,8,0,0,0,9,10
1,1,370615,0,0,0,0,0,0,0,0,0,0
1,1,370616,0,0,0,0,0,0,0,0,0,0
1,1,370617,17,17,17,17,17,17,17,17,17,17
1,1,370618,0,0,0,14,0,0,0,0,0,5
2,1,370618,0,0,0,0,0,0,0,0,0,0
1,1,370619,0,0,0,0,0,0,0,0,0,0
1,1,370620,11,11,11,11,11,11,11,11,11,11
1,1,370621,5,5,5,5,5,5,5,5,5,5
1,1,370622,25,25,25,25,25,25,25,25,25,25
1,1,370623,0,0,0,0,0,0,0,0,0,0
0,1,370624,24,24,24,24,24,24,24,24,24,24