VEH_NO,PER_NO,ST_CASE,P1,P2,P3,P4,P5,P6,P7,P8,P9,P10
1,1,370957,26,26,26,26,26,26,26,26,26,26
2,1,370957,0,0,0,0,0,0,0,0,0,0
3,1,370957,0,0,0,0,0,0,0,0,0,0
1,1,370958,0,0,0,0,0,0,0,0,0,0
1,1,370959,0,0,0,0,0,0,0,0,0,0
2,1,370959,0,0,0,0,0,0,0,0,0,0
1,1,370960,0,0,0,0,0,0,0,0,0,0
0,1,370961,0,0,0,0,0,0,0,0,0,0
1,1,370961,0,0,0,6,0,0,0,0,0,0
1,1,370962,16,18,8,20,17,20,12,3,19,33
1,1,370963,22,0,0,22,0,0,21,24,0,0
1,1,370964,19,19,19,19,19,19,19,19,19,19
2,1,370964,0,0,0,0,0,0,0,0,0,0
3,1,370964,0,0,0,0,0,0,0,7,0,0
0,1,370965,9,9,9,9,9,9,9,9,9,9
1,1,370965,20,7,0,0,2,0,0,5,6,0
1,1,370966,0,0,0,2,0,0,0,7,0,0
2,1,370966,0,0,0,0,0,0,0,0,0,0
1,1,370967,0,0,0,0,0,0,0,0,0,0
1,1,370968,0,0,0,0,0,0,0,0,0,0
2,1,370968,0,0,0,0,0,0,0,0,0,0
1,1,370969,27,27,27,27,27,27,27,27,27,27
1,1,370970,0,0,0,0,0,27,0,0,17,0
2,1,370970,0,0,0,0,0,0,0,0,0,0
1,1,370972,0,0,0,0,0,0,0,0,0,0
2,1,370972,0,0,0,0,0,0,0,0,0,0
0,1,370973,0,0,0,0,0,0,0,0,0,0
1,1,370973,0,0,0,0,0,0,0,8,0,0
1,1,370974,7,7,7,7,7,7,7,7,7,7
1,1,370975,18,18,18,18,18,18,18,18,18,18
1,1,370976,0,0,12,0,0,0,0,0,0,0
2,1,370976,0,0,0,0,0,0,0,0,0,0
1,1,370977,17,17,17,17,17,17,17,17,17,17
1,1,370978,24,23,21,26,32,9,8,16,16,23
1,1,370979,8,8,8,8,8,8,8,8,8,8
1,1,370980,16,0,18,0,0,0,0,0,0,0
0,1,370981,22,22,22,22,22,22,22,22,22,22
1,1,370981,0,0,0,0,13,0,21,0,0,0
1,1,370982,0,0,0,0,0,0,0,0,0,0
2,1,370982,0,0,0,0,0,0,0,0,0,0
3,1,370982,0,0,0,0,0,0,0,0,0,0
1,1,370983,20,20,20,20,20,20,20,20,20,20
1,1,370984,17,17,17,17,17,17,17,17,17,17
1,1,370985,0,0,0,0,0,0,0,0,0,0
2,1,370985,0,0,0,0,0,0,0,0,0,0
1,1,370986,0,0,0,0,0,0,0,0,0,0
1,1,370987,17,17,17,17,17,17,17,17,17,17
2,1,370987,0,0,0,0,0,0,0,0,0,0
1,1,370988,0,0,0,0,0,0,0,0,0,0
2,1,370988,0,0,9,0,0,0,0,0,0,0
1,1,370989,20,20,20,20,20,20,20,20,20,20
2,1,370989,0,0,19,0,0,0,0,0,0,0
1,1,370990,15,4,0,17,10,0,0,29,7,29
1,1,370991,0,0,0,0,0,0,0,0,0,0
1,1,370992,0,0,0,0,0,0,0,0,0,0
2,1,370992,0,0,0,0,0,0,0,0,0,0
3,1,370992,0,0,0,0,0,0,0,0,0,0
1,1,370993,0,0,0,0,0,0,0,0,0,0
1,1,370994,0,0,0,0,0,0,0,0,0,0
2,1,370994,0,10,0,0,0,0,0,0,0,0
3,1,370994,0,0,0,0,0,0,0,0,0,0
1,1,370995,0,0,0,0,0,0,0,0,0,0
2,1,370995,0,0,0,0,0,0,0,0,0,0
1,1,370996,0,0,0,0,0,0,0,0,0,13
1,1,370997,0,0,0,0,0,0,0,0,0,0
1,1,370998,0,0,0,0,0,9,0,0,2,0
1,1,370999,24,24,24,24,24,24,24,24,24,24
1,1,371000,22,22,22,22,22,22,22,22,22,22
1,1,371001,0,0,0,0,0,0,0,0,17,14
1,1,371002,0,0,0,0,0,0,0,0,0,0
2,1,371002,0,0,0,0,0,0,0,0,0,0
0,1,371003,0,0,0,0,0,0,0,0,0,0
1,1,371003,0,0,0,0,0,0,0,0,0,0
0,1,371004,15,15,15,15,15,15,15,15,15,15
0,2,371004,0,0,0,33,19,0,0,0,0,0
1,1,371004,9,16,22,8,6,21,17,20,27,8
2,1,371004,0,0,0,0,0,0,0,0,8,0
1,1,371005,0,0,0,0,0,0,0,0,0,0
2,1,371005,0,0,0,0,0,0,0,0,0,0
1,1,371006,0,0,0,0,0,0,0,0,0,0
2,1,371006,0,0,0,0,0,0,0,0,0,0
1,1,371007,0,0,0,0,0,0,0,0,0,0
2,1,371007,0,0,0,0,0,0,0,0,0,0
1,1,371008,0,0,0,0,0,0,0,0,0,0
2,1,371008,0,0,0,0,0,0,0,0,0,0
1,1,371009,0,0,0,0,0,0,0,0,0,0
2,1,371009,0,0,0,0,0,0,0,0,0,0
1,1,371010,9,19,9,14,8,8,31,17,6,9
1,1,371011,0,0,0,0,0,0,0,7,0,0
2,1,371011,11,11,11,11,11,11,11,11,11,11
3,1,371011,0,0,0,0,0,0,0,0,0,0
1,1,371012,0,0,0,0,0,0,0,0,0,0
2,1,371012,12,3,22,11,18,0,0,3,14,0
1,1,371013,0,0,0,0,0,0,0,0,0,0
2,1,371013,0,0,0,0,0,0,0,0,0,0
1,1,371014,15,15,15,15,15,15,15,15,15,15
1,1,371015,8,8,8,8,8,8,8,8,8,8
2,1,371015,0,0,0,0,0,0,0,0,0,0
3,1,371015,0,0,0,0,0,0,0,0,0,0
1,1,371016,0,0,0,0,0,0,0,0,0,0
1,1,371017,28,28,28,28,28,28,28,28,28,28
1,1,371018,21,21,21,21,21,21,21,21,21,21
1,1,371019,15,15,15,15,15,15,15,15,15,15
1,1,371020,2,2,2,2,2,2,2,2,2,2
1,1,371021,0,0,0,0,0,0,0,0,0,0
2,1,371021,48,14,10,12,19,19,23,32,19,9
1,1,371022,0,0,0,0,0,0,0,0,0,0
1,1,371023,0,0,0,0,0,0,0,0,0,0
1,1,371024,0,0,0,0,0,0,0,0,0,0
2,1,371024,0,0,0,0,0,0,0,0,0,0
1,1,371025,0,0,0,0,0,0,0,0,0,0
2,1,371025,0,0,0,0,0,0,0,0,0,0
1,1,371026,0,0,0,0,0,0,0,0,0,0
1,1,371027,17,0,0,0,0,0,0,0,0,0
1,1,371028,0,0,0,0,0,0,0,0,0,0
2,1,371028,0,0,0,0,0,0,0,0,0,0
1,1,371029,0,0,0,0,0,0,0,0,0,0
2,1,371029,0,0,0,0,0,0,0,13,0,0
0,1,371030,35,35,35,35,35,35,35,35,35,35
1,1,371030,0,0,0,0,0,0,0,0,0,0
1,1,371031,0,0,0,0,0,0,0,0,0,0
2,1,371031,0,0,0,0,0,0,0,0,0,0
1,1,371032,0,0,0,0,0,8,0,0,0,0
1,1,371033,0,0,0,0,0,0,0,0,0,0
1,1,371034,0,0,0,0,0,0,0,0,0,0
1,1,371035,19,19,19,19,19,19,19,19,19,19
2,1,371035,0,0,0,0,0,0,0,0,0,0
1,1,371036,0,0,0,0,0,0,0,0,0,0
1,1,371037,14,14,14,14,14,14,14,14,14,14
2,1,371037,0,0,0,0,0,0,0,0,0,0
1,1,371038,0,0,0,0,0,0,0,0,0,0
2,1,371038,0,0,0,0,0,0,0,0,0,0
1,1,371039,0,0,0,0,0,0,0,0,0,0
2,1,371039,0,0,0,0,0,0,0,0,0,0
1,1,371040,0,0,0,0,0,0,0,0,0,0
1,1,371041,0,0,0,0,0,0,0,0,0,0
1,1,371042,0,0,0,0,0,0,0,0,0,0
1,1,371043,0,0,0,0,0,0,0,0,0,0
1,1,371044,0,0,0,0,0,0,0,0,0,0
2,1,371044,0,0,0,0,0,0,0,0,0,0
0,1,371045,17,17,17,17,17,17,17,17,17,17
1,1,371045,0,0,0,0,0,0,0,0,13,0
1,1,371046,0,0,0,0,0,0,0,0,0,0
1,1,371047,0,0,0,0,0,0,0,0,0,0
2,1,371047,0,0,0,0,0,0,0,0,0,0
1,1,371048,0,0,0,0,0,0,0,0,0,0
1,1,371049,0,0,0,0,0,0,0,0,0,0
2,1,371049,0,0,0,0,0,0,0,0,0,0
1,1,371050,0,0,0,0,0,0,0,0,0,0
2,1,371050,0,0,0,0,0,0,0,0,31,0
1,1,371051,30,30,30,30,30,30,30,30,30,30
1,1,371052,11,12,14,19,11,17,23,19,4,8
2,1,371052,0,0,0,0,0,0,0,0,0,0
1,1,371053,0,0,0,0,0,0,0,0,0,0
2,1,371053,0,0,0,0,0,0,0,0,0,0
3,1,371053,0,0,0,0,0,0,7,0,0,0
0,1,371054,0,0,0,0,0,0,0,0,0,0
1,1,371054,0,0,0,0,0,0,0,0,0,0
1,1,371055,0,0,0,0,0,0,0,0,0,0
0,1,371056,0,0,0,0,0,0,0,0,0,0
1,1,371056,0,0,0,0,0,0,0,0,0,0
1,1,371057,8,6,0,0,0,0,0,0,0,0
1,1,371058,0,0,0,0,0,0,0,0,0,0
2,1,371058,0,0,0,0,0,0,0,0,0,0
1,1,371059,0,0,0,0,0,0,0,0,0,0
1,1,371060,5,5,5,5,5,5,5,5,5,5
2,1,371060,0,0,0,0,0,0,0,0,0,0
1,1,371061,0,0,0,0,0,0,0,0,0,0
2,1,371061,0,0,0,0,0,0,0,0,0,0
1,1,371062,0,0,0,0,0,0,0,0,0,0
1,1,371063,0,0,0,0,0,0,0,0,0,0
2,1,371063,0,0,0,0,0,0,0,0,0,0
3,1,371063,0,0,0,0,0,0,0,0,0,0
1,1,371064,0,0,0,0,0,0,0,0,0,0
2,1,371064,0,0,0,0,0,0,0,0,0,0
1,1,371065,24,24,24,24,24,24,24,24,24,24
0,1,371066,10,10,10,10,10,10,10,10,10,10
1,1,371066,0,0,0,0,0,0,0,0,0,0
1,1,371067,0,0,0,0,0,0,0,19,0,0
0,1,371068,0,28,20,25,22,20,0,14,0,18
1,1,371068,0,0,0,0,0,0,0,0,0,0
1,1,371069,0,0,0,0,0,0,11,0,0,0
1,1,371070,7,7,7,7,7,7,7,7,7,7
2,1,371070,0,0,0,0,0,0,0,0,0,0
3,1,371070,0,0,0,0,0,0,0,0,0,0
1,1,371071,23,23,23,23,23,23,23,23,23,23
1,1,371072,11,11,11,11,11,11,11,11,11,11
1,1,371073,34,34,34,34,34,34,34,34,34,34
0,1,371074,33,33,33,33,33,33,33,33,33,33
1,1,371074,0,0,0,0,0,0,0,0,0,0
1,1,371075,0,0,0,0,0,0,0,0,0,0
2,1,371075,0,0,0,0,0,0,0,0,0,0
0,1,371076,0,0,0,0,0,0,0,0,0,0
1,1,371076,12,8,1,16,12,7,19,12,16,8
0,1,371077,24,24,24,24,24,24,24,24,24,24
1,1,371077,0,0,0,0,0,0,0,0,0,0
1,1,371078,6,6,6,6,6,6,6,6,6,6
1,1,371079,0,0,0,0,0,0,0,0,0,0
0,1,371080,29,29,29,29,29,29,29,29,29,29
0,2,371080,21,21,25,21,17,20,10,20,13,9
1,1,371080,0,0,0,0,0,0,0,0,0,0
1,1,371081,0,0,0,0,0,0,0,0,0,0
2,1,371081,0,0,0,0,0,0,0,0,0,0
3,1,371081,0,0,0,0,0,0,0,0,0,0
4,1,371081,5,0,30,23,6,8,11,26,11,27
1,1,371082,24,24,24,24,24,24,24,24,24,24
1,1,371083,12,12,12,12,12,12,12,12,12,12
1,1,371084,0,0,0,0,0,0,0,0,0,0
2,1,371084,0,0,0,0,0,0,0,0,0,0
3,1,371084,0,0,0,0,0,0,0,0,0,0
0,1,371085,5,5,5,5,5,5,5,5,5,5
1,1,371085,0,0,0,0,0,0,0,0,0,0
1,1,371086,0,0,0,0,0,0,0,0,0,0
2,1,371086,0,0,0,0,0,0,0,0,0,0
1,1,371088,0,0,0,0,0,0,8,0,0,0
2,1,371088,0,0,0,9,0,0,0,0,0,0
1,1,371089,0,0,14,0,14,12,0,27,0,0
1,1,371090,0,0,0,0,0,0,0,0,0,0
1,1,371091,0,0,0,0,0,0,0,0,0,0
2,1,371091,0,0,0,0,0,0,0,0,0,0
0,1,371092,0,0,0,0,0,0,0,0,0,0
1,1,371092,0,0,0,0,0,0,0,0,0,0
1,1,371093,0,0,0,0,0,0,0,0,0,0
0,1,371094,0,0,0,0,0,0,0,0,0,0
1,1,371094,0,3,28,12,4,16,14,0,6,7
1,1,371095,0,0,0,0,0,0,0,0,0,0
1,1,371096,7,7,7,7,7,7,7,7,7,7
2,1,371096,0,0,0,0,0,0,0,0,0,0
1,1,371097,38,38,38,38,38,38,38,38,38,38
2,1,371097,0,0,0,0,0,0,0,0,0,0
1,1,371098,4,4,4,4,4,4,4,4,4,4
1,1,371099,0,0,0,0,0,0,0,0,0,0
0,1,371100,37,37,37,37,37,37,37,37,37,37
1,1,371100,0,0,0,0,0,0,0,0,0,0
1,1,371101,0,0,0,0,0,0,0,0,0,0
1,1,371102,23,23,23,23,23,23,23,23,23,23
2,1,371102,0,0,0,0,0,0,0,0,0,0
1,1,371103,8,8,8,8,8,8,8,8,8,8
1,1,371104,4,12,0,42,31,20,13,21,19,18
1,1,371105,0,0,0,0,0,0,0,0,0,0
2,1,371105,0,4,0,0,16,0,0,0,0,0
1,1,371106,0,0,15,0,10,8,26,0,12,0
1,1,371107,0,0,0,0,0,0,0,0,0,0
2,1,371107,0,0,0,0,0,12,0,0,0,0
0,1,371108,20,20,20,20,20,20,20,20,20,20
1,1,371108,0,0,0,0,0,0,0,11,0,0
1,1,371109,0,0,0,0,0,0,0,0,0,0
0,1,371110,25,25,25,25,25,25,25,25,25,25
1,1,371110,0,0,0,0,0,0,0,0,0,0
1,1,371111,18,18,18,18,18,18,18,18,18,18
1,1,371112,0,0,0,0,0,0,0,0,0,0
1,1,371113,0,0,0,5,0,0,0,0,0,0
2,1,371113,3,3,3,3,3,3,3,3,3,3
1,1,371114,0,0,0,0,0,0,0,0,0,0
1,1,371115,27,27,27,27,27,27,27,27,27,27
2,1,371115,0,0,0,0,0,0,0,0,0,0
0,1,371116,27,27,27,27,27,27,27,27,27,27
1,1,371116,0,0,0,0,0,0,0,0,0,0
1,1,371117,0,0,0,0,0,0,0,0,0,0
2,1,371117,0,0,0,0,0,0,0,0,0,0
3,1,371117,0,0,0,0,0,0,0,0,0,0
1,1,371118,11,11,11,11,11,11,11,11,11,11
1,1,371119,0,0,0,0,0,0,0,0,0,0
2,1,371119,0,0,0,0,0,0,0,0,0,0
1,1,371120,0,0,0,0,0,0,0,0,0,0
1,1,371121,0,0,0,0,0,0,0,0,0,0
2,1,371121,0,0,0,0,0,0,0,0,0,0
1,1,371122,20,17,5,19,8,21,8,34,20,31
1,1,371123,0,0,12,20,2,13,0,6,0,25
1,1,371124,21,21,21,21,21,21,21,21,21,21
2,1,371124,0,0,0,0,5,0,22,21,0,14
0,1,371125,0,0,0,0,0,0,0,0,0,0
1,1,371125,0,0,0,0,0,0,0,0,0,0
1,1,371126,17,17,17,17,17,17,17,17,17,17
1,1,371127,0,0,0,0,0,0,0,0,0,0
1,1,371128,0,0,0,0,0,0,0,0,0,0
1,1,371129,0,0,0,0,0,0,0,0,0,0
2,1,371129,0,0,0,0,0,0,0,0,0,0
1,1,371130,22,22,22,22,22,22,22,22,22,22
1,1,371131,0,0,0,0,0,0,0,0,0,0
2,1,371131,0,0,0,0,0,0,0,0,0,0
1,1,371132,0,0,0,0,0,0,0,0,0,0
1,1,371133,17,17,17,17,17,17,17,17,17,17
1,1,371134,0,0,0,0,0,0,0,0,0,0
1,1,371135,0,0,0,0,0,0,0,0,0,0
2,1,371135,0,0,0,0,0,0,0,0,0,0
1,1,371136,11,11,11,11,11,11,11,11,11,11
1,1,371137,0,0,0,0,0,0,0,0,0,0
2,1,371137,0,0,0,0,0,0,0,0,0,0
1,1,371138,19,19,19,19,19,19,19,19,19,19
1,1,371139,16,16,16,16,16,16,16,16,16,16
1,1,371140,0,0,0,0,0,0,0,0,0,7
2,1,371140,0,0,0,0,0,0,0,0,12,0
1,1,371141,25,25,25,25,25,25,25,25,25,25
1,1,371142,15,15,15,15,15,15,15,15,15,15
1,1,371143,0,0,0,0,0,0,0,0,0,0
1,1,371144,0,0,0,3,0,0,0,0,0,0
2,1,371144,0,0,0,0,0,0,0,0,0,0
1,1,371145,0,0,0,0,0,0,0,0,0,0
2,1,371145,0,0,0,0,0,0,0,0,0,0
1,1,371146,4,4,4,4,4,4,4,4,4,4
2,1,371146,0,0,0,0,0,0,0,0,0,0
1,1,371147,0,0,0,0,0,0,0,0,0,0
2,1,371147,0,0,0,0,0,0,0,0,0,0
1,1,371148,0,0,0,0,0,0,0,12,0,0
2,1,371148,0,0,0,0,0,0,0,0,0,0
1,1,371149,14,17,11,8,11,0,0,9,9,17
1,1,371150,0,0,0,0,0,0,0,0,0,0
1,1,371151,0,0,0,5,0,0,0,0,0,0
2,1,371151,0,0,11,0,0,0,0,0,0,0
0,1,371152,0,0,0,0,0,0,0,0,0,0
1,1,371152,0,0,0,0,0,0,0,0,0,0
1,1,371153,10,10,10,10,10,10,10,10,10,10
1,1,371154,0,0,0,0,0,0,0,0,0,0
2,1,371154,0,0,0,0,0,0,0,0,0,0
1,1,371155,0,0,0,0,0,0,0,0,0,0
1,1,371156,0,0,0,0,0,0,0,0,0,0
2,1,371156,0,0,0,0,0,0,0,0,0,0
1,1,371157,18,18,18,18,18,18,18,18,18,18
1,1,371158,0,0,0,0,0,0,0,0,0,0
2,1,371158,0,0,0,0,0,0,0,0,0,0
0,1,371159,20,20,20,20,20,20,20,20,20,20
1,1,371159,0,0,0,0,0,0,0,0,0,0
1,1,371160,11,20,17,9,18,2,13,33,2,24
1,1,371161,0,0,0,0,0,0,0,0,0,0
1,1,371162,0,0,0,0,0,0,0,0,0,0
2,1,371162,0,0,0,0,0,0,0,0,0,0
0,1,371163,28,28,28,28,28,28,28,28,28,28
1,1,371163,0,0,0,13,0,0,0,0,0,0
1,1,371164,22,22,22,22,22,22,22,22,22,22
2,1,371164,0,4,8,0,0,0,0,0,0,0
1,1,371165,0,0,0,0,0,0,0,0,12,14
0,1,371166,0,0,0,0,0,0,0,0,0,0
1,1,371166,0,0,0,8,0,0,0,0,0,0
1,1,371167,25,25,25,25,25,25,25,25,25,25
1,1,371168,0,0,0,0,0,0,0,0,0,0
2,1,371168,0,0,0,0,0,0,0,0,0,0
1,1,371169,0,0,0,0,0,0,0,0,0,0
2,1,371169,0,0,0,0,0,0,0,0,0,0
1,1,371170,4,9,12,5,7,20,9,3,8,6
1,1,371171,0,0,11,0,0,0,0,0,0,8
0,1,371172,0,0,0,0,0,0,0,0,0,0
1,1,371172,0,0,0,0,0,0,0,0,0,0
1,1,371173,0,0,0,0,0,0,0,0,0,0
2,1,371173,0,12,6,9,19,22,9,10,6,22
1,1,371174,0,0,0,0,0,0,0,0,0,0
2,1,371174,0,0,0,0,0,0,0,0,0,0
1,1,371175,0,0,0,0,0,0,0,0,0,0
2,1,371175,0,0,0,0,0,0,0,0,0,0
1,1,371176,0,0,0,0,0,0,0,0,0,0
1,1,371177,0,0,0,0,0,0,0,0,0,0
1,1,371178,0,0,0,0,0,0,0,0,0,0
2,1,371178,0,0,0,0,0,0,0,0,0,0
1,1,371179,16,4,12,5,4,21,22,6,3,13
1,1,371180,0,0,0,0,0,0,0,0,0,0
2,1,371180,0,0,0,0,0,0,0,0,0,0
1,1,371181,21,21,21,21,21,21,21,21,21,21
1,1,371182,23,23,23,23,23,23,23,23,23,23
1,1,371183,14,14,14,14,14,14,14,14,14,14
1,1,371184,30,30,30,30,30,30,30,30,30,30
1,1,371185,0,8,0,0,0,0,0,0,0,0
1,1,371186,0,0,0,0,0,0,0,0,0,0
2,1,371186,0,0,0,0,0,0,0,0,0,0
1,1,371187,0,0,0,0,0,3,0,0,0,0
2,1,371187,0,0,0,0,0,0,0,0,0,0
1,1,371188,0,0,0,0,0,0,0,0,0,0
2,1,371188,0,0,0,0,0,0,0,0,0,0
1,1,371189,8,27,27,13,12,5,18,15,16,10
1,1,371190,15,15,15,15,15,15,15,15,15,15
1,1,371191,0,0,0,0,0,0,0,0,0,0
2,1,371191,0,11,0,0,0,0,0,0,0,0
0,1,371192,0,0,0,0,0,0,0,0,0,0
0,2,371192,26,19,0,18,33,29,15,0,14,8
1,1,371192,0,0,5,0,0,0,0,0,0,0
1,1,371193,28,20,3,19,27,6,17,14,12,37
0,1,371194,34,34,34,34,34,34,34,34,34,34
1,1,371194,15,10,0,0,0,0,0,0,0,0
1,1,371195,0,0,0,0,0,0,0,0,0,0
2,1,371195,0,0,0,0,0,0,0,0,0,0
1,1,371196,23,23,23,23,23,23,23,23,23,23
0,1,371197,10,0,0,24,16,0,0,14,0,23
1,1,371197,0,0,0,0,0,0,0,0,0,0
1,1,371198,36,36,36,36,36,36,36,36,36,36
0,1,371199,22,22,22,22,22,22,22,22,22,22
1,1,371199,0,0,7,0,0,0,0,0,0,12
1,1,371200,0,0,0,0,0,0,0,0,0,0
1,1,371202,20,20,20,20,20,20,20,20,20,20
1,1,371203,0,0,0,0,0,0,0,0,0,0
2,1,371203,0,0,0,0,0,0,0,0,0,0
1,1,371204,17,17,17,17,17,17,17,17,17,17
1,1,371205,0,0,0,0,0,0,0,0,0,0
1,1,371206,0,18,0,14,0,21,0,0,0,0
2,1,371206,24,24,24,24,24,24,24,24,24,24
1,1,371207,0,0,0,0,0,0,0,0,0,0
2,1,371207,0,0,0,0,0,0,0,0,0,0
1,1,371208,0,0,12,0,0,0,0,0,0,0
2,1,371208,0,0,0,0,0,0,0,0,0,0
1,1,371209,0,0,0,0,0,0,0,0,0,0
2,1,371209,0,0,0,0,0,0,0,0,0,0
1,1,371210,0,0,0,0,0,0,0,0,0,0
2,1,371210,20,20,20,20,20,20,20,20,20,20
1,1,371211,0,0,0,0,0,0,0,0,0,0
1,1,371212,0,33,11,11,0,10,19,19,19,0
1,1,371213,0,0,0,0,0,0,0,0,0,0
2,1,371213,0,0,0,0,0,0,0,0,0,10
1,1,371214,0,0,0,0,0,0,0,0,0,0
2,1,371214,0,0,0,0,0,0,0,0,0,0
2,1,371215,0,0,0,0,0,0,0,0,0,0
1,1,371216,8,0,0,15,0,0,0,0,0,0
2,1,371216,0,0,0,0,0,0,0,9,0,0
0,1,371217,2,2,2,2,2,2,2,2,2,2
1,1,371217,0,0,0,0,0,0,0,0,0,0
1,1,371218,0,0,0,0,0,0,0,0,0,0
1,1,371219,0,0,0,0,0,0,0,0,0,0
2,1,371219,0,0,0,0,0,0,0,0,0,0
0,1,371220,8,0,0,0,0,0,0,0,13,0
1,1,371220,0,0,0,0,0,0,0,0,0,0
1,1,371221,4,4,4,4,4,4,4,4,4,4
1,1,371222,22,22,22,22,22,22,22,22,22,22
1,1,371223,0,0,0,0,0,0,0,0,0,0
1,1,371224,41,41,41,41,41,41,41,41,41,41
2,1,371224,0,0,0,0,0,9,0,0,0,0
3,1,371224,0,0,0,0,0,0,0,0,0,0
1,1,371225,0,0,0,0,0,0,0,0,0,0
2,1,371225,0,0,0,0,0,0,0,0,0,0
1,1,371226,0,0,0,0,0,0,0,0,0,0
1,1,371227,15,15,15,15,15,15,15,15,15,15
2,1,371227,0,0,0,0,0,0,0,0,0,0
1,1,371228,0,0,0,0,0,0,0,0,0,0
1,1,371229,0,0,0,0,0,0,0,0,0,0
2,1,371229,0,0,0,0,0,0,0,0,0,0
1,1,371230,12,36,12,15,0,8,16,18,10,17
0,1,371231,0,0,0,0,0,0,0,0,0,0
1,1,371231,0,0,0,28,0,0,0,0,0,0
1,1,371232,24,24,24,24,24,24,24,24,24,24
1,1,371233,31,31,31,31,31,31,31,31,31,31
1,1,371234,22,22,22,22,22,22,22,22,22,22
1,1,371235,14,13,0,13,13,10,19,21,16,14
1,1,371236,0,0,0,0,0,0,0,0,0,0
1,1,371237,10,13,13,29,18,7,13,20,7,13
1,1,371238,15,15,15,15,15,15,15,15,15,15
1,1,371239,28,28,28,28,28,28,28,28,28,28
1,1,371240,21,21,21,21,21,21,21,21,21,21
1,1,371241,0,0,0,0,0,0,0,0,0,0
1,1,371242,0,0,0,0,0,0,0,0,0,0
2,1,371242,0,0,0,0,0,0,0,0,0,0
0,1,371243,0,0,0,0,0,0,0,0,0,0
1,1,371243,0,0,0,0,0,0,0,0,0,0
1,1,371244,0,0,0,0,0,6,0,0,0,0
2,1,371244,21,21,21,21,21,21,21,21,21,21
1,1,371245,0,0,0,0,0,0,0,0,0,0
1,1,371246,0,0,0,0,0,0,0,0,0,0
2,1,371246,0,0,0,0,0,0,0,0,0,0
0,1,371247,22,22,22,22,22,22,22,22,22,22
1,1,371247,2,2,2,2,2,2,2,2,2,2
1,1,371248,25,25,25,25,25,25,25,25,25,25
1,1,371249,0,0,0,0,0,0,0,0,0,0
2,1,371249,0,0,16,4,0,0,0,0,0,0
1,1,371250,0,0,0,0,0,0,0,0,0,0
1,1,371251,16,13,17,0,20,5,2,9,25,16
1,1,371252,0,0,0,0,0,0,0,0,0,0
1,1,371253,18,18,18,18,18,18,18,18,18,18
1,1,371254,16,22,9,21,9,6,20,16,9,27
1,1,371255,0,0,0,0,0,0,0,0,0,0
2,1,371255,11,11,11,11,11,11,11,11,11,11
1,1,371256,0,0,0,0,0,0,3,0,0,0
1,1,371257,26,26,26,26,26,26,26,26,26,26
1,1,371258,0,0,0,0,0,0,0,0,0,0
2,1,371258,0,0,0,0,0,0,0,0,0,0
0,1,371259,0,0,0,0,0,0,0,0,0,0
1,1,371259,5,15,20,19,18,31,0,5,0,10
1,1,371260,0,0,0,0,0,0,0,0,0,0
1,1,371261,5,5,5,5,5,5,5,5,5,5
1,1,371262,16,16,16,16,16,16,16,16,16,16
2,1,371262,0,0,0,0,0,0,0,0,0,0
0,1,371263,26,26,26,26,26,26,26,26,26,26
1,1,371263,0,0,0,0,0,0,14,0,0,0
1,1,371264,27,17,11,31,19,27,16,25,10,19
1,1,371265,31,31,31,31,31,31,31,31,31,31
1,1,371266,0,0,0,0,0,0,0,0,0,0
2,1,371266,0,0,0,0,0,0,0,0,0,0
0,1,371267,0,0,0,0,0,0,0,0,0,0
1,1,371267,0,7,0,0,5,0,0,0,0,0
2,1,371267,0,0,0,0,0,0,0,0,0,0
1,1,371268,0,0,0,0,0,0,0,0,0,0
2,1,371268,0,0,0,0,0,0,0,0,0,0
1,1,371269,3,7,8,20,12,15,7,20,6,23
2,1,371269,0,0,0,0,0,0,0,0,0,0
1,1,371270,10,20,25,33,21,10,26,13,27,17
1,1,371271,29,6,38,17,16,38,17,17,23,4
1,1,371272,24,24,24,24,24,24,24,24,24,24
1,1,371273,0,0,0,0,0,0,0,0,0,0
2,1,371273,18,23,25,33,21,19,22,0,24,16
1,1,371274,44,44,44,44,44,44,44,44,44,44
1,1,371275,6,6,6,6,6,6,6,6,6,6
2,1,371275,16,16,16,16,16,16,16,16,16,16
1,1,371276,20,20,20,20,20,20,20,20,20,20
0,1,371277,11,11,11,11,11,11,11,11,11,11
1,1,371277,0,0,0,0,8,0,0,0,6,0
1,1,371278,0,0,0,0,0,0,0,0,0,0
2,1,371278,0,0,0,0,0,0,0,0,0,0
1,1,371279,0,0,0,0,0,0,0,0,0,0
0,1,371280,41,41,41,41,41,41,41,41,41,41
1,1,371280,0,0,0,0,0,0,0,0,0,0
1,1,371281,0,0,0,0,0,0,0,0,0,0
1,1,371282,9,11,19,15,4,18,10,16,26,15
2,1,371282,0,0,0,0,0,0,0,0,0,8
1,1,371283,0,0,0,0,0,0,0,0,0,0