VEH_NO,PER_NO,ST_CASE,P1,P2,P3,P4,P5,P6,P7,P8,P9,P10
2,1,371283,0,0,0,0,0,0,0,0,0,0
3,1,371283,0,0,0,0,0,0,0,0,0,0
0,1,371284,0,0,0,0,0,0,0,0,0,0
1,1,371284,0,12,0,0,0,0,0,0,9,0
2,1,371284,0,0,0,0,0,0,0,0,0,0
1,1,371285,0,0,0,0,0,0,0,0,0,0
2,1,371285,0,0,0,0,0,0,0,0,0,0
1,1,371286,0,0,0,0,0,0,0,0,0,0
2,1,371286,0,0,0,0,0,0,2,0,0,0
1,1,371287,0,0,0,0,0,0,0,0,0,0
1,1,371288,0,0,0,0,0,0,0,0,0,0
2,1,371288,0,0,0,0,0,0,0,0,0,0
1,1,371289,0,0,0,0,0,0,0,0,0,0
2,1,371289,0,0,35,13,0,0,0,0,0,0
1,1,371290,0,0,0,0,0,0,0,0,0,0
1,1,371291,0,0,0,0,0,0,0,0,0,0
1,1,371292,0,0,20,0,0,0,0,10,0,0
1,1,371293,38,38,38,38,38,38,38,38,38,38
1,1,371294,15,15,15,15,15,15,15,15,15,15
1,1,371295,0,0,0,0,0,0,0,0,0,0
2,1,371295,0,0,0,0,0,0,0,0,0,0
1,1,371296,0,0,0,0,0,0,0,0,0,0
2,1,371296,0,0,0,0,0,0,0,0,0,0
0,1,371297,0,0,0,0,0,0,0,0,0,0
1,1,371297,0,0,0,0,10,0,0,0,0,0
1,1,371298,0,0,0,0,0,0,0,0,0,0
2,1,371298,0,0,0,0,0,0,0,0,0,0
1,1,371299,0,0,0,0,0,0,0,0,0,0
1,1,371300,0,0,0,0,0,0,0,0,0,0
2,1,371300,0,0,0,0,0,0,0,0,0,0
1,1,371301,0,8,0,0,34,0,0,0,0,0
2,1,371301,0,0,0,9,7,13,2,28,12,6
1,1,371302,0,0,0,0,0,0,0,0,0,0
1,1,371303,35,35,35,35,35,35,35,35,35,35
1,1,371304,0,0,0,0,0,0,0,0,0,0
2,1,371304,0,0,0,0,0,0,0,0,0,0
1,1,371305,16,16,16,16,16,16,16,16,16,16
1,1,371306,0,0,0,0,0,0,0,0,0,0
2,1,371306,0,0,0,0,0,0,0,7,0,0
1,1,371307,7,7,7,7,7,7,7,7,7,7
1,1,371308,0,0,0,0,0,0,0,0,0,0
1,1,371309,0,0,0,0,0,0,0,0,0,0
1,1,371310,0,0,0,0,0,0,0,0,0,0
2,1,371310,0,0,0,0,0,0,0,0,0,0
1,1,371311,0,0,0,0,0,0,0,0,0,0
2,1,371311,0,0,0,0,0,0,0,0,0,0
1,1,371312,7,7,7,7,7,7,7,7,7,7
2,1,371312,0,0,0,0,0,0,0,0,0,0
1,1,371313,0,0,0,0,0,0,0,0,0,0
1,1,371314,0,0,6,0,0,0,0,0,0,0
2,1,371314,0,0,0,0,0,0,0,0,0,0
1,1,371315,0,0,0,0,0,0,0,0,0,0
1,1,371316,0,0,0,0,0,0,0,0,0,0
2,1,371316,0,0,0,0,0,0,0,0,0,0
3,1,371316,0,0,0,0,0,0,0,0,0,0
4,1,371316,0,0,0,0,0,0,0,0,0,0
1,1,371317,0,0,0,0,0,0,0,0,8,0
1,1,371318,15,16,22,18,22,15,8,4,17,14
1,1,371319,22,16,11,11,8,11,32,22,0,26
1,1,371320,0,0,0,0,0,0,0,0,0,0
2,1,371320,0,0,0,0,0,0,0,0,0,0
3,1,371320,0,0,0,0,0,0,0,0,0,0
4,1,371320,0,0,0,0,0,0,0,0,0,0
1,1,371321,0,0,0,0,0,0,0,0,0,0
0,1,371322,27,27,27,27,27,27,27,27,27,27
1,1,371322,31,0,0,0,0,7,0,0,0,0
1,1,371323,23,23,23,23,23,23,23,23,23,23
1,1,371324,0,0,0,0,0,0,0,0,0,0
1,1,371325,0,0,0,0,0,0,0,0,0,0
1,1,371326,0,0,0,0,0,0,0,0,0,0
1,1,371327,24,7,20,16,12,13,13,21,20,10
1,1,371328,0,0,0,0,0,0,0,0,0,0
2,1,371328,3,3,3,3,3,3,3,3,3,3
1,1,371329,17,17,17,17,17,17,17,17,17,17
1,1,371330,0,0,0,0,0,0,0,0,11,0
2,1,371330,0,0,0,0,0,0,0,0,0,0
3,1,371330,0,0,0,0,0,0,0,0,10,0
1,1,371331,0,0,0,0,0,0,0,0,0,0
2,1,371331,0,0,0,0,0,0,0,0,0,0
1,1,371332,0,0,0,0,0,0,0,17,0,0
2,1,371332,0,0,0,0,0,0,0,0,0,0
1,1,371333,0,0,0,0,0,0,10,0,13,0
1,1,371334,0,0,0,0,0,0,0,0,0,0
2,1,371334,0,0,0,0,0,0,0,0,0,0
1,1,371335,27,27,27,27,27,27,27,27,27,27
1,1,371336,0,0,19,0,22,0,9,0,0,16
1,1,371337,0,0,0,0,0,0,0,0,0,0
2,1,371337,0,0,0,0,0,0,0,0,0,0
1,1,371338,15,11,30,13,9,15,17,0,21,11
2,1,371338,0,0,0,0,0,0,0,0,0,0
1,1,371339,0,0,0,0,0,0,0,0,0,0
1,1,371340,0,0,0,0,0,0,0,0,0,0
2,1,371340,0,0,0,0,0,0,0,0,0,0
1,1,371341,0,0,0,0,0,0,0,0,0,0
2,1,371341,0,0,0,0,0,0,0,0,0,0
1,1,371342,24,24,24,24,24,24,24,24,24,24
1,1,371343,0,0,0,0,0,0,0,0,0,0
1,1,371344,26,26,26,26,26,26,26,26,26,26
1,1,371345,0,0,0,0,0,0,10,0,0,0
2,1,371345,0,0,0,0,0,0,0,0,0,0
1,1,371346,0,0,0,0,0,0,0,0,0,0
2,1,371346,0,0,0,0,0,0,0,0,0,0
1,1,371347,0,0,0,0,0,0,0,0,0,0
1,1,371348,0,0,0,0,0,0,0,0,0,0
2,1,371348,0,0,0,0,0,0,0,0,0,0
1,1,371349,12,13,7,18,21,13,18,12,24,10
1,1,371350,25,25,25,25,25,25,25,25,25,25
0,1,371351,22,22,22,22,22,22,22,22,22,22
1,1,371351,10,0,0,0,0,0,0,0,0,0
1,1,371352,0,0,0,0,0,0,0,0,0,0
1,1,371353,0,0,0,0,0,0,0,0,0,0
2,1,371353,0,0,0,0,0,0,0,0,0,0
1,1,371354,0,0,0,0,0,0,0,0,0,0
2,1,371354,21,21,21,21,21,21,21,21,21,21
1,1,371355,11,11,11,11,11,11,11,11,11,11
1,1,371356,0,0,0,0,0,0,0,0,0,0
2,1,371356,0,0,0,0,0,0,0,0,0,0
1,1,371357,0,0,0,0,0,0,0,0,0,0
1,1,371358,0,0,0,0,0,0,0,0,0,0
2,1,371358,0,0,0,0,0,0,0,0,0,0
1,1,371359,0,0,11,0,0,0,0,0,7,8
1,1,371360,0,0,0,0,0,0,0,0,0,0
1,1,371361,0,0,0,0,0,0,0,0,0,0
2,1,371361,0,0,0,0,0,0,0,0,0,0
0,1,371362,0,0,0,0,0,0,0,0,0,0
1,1,371362,0,0,0,0,0,0,0,0,0,0
1,1,371363,0,0,0,0,0,0,0,0,0,0
2,1,371363,0,0,0,0,0,0,0,0,0,0
1,1,371365,0,0,0,0,0,0,0,0,0,0
2,1,371365,0,0,0,0,0,0,0,0,0,0
1,1,371366,0,0,0,0,0,0,0,0,0,0
0,1,371367,0,0,0,0,0,0,0,0,0,0
1,1,371367,0,0,22,0,0,0,0,0,0,0
1,1,371368,0,0,0,0,0,0,0,0,0,0
2,1,371368,0,0,0,0,0,0,0,0,0,0
3,1,371368,0,0,0,0,0,0,0,0,0,0
1,1,371369,17,17,17,17,17,17,17,17,17,17
2,1,371369,0,0,0,0,0,0,0,0,0,0
1,1,371370,0,0,0,0,0,0,0,0,0,0
2,1,371370,0,0,0,0,0,0,0,0,15,0
0,1,371371,0,0,0,0,0,0,0,0,0,0
1,1,371371,0,0,0,0,0,0,0,0,0,0
1,1,371372,0,0,0,0,0,0,0,0,0,0
2,1,371372,0,0,0,0,0,0,0,0,0,0
3,1,371372,0,0,0,0,0,0,0,0,0,0
1,1,371373,0,0,0,0,0,0,0,0,0,0
2,1,371373,0,0,0,0,0,0,0,0,0,0
1,1,371374,0,0,0,0,0,0,0,0,0,0
2,1,371374,0,12,0,0,0,0,0,4,0,13
3,1,371374,0,0,0,0,30,0,0,15,8,0
4,1,371374,0,0,0,0,0,0,0,0,0,0
5,1,371374,0,11,0,0,0,0,0,0,9,0
6,1,371374,0,8,0,0,0,0,0,0,0,0
1,1,371375,24,24,24,24,24,24,24,24,24,24
1,1,371376,15,15,15,15,15,15,15,15,15,15
1,1,371377,0,0,0,0,0,0,0,0,0,0
2,1,371377,0,0,0,0,0,0,0,0,0,0
1,1,371378,0,0,0,0,0,0,0,0,0,0
2,1,371378,0,0,0,0,0,0,0,0,0,0
3,1,371378,0,2,0,0,0,0,0,0,0,0
4,1,371378,0,0,0,0,0,0,0,0,0,0
1,1,371379,0,0,0,0,0,0,0,0,0,0
2,1,371379,0,0,0,0,5,0,0,0,0,0
0,1,371380,27,27,27,27,27,27,27,27,27,27
1,1,371380,0,0,0,0,0,0,0,0,0,0
1,1,371381,0,0,0,0,0,0,0,0,0,0
2,1,371381,8,8,8,8,8,8,8,8,8,8
1,1,371382,0,0,0,0,0,0,0,0,0,0
2,1,371382,0,0,0,0,0,0,0,0,0,0
1,1,371383,0,0,0,0,0,0,0,0,0,0
0,1,371384,0,0,0,0,0,0,0,0,0,0
0,2,371384,0,0,0,0,0,0,0,0,0,0
1,1,371384,0,0,0,0,0,0,0,0,0,0
2,1,371384,0,0,0,0,0,0,0,0,0,0
1,1,371385,0,0,0,0,0,0,0,0,0,0
1,1,371386,0,8,0,3,0,0,0,0,8,0
2,1,371386,8,8,8,8,8,8,8,8,8,8
1,1,371387,0,0,0,0,0,0,0,0,0,0
1,1,371388,0,0,0,0,0,0,0,0,0,0
2,1,371388,0,0,0,0,0,0,0,0,0,0
1,1,371389,0,0,0,0,0,0,0,0,0,0
0,1,371390,27,27,27,27,27,27,27,27,27,27
1,1,371390,0,0,0,0,0,0,0,0,0,9
1,1,371391,0,5,12,10,12,14,8,14,12,22
1,1,371392,0,0,0,0,0,0,0,0,0,0
2,1,371392,0,0,0,13,0,0,0,0,16,14
1,1,371393,17,17,17,17,17,17,17,17,17,17
0,1,371394,0,0,0,0,0,0,0,0,0,0
1,1,371394,0,0,0,0,0,0,0,0,0,0
1,1,371395,0,0,0,0,0,0,0,0,0,0
0,1,371396,29,29,29,29,29,29,29,29,29,29
1,1,371396,0,0,0,0,0,0,0,0,0,0
1,1,371397,0,0,0,0,0,0,0,0,0,0
2,1,371397,0,0,0,0,0,0,0,0,0,0
0,1,371399,0,0,0,0,0,0,0,0,0,0
1,1,371399,0,0,0,0,0,0,0,0,0,0
1,1,371400,0,0,0,0,0,0,0,0,0,0
1,1,371401,0,0,0,0,0,0,0,0,0,4
2,1,371401,0,0,0,0,0,0,0,0,0,0
1,1,371402,0,0,0,0,0,0,0,0,0,0
2,1,371402,0,0,0,0,0,0,0,0,0,0
1,1,371403,0,0,0,0,0,0,0,0,0,0
2,1,371403,0,0,0,0,0,0,0,0,0,0
1,1,371404,0,0,0,0,0,0,0,0,0,0
0,1,371405,28,28,28,28,28,28,28,28,28,28
1,1,371405,0,0,0,0,0,0,0,0,0,0
1,1,371406,0,0,0,0,0,0,0,0,0,0
2,1,371406,0,0,0,0,0,0,0,0,0,0
1,1,371407,24,24,24,24,24,24,24,24,24,24
1,1,371408,22,17,21,8,23,16,17,16,17,5
2,1,371408,0,0,0,0,0,0,0,0,0,0
1,1,371409,6,17,23,7,12,12,11,12,21,20
2,1,371409,0,0,0,0,0,0,0,0,0,0
0,1,371410,0,0,0,0,0,0,0,0,0,0
1,1,371410,0,0,0,0,0,2,0,0,0,0
1,1,371411,0,0,0,0,0,0,0,0,0,0
0,1,371412,15,15,15,15,15,15,15,15,15,15
1,1,371412,0,4,0,0,0,0,0,0,0,0
1,1,371413,0,0,0,4,0,0,0,0,0,0
2,1,371413,0,0,0,0,0,0,0,0,0,0
1,1,371414,0,0,0,10,0,0,0,0,0,0
2,1,371414,0,0,0,0,0,0,0,0,0,0
1,1,371415,14,14,14,14,14,14,14,14,14,14
2,1,371415,0,0,0,0,0,0,5,0,0,0
0,1,371416,0,0,0,0,0,0,0,0,0,0
1,1,371416,0,0,0,0,0,0,0,0,0,0
1,1,371417,0,0,0,0,0,0,0,0,0,0
2,1,371417,0,0,0,0,0,0,0,7,0,0
1,1,371418,0,0,0,0,0,0,0,0,0,0
2,1,371418,0,0,0,22,0,0,0,0,0,15
1,1,371419,0,0,0,0,0,0,0,0,0,0
2,1,371419,44,44,44,44,44,44,44,44,44,44
1,1,371420,0,0,0,0,0,0,0,0,0,0
1,1,371421,0,0,0,0,0,0,0,0,0,0
2,1,371421,0,0,0,0,0,0,0,0,0,0
0,1,371422,20,20,20,20,20,20,20,20,20,20
1,1,371422,0,0,4,0,0,0,0,0,0,0
1,1,371423,0,0,0,0,0,0,0,0,0,0
2,1,371423,0,0,0,0,0,0,0,0,0,0
1,1,371424,0,0,0,0,0,0,0,0,0,0
1,1,371425,13,13,13,13,13,13,13,13,13,13
1,1,371426,5,10,25,15,11,13,10,8,19,17
1,1,371427,0,0,0,0,0,0,0,0,0,0
2,1,371427,0,0,0,0,0,0,0,0,0,0
0,1,371428,0,0,0,0,0,0,0,0,0,0
1,1,371428,0,0,10,0,0,0,0,0,0,0
1,1,371429,0,0,0,0,0,0,0,0,0,0
2,1,371429,0,0,0,0,0,0,0,0,0,0
1,1,371430,21,21,21,21,21,21,21,21,21,21
0,1,371431,0,0,0,0,0,0,0,0,0,0
0,2,371431,35,0,24,21,0,10,16,16,28,9
1,1,371431,0,0,0,0,0,0,0,0,0,0
1,1,371432,9,9,9,9,9,9,9,9,9,9
1,1,371433,7,7,7,7,7,7,7,7,7,7
1,1,371434,18,18,18,18,18,18,18,18,18,18
1,1,371435,0,0,0,0,0,0,0,0,0,0
1,1,371436,6,6,6,6,6,6,6,6,6,6
1,1,371437,0,0,0,0,0,0,0,0,0,0
2,1,371437,0,0,0,0,0,0,0,0,0,0
0,1,371438,10,10,10,10,10,10,10,10,10,10
1,1,371438,0,0,0,0,0,5,0,0,0,0
1,1,371439,0,0,0,0,0,0,0,0,0,0
0,1,371440,0,0,0,0,0,0,0,0,0,0
1,1,371440,0,0,0,0,0,0,0,0,0,0
1,1,371441,0,0,0,0,0,0,0,0,0,0
1,1,371442,0,0,0,0,0,0,0,0,0,0
1,1,371443,0,0,0,0,0,0,0,0,0,0
2,1,371443,0,0,0,0,0,0,0,0,0,0
3,1,371443,0,0,0,0,0,0,0,0,0,0
1,1,371444,0,0,0,0,0,0,0,0,0,0
2,1,371444,0,0,18,0,0,0,0,0,0,0
3,1,371444,0,0,0,0,0,0,0,0,0,0
1,1,371445,0,0,0,0,0,0,0,0,0,0
2,1,371445,0,0,0,0,0,0,0,0,0,0
1,1,371446,0,20,12,0,0,0,12,0,0,6
2,1,371446,6,6,6,6,6,6,6,6,6,6
1,1,371447,2,2,2,2,2,2,2,2,2,2
1,1,371448,24,24,24,24,24,24,24,24,24,24
1,1,371449,0,0,0,0,0,0,0,0,0,0
2,1,371449,0,0,0,0,0,0,0,0,0,0
1,1,371450,0,0,0,0,0,0,0,0,0,0
2,1,371450,0,0,0,0,0,0,0,0,0,0
3,1,371450,0,0,0,0,0,0,0,0,0,0
4,1,371450,0,0,0,0,0,0,0,0,0,0
1,1,371451,0,0,0,0,0,0,0,0,0,0
2,1,371451,0,0,0,0,0,0,0,0,0,0
1,1,371452,15,15,15,15,15,15,15,15,15,15
2,1,371452,0,0,0,0,0,0,0,0,0,0
1,1,371453,0,0,0,0,0,0,0,0,0,0
1,1,371454,0,0,13,0,0,0,0,0,20,0
2,1,371454,0,0,0,7,5,6,14,0,0,0
1,1,371455,0,0,0,0,0,0,0,0,0,0
2,1,371455,0,0,0,0,0,0,0,0,0,0
1,1,371456,0,0,0,0,0,0,0,0,0,0
2,1,371456,0,0,0,0,0,0,0,0,0,0
1,1,371457,17,17,17,17,17,17,17,17,17,17
1,1,371458,0,0,0,0,0,0,0,0,0,0
2,1,371458,0,0,0,0,0,0,0,0,0,0
1,1,371459,0,0,0,0,0,0,0,0,0,0
2,1,371459,0,0,0,0,0,0,0,0,15,12
1,1,371460,0,0,0,0,0,0,0,0,0,0
2,1,371460,0,0,0,0,0,0,0,0,0,0
0,1,371461,0,0,0,0,0,0,0,0,0,0
1,1,371461,0,11,0,0,0,0,0,0,0,0
0,1,371462,0,0,0,0,0,0,0,0,0,0
1,1,371462,0,0,0,0,0,0,0,0,0,0
1,1,371463,0,0,0,0,0,0,0,0,0,0
1,1,371464,0,0,0,0,0,0,0,0,0,0
2,1,371464,0,0,0,0,0,0,0,0,0,0
1,1,371465,0,0,0,0,0,0,0,0,0,0
1,1,371466,0,0,0,0,0,0,0,0,0,0
2,1,371466,0,0,0,0,0,0,0,0,0,0
1,1,371467,0,5,0,0,0,0,0,0,0,0
2,1,371467,0,0,0,0,0,0,0,0,0,0
1,1,371468,0,0,0,0,0,0,0,0,0,0
2,1,371468,0,0,0,0,0,0,0,16,0,0
1,1,371469,0,0,0,0,0,0,0,0,0,0
2,1,371469,0,0,0,0,0,0,0,0,0,0
1,1,371470,0,0,0,0,0,0,0,0,0,0
2,1,371470,0,0,0,0,0,0,0,0,0,0
1,1,371471,0,0,0,0,0,0,0,0,0,0
1,1,371472,0,0,0,0,0,0,0,0,0,0
1,1,371473,0,0,0,0,0,0,10,10,0,9
1,1,371474,0,0,0,0,0,0,0,0,0,0
1,1,371475,0,0,0,0,0,0,0,0,0,0
0,1,371476,31,31,31,31,31,31,31,31,31,31
1,1,371476,0,0,0,0,0,20,0,0,0,0
1,1,371477,0,0,0,0,0,0,0,0,0,0
2,1,371477,0,0,0,0,0,0,0,0,0,0
0,1,371478,23,23,23,23,23,23,23,23,23,23
1,1,371478,4,22,19,20,31,13,10,7,15,32
1,1,371479,15,15,15,15,15,15,15,15,15,15
2,1,371479,9,0,0,0,0,0,0,0,0,0
1,1,371480,0,0,0,0,0,0,0,0,0,0
2,1,371480,0,0,0,0,0,0,0,0,0,0
1,1,371481,0,0,0,0,0,0,0,0,0,0
2,1,371481,0,0,0,7,0,0,0,0,0,0
2,1,371482,24,24,24,24,24,24,24,24,24,24
1,1,371483,0,0,0,0,0,0,0,0,0,0
2,1,371483,0,0,0,0,0,0,0,0,0,0
3,1,371483,0,0,0,0,0,0,0,0,0,0
1,1,371484,12,12,12,12,12,12,12,12,12,12
1,1,371485,0,0,0,0,0,0,0,0,0,0
2,1,371485,0,0,0,0,0,0,0,0,0,0
1,1,371486,0,0,0,0,0,0,0,0,0,0
2,1,371486,0,0,0,0,0,0,0,0,0,0
1,1,371487,0,0,0,0,0,0,0,0,0,0
2,1,371487,0,0,0,0,0,0,0,6,0,0
1,1,371488,0,0,0,0,0,0,0,0,0,0
2,1,371488,0,0,0,0,0,0,0,0,0,0
1,1,371489,0,0,0,0,0,12,14,0,0,0
1,1,371490,21,23,21,23,33,28,6,22,31,19
1,1,371491,0,0,0,0,0,0,0,0,0,0
2,1,371491,0,0,0,0,0,0,0,0,0,0
0,1,371492,0,0,0,0,0,0,0,0,0,0
1,1,371492,0,0,0,0,0,0,0,0,0,0
1,1,371493,0,0,0,0,0,0,0,0,0,0
2,1,371493,0,0,0,0,0,0,0,0,0,0
3,1,371493,0,0,0,0,0,0,0,0,0,0
1,1,371494,0,0,0,0,0,0,0,0,0,0
0,1,371495,0,0,0,0,0,0,0,0,0,0
1,1,371495,0,0,0,0,0,0,0,0,0,0
1,1,371496,0,0,0,0,0,0,0,0,0,0
1,1,371497,0,0,0,0,0,0,0,13,0,0
2,1,371497,0,0,0,0,0,0,0,0,0,0
1,1,371498,0,0,0,0,0,0,0,0,0,0
2,1,371498,0,0,0,0,0,0,0,0,0,0
1,1,371499,0,0,13,0,0,11,0,22,8,0
1,1,371500,0,0,0,0,0,0,0,0,0,0
2,1,371500,0,0,0,0,0,0,6,0,0,0
0,1,371501,33,33,33,33,33,33,33,33,33,33
1,1,371501,2,0,0,3,12,0,3,0,7,0
1,1,371502,2,2,2,2,2,2,2,2,2,2
2,1,371502,0,0,0,0,0,0,0,0,0,0
1,1,371503,20,12,21,9,15,32,19,17,35,8
2,1,371503,15,2,10,12,0,12,0,5,0,22
3,1,371503,0,0,0,0,0,0,0,0,0,0
1,1,371504,17,14,0,12,9,18,25,19,13,15
0,1,371505,0,0,0,0,0,0,0,0,0,0
1,1,371505,0,0,0,0,0,0,0,0,0,0
0,1,371506,0,0,0,0,0,0,0,0,0,0
1,1,371506,0,0,0,0,0,0,0,0,0,0
1,1,371507,0,0,0,0,0,0,0,0,0,0
2,1,371507,0,0,0,0,0,0,0,0,0,0
0,1,371508,0,0,0,0,0,0,0,0,0,0
1,1,371508,0,15,10,6,0,24,6,0,6,0
1,1,371509,0,0,0,0,0,0,0,0,0,0
2,1,371509,0,0,0,0,0,0,0,0,0,0
3,1,371509,0,0,0,0,0,0,0,0,0,0
1,1,371510,18,24,23,26,16,31,18,31,23,47
2,1,371510,0,0,0,0,0,0,0,0,0,0
1,1,371511,0,0,0,0,0,0,0,0,0,0
1,1,371512,0,0,0,0,0,0,0,0,0,0
2,1,371512,0,0,0,0,0,0,0,9,0,0
1,1,371513,21,2,10,0,10,11,14,10,23,6
2,1,371513,0,0,0,0,0,0,0,0,0,0
3,1,371513,0,0,0,0,0,0,0,2,0,0
0,1,371514,0,0,0,0,0,0,0,0,0,0
1,1,371514,0,0,0,0,0,0,0,0,0,0
1,1,371515,0,0,0,0,0,0,0,0,0,0
1,1,371516,0,0,0,0,0,0,0,0,0,0
1,1,371517,0,0,0,0,0,0,0,0,0,0
1,1,371518,12,19,12,16,27,15,18,0,9,0
2,1,371518,0,0,0,0,0,0,0,0,0,0
0,1,371519,33,33,33,33,33,33,33,33,33,33
1,1,371519,0,0,0,0,0,21,0,0,0,0
1,1,371520,0,0,0,0,0,0,0,0,0,0
2,1,371520,0,0,0,0,0,0,0,0,0,0
1,1,371524,0,0,0,0,0,0,0,0,0,0
2,1,371524,34,0,0,0,0,0,0,0,0,0
1,1,371525,0,0,7,0,0,0,0,4,0,0
0,1,371526,26,11,5,38,24,32,23,17,11,12
1,1,371526,0,0,0,0,0,0,0,0,0,0
1,1,371527,10,15,0,0,34,0,10,0,0,18
1,1,371528,0,0,0,15,0,0,0,12,14,0
1,1,371529,0,0,0,0,0,0,9,0,0,0
2,1,371529,0,0,0,0,0,0,0,0,0,0
1,1,371530,15,19,22,17,14,17,22,15,26,20
2,1,371530,0,0,0,0,0,0,0,0,0,0
3,1,371530,0,0,0,0,0,0,12,0,0,0
1,2,380001,16,19,46,15,0,14,15,13,32,12
1,1,380002,0,0,0,0,15,0,0,0,0,0
1,1,380003,10,10,10,10,10,10,10,10,10,10
1,1,380004,26,26,26,26,26,26,26,26,26,26
1,1,380005,0,0,0,0,0,0,0,0,0,0
2,1,380005,0,0,0,0,0,0,0,0,0,0
1,1,380006,0,0,0,0,0,0,0,0,0,0
2,1,380006,0,0,0,0,0,0,0,0,0,0
1,1,380007,0,0,0,0,0,0,0,0,0,0
1,1,380008,0,0,0,0,0,0,0,0,0,0
2,1,380008,0,0,0,0,0,0,0,0,0,0
1,1,380009,0,0,0,0,0,0,0,0,0,0
2,1,380009,0,0,0,0,0,0,0,0,0,0
1,1,380010,0,0,0,0,0,0,0,0,0,0
2,1,380010,0,0,0,0,0,0,0,0,0,0
1,1,380011,0,0,0,0,0,0,0,5,0,0
2,1,380011,25,25,25,25,25,25,25,25,25,25
1,1,380012,0,0,0,0,0,0,0,0,0,0
2,1,380012,0,0,0,0,0,0,0,0,0,0
1,1,380013,0,0,0,0,0,0,0,0,0,0
1,1,380014,7,11,9,5,7,31,8,14,16,22
1,1,380015,24,24,24,24,24,24,24,24,24,24
2,1,380015,0,0,0,0,0,0,0,0,0,0
0,1,380016,0,0,0,0,0,0,0,0,0,0
1,1,380016,0,0,0,0,0,0,0,0,0,0
1,1,380017,0,0,0,0,0,0,0,0,0,0
2,1,380017,0,0,0,0,0,0,0,0,0,0
1,1,380018,0,0,0,0,0,0,0,0,0,0
1,1,380019,0,0,0,0,0,0,0,0,0,0
1,1,380020,0,0,0,0,0,17,27,0,20,0
2,1,380020,0,0,0,0,0,0,0,0,0,0
1,1,380021,0,0,0,0,0,0,0,0,0,0
0,1,380022,20,20,20,20,20,20,20,20,20,20
1,1,380023,15,15,15,15,15,15,15,15,15,15
2,1,380023,0,0,0,0,0,0,0,0,0,0
1,1,380024,15,15,15,15,15,15,15,15,15,15
1,1,380025,15,15,15,15,15,15,15,15,15,15
0,1,380026,19,0,0,13,0,18,0,12,11,34
1,1,380026,9,9,9,9,9,9,9,9,9,9
1,2,380027,9,0,0,0,0,17,13,14,10,7
1,1,380028,29,29,29,29,29,29,29,29,29,29
1,1,380029,15,15,15,15,15,15,15,15,15,15
1,1,380030,7,7,7,7,7,7,7,7,7,7
2,1,380030,0,0,0,0,0,0,0,0,0,0
1,2,380031,0,0,8,0,0,0,0,0,0,10
1,1,380032,0,0,0,0,0,0,0,0,0,0
2,1,380032,0,0,0,0,0,0,0,0,0,0
1,1,380033,0,0,0,0,0,0,0,0,0,0
1,1,380034,0,0,0,0,0,0,0,0,0,0
1,1,380035,0,0,0,0,0,0,0,0,0,0
1,1,380036,0,0,0,0,0,0,0,0,0,0
1,1,380037,0,0,0,0,0,0,0,0,0,0
1,1,380038,0,0,0,0,0,0,0,0,0,0
2,1,380038,25,25,25,25,25,25,25,25,25,25
1,1,380039,20,20,20,20,20,20,20,20,20,20
2,1,380039,0,0,0,0,0,0,0,0,0,0
1,1,380040,0,0,0,0,0,0,0,0,0,0
1,1,380041,8,8,8,8,8,8,8,8,8,8
1,1,380042,5,5,5,5,5,5,5,5,5,5
0,1,380043,22,22,22,22,22,22,22,22,22,22
1,1,380043,19,19,19,19,19,19,19,19,19,19
1,1,380044,21,21,21,21,21,21,21,21,21,21
1,1,380045,0,0,0,0,0,0,0,0,0,0
2,1,380045,0,0,0,0,0,0,0,0,0,0
1,1,380046,14,14,14,14,14,14,14,14,14,14
1,1,380047,12,12,12,12,12,12,12,12,12,12
1,1,380048,22,22,22,22,22,22,22,22,22,22
1,1,380049,15,15,15,15,15,15,15,15,15,15
1,1,380050,10,10,10,10,10,10,10,10,10,10
1,1,380051,31,31,31,31,31,31,31,31,31,31
1,1,380052,0,0,0,0,0,0,0,0,0,0
2,1,380052,0,0,0,0,0,0,0,0,0,0
1,1,380053,0,0,0,0,0,0,0,0,0,0
2,1,380053,0,0,0,0,0,0,0,0,0,0
1,1,380054,0,0,0,0,0,0,0,0,0,0
1,1,380055,20,20,20,20,20,20,20,20,20,20
1,1,380056,0,0,0,0,0,0,0,0,0,0
1,1,380057,0,0,0,0,0,0,0,0,0,0
1,1,380058,0,0,0,0,0,0,2,0,0,0
2,1,380058,9,0,30,4,13,5,4,0,20,2
1,1,380059,25,25,25,25,25,25,25,25,25,25
1,1,380060,0,0,0,0,0,0,0,0,0,0
1,1,380061,19,19,19,19,19,19,19,19,19,19
1,1,380062,16,16,16,16,16,16,16,16,16,16
2,1,380062,13,13,13,13,13,13,13,13,13,13
1,1,380063,18,18,18,18,18,18,18,18,18,18
1,1,380064,6,6,6,6,6,6,6,6,6,6
1,1,380065,0,0,0,0,0,0,0,0,0,0
1,1,380066,10,10,10,10,10,10,10,10,10,10
1,1,380067,22,22,22,22,22,22,22,22,22,22
1,1,380068,0,0,0,8,0,0,0,0,0,0
2,1,380068,0,0,0,0,0,0,0,0,0,0
1,1,380069,0,0,0,0,0,0,0,0,0,0
1,1,380070,8,34,13,20,31,34,45,19,21,21
1,1,380071,24,24,24,24,24,24,24,24,24,24
1,1,380072,0,0,0,0,0,0,0,0,0,0