VEH_NO,PER_NO,ST_CASE,P1,P2,P3,P4,P5,P6,P7,P8,P9,P10
2,1,380072,0,0,0,0,0,0,0,0,0,0
1,1,380073,0,18,9,8,14,27,23,10,12,15
0,1,380074,33,33,33,33,33,33,33,33,33,33
1,1,380074,0,0,0,0,0,0,0,0,0,0
1,1,380075,18,18,18,18,18,18,18,18,18,18
1,1,380076,19,19,19,19,19,19,19,19,19,19
1,1,380077,17,17,17,17,17,17,17,17,17,17
1,1,380078,12,12,12,12,12,12,12,12,12,12
1,1,380079,29,29,29,29,29,29,29,29,29,29
1,1,380080,0,0,0,0,0,0,0,0,0,0
2,1,380080,0,0,0,0,0,0,0,0,0,0
1,1,380081,0,0,0,0,0,0,0,0,0,0
2,1,380081,0,0,0,0,0,0,0,0,0,0
3,1,380081,0,0,0,0,0,0,0,0,0,0
1,1,380082,0,0,0,0,0,0,0,0,0,0
2,1,380082,0,0,0,0,0,0,0,0,0,0
1,1,380083,0,0,0,0,0,0,0,0,0,0
1,1,380084,15,15,15,15,15,15,15,15,15,15
1,1,380085,0,0,0,0,0,0,0,0,0,0
2,1,380085,0,0,0,0,0,0,0,0,0,0
1,1,380086,0,0,0,0,17,0,0,0,16,0
1,1,380087,27,27,27,27,27,27,27,27,27,27
1,1,380088,13,13,13,13,13,13,13,13,13,13
1,1,380089,0,0,0,0,0,0,0,0,0,0
2,1,380089,0,0,0,0,0,0,0,0,0,0
1,1,380090,6,6,6,6,6,6,6,6,6,6
1,1,380091,12,12,12,12,12,12,12,12,12,12
1,1,380092,23,23,23,23,23,23,23,23,23,23
2,1,380092,0,0,0,0,0,0,0,0,0,0
1,1,380093,20,20,20,20,20,20,20,20,20,20
1,1,380094,0,0,0,0,0,0,0,0,0,0
1,1,380095,8,8,8,8,8,8,8,8,8,8
0,1,390001,0,0,0,0,0,0,0,0,0,0
1,1,390001,0,0,0,0,0,0,0,0,0,0
0,1,390002,0,0,0,0,0,0,0,0,0,0
1,1,390002,0,0,0,0,0,0,0,0,0,0
1,1,390003,0,0,0,0,0,0,0,0,0,0
2,1,390003,23,23,23,23,23,23,23,23,23,23
1,1,390004,0,0,0,0,0,0,0,0,0,0
2,1,390004,0,0,0,0,0,0,0,0,0,0
1,1,390005,4,4,4,4,4,4,4,4,4,4
1,1,390006,0,0,0,0,0,0,0,0,0,0
2,1,390006,0,0,0,0,0,0,0,0,0,0
3,1,390006,0,0,0,0,0,0,0,0,0,0
1,1,390007,0,0,0,14,0,0,0,0,0,0
2,1,390007,0,0,0,0,0,0,0,0,0,0
0,1,390008,0,0,0,0,0,0,0,0,0,0
1,1,390008,0,0,0,0,0,0,0,0,0,0
2,1,390008,0,0,0,0,0,4,0,0,0,0
1,1,390009,0,0,0,0,0,0,0,0,0,0
2,1,390009,0,0,0,0,0,0,0,0,0,0
1,1,390010,31,31,31,31,31,31,31,31,31,31
1,1,390011,24,24,24,24,24,24,24,24,24,24
0,1,390012,0,0,0,0,0,0,0,0,0,0
1,1,390012,0,0,0,0,0,0,0,0,0,0
1,1,390013,0,0,0,0,0,0,0,0,0,0
0,1,390014,0,0,0,0,0,0,0,0,0,0
1,1,390014,0,0,0,0,0,0,0,0,0,0
1,1,390015,0,0,0,0,0,0,0,0,0,0
2,1,390015,0,0,0,0,0,0,0,0,0,0
1,1,390016,0,0,0,0,0,0,0,0,0,0
2,1,390016,0,0,0,0,0,0,0,0,0,0
1,1,390017,0,0,0,0,0,0,0,0,0,0
2,1,390017,0,0,0,0,0,0,0,0,0,0
3,1,390017,0,0,0,0,0,0,0,0,0,0
4,1,390017,0,0,0,0,0,0,0,0,0,0
5,1,390017,0,0,0,0,0,0,0,0,0,0
1,1,390018,0,0,0,0,0,0,0,0,0,0
2,1,390018,0,0,0,0,0,0,0,0,0,0
0,1,390019,0,0,0,0,0,0,0,0,0,0
2,1,390019,0,0,0,0,0,0,0,0,0,0
0,1,390020,19,19,19,19,19,19,19,19,19,19
1,1,390020,0,0,0,0,0,0,0,0,0,0
1,1,390021,0,0,0,0,0,0,0,0,0,0
2,1,390021,0,0,0,0,0,0,0,0,0,0
1,1,390022,9,9,9,9,9,9,9,9,9,9
2,1,390022,5,5,5,5,5,5,5,5,5,5
1,1,390023,0,0,0,0,0,0,0,0,0,0
2,1,390023,0,0,0,0,0,0,0,0,0,0
3,1,390023,0,0,0,0,0,0,0,0,0,0
1,1,390024,0,0,0,0,0,0,0,0,0,0
2,1,390024,0,0,0,0,0,0,0,0,0,0
3,1,390024,0,0,0,0,0,4,0,0,0,0
1,1,390025,27,27,27,27,27,27,27,27,27,27
1,1,390026,0,0,0,0,0,0,0,0,0,0
1,1,390027,0,0,0,0,0,0,0,0,0,0
5,1,390027,8,0,0,0,0,0,0,16,0,10
1,1,390028,0,0,0,0,0,0,0,0,0,0
1,1,390029,0,0,0,0,0,0,0,0,0,0
2,1,390029,0,0,0,0,0,0,0,0,0,0
1,1,390030,0,0,0,0,0,0,0,0,0,0
1,1,390031,0,6,0,0,0,0,0,0,0,0
2,1,390031,0,0,0,0,0,0,0,0,0,0
1,1,390032,0,0,0,0,0,0,0,0,0,0
1,1,390033,0,0,0,0,0,0,0,0,0,0
2,1,390033,0,0,0,0,0,0,0,0,0,0
1,1,390034,0,0,0,0,0,0,0,0,0,0
2,1,390034,0,0,0,0,0,0,0,0,0,0
1,1,390035,0,0,0,0,0,0,0,0,0,0
2,1,390035,0,0,0,0,0,0,0,0,0,0
1,1,390036,7,7,7,7,7,7,7,7,7,7
1,1,390037,0,0,0,0,0,0,0,0,0,0
2,1,390037,0,0,0,0,0,0,0,0,0,0
3,1,390037,0,0,0,0,0,0,0,0,0,0
1,1,390038,0,0,0,0,0,0,0,0,0,0
1,1,390039,0,0,0,0,0,0,0,0,0,0
1,1,390041,0,0,0,0,0,0,0,0,0,0
2,1,390041,0,0,0,0,0,0,11,0,0,0
1,1,390042,37,37,37,37,37,37,37,37,37,37
1,1,390043,0,0,0,0,0,0,0,0,0,0
1,1,390044,0,0,0,0,0,0,0,0,0,0
1,1,390045,22,22,22,22,22,22,22,22,22,22
1,1,390046,12,12,12,12,12,12,12,12,12,12
1,1,390047,0,0,0,0,0,0,0,0,0,0
2,1,390047,12,0,0,0,6,0,0,0,0,0
1,1,390048,0,0,0,0,0,0,0,0,0,0
1,1,390049,0,0,0,0,0,0,0,0,0,0
1,1,390050,0,0,0,0,0,0,0,0,0,0
2,1,390050,0,0,0,0,0,0,0,0,0,0
1,1,390051,14,14,14,14,14,14,14,14,14,14
2,1,390051,0,0,0,0,0,0,0,0,0,0
1,1,390052,21,21,21,21,21,21,21,21,21,21
1,1,390053,25,25,25,25,25,25,25,25,25,25
1,1,390054,21,21,21,21,21,21,21,21,21,21
1,1,390055,0,0,0,0,0,0,0,0,0,0
2,1,390055,0,0,0,0,0,0,0,0,0,0
1,1,390056,0,0,0,0,0,0,0,0,0,0
2,1,390056,0,0,0,0,0,0,0,0,0,0
1,1,390057,0,0,0,0,0,0,0,0,0,0
1,1,390058,25,25,25,25,25,25,25,25,25,25
1,1,390059,0,0,0,0,0,0,0,0,0,0
1,1,390060,1,1,1,1,1,1,1,1,1,1
2,1,390060,0,0,0,0,0,0,0,0,0,0
1,1,390061,0,0,0,0,0,0,0,0,0,0
1,1,390062,0,0,0,0,0,0,0,0,0,0
2,1,390062,0,0,0,0,0,0,0,0,0,18
1,1,390063,25,25,25,25,25,25,25,25,25,25
1,1,390064,18,18,18,18,18,18,18,18,18,18
1,1,390065,0,0,0,0,0,0,0,0,0,0
2,1,390065,0,0,0,0,0,0,0,0,0,0
1,1,390066,0,0,0,0,0,0,0,0,0,0
1,1,390067,0,0,0,0,0,0,0,0,0,0
2,1,390067,0,0,0,0,0,0,0,0,0,0
3,1,390067,0,0,0,0,0,0,0,0,0,0
4,1,390067,0,0,0,0,0,0,0,0,0,0
0,1,390068,0,0,0,0,0,0,0,0,0,0
1,1,390068,13,13,13,13,13,13,13,13,13,13
1,1,390069,0,0,0,0,0,0,0,0,0,0
2,1,390069,0,0,0,0,0,0,0,0,0,0
1,1,390070,0,0,0,0,0,0,0,0,0,11
2,1,390070,0,0,0,0,0,0,0,0,0,0
3,1,390070,2,2,2,2,2,2,2,2,2,2
4,1,390070,0,0,0,0,0,0,0,0,0,0
5,1,390070,0,0,0,0,0,0,0,0,0,0
6,1,390070,0,0,0,0,0,0,0,0,0,0
7,1,390070,0,0,0,0,7,0,0,0,0,0
8,1,390070,0,0,0,0,0,0,0,0,0,0
1,1,390072,0,0,0,0,0,0,0,0,0,0
1,1,390073,0,0,0,0,0,0,0,0,0,0
3,1,390073,0,0,0,0,0,0,0,0,0,0
4,1,390073,0,0,0,0,0,0,0,0,0,0
1,1,390074,0,0,0,0,0,0,0,0,0,0
2,1,390074,0,0,0,0,0,0,0,0,0,0
1,1,390075,0,0,0,0,0,0,0,0,0,0
1,1,390076,0,0,0,0,0,0,0,0,0,0
2,1,390076,0,0,0,0,0,0,0,0,0,0
1,1,390077,0,0,0,0,0,0,0,0,0,0
2,1,390077,0,0,0,0,0,0,0,0,0,0
0,1,390078,36,36,36,36,36,36,36,36,36,36
1,1,390078,0,0,10,0,0,0,0,0,0,0
1,1,390079,0,0,0,0,0,0,0,0,0,0
2,1,390079,0,0,0,0,0,0,0,0,0,0
1,1,390080,23,23,23,23,23,23,23,23,23,23
1,1,390081,0,0,0,0,0,0,0,0,0,0
1,1,390082,0,28,26,2,31,23,19,20,14,13
1,1,390083,29,29,29,29,29,29,29,29,29,29
0,1,390084,0,0,0,0,0,0,0,0,0,0
1,1,390084,0,0,0,0,0,12,0,0,0,0
1,1,390085,9,9,9,9,9,9,9,9,9,9
1,1,390086,0,0,0,0,0,0,0,0,0,0
1,1,390087,13,13,13,13,13,13,13,13,13,13
0,1,390088,0,0,0,0,0,0,0,0,0,0
1,1,390088,0,0,0,0,0,0,0,0,0,0
1,1,390089,0,0,0,0,0,0,0,0,0,0
1,1,390090,0,0,0,0,0,0,0,0,0,0
2,1,390090,0,0,0,0,0,0,0,0,0,0
1,1,390091,0,0,0,0,0,0,0,0,0,0
2,1,390091,0,0,18,0,0,0,17,0,0,0
3,1,390091,0,0,0,0,0,0,0,0,0,0
1,1,390092,0,0,0,0,0,0,0,0,0,0
1,1,390093,18,18,18,18,18,18,18,18,18,18
2,1,390093,0,0,0,0,0,0,0,0,0,0
1,1,390094,7,7,7,7,7,7,7,7,7,7
1,1,390095,27,27,27,27,27,27,27,27,27,27
2,1,390095,0,0,0,0,0,0,0,0,0,0
3,1,390095,0,0,0,0,0,0,0,0,0,0
1,1,390096,17,17,17,17,17,17,17,17,17,17
1,1,390097,0,0,0,0,0,0,0,0,0,0
2,1,390097,0,0,0,0,0,0,0,0,0,0
1,1,390098,0,0,0,0,0,0,0,0,0,0
2,1,390098,0,0,0,0,0,0,0,0,0,0
1,1,390099,0,0,0,0,0,0,0,0,0,0
2,1,390099,0,0,0,0,0,0,0,0,0,0
0,1,390100,0,0,0,0,0,0,0,0,0,0
1,1,390100,0,0,0,0,0,0,0,0,0,0
1,1,390101,0,0,0,0,0,0,0,0,0,0
1,1,390102,28,28,28,28,28,28,28,28,28,28
1,1,390104,0,0,0,0,0,0,0,0,0,0
2,1,390104,0,0,0,0,0,0,0,0,0,0
1,1,390105,0,0,0,0,0,0,0,0,0,0
2,1,390105,0,0,0,0,0,0,0,0,0,0
1,1,390107,13,13,13,13,13,13,13,13,13,13
1,1,390108,0,0,0,0,0,0,0,0,0,0
1,1,390109,0,0,0,0,0,0,0,0,0,0
2,1,390109,0,0,0,0,0,0,0,0,0,0
1,1,390110,0,0,0,0,0,0,0,0,0,0
1,1,390111,0,0,0,0,0,0,0,0,0,0
2,1,390111,0,0,0,0,0,0,0,0,0,0
1,1,390112,19,19,19,19,19,19,19,19,19,19
2,1,390112,0,0,0,0,0,0,0,20,0,0
1,1,390113,0,0,0,0,0,0,0,0,0,0
1,1,390114,0,0,0,0,0,0,0,0,0,0
1,1,390115,0,0,0,0,0,0,0,0,0,0
2,1,390115,0,0,0,0,0,0,0,0,0,0
1,1,390116,0,0,0,0,0,0,0,0,0,0
2,1,390116,0,0,0,0,0,0,0,0,0,0
1,1,390117,0,0,0,0,0,0,0,0,0,0
2,1,390117,0,0,0,0,0,0,0,0,0,0
1,1,390118,0,0,0,0,0,0,0,0,0,0
2,1,390118,0,0,0,0,0,0,0,0,0,0
0,1,390119,0,0,0,0,0,0,0,0,0,0
1,1,390119,0,0,0,0,0,0,0,0,0,0
2,1,390120,5,5,5,5,5,5,5,5,5,5
1,1,390121,20,20,20,20,20,20,20,20,20,20
1,1,390122,0,0,0,0,0,0,0,0,0,0
1,1,390123,14,14,14,14,14,14,14,14,14,14
1,1,390124,15,15,15,15,15,15,15,15,15,15
1,1,390125,0,0,0,0,0,0,0,0,0,0
1,1,390126,13,13,13,13,13,13,13,13,13,13
1,1,390127,0,0,49,0,0,0,0,0,0,0
1,1,390128,0,0,0,0,0,0,0,0,0,0
2,1,390128,0,0,0,0,0,0,0,0,0,0
1,1,390129,0,0,0,0,0,0,0,0,0,0
2,1,390129,0,0,0,0,16,0,0,0,0,0
1,1,390130,0,0,0,0,0,0,0,0,0,0
1,1,390131,0,0,0,0,0,0,0,0,0,0
1,1,390132,0,0,0,0,0,0,0,0,0,0
2,1,390132,5,5,5,5,5,5,5,5,5,5
1,1,390133,15,15,15,15,15,15,15,15,15,15
1,1,390134,0,0,0,0,0,0,0,0,0,0
1,1,390135,0,0,0,0,0,0,0,0,0,0
1,1,390136,0,0,0,0,0,0,0,0,0,0
1,1,390137,0,0,0,0,0,0,0,0,0,0
1,1,390138,0,0,0,0,0,0,0,0,0,0
1,1,390139,23,23,23,23,23,23,23,23,23,23
2,1,390139,0,0,0,0,0,0,0,0,0,0
1,1,390140,0,0,0,0,0,0,0,0,0,0
2,1,390140,0,0,0,0,0,0,0,0,0,0
3,1,390140,0,0,0,0,0,0,0,0,0,0
0,1,390141,1,1,1,1,1,1,1,1,1,1
1,1,390141,0,0,0,0,0,0,0,0,0,0
1,1,390142,0,0,0,0,0,0,0,0,0,0
2,1,390142,0,0,0,0,0,0,0,0,0,0
1,1,390143,0,0,0,0,0,0,0,0,0,0
2,1,390143,0,0,0,0,0,0,0,0,0,0
1,1,390144,17,17,17,17,17,17,17,17,17,17
1,1,390145,30,30,30,30,30,30,30,30,30,30
1,1,390146,20,20,20,20,20,20,20,20,20,20
1,1,390147,1,1,1,1,1,1,1,1,1,1
2,1,390147,0,0,0,0,0,0,7,0,0,0
3,1,390147,0,0,0,0,0,0,0,0,0,0
1,1,390148,0,0,0,0,0,0,0,0,0,0
2,1,390148,0,0,0,0,0,0,0,0,0,0
1,1,390149,24,24,24,24,24,24,24,24,24,24
1,1,390150,0,0,0,0,0,0,0,0,0,0
1,1,390151,28,28,28,28,28,28,28,28,28,28
1,1,390152,16,16,16,16,16,16,16,16,16,16
1,1,390153,19,19,19,19,19,19,19,19,19,19
1,1,390154,0,0,0,0,0,0,0,0,0,0
2,1,390154,0,0,0,0,0,0,0,0,0,0
1,1,390155,0,0,0,0,0,0,0,0,0,0
2,1,390155,0,0,0,0,0,0,0,0,0,0
1,1,390156,0,0,0,0,0,0,0,0,0,0
2,1,390156,0,0,0,0,0,0,0,0,0,0
3,1,390156,0,0,0,0,0,0,0,0,0,0
0,1,390157,14,14,14,14,14,14,14,14,14,14
1,1,390157,0,0,22,10,0,6,0,0,15,19
1,1,390158,0,0,0,0,0,0,0,0,0,0
1,1,390159,0,0,0,0,0,0,0,0,0,0
2,1,390159,0,0,0,0,0,0,0,0,0,0
1,1,390160,0,0,5,0,0,0,0,0,0,0
2,1,390160,0,0,0,0,0,0,0,0,0,0
3,1,390160,0,0,0,0,0,0,0,0,0,0
4,1,390160,0,0,0,0,0,0,0,0,0,0
5,1,390160,0,0,0,0,0,0,0,0,0,0
6,1,390160,0,0,0,0,0,0,0,0,0,0
7,1,390160,0,0,0,0,0,0,0,0,0,0
8,1,390160,0,0,0,0,0,0,0,0,0,0
9,1,390160,0,0,0,0,0,0,0,0,0,0
0,1,390161,0,0,0,0,0,0,0,0,0,0
1,1,390161,0,0,0,0,0,0,0,0,0,0
1,1,390162,23,23,23,23,23,23,23,23,23,23
1,1,390163,0,0,0,0,0,0,0,0,0,0
1,1,390164,20,20,20,20,20,20,20,20,20,20
1,1,390165,0,0,0,0,0,0,0,0,0,0
1,1,390166,0,0,0,0,0,0,0,0,0,0
2,1,390166,0,0,0,0,0,0,0,0,0,0
1,1,390167,14,14,14,14,14,14,14,14,14,14
1,1,390168,34,34,34,34,34,34,34,34,34,34
1,1,390169,0,0,0,0,0,0,0,0,0,0
1,1,390170,12,12,12,12,12,12,12,12,12,12
0,1,390171,3,3,3,3,3,3,3,3,3,3
1,1,390171,0,0,0,0,0,0,0,0,0,0
1,1,390172,0,0,0,0,0,0,0,0,0,0
2,1,390172,4,0,0,0,0,0,0,0,0,0
1,1,390173,0,0,0,0,0,0,0,0,0,0
1,1,390174,0,0,0,0,0,0,0,0,0,0
2,1,390174,0,0,0,0,0,0,0,0,0,0
1,1,390175,38,38,38,38,38,38,38,38,38,38
1,1,390176,0,0,0,0,0,0,0,0,0,0
1,1,390177,0,0,0,0,0,0,0,0,0,0
1,1,390178,18,18,18,18,18,18,18,18,18,18
1,1,390179,0,0,0,0,0,0,0,0,0,0
2,1,390179,0,0,0,0,0,0,0,0,0,0
1,1,390180,0,0,0,0,0,0,0,0,0,0
2,1,390180,0,0,0,0,0,0,0,0,0,0
1,1,390181,1,1,1,1,1,1,1,1,1,1
2,1,390181,0,0,0,0,0,0,0,0,0,0
1,1,390182,0,0,0,0,0,0,0,0,0,0
1,1,390183,0,0,0,0,0,0,0,0,0,0
2,1,390183,0,0,0,0,0,0,0,0,0,0
3,1,390183,0,0,0,0,0,0,0,0,0,0
4,1,390183,0,0,0,0,0,0,0,0,0,0
1,1,390184,0,0,0,0,0,0,0,0,0,0
2,1,390184,0,0,0,0,0,0,0,24,0,0
1,1,390185,0,0,0,0,0,0,0,0,0,0
1,1,390188,11,11,11,11,11,11,11,11,11,11
1,1,390189,22,22,22,22,22,22,22,22,22,22
1,1,390190,0,0,0,0,0,0,0,0,0,0
2,1,390190,0,0,0,0,0,0,0,0,0,0
1,1,390191,0,0,0,0,22,0,0,0,0,0
2,1,390191,0,0,0,0,0,0,0,0,0,0
1,1,390192,0,0,0,0,0,0,0,0,0,0
1,1,390193,0,0,0,0,0,0,0,22,0,0
1,1,390194,0,0,0,0,0,0,0,0,0,0
2,1,390194,0,0,0,0,0,0,0,0,0,0
1,1,390195,0,0,0,0,0,0,0,0,0,0
2,1,390195,0,0,0,0,0,0,0,0,0,0
1,1,390196,30,30,30,30,30,30,30,30,30,30
2,1,390196,0,0,0,0,0,0,0,0,0,0
3,1,390196,0,0,0,0,0,0,0,0,0,0
4,1,390196,0,0,0,0,0,0,0,8,0,0
0,1,390197,9,9,9,9,9,9,9,9,9,9
1,1,390197,0,0,0,0,0,0,19,0,0,13
1,1,390198,0,0,0,0,0,0,0,0,0,0
2,1,390198,0,0,0,0,0,0,0,0,0,0
1,1,390199,0,0,0,0,0,0,0,0,0,0
2,1,390199,20,20,20,20,20,20,20,20,20,20
3,1,390199,0,0,0,0,0,0,0,0,0,0
1,1,390200,0,0,0,0,0,0,0,0,0,0
2,1,390200,0,0,0,0,0,0,0,0,0,0
1,1,390201,0,0,0,0,0,0,0,0,0,0
1,1,390202,24,24,24,24,24,24,24,24,24,24
1,1,390203,23,23,23,23,23,23,23,23,23,23
1,1,390204,0,0,0,0,0,0,0,0,0,0
2,1,390204,0,0,0,0,0,0,0,0,0,0
1,1,390205,0,0,0,0,0,0,0,0,0,0
2,1,390205,0,0,0,0,0,0,0,0,0,0
1,1,390206,13,13,13,13,13,13,13,13,13,13
2,1,390206,0,0,0,0,0,0,0,0,0,0
3,1,390206,0,0,0,0,0,0,0,0,0,0
1,1,390207,0,0,0,0,0,0,0,0,0,0
2,1,390207,0,0,0,0,0,0,0,0,0,0
1,1,390208,29,29,29,29,29,29,29,29,29,29
1,1,390209,18,18,18,18,18,18,18,18,18,18
1,1,390210,0,0,0,0,0,0,0,0,0,0
1,1,390211,0,0,0,0,0,0,0,0,0,0
2,1,390211,0,0,0,0,0,0,0,0,0,0
1,1,390212,8,8,8,8,8,8,8,8,8,8
1,1,390213,0,0,0,0,0,0,0,0,0,0
2,1,390213,0,0,0,0,0,0,0,0,0,0
1,1,390214,22,22,22,22,22,22,22,22,22,22
2,1,390214,13,13,13,13,13,13,13,13,13,13
1,1,390215,0,0,0,0,0,0,0,0,0,0
2,1,390215,0,0,0,0,0,0,0,0,0,0
1,1,390216,0,0,0,0,0,0,0,0,0,0
2,1,390216,0,0,0,0,0,0,0,0,0,0
1,1,390217,0,0,0,0,0,0,0,0,0,0
1,1,390218,25,25,25,25,25,25,25,25,25,25
1,1,390219,0,0,0,0,0,0,0,0,0,0
1,1,390220,0,0,0,0,0,0,0,0,0,0
1,1,390221,0,0,0,0,0,0,0,0,0,0
2,1,390221,0,0,0,0,0,0,0,0,0,0
1,1,390222,0,0,0,0,0,0,0,0,0,0
1,1,390223,0,0,0,0,0,0,0,0,0,0
1,1,390224,9,9,9,9,9,9,9,9,9,9
2,1,390224,0,0,0,0,0,0,0,0,0,0
1,1,390225,0,0,0,0,0,0,0,0,0,0
2,1,390225,18,18,18,18,18,18,18,18,18,18
1,1,390226,0,0,0,0,0,0,0,0,0,0
2,1,390226,0,0,0,0,0,0,0,0,0,0
1,1,390227,26,26,26,26,26,26,26,26,26,26
1,1,390228,0,18,0,0,0,0,0,0,0,0
2,1,390228,0,0,0,0,0,0,0,0,0,0
0,1,390229,28,28,28,28,28,28,28,28,28,28
1,1,390229,0,0,0,0,0,0,0,0,0,0
1,1,390230,0,0,0,0,0,0,0,0,0,0
2,1,390230,0,0,0,0,0,0,0,0,0,0
0,1,390231,26,26,26,26,26,26,26,26,26,26
1,1,390231,0,0,0,0,0,0,0,11,0,0
0,1,390232,23,23,23,23,23,23,23,23,23,23
1,1,390232,0,0,0,0,0,0,0,0,0,0
1,1,390233,16,16,16,16,16,16,16,16,16,16
1,1,390234,28,28,28,28,28,28,28,28,28,28
1,1,390235,14,14,14,14,14,14,14,14,14,14
1,1,390236,0,0,0,0,0,0,0,0,0,0
2,1,390236,0,0,0,0,0,0,0,0,0,0
1,1,390237,27,27,27,27,27,27,27,27,27,27
2,1,390237,25,25,25,25,25,25,25,25,25,25
1,1,390238,0,0,0,20,0,0,0,0,7,0
2,1,390238,0,0,0,0,0,0,0,0,0,0
0,1,390239,21,0,0,0,0,0,0,0,0,0
0,2,390239,0,0,0,0,0,0,0,0,0,0
1,1,390239,10,10,10,10,10,10,10,10,10,10
1,1,390240,27,27,27,27,27,27,27,27,27,27
1,1,390241,0,0,0,0,0,0,0,0,0,0
1,1,390242,0,0,0,0,0,0,0,0,0,0
2,1,390242,0,0,0,0,0,0,0,0,0,0
1,1,390243,15,15,15,15,15,15,15,15,15,15
1,1,390244,8,8,8,8,8,8,8,8,8,8
2,1,390244,0,0,0,0,0,0,0,0,0,0
1,1,390245,0,0,0,0,0,0,0,0,0,0
1,1,390246,5,5,5,5,5,5,5,5,5,5
1,1,390247,0,0,0,0,0,0,0,0,0,0
2,1,390247,0,0,0,0,0,0,0,0,0,0
1,1,390248,0,0,0,0,0,0,0,0,0,0
2,1,390248,0,0,0,0,0,0,0,0,0,0
1,1,390249,0,0,0,0,0,0,0,0,0,0
1,1,390250,0,0,0,0,0,0,0,0,0,0
2,1,390250,0,0,0,0,0,0,0,0,0,0
3,1,390250,0,0,0,0,0,0,0,0,0,0
1,1,390251,0,0,0,0,0,0,0,0,0,0
1,1,390252,21,21,21,21,21,21,21,21,21,21
1,1,390253,0,0,0,0,0,0,0,0,0,0
2,1,390253,0,0,0,0,0,0,0,0,0,0
1,1,390254,17,17,17,17,17,17,17,17,17,17
1,1,390255,0,0,0,0,0,0,0,0,0,0
2,1,390255,0,0,0,0,0,0,0,0,0,0
0,1,390256,0,0,0,0,0,0,0,0,0,0
1,1,390256,0,0,0,0,0,0,0,0,0,0
0,1,390257,0,0,0,0,0,0,0,0,0,0
1,1,390257,0,0,0,0,0,0,0,0,0,0
1,1,390258,0,0,0,0,0,0,0,0,0,0
2,1,390258,0,0,0,0,0,0,0,0,0,0
3,1,390258,0,0,0,0,0,0,0,0,0,0
1,1,390259,0,0,0,0,0,0,0,0,0,0
2,1,390259,0,0,0,0,0,0,0,0,0,0
1,1,390260,0,0,0,0,0,0,0,0,0,0
1,1,390261,9,9,9,9,9,9,9,9,9,9
1,1,390262,25,21,0,0,0,16,0,16,0,0
1,1,390263,0,0,0,0,0,0,0,0,0,0
1,1,390264,0,0,0,0,0,0,0,0,0,0
2,1,390264,0,0,0,0,0,0,0,0,0,0
1,1,390265,22,22,22,22,22,22,22,22,22,22
1,1,390266,0,0,0,0,0,0,0,0,0,0
2,1,390266,0,0,0,0,0,0,0,0,0,0
0,1,390267,18,18,18,18,18,18,18,18,18,18
1,1,390267,19,0,7,18,0,0,0,0,0,0
1,1,390268,9,9,9,9,9,9,9,9,9,9
1,1,390269,0,0,0,0,0,0,0,0,0,0
1,1,390270,0,0,0,0,0,0,0,0,0,0
2,1,390270,2,2,2,2,2,2,2,2,2,2
3,1,390270,8,16,9,9,6,5,0,9,6,17
1,1,390271,0,0,0,0,0,0,0,0,0,0
1,1,390272,26,26,26,26,26,26,26,26,26,26
1,1,390273,17,14,4,0,15,3,12,0,0,10
1,1,390274,10,10,10,10,10,10,10,10,10,10
1,1,390275,0,0,0,0,0,0,0,0,0,0
1,1,390276,0,0,0,0,0,0,0,0,0,0
1,1,390277,0,0,0,0,0,0,0,0,0,0
2,1,390277,0,0,0,0,0,0,0,0,0,0
1,1,390278,10,10,10,10,10,10,10,10,10,10
1,1,390279,0,0,0,0,0,0,0,0,0,0
2,1,390279,26,26,26,26,26,26,26,26,26,26
3,1,390279,0,0,0,0,0,0,0,0,0,0
1,1,390280,29,29,29,29,29,29,29,29,29,29
1,1,390282,0,0,0,0,0,0,0,0,0,0
2,1,390282,0,5,0,0,0,0,0,0,0,0
1,1,390283,8,0,0,0,0,0,0,0,0,0
2,1,390283,0,0,0,0,0,0,0,0,0,0
1,1,390284,13,13,13,13,13,13,13,13,13,13
2,1,390284,0,0,0,0,0,0,0,0,0,0
1,1,390285,0,0,0,0,0,0,0,0,0,0
1,1,390286,14,14,14,14,14,14,14,14,14,14
2,1,390286,0,0,0,0,0,14,12,0,0,0
1,1,390287,0,0,0,0,0,0,0,0,0,0
2,1,390287,0,0,0,0,0,0,0,0,0,4
1,1,390288,25,25,25,25,25,25,25,25,25,25
1,1,390289,0,0,0,0,0,0,0,0,0,0
2,1,390289,0,0,0,0,0,0,0,0,0,0
0,1,390290,0,0,0,0,0,0,0,0,0,0
1,1,390290,0,0,9,0,4,0,13,0,3,15
1,1,390291,0,0,0,0,0,0,0,0,0,0
1,1,390292,14,14,14,14,14,14,14,14,14,14
2,1,390292,0,0,0,0,0,0,0,0,0,0
1,1,390293,15,15,15,15,15,15,15,15,15,15
1,1,390294,17,17,17,17,17,17,17,17,17,17
1,1,390295,0,0,0,0,0,0,0,0,0,0
2,1,390295,0,0,0,0,0,0,0,0,0,0
1,1,390296,0,0,0,0,0,0,0,0,0,0
1,1,390298,0,0,0,0,0,0,0,0,0,0
2,1,390298,0,0,0,0,0,0,0,0,0,0
1,1,390299,0,0,0,0,0,0,0,0,0,0
2,1,390299,0,0,0,0,0,0,16,0,0,0