VEH_NO,PER_NO,ST_CASE,P1,P2,P3,P4,P5,P6,P7,P8,P9,P10
1,1,390300,4,4,4,4,4,4,4,4,4,4
2,1,390300,0,0,0,0,0,0,0,0,0,0
1,1,390301,21,21,21,21,21,21,21,21,21,21
2,1,390301,0,0,0,0,0,0,0,0,0,0
1,1,390302,0,0,0,0,0,0,0,0,0,0
2,1,390302,0,0,0,0,0,0,0,0,0,0
1,1,390303,0,0,0,0,0,0,0,0,0,0
1,1,390304,37,37,37,37,37,37,37,37,37,37
0,1,390305,0,0,0,0,0,0,0,0,0,0
1,1,390305,2,2,2,2,2,2,2,2,2,2
1,1,390306,0,0,0,0,0,0,0,0,0,0
2,1,390306,0,0,0,0,0,0,0,0,0,0
1,1,390307,0,0,0,0,0,0,0,0,0,0
2,1,390307,0,0,0,0,0,0,0,0,0,0
1,1,390308,0,0,0,0,0,0,0,0,0,0
2,1,390308,0,0,0,0,0,0,0,0,0,0
3,1,390308,0,7,0,0,0,0,3,0,0,0
1,1,390309,0,0,0,0,0,0,0,0,0,0
2,1,390309,0,0,0,0,0,0,0,0,0,0
1,1,390310,0,0,0,0,0,0,0,0,0,0
2,1,390310,0,0,0,0,0,0,0,0,0,0
1,1,390311,0,0,0,0,0,0,0,0,0,0
1,1,390312,0,0,0,0,0,0,0,0,0,0
1,1,390313,19,19,19,19,19,19,19,19,19,19
1,1,390314,31,31,31,31,31,31,31,31,31,31
2,1,390314,0,0,0,0,0,0,0,0,0,0
1,1,390315,0,0,0,0,0,0,0,0,18,11
2,1,390315,0,0,0,6,0,0,0,0,0,0
3,1,390315,0,0,0,0,0,0,0,0,0,0
1,1,390316,0,0,0,0,0,0,0,0,0,0
1,1,390317,16,16,16,16,16,16,16,16,16,16
2,1,390317,0,0,0,0,0,0,0,0,0,0
0,1,390318,33,33,33,33,33,33,33,33,33,33
1,1,390318,0,0,0,0,3,0,0,0,0,0
0,1,390319,0,0,0,0,0,0,0,0,0,0
0,2,390319,0,0,0,0,0,0,0,0,0,0
0,3,390319,0,0,0,0,0,0,0,0,0,0
3,1,390319,0,0,0,0,0,0,0,0,0,0
1,1,390320,4,4,4,4,4,4,4,4,4,4
1,1,390321,0,0,0,0,0,0,0,0,0,0
2,1,390321,0,0,0,0,0,0,0,0,0,0
1,1,390322,0,0,0,0,0,0,0,0,0,0
2,1,390322,0,0,0,0,0,0,0,0,0,0
1,1,390323,0,0,0,0,0,0,0,0,0,0
2,1,390323,0,0,0,0,0,0,0,0,0,0
0,1,390324,10,10,10,10,10,10,10,10,10,10
1,1,390324,0,0,0,0,0,0,0,0,0,0
0,1,390325,0,0,0,0,0,0,0,0,0,0
1,1,390325,0,0,0,0,0,0,0,0,0,0
1,1,390326,0,0,0,0,0,0,0,0,0,0
2,1,390326,0,0,0,0,0,0,0,0,0,0
1,1,390327,2,2,2,2,2,2,2,2,2,2
0,1,390328,25,25,25,25,25,25,25,25,25,25
1,1,390328,29,29,29,29,29,29,29,29,29,29
1,1,390329,0,0,0,0,0,0,0,0,0,0
2,1,390329,33,33,33,33,33,33,33,33,33,33
1,1,390330,0,0,0,0,0,0,0,0,0,0
2,1,390330,0,0,0,0,0,0,0,0,0,0
0,1,390331,23,23,23,23,23,23,23,23,23,23
1,1,390331,0,0,0,0,0,0,0,0,0,0
1,1,390332,18,18,18,18,18,18,18,18,18,18
1,1,390333,0,0,0,0,0,0,0,0,0,0
1,1,390334,0,0,0,0,0,0,0,0,0,0
2,1,390334,0,7,0,0,0,0,0,0,0,0
1,1,390335,0,0,0,0,0,0,0,0,0,0
2,1,390335,0,0,0,0,0,0,0,0,0,0
1,1,390336,0,0,0,0,0,12,0,0,0,0
1,1,390337,0,0,0,0,0,0,0,0,0,0
1,1,390338,0,0,0,0,0,0,0,0,0,0
1,1,390339,12,12,12,12,12,12,12,12,12,12
1,1,390340,0,0,0,0,0,0,0,0,0,0
0,1,390341,24,24,24,24,24,24,24,24,24,24
1,1,390341,0,0,0,0,0,0,0,0,0,0
1,1,390342,0,0,0,0,0,0,0,0,0,0
1,1,390343,7,7,7,7,7,7,7,7,7,7
0,1,390344,0,0,0,0,0,0,0,0,0,0
1,1,390344,0,0,0,0,0,0,0,0,0,0
1,2,390345,0,0,0,0,0,0,0,0,17,0
1,1,390346,12,12,12,12,12,12,12,12,12,12
1,1,390348,0,0,0,0,0,0,0,0,0,0
1,1,390349,16,16,16,16,16,16,16,16,16,16
1,1,390351,22,22,22,22,22,22,22,22,22,22
1,1,390352,13,13,13,13,13,13,13,13,13,13
2,1,390352,11,11,11,11,11,11,11,11,11,11
1,1,390353,0,0,0,0,0,0,0,0,0,0
2,1,390353,0,0,0,0,0,0,0,0,0,0
1,1,390354,0,0,0,0,0,0,0,0,0,0
2,1,390354,0,0,0,0,0,0,0,0,0,0
1,1,390355,1,1,1,1,1,1,1,1,1,1
0,1,390356,0,0,0,0,0,0,0,0,0,0
1,1,390356,0,0,0,0,0,0,0,0,0,0
1,1,390357,8,8,8,8,8,8,8,8,8,8
1,1,390358,20,20,20,20,20,20,20,20,20,20
1,1,390359,0,0,0,0,0,0,0,0,0,0
2,1,390359,0,0,0,0,0,0,0,0,0,0
1,1,390360,0,0,0,0,0,0,0,0,0,0
2,1,390360,0,0,0,0,0,0,0,0,0,0
3,1,390360,0,0,5,0,0,0,0,0,0,0
1,1,390361,24,24,24,24,24,24,24,24,24,24
1,1,390362,0,0,0,0,0,0,0,0,0,0
1,1,390363,0,0,0,0,0,0,0,0,0,0
2,1,390363,0,0,14,0,0,0,0,0,0,0
3,1,390363,0,0,0,0,0,0,0,0,0,0
1,1,390364,20,20,20,20,20,20,20,20,20,20
1,1,390365,0,0,0,0,0,0,0,0,0,0
2,1,390365,2,2,2,2,2,2,2,2,2,2
1,1,390366,12,12,12,12,12,12,12,12,12,12
1,1,390367,25,25,25,25,25,25,25,25,25,25
1,1,390368,3,3,3,3,3,3,3,3,3,3
2,1,390368,0,0,0,0,11,0,5,0,0,15
1,1,390369,0,0,0,0,0,0,0,0,0,0
2,1,390369,0,0,0,0,0,0,0,0,0,0
1,1,390370,14,14,14,14,14,14,14,14,14,14
2,1,390370,0,0,0,0,0,0,0,0,0,0
1,1,390371,0,0,0,0,0,0,0,0,0,0
2,1,390371,0,0,0,3,0,0,0,0,0,0
1,1,390372,8,8,8,8,8,8,8,8,8,8
1,1,390373,5,0,0,0,0,0,0,0,0,0
2,1,390373,0,0,0,11,0,0,0,0,0,0
3,1,390373,0,0,0,0,0,0,0,0,0,0
4,1,390373,0,0,21,0,0,0,0,0,0,0
1,1,390374,0,0,0,0,0,0,0,0,0,0
1,1,390375,0,0,0,0,0,0,0,0,0,0
2,1,390375,0,0,0,0,0,0,0,0,0,0
1,1,390376,0,0,0,0,0,0,0,0,0,0
2,1,390376,0,0,0,0,0,0,0,0,0,0
1,1,390377,0,0,0,0,0,0,0,0,0,0
2,1,390377,0,0,0,0,0,0,0,0,0,0
1,1,390378,0,0,0,0,0,0,0,0,0,0
1,1,390379,0,0,0,9,0,0,0,0,0,0
2,1,390379,0,0,0,0,0,0,0,0,0,0
1,1,390380,14,14,14,14,14,14,14,14,14,14
0,1,390382,0,0,0,0,0,0,0,0,0,0
1,1,390382,0,0,0,0,0,0,0,0,0,0
1,1,390383,0,0,0,0,0,0,0,0,0,0
2,1,390383,0,6,27,22,0,5,0,9,15,9
1,1,390384,28,28,28,28,28,28,28,28,28,28
1,1,390385,0,0,0,0,0,0,0,0,0,0
2,1,390385,0,0,0,0,0,0,0,0,0,0
1,1,390386,11,11,11,11,11,11,11,11,11,11
1,1,390387,7,7,7,7,7,7,7,7,7,7
1,1,390388,0,0,0,0,0,0,0,0,0,0
1,1,390389,0,0,0,0,0,0,0,0,0,0
1,1,390390,0,0,0,0,0,0,0,0,0,0
2,1,390390,0,0,0,0,0,0,0,0,0,20
1,1,390391,18,18,18,18,18,18,18,18,18,18
1,1,390392,0,0,0,0,0,0,0,0,0,0
1,1,390393,0,0,0,0,0,0,0,0,0,0
2,1,390393,0,0,0,0,0,0,0,0,0,0
1,1,390394,1,1,1,1,1,1,1,1,1,1
0,1,390395,0,0,0,0,0,0,0,0,0,0
1,1,390395,0,0,0,0,0,0,0,0,0,0
1,1,390396,0,0,0,0,0,0,0,0,0,0
1,1,390397,0,0,0,0,0,0,0,0,0,0
1,1,390398,0,0,0,0,0,0,0,0,0,0
2,1,390398,0,0,0,0,0,0,0,0,0,0
1,1,390399,0,0,0,0,0,0,0,0,0,0
2,1,390399,0,0,0,0,0,0,0,0,0,0
1,1,390400,0,0,0,0,0,0,0,0,0,0
1,1,390401,6,6,6,6,6,6,6,6,6,6
2,1,390401,0,0,0,0,0,0,0,0,0,0
0,1,390402,0,0,0,0,0,0,0,0,0,0
1,1,390402,0,0,0,0,0,0,0,0,19,0
1,1,390403,0,0,0,0,0,0,0,0,0,0
1,1,390404,0,0,0,0,0,0,0,0,0,0
1,1,390405,0,0,0,0,0,0,0,0,0,0
1,1,390406,0,0,0,0,0,0,0,0,0,0
2,1,390406,15,15,15,15,15,15,15,15,15,15
1,1,390407,0,0,0,6,0,0,0,0,0,0
2,1,390407,0,0,0,0,0,0,0,0,0,0
1,1,390408,0,0,0,0,0,0,0,0,0,0
1,1,390409,0,0,0,0,0,0,0,0,0,0
2,1,390409,0,0,0,0,0,0,0,0,0,0
1,1,390410,18,18,18,18,18,18,18,18,18,18
1,1,390411,0,0,0,0,0,0,0,0,0,0
1,1,390412,0,0,0,0,0,0,0,0,0,0
1,1,390413,14,14,14,14,14,14,14,14,14,14
1,1,390414,26,24,20,31,23,16,27,18,13,21
1,1,390415,14,14,14,14,14,14,14,14,14,14
1,1,390416,0,0,0,0,0,0,0,0,0,0
2,1,390416,0,0,0,0,0,0,0,0,0,0
3,1,390416,0,0,0,0,0,0,0,0,0,0
1,1,390417,4,4,4,4,4,4,4,4,4,4
2,1,390417,0,0,0,0,0,0,0,0,0,0
3,1,390417,0,0,0,0,0,0,0,0,0,0
4,1,390417,0,0,0,0,0,0,0,0,0,0
1,1,390418,0,0,0,0,0,0,0,0,0,0
2,1,390418,0,0,0,0,0,0,0,0,0,0
1,1,390419,22,22,22,22,22,22,22,22,22,22
1,1,390420,0,0,0,0,0,0,0,0,0,0
2,1,390420,22,22,22,22,22,22,22,22,22,22
1,1,390421,0,0,0,0,0,0,0,0,0,0
2,1,390421,0,0,0,0,0,0,0,0,0,0
1,1,390422,22,22,22,22,22,22,22,22,22,22
1,1,390423,0,0,0,0,0,0,0,0,0,0
1,1,390424,0,0,0,0,0,0,0,0,0,0
2,1,390424,0,0,0,0,0,0,0,0,0,0
1,1,390425,0,0,0,0,0,0,0,0,0,0
1,1,390426,0,0,0,0,0,0,0,0,0,0
1,1,390427,0,0,0,0,0,0,0,0,8,0
2,1,390427,0,0,0,0,0,0,0,0,0,0
1,1,390428,0,0,0,0,0,0,0,0,0,0
2,1,390428,1,1,1,1,1,1,1,1,1,1
1,1,390429,22,22,22,22,22,22,22,22,22,22
1,1,390430,0,0,0,0,0,0,0,0,0,0
2,1,390430,0,0,0,0,0,0,0,0,0,0
1,1,390431,13,13,13,13,13,13,13,13,13,13
1,1,390432,14,14,14,14,14,14,14,14,14,14
1,1,390433,0,0,0,0,0,0,0,0,0,0
1,1,390434,0,0,0,0,0,0,0,0,0,0
1,1,390435,16,16,16,16,16,16,16,16,16,16
1,1,390436,23,23,23,23,23,23,23,23,23,23
1,1,390437,0,0,0,0,0,0,0,0,0,0
2,1,390437,0,0,0,0,0,0,0,0,0,0
1,1,390438,17,17,17,17,17,17,17,17,17,17
1,1,390439,0,0,0,0,0,0,0,0,0,0
2,1,390439,0,0,0,0,0,0,0,0,0,0
1,1,390440,0,0,0,0,0,0,0,0,9,0
1,1,390441,0,0,0,0,0,0,0,0,0,0
2,1,390441,0,0,0,0,0,0,0,0,0,0
0,1,390442,0,0,0,0,0,0,0,0,0,0
0,2,390442,0,0,0,0,0,0,0,16,0,0
1,1,390442,14,28,0,9,35,10,10,8,0,10
1,1,390443,0,0,0,0,0,0,0,0,0,0
2,1,390443,0,0,0,0,0,0,0,0,0,0
2,1,390444,20,20,20,20,20,20,20,20,20,20
1,1,390445,0,0,0,0,0,0,0,0,0,0
1,1,390446,0,0,0,0,0,16,0,0,0,0
1,1,390447,9,9,9,9,9,9,9,9,9,9
2,1,390447,0,0,0,0,0,0,0,0,0,0
1,1,390448,0,0,0,0,0,0,0,0,0,0
2,1,390448,5,5,5,5,5,5,5,5,5,5
1,1,390449,8,8,8,8,8,8,8,8,8,8
2,1,390449,0,0,0,0,0,0,0,0,0,0
1,1,390450,0,0,0,0,0,0,0,0,0,0
2,1,390450,1,1,1,1,1,1,1,1,1,1
1,1,390451,1,1,1,1,1,1,1,1,1,1
1,1,390452,16,16,16,16,16,16,16,16,16,16
1,1,390453,15,15,15,15,15,15,15,15,15,15
1,1,390454,0,0,0,0,0,0,0,0,0,0
2,1,390454,0,0,0,0,0,0,0,0,0,0
3,1,390454,0,0,0,0,0,0,0,0,0,0
1,1,390455,0,0,0,0,0,0,0,0,0,0
2,1,390455,0,0,0,0,0,0,0,0,0,0
1,1,390456,23,23,23,23,23,23,23,23,23,23
1,1,390457,0,0,0,0,0,0,0,0,0,0
2,1,390457,0,0,0,0,0,0,0,0,0,0
1,1,390458,0,0,0,0,0,0,0,0,0,0
1,1,390459,30,30,30,30,30,30,30,30,30,30
1,1,390460,0,0,0,0,0,0,0,0,0,0
2,1,390460,0,0,0,0,0,0,0,0,0,0
1,1,390461,0,0,0,0,0,0,0,0,0,0
2,1,390461,0,0,0,0,0,0,0,0,0,0
1,1,390462,0,0,0,0,0,0,0,0,7,0
2,1,390462,0,0,0,0,0,0,0,0,0,0
1,1,390463,0,0,0,0,0,0,0,0,0,0
1,1,390464,0,0,0,0,0,0,0,0,47,0
2,1,390464,0,0,0,0,0,0,0,0,0,0
1,1,390465,8,0,0,0,0,0,0,0,0,0
2,1,390465,9,0,0,0,0,0,0,0,0,0
1,1,390466,0,0,0,0,0,0,0,0,0,0
2,1,390466,0,0,0,0,0,0,0,0,0,0
1,1,390467,0,0,0,0,0,0,0,0,0,0
2,1,390467,0,0,0,0,0,0,0,0,0,0
1,1,390468,0,0,0,0,0,0,0,0,0,0
2,1,390468,0,0,0,0,0,0,0,0,0,0
3,1,390468,0,0,0,0,0,0,0,0,0,0
1,1,390469,0,0,0,0,0,0,0,0,0,0
1,1,390470,0,0,0,0,0,0,0,0,0,0
1,1,390471,5,5,5,5,5,5,5,5,5,5
1,1,390472,0,0,0,0,0,0,0,0,0,0
2,1,390472,0,0,0,0,0,0,0,0,0,0
1,1,390473,0,0,0,0,0,0,0,0,0,0
2,1,390473,0,0,0,0,0,0,0,0,0,0
3,1,390473,0,0,0,0,0,0,0,0,0,0
4,1,390473,0,0,0,0,0,0,0,0,0,0
1,1,390474,0,0,0,0,0,0,0,0,0,0
2,1,390474,0,0,0,0,0,0,0,0,0,0
1,1,390475,5,5,5,5,5,5,5,5,5,5
1,1,390476,0,0,0,0,0,0,0,0,0,0
1,1,390477,22,22,22,22,22,22,22,22,22,22
1,1,390478,0,0,0,0,0,0,0,0,0,0
0,1,390479,0,0,0,0,0,0,0,0,0,0
0,2,390479,0,0,0,0,0,0,0,0,0,0
0,3,390479,0,0,0,0,0,0,0,0,0,0
1,1,390479,0,0,0,0,0,0,0,0,0,0
1,1,390480,0,0,0,0,0,0,0,0,0,0
2,1,390480,0,0,0,0,0,0,0,0,0,0
1,1,390481,0,0,0,0,0,0,0,0,0,0
2,1,390481,0,0,0,0,0,0,0,20,0,0
1,1,390482,0,0,8,14,0,0,0,0,0,0
2,1,390482,0,0,0,0,0,0,0,0,0,0
3,1,390482,17,17,17,17,17,17,17,17,17,17
1,1,390483,0,0,0,0,0,0,0,0,0,0
2,1,390483,0,0,0,0,0,0,0,0,0,0
3,1,390483,0,0,0,0,0,0,0,0,0,0
1,1,390484,7,7,7,7,7,7,7,7,7,7
1,1,390485,0,0,0,0,0,0,0,0,0,0
1,1,390486,0,0,0,0,0,0,0,0,0,0
1,1,390487,0,0,0,0,0,0,0,0,0,0
2,1,390487,19,19,19,19,19,19,19,19,19,19
1,1,390488,0,0,0,0,0,0,0,0,0,0
2,1,390488,0,0,0,0,0,0,0,0,0,0
1,1,390489,12,12,12,12,12,12,12,12,12,12
1,1,390490,0,0,0,0,0,0,0,0,0,0
1,1,390491,0,0,0,0,0,0,0,0,0,0
2,1,390491,0,0,0,0,0,0,0,0,0,0
1,1,390492,0,0,0,0,0,0,0,0,0,0
1,1,390493,0,0,0,0,0,0,0,0,0,0
1,1,390494,0,0,0,0,0,0,0,0,0,0
1,1,390495,4,0,0,0,0,0,0,0,0,0
2,1,390495,0,0,0,0,0,0,0,0,0,0
1,1,390496,0,0,0,0,0,0,0,0,0,0
2,1,390496,0,0,0,0,0,0,0,0,0,0
3,1,390496,0,0,0,0,0,0,0,0,0,0
4,1,390496,0,0,0,0,0,0,0,0,0,0
1,1,390497,0,0,0,0,0,0,0,0,0,0
0,1,390498,0,0,0,0,0,0,0,0,0,0
1,1,390498,0,0,0,0,0,0,0,0,0,0
1,1,390499,19,19,19,19,19,19,19,19,19,19
1,1,390500,1,1,1,1,1,1,1,1,1,1
2,1,390500,13,13,13,13,13,13,13,13,13,13
1,1,390501,0,0,0,0,0,0,0,0,0,0
2,1,390501,0,0,0,0,0,0,0,0,0,0
1,1,390502,0,0,0,0,0,0,0,0,0,10
2,1,390502,0,0,0,0,0,0,0,0,0,0
1,1,390503,0,0,0,0,0,0,0,0,0,0
2,1,390503,0,0,0,0,0,0,0,0,0,0
1,1,390504,0,0,0,0,0,0,0,0,0,0
0,1,390505,0,0,0,0,0,0,0,0,0,0
1,1,390505,0,0,0,0,0,0,0,0,0,0
1,1,390506,0,0,0,0,0,0,0,0,0,0
1,1,390507,4,4,4,4,4,4,4,4,4,4
2,1,390507,0,0,0,0,0,0,0,0,0,0
1,1,390508,0,0,0,0,0,0,0,0,0,0
2,1,390508,28,28,28,28,28,28,28,28,28,28
1,1,390509,15,15,15,15,15,15,15,15,15,15
1,1,390510,0,0,0,0,0,0,0,0,0,0
2,1,390510,0,0,0,0,0,0,0,0,0,0
1,1,390511,0,0,0,0,0,0,0,0,0,0
2,1,390512,0,0,0,0,0,0,0,0,0,0
1,1,390513,0,0,0,0,0,0,0,0,0,0
2,1,390513,0,0,0,0,0,0,0,0,0,0
1,1,390514,0,0,0,0,0,0,0,0,0,0
2,1,390514,0,0,0,0,0,0,0,0,0,0
1,1,390515,0,0,0,0,0,0,0,0,0,0
2,1,390515,0,0,0,0,0,0,0,0,0,0
1,1,390516,0,0,0,0,0,0,0,0,0,0
2,1,390516,0,0,0,0,0,0,0,0,0,0
1,1,390517,17,17,17,17,17,17,17,17,17,17
2,1,390517,0,0,0,13,0,0,0,0,0,0
1,1,390518,0,0,0,0,0,0,0,0,0,0
2,1,390518,0,0,0,0,0,0,0,0,0,0
1,1,390519,0,0,0,0,0,0,0,0,0,0
0,1,390520,3,3,3,3,3,3,3,3,3,3
1,1,390520,0,0,0,0,0,0,0,0,0,0
1,1,390521,0,0,0,0,0,0,0,0,0,0
0,1,390522,0,0,0,0,0,0,0,0,0,0
1,1,390522,0,0,0,0,0,0,0,0,0,0
1,1,390523,20,20,20,20,20,20,20,20,20,20
2,1,390523,0,0,0,0,0,0,0,0,0,0
1,1,390524,17,17,17,17,17,17,17,17,17,17
1,1,390525,7,7,7,7,7,7,7,7,7,7
2,1,390525,0,0,0,0,0,0,0,0,0,0
1,1,390526,19,19,19,19,19,19,19,19,19,19
1,1,390527,25,25,25,25,25,25,25,25,25,25
0,1,390528,0,0,0,0,0,0,0,0,0,0
1,1,390528,0,0,0,0,0,0,0,0,0,0
1,1,390529,0,0,0,0,0,0,0,0,0,0
2,1,390529,0,0,0,0,0,0,0,0,0,0
1,1,390530,8,8,8,8,8,8,8,8,8,8
1,1,390531,0,0,0,6,6,0,0,0,0,0
1,1,390532,0,0,0,0,0,0,0,0,0,0
1,1,390533,0,0,0,0,0,0,0,0,0,0
2,1,390533,0,0,0,0,0,0,0,0,0,0
1,1,390534,0,0,0,0,0,0,0,0,0,0
2,1,390534,0,0,0,0,0,0,0,0,0,0
1,1,390535,0,0,0,0,0,0,0,0,0,0
1,1,390536,0,0,0,0,0,0,0,0,0,0
2,1,390536,0,0,0,0,0,0,0,0,0,0
1,1,390537,0,0,0,0,0,0,0,0,0,0
2,1,390537,0,0,0,0,0,0,0,0,0,0
1,1,390538,0,0,0,0,0,0,0,0,0,0
2,1,390538,0,0,0,0,0,0,0,0,0,0
0,1,390539,0,0,0,0,0,0,0,0,0,0
1,1,390539,0,0,0,0,0,0,0,0,0,0
2,1,390539,0,0,0,0,0,0,0,0,0,0
1,1,390540,14,14,14,14,14,14,14,14,14,14
0,1,390541,22,22,22,22,22,22,22,22,22,22
1,1,390541,8,8,8,8,8,8,8,8,8,8
1,1,390542,14,14,14,14,14,14,14,14,14,14
1,1,390543,0,0,0,0,0,0,0,0,0,0
1,1,390544,0,0,0,0,0,0,0,0,0,0
2,1,390544,0,0,0,0,0,0,0,0,0,0
3,1,390544,0,0,0,0,0,0,0,0,0,0
1,1,390545,0,0,0,0,0,0,0,0,0,0
2,1,390545,0,0,0,0,0,0,0,0,0,0
1,1,390546,0,0,0,0,0,0,0,0,0,0
2,1,390546,8,8,8,8,8,8,8,8,8,8
1,1,390547,0,0,0,0,0,0,0,0,0,0
1,1,390548,0,0,0,0,0,0,0,0,0,0
2,1,390548,13,13,13,13,13,13,13,13,13,13
1,1,390549,33,33,33,33,33,33,33,33,33,33
2,1,390549,0,0,0,0,0,0,0,0,0,0
0,1,390550,0,0,0,0,0,0,0,0,0,0
1,1,390550,0,0,0,0,0,0,0,0,0,0
1,1,390551,0,0,0,0,0,0,0,0,0,0
1,1,390552,0,0,0,0,0,0,0,0,0,0
1,1,390553,0,0,0,0,0,0,0,0,0,0
2,1,390553,0,0,0,0,0,0,0,0,0,0
1,1,390554,14,14,14,14,14,14,14,14,14,14
2,1,390554,0,0,0,0,0,0,0,0,0,0
1,1,390555,0,0,0,0,0,0,0,0,0,0
1,1,390556,0,0,0,0,0,0,0,0,0,0
2,1,390556,0,0,0,0,0,0,0,0,0,0
1,1,390557,0,0,0,0,0,0,0,0,0,0
2,1,390557,0,0,0,0,0,0,0,0,0,0
1,1,390558,0,0,0,0,0,0,0,0,0,0
2,1,390558,0,0,0,0,0,0,0,0,0,0
1,1,390559,0,0,0,0,0,0,0,0,0,0
1,1,390560,14,14,14,14,14,14,14,14,14,14
1,1,390561,0,0,0,0,0,0,0,0,0,0
2,1,390561,0,0,0,0,0,0,0,0,0,0
0,1,390562,0,0,9,0,0,0,0,0,0,0
1,1,390562,0,0,0,0,0,5,5,0,0,0
1,1,390563,0,0,0,0,0,0,0,0,7,0
1,1,390564,7,7,7,7,7,7,7,7,7,7
1,1,390565,7,7,7,7,7,7,7,7,7,7
1,1,390566,0,0,0,0,0,0,0,0,0,0
2,1,390566,0,0,0,0,0,0,0,0,0,0
1,1,390567,0,0,0,0,0,0,0,0,0,0
2,1,390567,0,0,0,0,0,0,0,0,0,0
1,1,390568,0,0,0,0,0,0,0,0,0,0
1,1,390569,30,30,30,30,30,30,30,30,30,30
1,1,390570,0,9,0,0,13,0,0,0,0,0
1,1,390571,0,0,0,0,0,0,0,0,0,0
1,1,390572,0,0,0,0,0,0,0,0,0,0
1,1,390573,39,39,39,39,39,39,39,39,39,39
1,1,390574,0,0,0,0,0,0,0,0,0,0
2,1,390574,0,0,0,0,0,0,0,0,0,0
1,1,390575,0,0,0,0,0,0,0,0,0,0
1,1,390576,0,0,0,0,0,0,0,0,0,0
2,1,390576,0,0,0,0,0,0,0,0,0,0
1,1,390577,0,0,0,0,0,0,0,0,0,0
2,1,390577,0,0,0,0,0,0,0,0,0,0
3,1,390577,0,0,0,0,0,0,0,0,0,0
1,1,390578,22,22,22,22,22,22,22,22,22,22
1,1,390579,13,15,0,9,32,42,0,46,0,17
1,1,390580,0,0,0,0,0,0,0,0,0,0
2,1,390580,0,0,0,0,0,0,0,0,0,0
3,1,390580,0,0,0,0,0,0,0,0,0,0
1,1,390581,0,0,0,0,0,0,0,0,0,0
1,1,390582,18,18,18,18,18,18,18,18,18,18
1,1,390583,0,0,14,0,14,0,0,0,0,0
2,1,390583,0,0,0,0,0,0,0,10,0,0
1,1,390584,0,0,0,0,0,0,0,0,0,0
1,1,390585,0,0,0,0,0,0,0,0,0,0
2,1,390585,0,0,0,0,0,0,0,0,0,0
1,1,390586,0,0,0,0,0,0,0,0,0,0
2,1,390586,0,0,0,0,0,0,0,0,0,0
1,1,390587,0,0,0,0,0,0,0,0,0,0
2,1,390587,0,0,0,0,0,0,0,0,0,0
1,1,390588,5,5,5,5,5,5,5,5,5,5
1,1,390589,29,29,29,29,29,29,29,29,29,29
1,1,390590,0,0,0,0,0,0,0,0,0,0
2,1,390590,0,0,0,0,0,0,0,0,0,0
3,1,390590,0,0,0,0,0,0,0,0,0,0
4,1,390590,0,0,0,0,0,0,0,0,0,0
1,1,390591,0,0,0,0,0,0,0,0,0,0
2,1,390591,0,0,0,0,0,0,0,0,0,0
1,1,390592,0,0,0,0,0,0,0,0,0,0
1,1,390593,3,3,3,3,3,3,3,3,3,3
2,1,390593,0,0,0,0,0,0,0,0,0,0
1,1,390594,8,8,8,8,8,8,8,8,8,8
1,1,390595,21,21,21,21,21,21,21,21,21,21
2,1,390595,0,0,0,0,0,0,0,0,0,0
1,1,390596,0,0,0,0,0,0,0,0,0,0
1,1,390597,0,0,0,0,0,0,0,0,0,0
1,1,390598,0,0,0,0,0,0,0,0,0,0
2,1,390598,0,0,0,0,0,0,0,0,0,0
1,1,390599,0,0,0,0,0,0,0,0,0,0
2,1,390599,0,0,0,0,0,0,0,0,0,0
3,1,390599,0,0,0,0,0,0,0,0,0,0
4,1,390599,0,0,0,0,0,0,0,0,0,0
1,1,390600,0,0,0,0,0,0,0,0,0,0
2,1,390600,0,0,9,0,0,0,0,0,0,0
0,1,390601,0,0,0,0,0,0,0,0,0,0
1,1,390601,0,0,0,0,0,0,0,0,0,0
1,1,390602,25,25,25,25,25,25,25,25,25,25
1,1,390603,18,18,18,18,18,18,18,18,18,18
1,1,390604,10,10,10,10,10,10,10,10,10,10
1,1,390605,15,15,15,15,15,15,15,15,15,15
1,1,390606,17,17,17,17,17,17,17,17,17,17
1,1,390608,24,24,24,24,24,24,24,24,24,24
1,1,390609,2,2,2,2,2,2,2,2,2,2
1,1,390610,0,0,0,0,0,0,0,0,0,0
2,1,390610,0,0,0,0,0,0,0,0,0,0
1,1,390612,19,19,19,19,19,19,19,19,19,19
2,1,390612,6,6,6,6,6,6,6,6,6,6
1,1,390613,0,0,0,0,0,0,0,0,0,0
2,1,390613,0,0,0,0,0,0,0,0,0,0
1,1,390614,0,0,0,0,0,0,0,0,0,0
2,1,390614,0,0,0,0,0,10,0,0,0,0
1,1,390615,0,0,0,0,0,0,0,0,0,0
2,1,390615,0,0,0,0,0,0,0,0,0,0
0,1,390616,0,0,0,0,0,0,0,0,0,0
1,1,390616,0,0,0,0,0,0,0,0,0,0
0,1,390617,0,0,0,0,0,0,0,0,0,0
1,1,390617,0,0,0,0,0,0,0,0,0,0
1,1,390618,0,0,0,0,0,0,0,0,0,0
2,1,390619,6,6,6,6,6,6,6,6,6,6
0,1,390620,18,0,0,19,0,15,0,16,0,0
1,1,390620,7,7,7,7,7,7,7,7,7,7
2,1,390620,15,15,15,15,15,15,15,15,15,15
3,1,390620,0,0,0,0,0,0,0,0,0,0
1,1,390621,0,0,0,0,0,0,0,0,0,0
1,1,390622,4,4,4,4,4,4,4,4,4,4
0,1,390623,0,0,0,0,0,0,0,0,0,0
1,1,390623,0,0,0,20,17,0,13,0,0,0
1,1,390624,0,0,0,0,0,0,0,0,0,0