VEH_NO,PER_NO,ST_CASE,P1,P2,P3,P4,P5,P6,P7,P8,P9,P10
2,1,390624,0,0,0,0,0,0,0,0,0,0
1,1,390625,24,24,24,24,24,24,24,24,24,24
2,1,390625,18,0,0,0,0,0,0,0,0,12
0,1,390626,0,0,0,0,0,0,0,0,0,0
1,1,390626,0,0,0,0,0,0,0,0,0,0
1,1,390627,18,18,18,18,18,18,18,18,18,18
1,1,390628,11,11,11,11,11,11,11,11,11,11
1,1,390630,5,5,5,5,5,5,5,5,5,5
1,1,390631,17,17,17,17,17,17,17,17,17,17
1,1,390632,8,8,8,8,8,8,8,8,8,8
2,1,390632,0,0,0,0,0,0,0,0,0,0
1,1,390633,0,0,0,0,0,0,0,0,0,0
2,1,390633,0,0,0,0,0,0,0,0,0,0
1,1,390634,0,0,0,0,0,0,0,0,0,0
1,1,390635,0,0,0,0,0,0,0,0,0,0
2,1,390635,0,0,0,0,0,0,0,0,0,0
3,1,390635,0,0,0,0,0,0,0,0,0,0
1,1,390636,0,0,0,0,0,0,0,0,0,0
2,1,390636,0,0,0,0,0,0,0,0,0,0
1,1,390637,0,0,0,0,0,0,0,0,0,0
2,1,390637,0,0,0,0,0,0,0,0,0,0
1,1,390638,13,13,13,13,13,13,13,13,13,13
1,1,390639,0,0,0,0,0,0,0,0,0,0
2,1,390639,0,0,0,0,0,0,0,0,0,0
1,1,390640,11,11,11,11,11,11,11,11,11,11
1,1,390641,26,26,26,26,26,26,26,26,26,26
1,1,390642,8,21,25,23,17,13,18,10,9,14
0,1,390643,0,0,0,0,0,0,0,0,0,0
1,1,390643,0,0,0,0,0,0,0,0,0,0
1,1,390644,34,34,34,34,34,34,34,34,34,34
2,1,390644,0,0,0,0,0,0,0,0,0,0
0,1,390645,29,29,29,29,29,29,29,29,29,29
1,1,390645,0,0,0,0,0,0,0,0,0,0
1,1,390646,4,4,4,4,4,4,4,4,4,4
1,1,390647,0,0,0,0,0,0,0,0,0,0
1,1,390648,25,25,25,25,25,25,25,25,25,25
1,1,390649,0,0,0,0,0,0,0,0,0,0
2,1,390649,0,0,0,0,0,0,0,0,0,0
1,1,390650,17,17,17,17,17,17,17,17,17,17
1,1,390651,19,19,19,19,19,19,19,19,19,19
1,1,390652,0,0,0,0,0,0,0,0,0,0
1,1,390653,0,15,0,0,0,0,0,0,18,0
1,1,390654,15,15,15,15,15,15,15,15,15,15
1,1,390655,0,0,0,0,0,0,0,0,0,0
2,1,390655,1,1,1,1,1,1,1,1,1,1
1,1,390656,0,0,0,0,0,0,0,0,0,0
2,1,390656,0,0,0,0,0,0,0,0,0,0
1,1,390657,0,0,0,0,0,0,0,0,0,0
2,1,390657,0,0,0,0,0,0,0,0,0,0
1,1,390658,0,0,0,0,0,0,0,0,0,0
2,1,390658,0,0,0,0,0,0,0,0,0,0
1,1,390659,0,0,0,0,0,0,0,0,0,0
2,1,390659,0,0,0,0,0,0,0,0,0,0
1,1,390660,0,0,0,0,0,9,0,0,11,0
2,1,390660,0,0,0,0,0,0,0,0,0,0
1,1,390661,0,0,0,0,0,0,0,0,0,0
1,1,390662,0,0,0,0,0,0,0,0,0,0
2,1,390662,0,0,0,0,0,0,0,0,0,0
3,1,390662,0,0,0,0,0,0,0,0,0,0
1,1,390663,22,22,22,22,22,22,22,22,22,22
2,1,390663,0,0,0,0,0,0,0,0,0,0
3,1,390663,0,0,0,0,0,0,0,0,0,0
4,1,390663,0,0,0,0,0,0,0,0,0,0
1,1,390664,16,16,16,16,16,16,16,16,16,16
2,1,390664,0,0,0,0,0,0,0,0,0,0
1,1,390665,0,0,0,0,0,0,0,0,0,0
2,1,390665,0,0,0,0,0,0,0,0,0,0
1,1,390666,11,11,11,11,11,11,11,11,11,11
1,1,390667,0,0,0,0,0,0,0,0,0,0
2,1,390667,0,0,0,0,0,0,0,0,0,14
0,1,390668,27,27,27,27,27,27,27,27,27,27
1,1,390668,0,0,0,0,8,0,0,0,0,0
1,1,390669,1,1,1,1,1,1,1,1,1,1
1,1,390670,7,0,12,0,0,0,20,0,0,0
1,1,390671,31,31,31,31,31,31,31,31,31,31
1,1,390672,0,0,0,0,0,0,0,0,0,0
1,1,390673,13,0,0,0,14,7,0,0,0,16
2,1,390673,0,0,0,0,0,0,0,0,0,0
1,1,390674,0,0,0,0,0,0,0,0,0,0
1,1,390675,14,14,14,14,14,14,14,14,14,14
2,1,390675,5,5,5,5,5,5,5,5,5,5
1,1,390676,16,0,0,0,0,0,0,0,0,0
1,1,390677,14,14,14,14,14,14,14,14,14,14
1,1,390678,0,0,0,0,0,0,0,0,0,0
2,1,390678,0,0,0,0,0,0,0,0,0,0
1,1,390679,6,6,6,6,6,6,6,6,6,6
2,1,390679,12,12,12,12,12,12,12,12,12,12
1,1,390680,0,0,0,0,0,0,0,0,0,0
2,1,390680,0,0,0,0,0,0,0,0,0,0
0,1,390681,0,0,0,0,0,0,0,0,0,0
1,1,390682,0,22,0,17,19,0,25,0,0,18
1,1,390683,3,3,3,3,3,3,3,3,3,3
1,1,390684,0,0,0,0,0,0,0,0,0,0
0,1,390685,0,0,0,0,0,0,0,0,0,0
1,1,390685,18,18,18,18,18,18,18,18,18,18
1,1,390686,14,14,14,14,14,14,14,14,14,14
1,1,390688,31,31,31,31,31,31,31,31,31,31
1,1,390689,26,26,26,26,26,26,26,26,26,26
2,1,390689,0,0,0,0,0,0,0,0,0,0
1,1,390690,0,0,0,0,0,0,0,0,0,0
1,1,390691,16,16,16,16,16,16,16,16,16,16
1,1,390692,14,14,14,14,14,14,14,14,14,14
1,1,390693,5,5,5,5,5,5,5,5,5,5
1,1,390694,3,3,3,3,3,3,3,3,3,3
2,1,390694,16,16,16,16,16,16,16,16,16,16
1,1,390695,0,0,0,0,0,0,0,0,0,0
1,1,390696,0,0,0,0,0,0,0,0,0,0
2,1,390696,0,0,0,0,0,0,0,0,0,0
1,1,390697,0,0,0,0,0,0,0,0,0,0
2,1,390697,0,0,0,0,0,0,0,0,0,0
3,1,390697,0,0,0,0,0,0,0,0,0,0
4,1,390697,0,0,0,0,0,0,0,7,0,0
1,1,390698,0,0,0,0,0,0,0,0,0,0
1,1,390699,0,0,0,0,0,0,0,0,0,0
1,1,390700,0,0,0,0,0,0,0,0,0,0
2,1,390700,0,0,0,0,0,0,0,0,0,0
1,1,390701,0,0,0,0,0,0,0,0,0,0
1,1,390702,0,0,0,0,0,0,0,0,0,0
2,1,390702,0,0,0,0,0,0,0,0,0,0
1,1,390703,0,0,0,0,3,0,0,0,0,0
1,1,390704,0,0,0,0,0,0,0,0,0,0
1,1,390705,0,0,0,0,0,0,0,0,0,0
2,1,390705,0,0,0,0,0,0,9,0,0,0
1,1,390706,21,21,21,21,21,21,21,21,21,21
1,1,390707,0,0,0,0,0,0,0,0,0,0
2,1,390707,0,0,0,0,0,0,0,0,0,0
1,1,390708,0,0,0,0,0,0,0,0,0,0
2,1,390708,0,0,0,0,0,0,0,0,0,0
0,1,390709,23,23,23,23,23,23,23,23,23,23
1,1,390709,0,0,0,0,4,0,12,0,6,0
1,1,390710,0,0,0,0,0,0,0,0,0,0
1,1,390711,15,15,15,15,15,15,15,15,15,15
1,1,390712,0,0,0,0,0,0,0,0,0,0
1,1,390713,0,0,0,0,0,0,0,0,0,0
2,1,390713,6,6,6,6,6,6,6,6,6,6
0,1,390714,0,0,0,0,0,0,0,0,0,0
1,1,390714,0,0,0,0,0,0,0,0,0,0
1,1,390715,0,0,0,16,0,0,0,10,0,0
1,1,390716,0,0,0,0,0,0,0,0,0,0
0,1,390717,20,20,20,20,20,20,20,20,20,20
1,1,390717,9,19,10,13,2,13,0,0,10,0
1,1,390718,0,0,0,0,0,0,0,0,14,11
2,1,390718,0,0,0,0,0,0,0,0,0,0
2,1,390719,0,0,0,0,0,0,0,0,0,0
1,1,390720,6,6,6,6,6,6,6,6,6,6
1,1,390721,2,2,2,2,2,2,2,2,2,2
1,1,390722,8,8,8,8,8,8,8,8,8,8
0,1,390723,0,0,0,0,0,0,0,0,0,0
1,1,390723,0,0,0,0,0,0,0,0,0,0
1,1,390724,0,0,0,0,0,0,0,0,0,0
2,1,390724,0,25,0,0,0,0,0,0,0,0
1,1,390725,0,0,0,0,0,0,0,0,0,0
2,1,390725,0,0,0,0,0,0,0,0,0,0
1,1,390726,7,7,7,7,7,7,7,7,7,7
1,1,390727,0,0,0,0,0,0,0,0,0,0
2,1,390727,0,0,0,0,0,0,0,0,0,0
1,1,390728,24,24,24,24,24,24,24,24,24,24
0,1,390729,0,10,0,0,0,0,0,0,0,0
0,2,390729,0,0,0,0,7,0,0,0,0,0
1,1,390729,20,20,20,20,20,20,20,20,20,20
1,1,390730,0,0,0,0,0,0,0,0,0,0
1,1,390731,0,0,0,0,0,0,0,0,0,0
1,1,390732,14,14,14,14,14,14,14,14,14,14
1,1,390733,0,4,0,5,10,0,17,0,0,0
0,1,390734,0,0,0,0,0,0,0,0,0,0
0,2,390734,0,0,0,0,0,0,0,0,7,0
0,3,390734,0,0,0,0,0,0,0,0,0,0
1,1,390734,0,0,0,0,0,0,0,0,0,0
1,1,390735,0,0,0,0,0,0,0,0,0,0
2,1,390735,0,0,0,0,0,0,0,0,0,0
1,1,390736,0,0,0,0,0,0,0,0,0,0
2,1,390736,0,0,0,0,0,0,0,0,0,0
0,1,390737,0,0,0,0,0,0,0,0,0,0
1,1,390737,6,6,6,6,6,6,6,6,6,6
1,1,390738,24,24,24,24,24,24,24,24,24,24
1,1,390739,0,0,0,0,0,0,0,0,0,0
1,1,390740,17,17,17,17,17,17,17,17,17,17
2,1,390740,0,0,0,0,0,0,0,0,0,0
1,1,390741,0,0,0,0,0,0,0,0,0,0
2,1,390741,0,0,0,0,0,0,0,0,0,0
1,1,390742,0,0,0,0,0,0,0,0,0,0
2,1,390742,0,0,0,0,0,0,0,0,0,0
1,1,390744,0,0,0,0,0,0,0,0,0,0
2,1,390744,0,0,0,0,0,0,0,0,0,0
3,1,390744,0,0,0,0,0,0,0,0,0,6
0,1,390745,20,20,20,20,20,20,20,20,20,20
1,1,390745,0,0,0,0,0,0,0,0,0,0
1,1,390747,0,0,0,0,0,0,0,0,0,0
1,1,390748,0,0,0,0,0,0,0,0,0,0
1,1,390749,0,0,0,0,0,0,0,0,0,0
2,1,390749,19,19,19,19,19,19,19,19,19,19
1,1,390750,0,0,0,0,0,0,0,0,0,11
2,1,390750,0,0,0,0,0,0,0,0,0,0
1,1,390751,0,0,0,0,0,0,0,0,0,0
1,1,390752,17,17,17,17,17,17,17,17,17,17
1,1,390753,18,18,18,18,18,18,18,18,18,18
1,1,390754,0,0,0,0,0,0,0,0,0,0
2,1,390754,0,0,0,0,0,0,0,0,0,0
1,1,390755,23,23,23,23,23,23,23,23,23,23
1,1,390756,0,0,7,0,0,0,0,0,0,0
2,1,390756,0,0,0,0,12,0,0,0,0,0
1,1,390757,0,0,0,0,0,0,0,0,0,0
2,1,390757,28,28,28,28,28,28,28,28,28,28
1,1,390758,16,16,16,16,16,16,16,16,16,16
1,1,390759,21,21,21,21,21,21,21,21,21,21
1,1,390760,0,0,0,0,0,0,0,0,0,0
2,1,390760,0,0,0,0,0,0,0,0,0,0
1,1,390761,5,0,0,0,0,7,0,17,0,0
0,1,390762,0,0,0,0,0,0,0,0,0,0
0,2,390762,0,0,0,21,0,15,21,4,0,0
1,1,390762,0,0,0,0,0,0,0,0,0,0
2,1,390762,0,0,0,0,0,0,0,0,0,0
1,1,390763,29,29,29,29,29,29,29,29,29,29
1,1,390764,0,0,0,0,0,0,0,0,0,0
1,1,390766,0,0,0,0,0,0,0,0,0,0
1,1,390767,0,0,0,0,0,0,0,0,0,0
2,1,390767,14,15,0,0,0,32,0,8,0,4
0,1,390768,0,0,0,0,0,0,0,0,0,0
1,1,390768,0,0,0,0,0,0,0,21,0,10
1,1,390769,16,16,16,16,16,16,16,16,16,16
1,1,390770,0,0,0,0,0,0,0,0,0,0
1,1,390771,0,0,0,0,0,0,0,0,0,0
2,1,390771,0,0,0,0,0,0,0,0,0,0
1,1,390773,0,0,0,0,0,0,0,0,0,0
1,1,390774,12,12,12,12,12,12,12,12,12,12
1,1,390775,12,12,12,12,12,12,12,12,12,12
1,1,390776,0,0,0,12,0,15,0,0,0,0
1,1,390777,0,0,0,0,0,0,0,0,0,0
1,1,390778,0,0,0,0,0,0,0,0,0,0
2,1,390778,0,0,0,0,0,0,0,0,0,0
1,1,390779,0,0,0,0,0,0,0,0,0,0
1,1,390780,0,0,0,0,0,0,0,0,0,0
1,1,390781,0,0,0,0,0,0,0,0,0,0
2,1,390781,0,0,0,0,0,0,0,0,0,0
1,1,390782,12,12,12,12,12,12,12,12,12,12
0,1,390783,10,14,9,0,0,8,15,0,0,5
0,2,390783,21,0,21,0,5,6,15,27,28,12
1,1,390783,0,0,15,0,0,0,0,0,9,21
1,1,390784,0,0,0,0,0,0,0,0,0,0
2,1,390784,0,0,0,0,0,0,0,0,0,0
1,1,390785,0,0,0,0,0,0,0,0,0,0
1,1,390786,0,0,0,0,0,0,0,0,0,0
2,1,390786,0,0,0,0,0,0,0,0,0,0
3,1,390786,0,0,0,0,0,0,0,0,0,0
1,1,390787,0,0,0,0,0,0,0,0,0,0
2,1,390787,16,11,12,14,17,0,16,9,11,0
1,1,390788,0,0,0,0,0,0,0,0,0,0
2,1,390788,0,0,0,0,0,0,0,0,0,0
1,1,390789,0,0,0,0,0,0,0,0,0,0
2,1,390789,0,0,0,0,0,0,0,0,0,0
0,1,390790,0,0,0,0,0,0,0,0,0,0
1,1,390790,0,0,6,0,0,0,0,0,0,0
1,1,390791,0,0,0,0,0,0,0,0,0,0
2,1,390791,0,0,0,0,0,0,0,0,0,0
0,1,390792,0,0,0,0,0,0,0,0,0,0
1,1,390792,12,0,10,0,8,16,10,0,3,18
1,1,390793,0,0,0,16,12,21,0,0,0,0
1,1,390794,17,17,17,17,17,17,17,17,17,17
1,1,390795,32,0,0,28,17,0,17,8,0,12
2,1,390795,0,0,0,0,0,0,0,0,0,0
3,1,390795,0,0,0,0,0,0,0,0,0,0
1,1,390796,0,0,0,0,0,0,0,0,0,0
2,1,390796,0,0,0,0,0,0,0,0,0,0
0,1,390797,0,0,0,0,0,0,0,0,0,0
1,1,390797,0,8,0,0,13,0,0,0,0,7
0,1,390798,21,21,21,21,21,21,21,21,21,21
1,1,390798,0,0,0,0,0,0,0,0,0,0
1,1,390799,0,0,0,0,0,0,0,0,0,0
2,1,390799,0,0,0,0,0,0,0,0,0,0
1,1,390800,18,18,18,18,18,18,18,18,18,18
0,1,390801,0,0,0,0,0,0,0,0,0,0
1,1,390801,1,1,1,1,1,1,1,1,1,1
1,1,390802,28,28,28,28,28,28,28,28,28,28
1,1,390803,0,0,0,0,0,0,0,0,0,0
2,1,390803,0,0,0,0,0,0,0,0,0,0
1,1,390804,8,8,8,8,8,8,8,8,8,8
1,1,390805,0,0,0,0,0,0,0,0,0,0
1,1,390806,0,0,0,0,0,0,0,0,0,0
1,1,390807,0,0,0,0,0,0,0,0,0,0
1,1,390808,0,0,0,0,0,0,0,0,0,0
1,1,390809,0,0,0,0,0,0,0,0,0,0
2,1,390809,0,0,0,0,0,0,0,0,0,0
1,1,390810,0,0,0,0,0,0,0,0,0,0
1,1,390811,0,0,0,0,0,0,0,0,0,0
2,1,390811,0,0,0,0,0,0,0,0,0,0
1,1,390812,6,0,8,0,0,0,0,0,0,0
2,1,390812,0,0,0,0,6,0,0,0,0,0
1,1,390813,0,0,0,0,0,0,0,0,0,0
2,1,390813,0,0,0,0,0,0,0,0,0,0
1,1,390814,27,27,27,27,27,27,27,27,27,27
1,1,390815,0,0,0,0,0,0,0,0,0,0
1,1,390816,28,28,28,28,28,28,28,28,28,28
0,1,390817,0,17,20,0,23,0,0,18,22,26
1,1,390817,9,0,0,0,0,0,0,0,0,17
0,1,390818,25,14,15,0,17,31,26,0,14,19
1,1,390818,11,0,15,7,3,0,11,0,3,7
1,1,390819,20,20,20,20,20,20,20,20,20,20
1,1,390820,0,0,0,0,0,0,0,0,0,0
2,1,390820,0,0,0,0,0,0,0,0,0,0
1,1,390822,21,21,21,21,21,21,21,21,21,21
1,1,390823,17,17,17,17,17,17,17,17,17,17
2,1,390823,0,0,0,0,0,0,0,0,0,0
1,1,390824,12,12,12,12,12,12,12,12,12,12
1,1,390825,33,33,33,33,33,33,33,33,33,33
2,1,390825,0,0,0,0,0,0,0,0,0,0
1,1,390826,20,20,20,20,20,20,20,20,20,20
1,1,390827,8,8,8,8,8,8,8,8,8,8
1,1,390828,0,0,0,0,0,0,0,0,0,0
2,1,390828,0,0,0,0,0,0,0,0,0,0
1,1,390829,9,9,9,9,9,9,9,9,9,9
1,1,390830,0,0,0,0,0,0,0,0,0,0
1,1,390831,0,0,0,0,0,0,0,0,0,0
2,1,390831,0,0,0,0,0,0,0,0,0,0
1,1,390832,0,0,0,0,0,0,0,0,0,0
1,1,390833,0,0,0,0,0,0,0,0,0,0
1,1,390834,1,1,1,1,1,1,1,1,1,1
1,1,390835,11,2,0,17,0,0,5,9,0,0
1,1,390836,0,0,0,0,0,0,0,0,0,0
2,1,390836,0,0,0,0,0,0,0,0,0,0
3,1,390836,0,0,0,0,0,0,0,0,0,0
1,1,390837,4,4,4,4,4,4,4,4,4,4
1,1,390838,14,14,14,14,14,14,14,14,14,14
2,1,390838,0,0,0,0,0,0,0,0,0,0
1,1,390839,0,0,0,0,0,0,0,0,0,0
1,1,390840,0,0,0,0,0,0,0,0,0,0
2,1,390840,0,0,0,0,0,0,0,0,0,0
1,1,390841,0,0,0,0,0,6,0,0,0,0
2,1,390841,0,0,0,0,0,0,0,0,0,0
0,1,390842,0,0,0,0,0,0,0,0,0,0
1,1,390842,0,0,0,0,0,0,0,0,0,0
1,1,390843,0,0,0,0,0,0,0,0,0,0
1,1,390845,0,0,0,0,0,0,0,0,0,0
2,1,390845,30,30,30,30,30,30,30,30,30,30
1,1,390846,5,16,14,16,13,5,11,25,7,0
1,1,390847,21,21,21,21,21,21,21,21,21,21
1,1,390848,21,21,21,21,21,21,21,21,21,21
1,1,390849,19,19,19,19,19,19,19,19,19,19
1,1,390850,0,0,0,0,0,0,0,0,0,0
2,1,390850,0,11,0,0,0,0,0,0,0,0
3,1,390850,0,0,0,0,0,0,0,0,0,0
1,1,390851,0,0,0,0,0,0,0,0,0,0
2,1,390851,0,0,0,0,0,0,0,0,0,0
1,1,390852,0,0,0,0,0,0,0,0,0,0
1,1,390853,37,37,37,37,37,37,37,37,37,37
1,1,390854,0,0,0,0,0,0,0,0,0,0
2,1,390854,0,0,0,0,0,0,0,0,0,0
1,1,390855,0,0,0,0,0,0,0,0,0,0
1,1,390856,17,17,17,17,17,17,17,17,17,17
0,1,390857,0,0,0,0,0,0,0,0,0,0
1,1,390857,0,0,0,0,0,0,0,0,0,0
1,1,390858,0,0,0,0,0,0,0,0,0,0
1,1,390859,0,0,0,0,0,0,0,0,0,0
2,1,390859,0,0,0,0,0,0,0,0,0,0
1,1,390860,26,26,26,26,26,26,26,26,26,26
1,1,390861,8,8,8,8,8,8,8,8,8,8
2,1,390861,0,0,0,0,0,0,0,0,0,0
1,1,390862,13,13,13,13,13,13,13,13,13,13
1,1,390863,18,18,18,18,18,18,18,18,18,18
2,1,390863,0,0,0,0,0,0,18,0,0,0
1,1,390864,0,0,0,0,0,0,0,0,0,0
1,1,390865,0,0,0,0,0,0,0,0,0,0
2,1,390865,0,0,0,0,0,0,0,0,0,0
1,1,390866,0,0,0,0,0,0,0,0,0,0
1,2,390867,0,0,0,0,0,0,0,0,0,0
0,1,390868,0,0,0,0,0,0,0,0,0,0
1,1,390868,14,4,16,17,8,8,6,6,27,14
2,1,390868,0,13,0,16,11,13,0,15,5,12
1,1,390869,0,0,0,0,0,0,0,0,0,0
1,1,390870,19,19,19,19,19,19,19,19,19,19
1,1,390871,0,0,0,0,0,0,0,0,0,0
2,1,390871,0,0,0,0,0,0,0,0,0,0
3,1,390871,0,0,0,0,0,0,0,0,0,0
0,1,390872,22,22,22,22,22,22,22,22,22,22
1,1,390872,0,0,0,6,0,0,0,0,0,0
2,1,390873,10,10,10,10,10,10,10,10,10,10
0,1,390874,18,18,18,18,18,18,18,18,18,18
1,1,390874,0,0,0,0,0,0,0,0,0,0
1,1,390875,0,0,0,0,0,0,0,0,0,0
1,1,390876,24,24,24,24,24,24,24,24,24,24
1,1,390877,0,0,0,0,0,0,0,0,0,0
1,1,390878,0,0,0,0,0,0,0,0,0,0
1,1,390879,0,0,0,0,0,0,0,0,0,0
1,1,390880,0,0,0,0,0,0,0,0,0,0
1,1,390881,25,25,25,25,25,25,25,25,25,25
2,1,390881,0,0,0,0,0,0,0,0,0,0
0,1,390882,0,0,0,0,0,0,0,0,0,0
1,1,390882,11,9,7,8,3,0,15,7,2,6
1,1,390883,19,19,19,19,19,19,19,19,19,19
1,1,390885,22,22,22,22,22,22,22,22,22,22
1,1,390886,0,0,0,0,0,0,0,0,0,0
1,1,390887,0,0,0,0,0,0,0,0,0,0
2,1,390887,0,0,0,0,0,0,0,0,0,0
1,1,390888,22,0,0,0,0,0,0,0,0,0
1,1,390889,0,0,0,0,0,0,0,0,0,0
1,1,390890,9,9,9,9,9,9,9,9,9,9
1,1,390891,0,0,0,0,0,0,0,0,0,0
1,1,390892,0,0,0,0,0,0,0,0,0,0
2,1,390892,0,0,0,0,0,0,0,0,0,0
1,1,390893,0,0,22,12,0,0,0,0,0,21
1,1,390894,0,0,0,0,0,0,0,0,0,0
2,1,390894,0,0,0,0,0,0,0,0,0,0
3,1,390894,0,0,0,0,0,0,0,0,0,0
4,1,390894,0,0,0,0,0,0,0,0,0,0
1,1,390895,0,0,0,0,0,0,0,0,0,0
2,1,390895,0,0,0,0,0,0,0,0,0,0
0,1,390896,0,0,0,0,0,0,0,0,0,0
1,1,390896,0,0,0,0,12,0,0,0,0,0
1,1,390897,0,0,0,0,0,0,0,0,0,0
2,1,390897,0,0,0,0,0,0,0,0,0,0
1,1,390898,23,23,23,23,23,23,23,23,23,23
1,1,390899,0,0,0,0,0,0,0,0,0,0
1,1,390901,0,0,0,0,0,0,0,0,0,0
2,1,390901,0,0,0,0,0,0,0,0,0,0
0,1,390902,0,0,0,0,0,0,0,0,0,0
1,1,390902,0,0,0,0,0,0,0,0,0,0
1,1,390903,0,0,0,0,0,0,0,0,0,0
2,1,390903,0,0,0,0,0,0,0,0,0,0
1,1,390904,0,0,0,0,0,0,0,0,0,0
2,1,390904,0,0,0,0,0,0,0,0,0,0
1,1,390905,27,27,27,27,27,27,27,27,27,27
1,1,390906,0,0,0,0,0,0,0,0,0,0
2,1,390906,0,0,0,0,0,0,0,9,0,0
1,1,390907,0,0,0,0,0,0,0,0,0,0
2,1,390907,3,0,0,0,0,0,0,0,0,0
1,1,390908,0,0,0,0,0,0,0,0,0,0
2,1,390908,0,0,5,0,0,0,0,10,0,0
1,1,390909,0,0,0,0,0,0,0,0,0,0
2,1,390909,0,0,0,0,0,0,0,0,0,0
1,1,390910,0,0,0,0,0,0,0,0,0,0
1,1,390911,12,12,12,12,12,12,12,12,12,12
1,1,390912,0,0,0,0,0,0,0,0,0,0
1,1,390913,0,0,0,0,0,0,0,0,0,0
1,1,390914,10,10,10,10,10,10,10,10,10,10
1,1,390915,0,0,0,0,0,0,0,0,0,0
2,1,390915,0,0,0,0,0,0,0,0,0,0
1,1,390917,0,0,0,0,0,0,0,0,0,0
2,1,390917,0,0,0,0,0,0,0,0,0,0
1,1,390918,0,0,0,0,0,0,0,0,0,0
1,1,390919,24,24,24,24,24,24,24,24,24,24
1,1,390920,0,0,0,0,0,0,0,0,0,0
2,1,390920,0,0,0,0,0,0,0,0,0,0
1,1,390921,0,0,0,0,0,0,0,0,0,0
2,1,390921,0,0,0,0,0,0,0,0,0,0
0,1,390922,0,0,0,0,0,0,0,0,0,0
1,1,390922,11,2,6,2,0,6,14,2,12,7
1,1,390923,14,14,14,14,14,14,14,14,14,14
1,1,390924,0,0,0,0,0,0,0,0,0,0
2,1,390924,0,0,0,0,0,0,0,0,0,0
1,1,390925,19,19,19,19,19,19,19,19,19,19
2,1,390925,0,0,0,0,0,0,0,0,0,0
1,1,390926,27,27,27,27,27,27,27,27,27,27
1,1,390927,0,0,0,0,0,0,0,0,0,0
2,1,390927,21,21,21,21,21,21,21,21,21,21
1,1,390928,5,5,5,5,5,5,5,5,5,5
0,1,390929,0,0,0,0,0,0,0,0,0,0
1,1,390929,0,0,0,0,0,0,0,0,17,0
0,1,390931,22,22,22,22,22,22,22,22,22,22
1,1,390931,15,15,15,15,15,15,15,15,15,15
1,1,390932,0,0,0,0,0,0,0,0,0,0
1,1,390933,0,0,0,0,0,0,0,0,0,0
2,1,390933,11,11,11,11,11,11,11,11,11,11
1,1,390934,13,13,13,13,13,13,13,13,13,13
1,1,390935,19,8,13,19,12,0,8,17,15,0
0,1,390936,0,0,0,0,0,0,0,0,0,0
1,1,390936,0,0,0,0,0,0,0,0,0,0
2,1,390936,0,0,0,0,0,0,2,0,0,0
1,1,390937,0,0,0,0,0,0,0,0,0,0
1,1,390938,33,33,33,33,33,33,33,33,33,33
0,1,390939,0,0,0,0,0,0,0,0,0,0
1,1,390939,0,0,0,0,0,0,0,0,0,0
1,1,390940,0,0,0,0,0,0,0,0,0,0
1,1,390941,0,0,0,0,0,0,0,0,0,0
2,1,390941,0,0,0,0,0,0,0,0,0,0
1,1,390942,0,0,0,0,0,0,0,0,0,0
1,1,390943,26,26,26,26,26,26,26,26,26,26
2,1,390943,1,1,1,1,1,1,1,1,1,1
1,1,390944,11,14,0,14,0,0,11,2,0,0
2,1,390944,0,0,0,0,0,0,0,0,0,0
1,1,390945,22,22,22,22,22,22,22,22,22,22
1,1,390946,0,0,0,0,0,0,0,0,0,0
2,1,390946,0,0,0,0,0,0,0,0,0,0
1,1,390947,7,7,7,7,7,7,7,7,7,7
0,1,390948,20,20,20,20,20,20,20,20,20,20
1,1,390948,18,0,0,0,0,0,0,0,0,0
1,1,390949,0,0,0,0,0,0,0,0,0,0
1,1,390950,0,0,0,0,0,0,0,0,0,0
2,1,390950,0,0,0,0,0,0,0,0,0,0
0,1,390951,0,0,0,0,0,0,0,0,0,0
1,1,390951,6,0,0,0,0,0,0,0,0,0
1,1,390952,28,28,28,28,28,28,28,28,28,28
1,1,390953,20,16,18,13,8,10,20,6,28,23
1,1,390954,0,0,0,0,0,0,0,0,0,0
2,1,390954,0,0,0,0,0,0,0,0,0,0
0,1,390955,52,52,52,52,52,52,52,52,52,52
1,1,390955,0,0,12,0,0,0,0,0,0,0
1,1,390956,0,0,0,0,0,0,0,0,0,0
1,1,390957,0,0,18,21,0,10,9,9,11,17
1,1,390958,0,0,0,0,0,0,0,0,0,0
1,1,390959,0,0,0,0,0,0,0,0,0,0
2,1,390959,0,0,0,0,0,0,0,0,0,0
1,1,390960,29,29,29,29,29,29,29,29,29,29
2,1,390960,0,0,0,0,0,0,0,0,0,0
1,1,390961,4,4,4,4,4,4,4,4,4,4
2,1,390961,0,0,0,0,0,0,0,0,0,0
1,1,390962,0,0,0,0,0,9,0,0,0,0
1,1,390963,0,0,0,0,0,0,7,0,9,0
2,1,390963,0,0,0,0,0,0,0,0,0,0
1,1,390964,0,0,6,0,0,0,0,0,0,0
2,1,390964,8,16,8,11,13,22,13,0,16,4
3,1,390964,0,0,0,0,0,0,0,0,0,0
1,1,390965,19,19,19,19,19,19,19,19,19,19