VEH_NO,PER_NO,ST_CASE,P1,P2,P3,P4,P5,P6,P7,P8,P9,P10
1,1,400100,0,0,0,0,0,0,0,0,0,0
2,1,400100,0,0,0,0,0,0,0,0,0,0
3,1,400100,0,0,0,0,0,0,0,0,0,0
1,1,400101,0,0,0,0,0,0,0,0,0,0
2,1,400101,0,0,0,0,0,0,0,0,0,0
1,1,400102,0,0,4,5,0,0,0,0,0,0
2,1,400102,14,14,14,14,14,14,14,14,14,14
0,1,400103,0,0,0,0,0,0,0,0,0,0
1,1,400103,0,0,0,0,0,0,0,0,0,0
2,1,400103,16,0,5,0,0,0,0,0,0,32
1,1,400104,0,0,0,0,0,0,0,0,0,0
2,1,400104,0,0,0,0,0,0,0,0,0,0
1,1,400105,0,0,0,0,0,0,0,0,0,0
2,1,400105,0,0,0,0,0,0,0,0,0,0
1,1,400106,14,15,16,2,3,9,0,6,0,9
2,1,400106,0,0,0,0,0,0,0,0,0,0
1,1,400107,0,0,0,0,0,0,0,0,0,0
2,1,400107,0,0,0,0,0,0,0,0,0,0
0,1,400108,0,0,0,0,0,0,0,0,0,0
1,1,400108,0,0,0,0,0,0,0,0,0,0
1,1,400109,0,0,0,0,0,0,0,0,0,0
2,1,400109,0,0,0,0,0,0,0,0,0,0
1,1,400110,0,0,0,0,0,0,0,0,0,0
2,1,400110,0,0,0,0,0,0,0,0,0,0
1,1,400111,0,0,0,0,0,0,0,0,0,0
2,1,400111,0,0,0,0,0,0,0,0,0,0
3,1,400111,0,0,0,0,0,0,0,0,0,0
1,1,400112,0,0,0,0,0,0,0,0,0,0
1,1,400113,0,0,0,0,0,0,0,0,0,0
1,1,400114,0,0,0,0,0,0,0,0,0,0
1,1,400115,0,19,0,11,23,18,30,14,0,0
1,1,400116,0,0,0,0,0,0,0,0,0,0
2,1,400116,0,0,0,0,0,0,0,0,0,0
0,1,400117,0,0,0,0,0,0,0,0,0,0
1,1,400117,0,0,0,0,0,0,0,0,0,0
1,1,400118,0,0,0,0,0,0,0,0,0,0
2,1,400118,0,0,0,0,0,0,0,0,0,0
0,1,400120,0,0,0,0,0,0,0,0,0,0
1,1,400120,0,0,0,0,0,0,0,0,0,0
1,1,400121,15,15,15,15,15,15,15,15,15,15
2,1,400121,0,0,0,0,0,0,0,0,0,0
1,1,400122,28,28,28,28,28,28,28,28,28,28
1,1,400123,0,0,0,0,0,0,0,0,0,0
0,1,400124,34,34,34,34,34,34,34,34,34,34
1,1,400124,0,0,0,0,18,0,0,0,0,0
1,1,400125,3,3,3,3,3,3,3,3,3,3
1,1,400126,27,27,27,27,27,27,27,27,27,27
2,1,400126,0,0,0,0,0,0,0,0,0,0
1,1,400127,0,0,0,0,0,0,0,0,0,0
2,1,400127,0,5,0,0,0,0,0,0,0,0
3,1,400127,0,0,16,0,0,0,0,0,0,0
0,1,400128,0,0,0,0,0,0,0,0,0,0
1,1,400128,0,0,0,0,0,0,0,0,0,0
1,1,400129,12,0,0,0,0,0,0,0,0,0
2,1,400129,0,18,15,0,0,0,0,0,16,0
1,1,400130,0,0,0,0,0,0,0,0,0,0
2,1,400130,0,0,0,0,0,0,0,0,0,0
3,1,400130,0,0,0,0,0,0,0,0,0,0
4,1,400130,0,0,0,0,0,0,0,0,0,0
1,1,400131,0,0,0,0,0,0,0,0,0,0
2,1,400131,0,0,0,0,0,0,0,0,0,0
1,1,400132,0,0,0,0,0,0,0,0,0,0
2,1,400132,11,11,11,11,11,11,11,11,11,11
3,1,400132,0,0,0,0,0,0,0,0,0,0
1,1,400133,0,0,0,0,0,0,0,0,0,0
2,1,400133,0,0,0,0,0,0,0,0,0,0
1,1,400134,0,0,0,0,0,0,0,0,0,0
1,1,400135,12,14,14,0,17,18,10,19,20,16
2,1,400135,0,0,0,0,0,0,0,0,0,0
1,1,400136,22,22,22,22,22,22,22,22,22,22
1,1,400137,0,0,0,0,0,0,0,0,0,0
1,1,400138,0,0,0,0,0,0,0,0,0,0
1,1,400139,0,0,0,0,0,0,0,0,0,0
2,1,400139,0,0,0,0,0,0,0,0,0,0
1,1,400140,0,0,0,0,0,0,0,0,0,0
2,1,400140,0,0,0,0,0,0,0,0,0,0
1,1,400141,0,0,0,0,0,0,0,0,0,0
2,1,400141,0,0,0,0,0,0,0,0,0,0
1,1,400142,0,0,0,0,0,0,0,0,0,0
2,1,400142,0,0,0,0,0,0,0,0,0,0
1,1,400143,0,0,0,0,0,0,0,0,0,0
2,1,400143,0,16,0,0,0,0,0,0,0,0
1,1,400144,0,0,0,0,0,0,0,0,0,0
1,1,400145,0,0,0,0,0,0,0,0,0,0
2,1,400145,0,0,0,0,0,0,0,0,0,0
1,1,400146,0,0,0,0,0,0,0,0,0,0
1,1,400147,0,0,0,0,0,0,0,0,0,0
1,1,400148,0,0,0,0,0,0,0,0,0,0
2,1,400148,0,0,0,0,0,0,0,0,0,0
1,1,400149,0,0,0,0,0,0,0,0,0,0
1,1,400150,0,0,0,0,0,0,0,0,0,0
2,1,400150,0,0,0,0,0,0,0,0,0,0
1,1,400151,42,42,42,42,42,42,42,42,42,42
1,1,400152,0,0,0,0,0,0,0,0,0,0
1,1,400153,0,0,0,0,0,0,0,0,0,0
2,1,400153,0,0,0,0,0,0,0,0,0,0
0,1,400154,31,31,31,31,31,31,31,31,31,31
1,1,400154,0,0,9,0,7,0,0,10,7,0
1,1,400155,9,9,9,9,9,9,9,9,9,9
2,1,400155,0,0,0,0,0,0,0,0,0,0
1,1,400156,0,0,0,0,0,0,0,0,0,4
2,1,400156,0,0,0,0,0,0,14,0,0,0
1,1,400157,32,32,32,32,32,32,32,32,32,32
1,1,400158,18,18,18,18,18,18,18,18,18,18
1,1,400159,26,26,26,26,26,26,26,26,26,26
1,1,400160,0,0,0,0,0,0,0,0,0,0
2,1,400160,0,0,0,0,0,0,0,0,0,0
1,1,400161,0,0,0,0,0,0,0,0,0,0
2,1,400161,0,0,0,0,0,0,0,0,0,0
0,1,400162,0,0,0,0,0,0,0,0,0,0
1,1,400162,0,0,0,0,0,0,0,0,0,0
1,1,400163,0,0,0,0,0,0,0,0,0,0
2,1,400163,0,0,0,0,0,0,0,0,0,0
1,1,400164,10,10,10,10,10,10,10,10,10,10
2,1,400164,6,6,6,6,6,6,6,6,6,6
1,1,400165,0,0,0,0,0,0,0,0,0,0
2,1,400165,0,0,0,0,0,0,0,0,0,0
1,1,400166,15,15,15,15,15,15,15,15,15,15
1,1,400167,34,34,34,34,34,34,34,34,34,34
1,1,400168,0,0,0,0,0,0,0,0,0,0
2,1,400168,0,0,0,0,0,0,0,0,0,0
1,1,400169,0,0,0,0,0,0,0,0,0,0
2,1,400169,0,0,0,0,0,0,0,0,0,0
1,1,400170,0,0,0,0,0,0,0,0,0,0
2,1,400170,0,0,0,0,0,0,0,0,0,0
3,1,400170,0,0,0,0,0,0,0,0,0,0
1,1,400171,0,0,0,0,17,0,0,0,25,27
1,1,400172,41,23,32,23,19,7,10,14,19,20
1,1,400173,0,0,0,0,0,0,0,0,0,0
1,1,400174,0,0,0,0,0,0,0,0,0,0
2,1,400174,0,0,0,0,0,0,0,0,0,0
1,1,400175,0,0,0,0,0,0,0,0,0,0
1,1,400176,0,0,0,0,0,0,0,0,0,0
2,1,400176,0,0,0,0,0,0,0,0,0,0
1,1,400177,0,0,0,0,0,0,0,0,0,0
1,1,400178,0,0,0,0,0,0,0,0,0,0
2,1,400178,0,0,0,0,0,0,0,0,0,0
1,1,400179,17,17,17,17,17,17,17,17,17,17
2,1,400179,0,0,0,0,0,0,0,0,0,0
1,1,400180,20,20,20,20,20,20,20,20,20,20
2,1,400180,0,0,0,0,0,0,0,0,0,0
1,1,400181,0,0,0,0,0,0,0,0,0,0
2,1,400181,0,0,0,0,0,0,0,0,0,0
1,1,400182,21,21,21,21,21,21,21,21,21,21
1,1,400184,0,0,0,0,0,0,0,0,0,0
2,1,400184,0,0,0,0,0,0,0,0,0,0
1,1,400185,13,13,13,13,13,13,13,13,13,13
2,1,400185,0,0,0,0,0,0,0,0,5,0
1,1,400186,0,0,0,0,0,0,0,0,0,0
1,1,400187,5,5,5,5,5,5,5,5,5,5
1,1,400188,0,0,0,0,0,0,0,0,0,0
2,1,400188,0,0,0,0,0,0,0,0,0,0
3,1,400188,0,0,0,0,0,0,0,0,0,0
1,1,400189,14,14,14,14,14,14,14,14,14,14
2,1,400189,2,2,2,2,2,2,2,2,2,2
1,1,400190,0,0,0,0,0,0,0,0,0,0
1,1,400191,0,0,0,0,0,0,0,0,0,0
2,1,400191,0,0,0,0,0,0,0,0,0,0
1,1,400192,43,43,43,43,43,43,43,43,43,43
1,1,400193,0,0,0,0,0,0,0,0,0,0
2,1,400193,0,0,0,0,0,0,0,0,0,0
1,1,400194,0,0,0,0,0,0,0,0,0,0
1,1,400195,0,0,0,0,0,0,0,0,0,0
1,1,400196,0,10,24,23,0,0,0,0,0,0
1,1,400197,0,0,0,0,0,0,0,0,0,0
2,1,400197,0,0,0,0,0,0,0,0,0,0
1,1,400198,0,0,0,0,0,0,0,0,0,0
2,1,400198,0,0,0,0,0,0,0,0,0,0
1,1,400199,0,0,0,0,0,0,0,0,0,0
1,1,400200,0,0,0,0,0,0,0,0,0,0
1,1,400201,0,0,0,0,0,0,0,0,0,0
2,1,400201,0,0,0,0,0,0,0,0,0,0
1,1,400202,0,0,0,0,0,0,0,0,0,0
2,1,400202,0,0,0,0,0,0,0,0,0,0
1,1,400203,18,18,18,18,18,18,18,18,18,18
1,1,400204,0,0,0,0,0,0,0,0,0,0
1,1,400205,28,28,28,28,28,28,28,28,28,28
2,1,400205,0,0,0,0,0,0,0,0,0,0
3,1,400205,0,0,0,0,0,0,0,0,0,0
1,1,400206,0,0,0,0,0,0,0,0,0,0
2,1,400206,0,0,0,0,0,0,0,0,0,0
1,1,400207,0,0,0,0,0,0,0,0,0,0
2,1,400207,0,0,0,0,0,0,0,0,0,0
1,1,400208,0,0,0,0,0,0,0,0,0,0
2,1,400208,0,0,0,6,0,0,0,0,0,0
1,1,400209,0,0,0,0,0,0,0,0,0,0
2,1,400209,0,0,0,0,0,0,0,0,0,0
1,1,400210,0,0,0,0,0,0,0,0,0,0
2,1,400210,0,0,0,0,0,0,0,0,0,0
1,1,400211,0,0,0,0,0,0,0,0,0,0
2,1,400211,0,0,0,0,0,0,0,0,0,0
0,1,400212,0,0,0,0,0,0,0,0,0,0
1,1,400212,0,0,0,0,0,0,0,0,0,0
0,1,400213,0,0,0,0,0,0,0,0,0,0
1,1,400213,0,0,0,0,0,0,0,0,0,0
1,1,400214,0,0,0,0,0,0,0,0,0,0
2,1,400214,0,0,0,0,0,0,0,0,0,0
1,1,400215,0,0,0,0,0,0,0,0,0,0
1,1,400216,0,0,0,0,0,0,0,0,0,0
2,1,400216,0,0,0,0,0,0,0,0,0,0
1,1,400217,0,0,0,0,0,0,0,0,0,0
1,1,400218,16,16,16,16,16,16,16,16,16,16
1,1,400219,30,30,30,30,30,30,30,30,30,30
1,1,400220,0,0,0,0,0,0,0,0,0,0
2,1,400220,0,0,0,0,0,0,0,0,0,0
1,1,400221,24,24,24,24,24,24,24,24,24,24
1,1,400222,0,0,0,0,0,0,0,0,0,0
2,1,400222,0,0,0,0,0,0,0,0,0,0
3,1,400222,0,0,0,0,0,0,0,0,0,0
1,1,400223,0,0,0,0,0,0,0,0,0,0
2,1,400223,17,17,17,17,17,17,17,17,17,17
1,1,400224,0,0,0,0,0,0,0,0,0,0
2,1,400224,0,0,0,0,0,0,0,0,0,0
3,1,400224,0,13,0,0,0,0,0,0,0,0
1,1,400225,0,0,0,0,0,0,0,0,0,0
1,1,400226,19,19,19,19,19,19,19,19,19,19
2,1,400226,0,0,0,0,0,0,0,0,0,0
3,1,400226,0,0,0,0,0,0,0,0,0,0
1,1,400227,25,25,25,25,25,25,25,25,25,25
1,1,400228,0,0,0,0,0,0,0,0,0,0
1,1,400229,0,0,0,0,0,0,0,0,0,0
1,1,400230,0,0,0,0,0,0,0,0,0,0
1,1,400231,20,20,20,20,20,20,20,20,20,20
1,1,400232,0,0,0,0,0,0,0,0,0,0
2,1,400232,0,0,0,0,0,0,0,0,0,0
0,1,400233,0,0,0,0,0,0,0,0,0,0
1,1,400233,0,0,0,0,0,0,0,0,0,0
1,1,400234,0,0,0,0,0,0,0,0,0,0
1,1,400235,15,15,15,15,15,15,15,15,15,15
2,1,400235,0,0,0,0,0,0,0,0,0,0
1,1,400236,10,0,0,0,0,0,0,8,24,0
2,1,400236,0,0,0,0,0,0,0,0,0,0
1,1,400237,0,0,0,0,0,0,0,0,0,0
2,1,400237,0,0,0,0,0,0,0,0,0,0
1,1,400238,0,0,0,0,0,0,0,0,0,0
2,1,400238,0,0,0,0,0,0,0,0,0,0
3,1,400238,6,0,0,0,0,0,0,0,0,0
1,1,400239,0,0,0,0,0,0,0,0,0,0
2,1,400239,0,0,0,0,0,0,0,0,0,0
1,1,400240,0,0,0,35,0,0,0,0,0,19
1,1,400241,0,0,0,0,0,0,0,0,0,0
0,1,400242,0,0,0,0,0,0,0,0,0,0
1,1,400242,0,0,0,0,0,0,0,0,0,0
1,1,400243,0,0,0,0,0,0,0,0,0,0
1,1,400244,0,0,0,0,0,0,0,0,0,0
1,1,400245,0,0,0,0,0,0,0,0,0,0
1,1,400246,13,13,13,13,13,13,13,13,13,13
1,1,400247,34,34,34,34,34,34,34,34,34,34
1,1,400248,0,0,0,0,0,0,0,0,0,0
2,1,400248,0,0,0,0,0,0,0,0,0,0
1,1,400249,10,12,13,10,26,15,18,17,11,28
2,1,400249,0,0,0,0,0,0,0,0,0,0
3,1,400249,0,0,0,0,0,0,0,0,0,0
1,1,400250,0,0,0,0,0,0,6,0,0,0
2,1,400250,0,0,0,0,0,0,0,0,0,0
3,1,400250,7,8,0,0,0,0,0,12,0,0
4,1,400250,0,0,0,0,0,0,0,0,0,0
1,1,400251,0,0,0,0,0,0,0,0,0,0
1,1,400252,0,0,0,0,0,0,0,0,0,0
0,1,400253,24,24,24,24,24,24,24,24,24,24
1,1,400253,0,0,0,0,0,0,0,0,0,0
1,1,400254,0,0,0,0,0,0,0,0,0,0
1,1,400256,0,0,0,0,0,0,0,0,0,0
1,1,400257,0,0,0,6,0,0,20,0,0,0
2,1,400257,10,0,0,0,0,0,0,0,0,0
0,1,400258,0,0,0,0,0,0,0,0,0,0
1,1,400258,0,5,0,0,12,0,0,2,0,13
1,1,400259,0,0,0,0,0,0,0,0,0,0
2,1,400259,0,0,0,0,0,0,0,0,0,0
1,1,400260,20,20,20,20,20,20,20,20,20,20
1,1,400261,0,0,0,0,0,0,0,0,0,0
2,1,400261,0,0,12,0,0,0,0,8,0,0
3,1,400261,0,0,0,0,0,0,0,0,0,0
1,1,400262,9,9,9,9,9,9,9,9,9,9
1,1,400263,0,0,0,0,0,0,0,0,0,0
1,1,400264,20,20,20,20,20,20,20,20,20,20
1,1,400266,15,15,15,15,15,15,15,15,15,15
1,1,400267,23,23,23,23,23,23,23,23,23,23
1,1,400268,0,0,0,0,0,0,0,0,0,0
2,1,400268,0,0,0,0,0,0,0,0,0,0
1,1,400269,19,0,0,0,0,0,0,0,0,0
2,1,400269,0,0,0,0,0,0,0,0,0,12
1,1,400270,0,0,0,0,0,0,0,0,0,0
1,1,400271,0,0,0,0,19,0,0,0,0,0
2,1,400271,0,0,0,0,0,0,0,0,0,0
0,1,400272,0,0,0,0,0,0,0,0,0,0
0,2,400272,0,0,0,0,7,0,0,0,0,0
1,1,400272,0,0,0,0,0,0,0,0,0,0
1,1,400273,12,12,12,12,12,12,12,12,12,12
1,1,400274,0,0,0,0,0,0,0,0,0,0
0,1,400275,0,0,0,0,0,0,0,0,0,0
0,2,400275,0,0,0,0,0,0,0,0,0,0
1,1,400275,0,0,9,0,0,0,0,0,0,0
1,1,400276,19,15,7,36,0,0,21,0,17,0
2,1,400276,0,0,0,0,0,0,0,0,0,0
1,1,400277,0,0,0,0,0,0,0,0,0,0
1,1,400278,0,0,0,0,0,0,0,0,0,0
2,1,400278,0,0,0,0,0,0,0,0,0,0
1,1,400279,0,0,0,0,4,0,0,0,4,0
1,1,400280,0,0,0,0,0,0,0,0,0,0
2,1,400280,0,0,0,0,0,0,0,0,0,0
1,1,400281,0,0,0,0,0,0,0,0,0,0
2,1,400281,0,0,0,0,0,0,0,0,0,0
1,1,400282,26,26,26,26,26,26,26,26,26,26
1,1,400283,0,0,0,0,0,0,0,0,0,0
2,1,400283,0,0,0,0,0,0,0,0,0,0
3,1,400283,0,0,0,0,0,0,0,0,0,0
1,1,400284,0,0,0,0,0,0,0,0,0,0
2,1,400284,0,0,0,0,0,0,2,0,0,0
1,1,400285,0,0,0,0,0,0,0,0,0,0
1,1,400286,0,0,0,0,0,0,0,0,0,0
2,1,400286,0,0,0,0,0,0,0,0,0,0
1,1,400287,0,0,0,0,0,0,0,0,0,0
2,1,400287,0,0,0,0,0,0,0,0,0,0
1,1,400288,0,0,0,0,0,0,0,0,0,0
2,1,400288,0,0,0,0,0,0,0,0,0,0
0,1,400289,0,0,0,0,0,0,0,0,0,0
1,1,400289,0,0,0,0,0,0,0,0,0,0
1,1,400290,21,21,21,21,21,21,21,21,21,21
1,1,400291,0,0,0,0,0,0,0,0,0,0
2,1,400291,0,0,0,0,0,0,0,0,0,0
1,1,400292,28,28,28,28,28,28,28,28,28,28
1,1,400293,0,0,0,0,0,0,0,0,0,0
2,1,400293,0,0,0,0,0,0,0,0,0,0
1,1,400294,0,0,0,0,0,0,0,0,0,0
1,1,400295,0,0,0,0,0,0,0,0,0,0
2,1,400295,0,0,0,0,0,0,0,16,0,0
1,1,400296,0,0,0,0,0,0,0,0,0,0
2,1,400296,0,0,0,0,0,0,0,0,0,0
1,1,400297,0,0,0,0,0,0,0,0,0,0
2,1,400297,0,0,0,0,0,0,0,0,0,0
0,1,400298,29,29,29,29,29,29,29,29,29,29
1,1,400298,11,11,11,11,11,11,11,11,11,11
1,1,400299,0,0,0,0,0,0,0,0,0,0
2,1,400299,0,0,0,0,0,0,0,0,0,0
1,1,400300,18,18,18,18,18,18,18,18,18,18
2,1,400300,0,0,0,0,0,0,0,0,0,0
1,1,400301,0,0,0,0,0,0,0,0,0,0
2,1,400301,0,0,0,0,0,0,0,0,0,0
1,1,400302,0,0,6,0,0,0,0,0,0,0
2,1,400302,0,0,0,0,0,0,0,0,0,0
1,1,400303,27,27,27,27,27,27,27,27,27,27
2,1,400303,0,0,0,0,0,0,0,0,0,0
1,1,400304,0,0,10,0,0,0,0,0,0,0
2,1,400304,0,0,0,0,0,0,0,0,0,0
1,1,400305,0,0,0,0,0,0,0,0,0,0
1,1,400306,35,35,35,35,35,35,35,35,35,35
1,1,400307,0,0,0,0,0,0,0,0,0,0
2,1,400307,0,0,0,0,0,0,0,0,0,0
1,1,400308,0,0,0,0,0,0,0,0,0,0
2,1,400308,0,0,0,0,0,0,0,0,0,0
3,1,400308,0,0,0,0,0,0,0,0,0,0
0,1,400309,0,0,0,0,0,0,0,0,0,0
0,2,400309,0,0,0,0,0,0,0,0,0,0
1,1,400309,3,3,3,3,3,3,3,3,3,3
1,1,400310,0,0,0,0,0,0,0,0,0,0
1,1,400311,0,0,0,0,0,0,0,0,0,0
2,1,400311,0,0,0,0,0,0,0,0,0,0
1,1,400312,22,22,22,22,22,22,22,22,22,22
1,1,400313,0,0,0,0,0,0,0,0,0,0
2,1,400313,0,0,0,0,0,0,0,0,0,0
1,1,400314,0,0,0,0,0,0,0,0,0,0
2,1,400314,0,0,0,0,0,0,0,0,0,0
1,1,400315,26,26,26,26,26,26,26,26,26,26
1,1,400316,0,0,0,0,0,0,0,0,0,0
2,1,400316,0,0,0,0,0,0,0,0,0,0
1,1,400317,0,0,0,0,0,0,0,0,0,0
2,1,400317,0,0,0,0,6,0,3,0,0,0
1,1,400318,29,29,29,29,29,29,29,29,29,29
2,1,400318,0,0,13,0,0,0,0,7,0,0
3,1,400318,0,0,0,0,0,0,0,0,0,0
1,1,400319,0,0,0,0,0,0,0,0,0,0
2,1,400319,0,0,0,0,0,0,0,0,0,0
1,1,400320,3,3,3,3,3,3,3,3,3,3
0,1,400321,0,0,0,0,0,0,0,0,0,0
1,1,400321,0,13,0,6,4,0,13,0,0,14
1,1,400322,0,0,0,0,0,0,0,0,0,0
0,1,400323,17,17,17,17,17,17,17,17,17,17
1,1,400323,10,10,10,10,10,10,10,10,10,10
1,1,400324,9,9,9,9,9,9,9,9,9,9
1,1,400325,0,0,0,0,0,0,0,0,0,0
2,1,400325,0,0,0,0,0,0,0,0,0,0
1,1,400326,0,0,0,0,0,0,0,0,0,0
2,1,400326,0,0,0,0,0,0,8,0,7,0
1,1,400327,0,0,0,0,0,0,0,0,0,0
2,1,400327,0,0,0,0,0,0,0,0,0,0
1,1,400328,0,0,0,0,0,0,0,0,0,0
1,1,400329,9,9,9,9,9,9,9,9,9,9
1,1,400330,0,0,0,0,0,0,0,0,0,0
2,1,400330,0,0,0,0,0,0,0,0,0,0
1,1,400331,0,0,0,0,0,0,0,0,0,0
2,1,400331,0,0,0,0,0,0,0,0,0,0
1,1,400332,0,0,0,0,0,6,0,0,0,0
1,1,400333,0,0,0,0,0,0,0,0,0,0
1,1,400334,0,0,0,0,0,0,0,0,0,0
2,1,400334,0,0,0,0,0,0,0,0,13,0
1,1,400335,23,23,23,23,23,23,23,23,23,23
1,1,400336,0,0,0,0,0,0,0,0,0,0
2,1,400336,0,0,18,0,13,15,0,0,0,0
1,1,400337,0,0,0,0,0,0,0,0,0,0
2,1,400337,0,0,0,0,0,0,0,0,0,0
1,1,400338,0,0,0,0,0,0,0,0,0,0
2,1,400338,0,0,0,0,0,0,0,0,0,0
1,1,400339,0,0,0,0,0,0,0,0,0,0
1,1,400340,0,0,0,0,0,0,0,0,0,0
2,1,400340,0,0,0,0,0,0,0,0,0,0
3,1,400340,0,0,0,0,0,0,0,0,0,0
1,1,400341,11,11,11,11,11,11,11,11,11,11
1,1,400342,0,0,0,0,0,0,0,0,0,0
2,1,400342,0,0,0,0,0,0,0,0,0,0
1,1,400343,0,0,0,0,0,0,0,0,0,0
2,1,400343,0,14,0,0,0,0,15,0,0,0
1,1,400344,0,0,0,0,0,0,0,0,0,0
2,1,400344,0,0,0,0,0,0,0,0,0,0
1,1,400345,0,0,0,0,0,0,0,0,0,0
1,1,400346,0,0,0,0,0,0,0,0,0,0
2,1,400346,0,0,0,0,0,0,0,0,0,0
1,1,400347,16,16,16,16,16,16,16,16,16,16
1,1,400348,0,0,0,0,0,0,0,0,0,0
1,1,400349,20,20,20,20,20,20,20,20,20,20
1,1,400350,0,0,0,0,0,0,0,0,0,0
1,1,400351,0,0,0,0,0,0,0,0,0,0
2,1,400351,0,0,0,0,0,0,0,0,0,0
1,1,400352,16,16,16,16,16,16,16,16,16,16
2,1,400352,18,18,18,18,18,18,18,18,18,18
1,1,400353,32,32,32,32,32,32,32,32,32,32
2,1,400353,0,0,0,0,0,0,0,0,0,0
1,1,400354,0,0,0,0,0,0,0,0,0,0
1,1,400355,12,12,12,12,12,12,12,12,12,12
1,1,400356,22,22,22,22,22,22,22,22,22,22
0,1,400357,4,4,4,4,4,4,4,4,4,4
1,1,400357,0,19,0,0,17,0,0,0,0,0
1,1,400358,0,0,0,0,0,0,0,13,0,13
1,1,400359,0,0,0,0,0,0,0,0,0,0
0,1,400360,25,25,25,25,25,25,25,25,25,25
1,1,400360,0,0,0,0,0,0,0,0,0,0
1,1,400361,0,0,0,0,0,0,0,0,0,0
2,1,400361,0,0,0,0,0,0,0,0,0,0
1,1,400362,0,0,0,0,21,0,0,0,10,0
2,1,400362,0,0,0,0,0,0,0,0,0,0
1,1,400363,3,3,3,3,3,3,3,3,3,3
1,1,400364,0,0,0,0,0,0,0,0,0,0
0,1,400365,0,0,0,0,0,0,0,0,0,0
1,1,400365,0,0,0,0,0,0,0,0,0,0
1,1,400366,0,0,0,0,0,0,0,0,0,0
1,1,400367,0,0,0,0,0,0,0,0,0,0
1,1,400368,0,0,0,0,0,0,0,0,0,11
2,1,400368,0,0,0,0,0,0,0,0,0,0
1,1,400369,0,0,0,0,0,0,0,0,0,0
2,1,400369,0,0,0,0,0,0,0,0,0,0
1,1,400370,0,0,0,0,0,0,0,0,0,0
2,1,400370,0,0,0,0,0,0,0,0,0,0
1,1,400371,0,0,0,0,0,0,0,0,0,0
2,1,400371,0,0,0,0,54,0,0,0,0,0
1,1,400372,0,0,0,0,0,0,0,0,0,0
2,1,400372,0,0,0,0,0,0,0,0,0,0
0,1,400373,0,0,18,26,0,0,0,0,0,20
1,1,400373,7,0,0,0,1,0,0,16,0,0
1,1,400374,0,0,0,0,0,0,0,0,0,0
2,1,400374,0,0,0,0,0,0,0,0,0,0
1,1,400375,0,0,0,0,0,0,0,0,0,0
1,1,400376,0,0,0,0,0,0,0,0,0,0
1,1,400377,0,0,0,0,0,0,0,0,0,0
1,1,400378,0,0,0,0,0,0,0,0,0,0
2,1,400378,0,0,0,0,0,0,0,0,0,0
1,1,400379,23,23,23,23,23,23,23,23,23,23
0,1,400380,0,0,0,0,0,0,0,0,0,0
1,1,400380,0,0,0,0,0,0,0,0,0,0
1,1,400381,0,0,0,0,0,0,0,0,0,0
2,1,400381,0,0,0,0,0,0,0,0,0,0
1,1,400382,0,3,0,0,0,0,0,0,0,0
1,1,400383,0,0,0,0,0,0,0,0,0,0
2,1,400383,0,0,0,0,12,4,0,0,0,0
1,1,400384,0,0,0,0,0,0,0,0,0,0
1,1,400385,12,12,12,12,12,12,12,12,12,12
1,1,400386,10,10,10,10,10,10,10,10,10,10
1,1,400387,0,0,0,0,0,0,0,0,0,0
1,1,400388,0,0,0,0,0,0,0,0,0,0
2,1,400388,0,0,0,0,0,0,0,0,0,0
1,1,400389,0,0,0,0,0,0,0,0,0,0
1,1,400390,0,0,0,0,0,0,0,0,0,0
1,1,400391,0,0,0,0,0,0,0,0,0,0
2,1,400391,0,0,0,0,0,0,0,0,0,0
1,1,400392,0,0,0,0,0,0,0,0,0,0
1,1,400393,13,17,7,7,0,0,7,18,10,16
2,1,400393,0,0,0,0,0,0,0,0,0,0
3,1,400393,0,0,0,0,0,0,0,0,0,0
1,1,400394,0,0,0,0,0,0,0,0,0,0
2,1,400394,0,0,0,0,0,0,0,0,0,0
1,1,400395,22,22,22,22,22,22,22,22,22,22
1,1,400396,0,0,0,0,0,0,0,0,0,0
2,1,400396,0,0,0,0,0,0,0,0,0,0
0,1,400397,0,0,0,11,0,0,6,0,0,16
1,1,400397,12,12,12,12,12,12,12,12,12,12
1,1,400398,13,13,13,13,13,13,13,13,13,13
2,1,400398,0,0,0,0,0,0,0,0,0,0
1,1,400399,0,0,0,0,0,0,0,0,0,0
2,1,400399,0,0,0,0,0,0,0,0,0,0
1,1,400400,22,22,22,22,22,22,22,22,22,22
2,1,400400,0,5,0,0,0,0,0,0,0,0
3,1,400400,0,0,0,0,0,0,0,0,0,0
4,1,400400,0,0,0,0,0,0,0,0,0,0
5,1,400400,0,0,0,0,0,0,0,0,0,0
6,1,400400,0,0,0,0,0,0,0,0,2,0
1,1,400401,0,0,0,0,0,0,0,0,0,0
2,1,400401,0,0,0,0,0,0,0,0,0,0
1,1,400402,21,21,21,21,21,21,21,21,21,21
1,1,400403,25,25,25,25,25,25,25,25,25,25
1,1,400404,21,21,21,21,21,21,21,21,21,21
1,1,400405,0,0,0,0,0,0,0,0,0,0
1,1,400406,0,0,0,0,0,0,0,0,0,0
1,1,400407,5,0,0,3,0,0,0,0,0,0
2,1,400407,0,0,0,0,0,0,0,0,0,0
3,1,400407,0,0,0,0,0,0,0,0,0,0
1,1,400408,0,0,0,0,0,0,0,0,0,0
2,1,400408,0,0,0,0,5,0,0,0,0,0
3,1,400408,0,0,0,0,0,0,0,0,0,0
1,1,400409,0,0,0,0,0,0,0,0,0,0
2,1,400409,0,0,0,0,0,0,0,0,0,0
1,1,400410,0,0,0,0,0,0,0,0,0,0
1,1,400411,0,0,0,0,0,0,0,0,0,0
0,1,400412,27,27,27,27,27,27,27,27,27,27