VEH_NO,PER_NO,ST_CASE,P1,P2,P3,P4,P5,P6,P7,P8,P9,P10
1,1,400412,18,21,12,0,0,14,16,0,5,20
1,1,400413,0,0,0,0,0,0,0,0,0,0
2,1,400413,0,0,0,0,0,0,0,0,0,0
0,1,400414,0,0,0,0,0,0,0,0,0,0
0,2,400414,0,0,0,0,0,0,0,0,0,0
1,1,400414,0,0,0,0,0,0,0,0,0,0
1,1,400415,0,0,0,0,0,0,0,0,0,0
1,1,400416,0,0,0,0,0,0,0,0,0,0
1,1,400417,0,0,0,0,0,0,0,0,0,0
0,1,400418,17,17,17,17,17,17,17,17,17,17
1,1,400418,0,0,0,0,0,0,0,0,0,0
0,1,400419,20,21,23,4,17,10,33,18,27,31
1,1,400419,0,0,0,0,0,0,0,0,0,0
3,1,400419,0,0,20,0,0,0,0,0,0,0
1,1,400420,18,18,18,18,18,18,18,18,18,18
1,1,400421,12,18,15,9,12,19,12,0,15,30
1,1,400422,0,0,0,0,0,0,0,0,0,0
1,1,400423,0,0,0,0,0,0,0,0,0,0
1,1,400424,18,18,18,18,18,18,18,18,18,18
1,1,400425,0,0,0,0,0,0,0,0,0,0
1,1,400426,14,14,14,14,14,14,14,14,14,14
1,1,400427,13,13,13,13,13,13,13,13,13,13
1,1,400428,21,21,21,21,21,21,21,21,21,21
1,1,400429,0,0,0,0,0,0,0,0,0,0
2,1,400429,0,0,0,0,0,0,0,0,0,0
1,1,400430,0,0,0,0,0,0,0,0,0,0
1,1,400431,19,19,19,19,19,19,19,19,19,19
1,1,400432,0,0,0,0,0,0,0,0,0,0
1,1,400433,0,0,0,0,0,0,0,0,0,0
1,1,400434,0,0,0,0,0,0,0,0,0,0
2,1,400434,0,0,0,0,0,0,0,0,0,0
1,1,400435,0,0,0,0,0,0,0,0,0,0
0,1,400436,0,0,0,0,0,0,0,0,0,0
1,1,400436,0,0,0,0,0,0,0,0,0,0
1,1,400437,15,15,15,15,15,15,15,15,15,15
2,1,400437,0,0,0,0,0,0,0,0,0,0
1,1,400438,0,0,0,0,0,0,0,0,0,0
0,1,400439,0,0,0,0,0,0,0,0,0,0
1,1,400439,41,15,10,18,8,15,11,11,18,14
1,1,400440,0,0,0,0,0,0,0,0,0,0
1,1,400441,11,11,11,11,11,11,11,11,11,11
1,1,400442,13,13,13,13,13,13,13,13,13,13
2,1,400442,0,0,0,0,0,0,0,0,0,0
1,1,400443,0,0,0,0,0,0,0,0,0,0
2,1,400443,0,0,0,0,0,0,0,0,0,0
1,1,400444,0,0,0,0,0,0,0,0,0,0
2,1,400444,0,0,0,0,0,0,0,0,0,0
1,1,400445,0,0,0,0,0,0,0,0,0,0
2,1,400445,0,0,0,0,0,0,0,0,0,0
3,1,400445,0,0,0,0,0,0,0,0,0,0
1,1,400446,32,32,32,32,32,32,32,32,32,32
1,1,400447,27,27,27,27,27,27,27,27,27,27
2,1,400447,0,0,0,0,0,0,0,0,0,0
1,1,400448,0,0,0,0,0,0,0,0,0,0
2,1,400448,0,0,4,0,0,0,0,0,0,0
1,1,400449,0,0,0,0,0,0,0,0,0,0
2,1,400449,0,0,0,0,0,0,0,0,0,0
1,1,400450,21,18,39,38,22,0,0,12,28,30
1,1,400451,16,16,16,16,16,16,16,16,16,16
1,1,400452,0,0,0,0,0,0,0,0,0,0
1,1,400453,0,0,0,0,0,0,0,0,0,0
2,1,400453,0,0,0,0,0,0,0,0,0,0
1,1,400454,0,0,0,0,0,0,0,0,0,0
2,1,400454,0,0,0,0,0,0,0,0,0,0
1,1,400455,0,0,0,0,0,0,0,0,0,0
2,1,400455,0,0,0,0,0,0,0,0,0,0
0,1,400456,14,14,14,14,14,14,14,14,14,14
1,1,400456,0,0,0,0,0,0,0,0,0,0
1,1,400457,0,0,0,0,0,0,0,0,0,0
1,1,400458,25,25,25,25,25,25,25,25,25,25
2,1,400458,0,0,0,0,0,0,0,0,0,0
1,1,400459,29,29,29,29,29,29,29,29,29,29
1,1,400460,26,26,26,26,26,26,26,26,26,26
0,1,400461,43,43,43,43,43,43,43,43,43,43
1,1,400461,0,0,0,0,0,0,0,0,0,0
0,1,400462,29,29,29,29,29,29,29,29,29,29
0,2,400462,15,15,15,15,15,15,15,15,15,15
1,1,400462,0,0,0,0,19,0,0,0,0,0
2,1,400462,0,0,0,0,0,0,0,0,0,0
1,1,400463,0,0,0,0,0,0,0,0,0,0
1,1,400464,0,0,0,0,0,0,0,0,0,0
2,1,400464,0,0,0,0,0,0,0,0,0,0
1,1,400465,0,0,0,0,0,0,0,0,0,0
2,1,400465,0,0,0,0,0,0,0,0,0,0
1,1,400466,0,0,0,0,0,0,0,0,0,0
2,1,400466,0,0,0,0,0,0,0,0,0,0
1,1,400467,0,0,0,0,0,0,0,0,0,0
1,1,400469,0,0,0,0,0,0,0,0,0,0
1,1,400470,0,0,0,14,0,0,0,0,0,0
2,1,400470,0,0,0,0,0,0,0,0,0,0
1,1,400471,0,0,0,0,0,0,0,0,0,0
2,1,400471,0,0,0,0,0,0,0,0,0,0
1,1,400472,7,7,7,7,7,7,7,7,7,7
1,1,400473,0,0,0,0,0,0,0,0,0,0
1,1,400474,0,0,0,0,0,15,0,0,0,0
2,1,400474,0,0,0,0,0,0,0,0,0,0
1,1,400475,0,0,0,0,0,0,0,0,0,0
1,1,400476,23,23,23,23,23,23,23,23,23,23
1,1,400477,0,0,0,0,0,0,0,0,0,0
1,1,400478,0,0,0,0,0,0,0,0,0,0
1,1,400479,18,18,18,18,18,18,18,18,18,18
1,1,400480,0,0,0,0,0,0,0,0,0,0
1,1,400481,0,0,0,0,6,0,0,0,0,0
2,1,400481,0,0,0,0,0,0,0,0,0,0
3,1,400481,0,0,0,0,0,0,0,0,0,0
1,1,400482,0,0,0,0,0,0,0,0,0,0
2,1,400482,0,0,0,0,0,0,0,0,0,0
1,1,400483,0,0,0,0,0,0,0,0,0,0
1,1,400484,29,29,29,29,29,29,29,29,29,29
1,1,400485,23,23,23,23,23,23,23,23,23,23
1,1,400486,22,22,22,22,22,22,22,22,22,22
1,1,400487,15,0,0,0,0,0,0,0,0,0
1,1,400488,0,0,0,0,0,0,0,0,0,0
2,1,400488,0,0,0,25,0,0,0,0,0,0
3,1,400488,0,0,0,0,0,0,0,0,0,0
4,1,400488,0,0,0,0,0,0,0,0,0,0
5,1,400488,0,0,0,0,0,0,0,0,0,0
1,1,400489,0,0,0,0,0,0,0,0,0,0
2,1,400489,6,0,0,0,0,0,0,0,0,0
3,1,400489,10,0,0,0,10,0,0,0,0,0
1,1,400490,0,0,0,0,0,0,0,0,0,0
2,1,400490,0,0,15,0,0,0,0,0,0,0
1,1,400491,7,7,7,7,7,7,7,7,7,7
1,1,400492,0,0,0,0,0,0,0,0,0,0
2,1,400492,0,0,0,0,0,0,0,0,0,0
0,1,400493,15,0,0,10,34,17,19,8,20,8
1,1,400493,0,0,0,0,0,0,0,0,0,0
1,1,400494,23,23,23,23,23,23,23,23,23,23
1,1,400495,0,0,16,0,0,0,0,0,0,0
1,1,400496,15,15,15,15,15,15,15,15,15,15
1,1,400497,19,19,19,19,19,19,19,19,19,19
1,1,400498,0,0,0,0,0,0,0,0,0,0
1,1,400499,0,0,0,0,0,0,0,0,0,0
2,1,400499,0,0,0,0,0,0,0,0,0,0
3,1,400499,0,0,0,0,0,0,0,0,0,0
4,1,400499,0,0,0,0,0,0,0,0,0,0
5,1,400499,0,0,0,0,0,0,0,0,0,0
6,1,400499,0,0,0,0,0,0,0,0,0,0
1,1,400500,0,0,0,0,0,0,0,0,0,0
2,1,400500,0,0,0,0,0,0,0,0,0,0
1,1,400501,0,0,0,0,0,0,0,0,0,0
2,1,400501,0,0,0,0,0,0,0,0,0,0
1,1,400502,0,0,0,0,0,0,0,0,0,0
2,1,400502,0,0,0,0,0,0,0,0,0,0
1,1,400503,0,0,0,0,0,0,0,0,0,0
2,1,400503,0,0,0,0,0,0,0,0,0,0
1,1,400504,27,10,33,27,17,17,31,18,5,6
2,1,400504,0,0,0,0,0,0,0,0,0,7
3,1,400504,0,0,0,0,0,0,0,0,0,0
1,1,400505,0,0,0,0,0,0,0,0,0,0
1,1,400506,0,0,0,0,0,0,0,0,0,0
2,1,400506,0,0,0,0,0,0,0,0,0,0
1,1,400507,17,17,17,17,17,17,17,17,17,17
1,1,400508,13,13,13,13,13,13,13,13,13,13
1,1,400509,0,0,0,0,0,0,0,0,17,0
1,1,400510,0,0,0,0,0,0,0,0,0,0
0,1,400511,0,0,0,0,0,0,0,0,0,0
1,1,400511,0,0,4,0,0,0,0,0,6,0
1,1,400512,0,0,0,0,0,0,0,0,0,0
2,1,400512,0,0,0,0,0,0,0,0,0,0
1,1,400513,18,18,18,18,18,18,18,18,18,18
2,1,400513,0,0,0,0,0,0,0,0,0,0
1,1,400514,0,0,0,0,0,0,0,0,0,0
2,1,400514,0,0,0,0,0,0,0,0,0,0
3,1,400514,0,0,0,0,0,0,0,0,0,0
1,1,400515,0,0,0,0,0,0,0,0,0,0
2,1,400515,12,12,12,12,12,12,12,12,12,12
3,1,400515,16,0,0,9,0,0,7,11,10,0
1,1,400516,0,0,0,0,0,0,0,0,0,0
1,1,400517,0,0,0,0,0,0,0,0,0,0
2,1,400517,0,0,0,0,0,0,0,0,0,0
1,1,400518,0,0,0,0,0,0,0,0,0,0
2,1,400518,0,0,0,0,0,0,0,0,0,0
1,1,400519,0,0,0,0,0,0,0,0,0,0
2,1,400519,0,0,0,0,0,0,0,0,0,0
1,1,400520,24,24,24,24,24,24,24,24,24,24
1,1,400521,13,13,13,13,13,13,13,13,13,13
1,1,400522,0,0,0,0,0,0,0,0,0,0
2,1,400522,0,0,0,0,0,0,0,0,0,0
0,1,400523,14,14,14,14,14,14,14,14,14,14
0,2,400523,5,5,5,5,5,5,5,5,5,5
0,3,400523,9,9,9,9,9,9,9,9,9,9
0,4,400523,18,18,18,18,18,18,18,18,18,18
0,5,400523,19,19,19,19,19,19,19,19,19,19
0,6,400523,21,20,9,14,20,0,26,0,25,12
1,1,400523,24,21,8,22,0,26,0,9,10,19
1,1,400524,17,17,17,17,17,17,17,17,17,17
1,1,400525,0,0,0,0,0,0,0,0,0,0
2,1,400525,0,0,0,0,0,0,0,0,0,0
1,1,400526,6,6,6,6,6,6,6,6,6,6
0,1,400527,32,32,32,32,32,32,32,32,32,32
1,1,400527,0,0,0,0,0,0,0,0,0,0
1,1,400528,0,0,0,0,0,0,0,0,0,0
1,1,400529,16,16,16,16,16,16,16,16,16,16
2,1,400529,4,0,0,0,0,0,0,0,0,0
3,1,400529,0,0,0,0,0,0,0,0,0,0
1,1,400530,0,0,0,0,0,0,0,0,0,0
1,1,400531,0,0,0,0,8,0,0,0,0,4
2,1,400531,0,0,0,0,0,0,0,0,0,0
0,1,400532,21,21,21,21,21,21,21,21,21,21
1,1,400532,0,0,0,6,13,0,5,37,0,9
1,1,400533,0,0,0,0,0,0,0,0,0,0
2,1,400533,0,0,0,0,0,0,0,0,0,14
0,1,400534,0,0,0,0,0,0,0,0,0,0
1,1,400534,0,0,0,0,0,0,0,0,0,0
1,1,400535,0,0,0,0,0,0,0,0,0,0
2,1,400535,0,0,0,0,0,0,0,0,0,0
1,1,400536,0,0,0,0,0,0,0,0,0,0
2,1,400536,0,0,0,0,0,0,0,0,0,0
1,1,400537,0,0,0,0,0,0,0,0,0,0
2,1,400537,0,0,0,0,0,0,0,0,0,24
1,1,400538,0,0,0,0,0,0,0,25,0,0
1,1,400539,0,0,0,0,0,0,0,0,0,0
2,1,400539,0,0,0,0,0,0,0,0,0,4
1,1,400540,0,0,0,0,0,0,0,0,0,0
2,1,400540,0,0,0,0,0,0,0,0,0,0
1,1,400541,0,0,0,30,0,0,0,9,11,0
1,1,400542,0,0,0,0,0,0,0,0,0,0
2,1,400542,21,21,21,21,21,21,21,21,21,21
0,1,400543,25,25,25,25,25,25,25,25,25,25
1,1,400543,0,0,0,17,0,0,0,0,0,0
2,1,400543,0,0,0,0,0,0,0,0,0,0
1,1,400544,38,38,38,38,38,38,38,38,38,38
1,1,400545,12,12,12,12,12,12,12,12,12,12
1,1,400546,11,11,11,11,11,11,11,11,11,11
1,1,400547,0,0,12,0,0,0,0,0,0,0
2,1,400547,0,0,0,0,0,0,0,0,0,0
3,1,400547,0,0,0,0,0,0,0,0,0,0
1,1,400548,21,21,21,21,21,21,21,21,21,21
1,1,400549,0,0,0,0,0,0,0,0,0,0
1,1,400550,0,0,0,14,0,0,0,0,0,0
1,1,400551,0,0,0,0,0,0,0,0,0,0
2,1,400551,0,0,0,0,19,0,7,0,0,0
1,1,400552,0,0,0,0,0,0,0,0,0,0
1,1,400553,0,0,0,0,0,0,0,0,0,0
1,1,400554,0,0,0,0,0,0,0,0,0,0
0,1,400555,18,18,18,18,18,18,18,18,18,18
1,1,400555,13,0,10,0,0,0,0,2,0,0
0,1,400556,0,0,0,0,0,0,0,0,0,0
1,1,400557,0,0,0,17,0,0,0,0,0,0
1,1,400558,0,0,0,0,0,0,0,0,0,0
0,1,400559,0,0,0,0,0,0,0,0,0,0
0,2,400559,0,0,0,0,0,0,0,0,0,0
1,1,400559,23,26,11,0,0,23,17,21,10,0
1,1,400560,16,16,16,16,16,16,16,16,16,16
1,1,400561,0,0,0,0,0,0,0,0,0,0
1,1,400562,0,0,0,0,0,0,0,0,0,0
2,1,400562,0,0,0,0,0,0,0,0,0,0
1,1,400563,19,19,19,19,19,19,19,19,19,19
1,1,400564,26,26,26,26,26,26,26,26,26,26
1,1,400565,0,0,0,0,0,0,0,0,0,0
1,1,400566,26,26,26,26,26,26,26,26,26,26
0,1,400567,0,0,0,0,0,0,0,0,0,0
1,1,400567,0,0,0,0,0,0,0,0,0,0
1,1,400568,0,0,0,0,0,0,0,0,0,0
2,1,400568,0,0,0,0,0,0,0,0,0,0
1,1,400569,0,0,0,0,0,0,0,0,0,0
0,1,400570,0,0,0,0,0,0,3,14,19,0
1,1,400570,0,0,0,0,0,0,0,0,0,0
1,1,400571,0,0,0,0,0,0,0,0,0,0
2,1,400571,0,0,0,0,0,0,0,0,0,0
1,1,400572,13,13,13,13,13,13,13,13,13,13
1,1,400573,0,0,0,0,0,0,0,0,0,0
1,1,400574,18,18,18,18,18,18,18,18,18,18
1,1,400575,0,0,0,0,0,0,0,0,0,0
1,1,400576,0,0,0,0,0,0,0,0,0,0
1,1,400577,0,0,0,0,0,0,0,0,0,0
1,1,400578,32,32,32,32,32,32,32,32,32,32
1,1,400579,0,0,0,0,0,0,0,0,0,0
1,1,400580,0,0,0,0,0,0,0,0,0,0
2,1,400580,0,0,0,0,0,0,0,0,0,0
1,1,400581,0,0,0,0,0,0,0,0,0,0
2,1,400581,0,0,0,0,0,0,0,0,0,0
1,1,400582,3,3,3,3,3,3,3,3,3,3
2,1,400582,10,10,10,10,10,10,10,10,10,10
1,1,400583,10,10,10,10,10,10,10,10,10,10
2,1,400583,0,0,0,0,0,0,0,0,0,0
1,1,400584,0,0,0,0,0,0,0,0,0,0
2,1,400584,0,0,0,0,0,0,0,0,0,0
1,1,400585,0,0,0,0,0,0,0,0,0,0
1,1,400586,35,35,35,35,35,35,35,35,35,35
1,1,400587,6,6,6,6,6,6,6,6,6,6
2,1,400587,0,0,0,0,0,0,0,0,0,0
1,1,400588,14,0,15,6,24,14,15,13,0,0
2,1,400588,0,0,0,0,0,0,0,0,0,0
1,1,400589,17,17,17,17,17,17,17,17,17,17
1,1,400590,16,16,16,16,16,16,16,16,16,16
1,1,400591,0,0,0,0,0,0,0,0,0,0
2,1,400591,23,23,23,23,23,23,23,23,23,23
1,1,400592,0,0,0,9,0,0,0,0,0,0
2,1,400592,0,0,0,0,0,0,0,0,0,0
1,1,400593,0,12,22,14,0,28,21,0,0,16
1,1,400594,0,0,0,0,0,0,0,0,0,0
0,1,400595,16,16,16,16,16,16,16,16,16,16
1,1,400595,0,0,0,0,0,0,0,0,0,0
1,1,400596,0,0,0,0,0,0,0,0,0,0
2,1,400596,0,0,0,0,0,0,0,0,0,0
1,1,400597,0,0,0,0,0,0,0,0,0,0
1,1,400598,0,0,0,0,0,0,0,0,0,0
1,1,400599,19,19,19,19,19,19,19,19,19,19
1,1,400600,0,0,0,0,0,0,0,0,0,0
1,1,400601,6,6,6,6,6,6,6,6,6,6
1,1,400602,0,0,0,0,0,0,0,0,0,0
2,1,400602,0,0,0,0,0,0,0,0,0,0
1,1,400603,0,0,0,0,0,0,0,0,0,0
2,1,400603,0,0,0,0,0,0,0,0,0,0
1,1,400604,0,0,0,0,0,0,0,0,0,0
2,1,400604,0,0,0,0,0,0,0,0,0,0
1,1,400605,8,8,8,8,8,8,8,8,8,8
2,1,400605,0,0,8,0,0,0,0,0,0,0
1,1,400606,0,0,0,0,0,0,0,0,0,0
2,1,400606,0,0,0,0,0,0,0,0,0,0
1,1,400607,0,0,0,0,0,0,0,0,0,0
2,1,400607,0,0,0,0,0,0,0,0,0,0
1,1,400608,25,25,25,25,25,25,25,25,25,25
2,1,400608,0,0,0,0,0,0,0,0,0,0
1,1,400609,0,0,0,0,0,0,0,0,0,0
1,1,400610,0,0,0,0,0,0,0,0,0,0
2,1,400610,0,0,0,0,0,0,0,0,0,0
1,1,400611,21,21,21,21,21,21,21,21,21,21
1,1,400612,0,0,0,0,0,0,0,0,0,0
2,1,400612,0,0,0,0,0,0,0,0,0,0
1,1,400613,0,0,0,0,9,12,0,0,0,0
2,1,400613,0,0,0,0,0,0,0,0,0,0
1,1,400614,23,23,23,23,23,23,23,23,23,23
0,1,400615,0,0,0,0,0,0,0,0,0,0
1,1,400615,0,0,0,0,0,0,0,0,0,0
1,1,400616,22,22,22,22,22,22,22,22,22,22
2,1,400616,0,0,0,0,0,0,0,0,0,0
1,1,400617,0,0,0,0,0,0,0,0,0,0
1,1,400618,0,0,0,0,0,0,0,0,0,0
1,1,400619,0,0,0,0,0,0,0,0,0,0
1,1,400620,0,10,5,14,0,13,0,23,6,14
1,1,400621,0,0,0,0,0,0,0,0,0,0
2,1,400621,0,0,0,0,0,0,0,0,0,0
3,1,400621,0,0,0,0,0,0,0,0,0,0
1,1,400622,24,0,0,19,0,0,0,17,10,0
1,1,400623,0,0,0,0,0,0,0,0,0,0
2,1,400623,0,0,0,0,0,0,0,0,0,0
1,1,400624,0,0,0,0,0,0,0,0,0,0
1,1,400625,13,13,13,13,13,13,13,13,13,13
1,1,400626,0,0,0,0,0,0,0,0,0,0
0,1,400627,22,22,22,22,22,22,22,22,22,22
1,1,400627,16,16,16,16,16,16,16,16,16,16
1,1,400628,0,0,0,0,0,0,0,0,0,0
2,1,400628,0,0,0,0,0,0,0,0,0,0
1,1,400629,0,0,0,0,0,0,0,0,0,0
2,1,400629,0,0,0,0,0,0,0,0,0,0
3,1,400629,0,0,0,0,0,0,0,0,0,0
4,1,400629,0,0,0,0,0,0,0,0,0,0
1,1,400630,0,0,0,0,0,0,0,0,0,0
2,1,400630,0,0,0,0,0,0,0,0,0,0
1,1,400631,0,13,0,0,0,0,34,0,0,15
0,1,400632,0,0,0,0,0,0,0,0,0,0
1,1,400632,0,0,0,0,0,0,0,0,0,0
1,1,400633,0,0,0,0,6,0,0,0,0,0
0,1,400634,0,0,0,0,0,0,0,0,0,0
1,1,400634,0,0,0,0,0,0,0,0,0,0
1,1,400635,0,0,0,0,0,0,0,0,0,0
2,1,400635,20,20,20,20,20,20,20,20,20,20
0,1,400636,0,0,0,0,0,0,0,0,0,0
1,1,400636,0,0,0,0,0,0,0,0,0,0
1,1,400638,0,0,0,0,0,0,0,0,20,8
1,1,400639,0,0,0,0,0,0,0,0,0,0
2,1,400639,0,0,0,17,0,0,0,0,14,0
3,1,400639,12,0,0,0,0,0,0,0,0,0
4,1,400639,0,0,0,0,0,0,0,0,0,0
5,1,400639,0,0,0,0,0,0,0,0,0,0
6,1,400639,0,0,0,0,0,0,0,0,0,0
7,1,400639,0,0,0,0,0,0,0,0,0,0
8,1,400639,0,0,0,0,0,0,0,0,0,0
9,1,400639,0,0,0,0,0,4,0,0,0,0
10,1,400639,0,0,0,0,0,0,0,0,0,0
0,1,400640,0,0,0,0,0,0,0,0,0,0
1,1,400640,0,0,0,0,0,0,0,0,0,0
1,1,400641,0,0,6,0,0,0,0,0,0,0
1,1,400643,0,0,0,0,0,0,0,0,0,0
1,1,400644,0,0,0,0,0,0,0,0,0,0
1,1,400645,16,16,16,16,16,16,16,16,16,16
2,1,400645,0,0,0,0,0,0,0,0,0,0
1,1,400646,0,0,0,2,0,0,0,0,0,0
2,1,400646,0,0,0,0,0,0,0,0,0,0
1,1,400647,0,0,0,0,0,0,0,0,0,0
1,1,400648,0,0,0,0,0,0,0,0,0,0
2,1,400648,0,0,0,0,0,0,0,0,0,0
1,1,400649,0,0,0,0,0,0,0,0,0,0
1,1,400650,0,0,0,0,0,0,0,0,0,0
1,1,400651,0,0,0,0,0,0,0,0,0,0
2,1,400651,0,0,0,0,0,0,0,0,0,0
0,1,400652,0,17,18,29,0,13,0,7,0,7
1,1,400652,18,18,18,18,18,18,18,18,18,18
1,1,400653,0,0,0,0,0,0,0,0,0,0
2,1,400653,14,14,14,14,14,14,14,14,14,14
1,1,400654,0,0,0,0,0,0,0,0,0,0
2,1,400654,0,0,0,0,0,0,0,0,0,0
1,1,400655,17,9,0,17,0,5,28,19,0,18
1,1,400656,0,0,0,0,0,0,0,0,0,0
2,1,400656,0,0,0,0,0,0,0,0,0,0
1,1,400657,0,0,0,0,0,0,0,0,0,0
2,1,400657,0,0,0,0,0,0,0,0,0,0
1,1,410001,0,0,0,0,0,0,0,0,0,0
0,1,410002,0,0,0,0,0,0,0,0,0,0
1,1,410002,0,0,0,0,8,0,0,0,0,0
1,1,410003,0,0,0,0,0,0,0,0,0,0
2,1,410003,0,0,0,0,0,0,0,0,0,0
1,1,410004,0,0,0,0,0,0,0,0,0,0
0,1,410005,33,33,33,33,33,33,33,33,33,33
1,1,410005,0,0,0,0,0,0,0,0,0,0
1,1,410006,0,0,0,0,0,0,0,0,0,0
2,1,410006,0,0,0,0,0,0,0,0,0,0
1,1,410007,0,0,0,0,0,0,0,0,0,0
2,1,410007,0,0,0,0,0,0,0,0,0,0
1,1,410008,17,17,17,17,17,17,17,17,17,17
1,1,410009,0,0,0,0,0,0,0,0,0,0
2,1,410009,0,0,0,0,0,0,0,0,0,0
1,1,410010,0,0,0,0,0,0,0,0,0,0
2,1,410010,0,0,0,0,0,0,0,0,0,0
1,1,410011,18,18,18,18,18,18,18,18,18,18
2,1,410011,0,0,0,0,0,0,0,0,0,0
1,1,410012,0,0,0,0,0,0,0,0,0,0
2,1,410012,0,0,0,0,0,0,0,0,0,0
1,1,410013,39,39,39,39,39,39,39,39,39,39
1,1,410014,0,0,0,0,0,0,0,0,0,0
1,1,410015,0,0,0,0,0,0,0,0,0,0
2,1,410015,0,0,0,0,0,0,0,0,0,0
1,1,410016,12,12,12,12,12,12,12,12,12,12
0,1,410017,0,0,0,0,0,0,0,0,0,0
1,1,410017,0,0,0,0,0,0,0,0,0,0
0,1,410018,33,27,12,21,27,17,32,33,12,12
1,1,410018,0,33,23,21,0,4,0,0,0,0
1,1,410019,15,15,15,15,15,15,15,15,15,15
1,1,410020,0,0,0,0,0,0,0,0,0,0
2,1,410020,0,0,0,0,0,0,0,0,0,0
0,1,410021,0,0,0,0,0,0,0,0,0,0
1,1,410021,0,0,0,0,0,0,0,0,0,0
1,1,410022,0,0,0,0,0,0,0,0,0,0
1,1,410023,0,0,0,0,0,0,0,0,0,0
2,1,410023,0,0,0,0,0,0,0,0,0,0
1,1,410024,0,0,0,0,15,0,0,25,20,0
1,1,410025,5,5,5,5,5,5,5,5,5,5
2,1,410025,0,0,0,0,0,0,0,0,0,0
1,1,410026,0,0,0,0,0,0,0,0,0,0
1,1,410027,20,20,20,20,20,20,20,20,20,20
2,1,410027,0,8,0,0,0,0,0,0,0,0
1,1,410028,0,0,0,0,0,0,0,0,0,0
1,1,410029,0,0,0,0,0,0,0,0,0,0
1,1,410030,16,16,16,16,16,16,16,16,16,16
1,1,410031,0,0,0,0,0,0,0,0,0,0
1,1,410032,0,0,0,0,0,0,0,0,0,0
1,1,410033,24,24,24,24,24,24,24,24,24,24
2,1,410033,0,0,0,0,0,0,0,0,0,0
1,1,410034,0,0,0,0,0,0,0,0,0,0
2,1,410034,0,0,0,0,0,0,0,0,0,0
1,1,410035,26,26,26,26,26,26,26,26,26,26
2,1,410035,0,0,0,0,0,0,0,0,0,0
0,1,410036,0,0,0,0,0,0,0,0,0,0
1,1,410036,0,0,0,0,0,0,0,0,0,0
1,1,410037,0,0,0,0,0,0,0,0,0,0
1,1,410038,0,0,0,0,0,0,0,0,0,0
2,1,410038,0,0,0,0,0,0,0,0,0,0
0,1,410039,0,0,0,0,0,0,0,0,0,0
1,1,410039,0,0,0,0,0,0,0,0,0,0
1,1,410040,0,0,0,0,0,0,0,0,0,0
2,1,410040,0,0,0,0,0,0,0,0,0,0
1,1,410041,27,27,27,27,27,27,27,27,27,27
2,1,410041,1,11,0,2,8,8,9,0,5,0
0,1,410042,26,26,26,26,26,26,26,26,26,26
1,1,410042,0,0,6,0,0,0,0,14,5,0
1,1,410043,0,0,0,0,0,0,0,0,0,0
2,1,410043,0,0,0,0,0,0,0,0,0,0
1,1,410044,25,25,25,25,25,25,25,25,25,25
2,1,410044,0,0,0,0,0,0,0,0,0,0
1,1,410045,0,0,0,0,0,0,0,0,0,0
2,1,410045,0,0,0,0,0,0,0,0,0,0
1,1,410046,19,19,19,19,19,19,19,19,19,19
2,1,410046,0,0,0,0,0,0,0,0,0,0
1,1,410047,0,0,0,0,0,0,18,0,0,0
1,1,410048,0,0,0,0,0,0,0,0,0,0
2,1,410048,0,0,0,0,0,0,0,0,0,0
1,1,410049,19,19,19,19,19,19,19,19,19,19
2,1,410049,0,0,0,0,0,0,0,0,0,0
1,1,410050,18,18,18,18,18,18,18,18,18,18
1,1,410051,0,0,0,15,0,0,0,0,0,0
2,1,410051,0,0,0,0,0,0,0,0,0,0
0,1,410052,0,0,0,0,0,0,0,0,0,0
1,1,410052,0,0,8,0,0,0,0,15,0,0
1,1,410053,0,0,0,0,0,0,0,0,0,0
1,1,410054,20,20,20,20,20,20,20,20,20,20
0,1,410055,14,0,0,0,0,0,0,0,0,0
1,1,410055,0,0,0,0,0,0,0,0,0,0
1,1,410056,0,0,0,0,0,0,0,0,0,0
2,1,410056,0,0,0,0,0,0,0,0,0,0
3,1,410056,10,0,20,0,0,0,0,0,0,0
4,1,410056,0,0,0,0,0,0,0,0,0,0
1,1,410057,0,0,0,0,0,0,0,0,0,0
2,1,410057,0,0,0,0,0,0,0,0,0,0
1,1,410058,0,0,0,0,0,0,0,0,0,0
1,1,410059,0,0,0,0,0,0,0,0,0,0
2,1,410059,0,0,0,0,0,0,0,0,0,0
3,1,410059,0,0,0,0,0,0,12,0,0,0
1,1,410060,0,0,0,0,0,0,0,0,0,0
1,1,410061,20,20,20,20,20,20,20,20,20,20
1,1,410062,21,21,21,21,21,21,21,21,21,21
1,1,410063,0,0,0,0,0,0,0,0,0,0
2,1,410063,0,0,0,0,0,0,0,0,0,0
0,1,410064,0,0,0,0,0,0,0,0,0,0
1,1,410064,0,0,0,0,0,0,0,0,0,0
1,1,410065,0,0,0,0,0,0,0,26,0,0
2,1,410065,0,0,0,0,0,0,0,0,0,0
3,1,410065,0,0,0,21,0,0,0,0,0,0
1,1,410066,0,0,0,0,0,0,0,0,0,0
0,1,410067,0,0,0,0,0,0,0,0,0,0