VEH_NO,PER_NO,ST_CASE,P1,P2,P3,P4,P5,P6,P7,P8,P9,P10
1,1,410397,0,0,0,0,0,0,0,0,0,0
1,1,410398,0,0,0,0,0,0,0,0,0,0
2,1,410398,0,0,0,0,0,0,0,0,0,0
1,1,410399,11,11,11,11,11,11,11,11,11,11
1,1,410400,0,0,0,0,0,0,0,0,0,0
2,1,410400,0,0,0,0,0,0,0,0,18,0
1,1,410401,0,0,0,0,0,0,0,0,0,0
1,1,410402,0,0,0,0,0,0,0,0,0,0
1,1,410403,6,6,6,6,6,6,6,6,6,6
0,1,410404,22,22,22,22,22,22,22,22,22,22
1,1,410404,0,0,0,0,0,0,0,0,0,0
1,1,410405,0,0,0,0,0,0,0,0,0,0
2,1,410405,0,0,0,0,0,0,0,0,0,0
1,1,410406,34,34,34,34,34,34,34,34,34,34
2,1,410406,0,0,9,0,0,0,0,0,0,0
1,1,410407,5,5,5,5,5,5,5,5,5,5
1,1,410408,0,0,0,0,0,0,0,0,0,0
2,1,410408,0,0,0,0,0,0,0,0,0,0
1,1,410409,22,22,22,22,22,22,22,22,22,22
0,1,410410,23,23,23,23,23,23,23,23,23,23
1,1,410410,0,0,0,0,0,0,0,0,0,0
0,1,410411,0,0,0,0,0,0,0,0,0,0
1,1,410411,0,8,14,0,0,5,0,6,0,13
1,1,410412,0,0,0,0,0,10,9,0,0,0
1,1,410413,0,0,0,0,0,0,0,0,0,0
1,1,410414,0,0,0,0,0,0,0,0,0,0
1,1,410415,9,0,0,0,0,0,0,20,16,5
0,1,410416,0,0,0,0,0,0,0,0,0,0
1,1,410416,0,0,0,0,0,0,0,0,0,0
1,1,410417,22,22,22,22,22,22,22,22,22,22
1,1,420001,16,16,16,16,16,16,16,16,16,16
1,1,420002,20,20,20,20,20,20,20,20,20,20
2,1,420002,0,0,0,0,0,0,0,0,0,0
1,1,420003,0,0,0,0,0,0,0,0,0,0
2,1,420003,0,0,0,0,0,0,0,0,0,0
0,1,420004,0,0,0,0,0,0,0,0,0,0
1,1,420005,0,0,0,0,0,0,0,0,0,0
1,1,420006,29,29,29,29,29,29,29,29,29,29
1,1,420007,13,0,0,14,0,0,0,0,0,0
1,1,420008,0,0,0,0,0,0,0,0,0,0
0,1,420009,0,0,0,0,0,0,0,0,0,0
1,1,420009,0,0,0,0,0,0,0,0,0,0
1,1,420010,0,0,0,0,0,0,0,0,0,0
2,1,420010,0,0,0,0,0,0,18,0,0,0
1,1,420011,12,12,12,12,12,12,12,12,12,12
1,1,420012,17,17,17,17,17,17,17,17,17,17
1,1,420013,19,19,19,19,19,19,19,19,19,19
1,2,420014,27,10,17,17,27,13,13,25,0,15
1,1,420015,10,10,10,10,10,10,10,10,10,10
1,1,420016,11,0,0,0,0,0,0,0,0,0
0,1,420017,0,0,0,0,0,0,0,0,0,0
0,2,420017,0,0,11,0,0,0,0,7,0,0
1,1,420017,12,18,15,21,9,23,22,18,24,28
1,1,420018,19,19,19,19,19,19,19,19,19,19
2,1,420018,0,0,0,0,0,9,0,0,16,0
1,1,420019,0,0,7,0,0,0,0,0,3,0
2,1,420019,0,0,0,0,0,0,0,0,0,0
1,1,420020,0,0,0,0,0,0,0,0,0,0
1,1,420021,0,0,0,0,0,0,0,0,0,0
0,1,420022,0,0,0,0,0,0,0,0,0,0
1,1,420022,0,0,0,0,0,0,0,8,0,0
1,1,420023,0,0,0,0,0,0,0,0,0,0
1,1,420024,0,0,0,0,0,0,0,0,0,0
1,1,420025,0,0,0,0,0,0,0,0,0,0
2,1,420025,0,0,0,0,0,9,0,0,0,0
1,1,420026,0,0,0,0,0,0,0,0,0,0
1,1,420027,0,0,0,0,0,0,0,0,0,0
2,1,420027,0,0,0,0,0,0,0,0,0,0
1,1,420028,20,20,20,20,20,20,20,20,20,20
1,1,420029,0,0,0,0,0,0,0,0,0,0
1,1,420030,2,2,2,2,2,2,2,2,2,2
1,1,420031,0,0,0,0,0,0,0,0,0,0
2,1,420031,0,0,0,0,0,0,0,0,0,0
3,1,420031,0,0,0,0,0,0,0,0,0,0
1,1,420032,0,0,0,0,0,0,0,0,0,0
1,1,420033,0,0,0,0,0,0,0,0,0,0
1,1,420034,24,24,24,24,24,24,24,24,24,24
1,1,420035,0,0,0,0,0,0,0,0,0,0
2,1,420035,0,0,0,0,0,0,0,0,0,0
1,1,420036,0,0,0,0,14,0,0,0,0,0
1,1,420037,0,0,0,0,0,0,0,0,0,0
2,1,420037,0,0,0,0,0,0,0,0,0,0
1,1,420038,0,0,0,0,0,0,0,0,0,0
2,1,420038,0,0,0,0,0,0,0,0,0,0
1,1,420039,0,0,0,0,0,0,0,0,0,0
2,1,420039,0,0,0,0,0,0,0,0,0,0
1,1,420040,0,0,6,0,0,0,0,0,0,0
2,1,420040,0,0,0,0,0,0,0,0,0,0
1,1,420041,0,0,0,0,0,0,0,0,0,0
2,1,420041,0,0,0,0,0,0,0,0,0,0
3,1,420041,0,0,0,0,0,0,0,0,0,0
1,1,420042,0,0,0,0,0,0,0,0,0,0
2,1,420042,0,0,0,0,14,0,0,0,0,0
1,1,420044,0,0,0,0,0,0,0,0,0,0
2,1,420044,0,0,0,0,0,12,0,0,0,0
1,1,420045,25,25,25,25,25,25,25,25,25,25
0,1,420046,0,0,0,0,0,0,0,0,0,0
0,2,420046,0,0,0,0,0,0,0,0,0,0
1,1,420046,0,0,0,0,0,0,0,0,0,0
1,1,420047,24,24,24,24,24,24,24,24,24,24
1,1,420048,0,0,0,0,0,0,0,0,0,0
2,1,420048,0,0,0,0,0,0,0,0,0,0
1,1,420049,10,10,10,10,10,10,10,10,10,10
1,1,420050,3,3,3,3,3,3,3,3,3,3
1,1,420051,0,0,0,0,0,0,0,0,0,0
2,1,420051,0,0,0,0,0,0,0,0,0,0
1,1,420052,0,0,0,0,0,0,0,0,0,0
2,1,420052,0,0,0,0,0,0,0,0,0,0
1,1,420053,22,22,22,22,22,22,22,22,22,22
0,1,420054,20,20,20,20,20,20,20,20,20,20
1,1,420054,0,0,0,0,0,0,0,0,0,0
0,1,420055,0,0,0,0,0,0,0,0,0,0
1,1,420055,0,0,0,0,0,0,0,0,0,0
1,1,420056,0,0,0,0,0,0,0,0,0,0
2,1,420056,0,0,0,0,10,0,0,0,0,0
1,1,420057,21,21,21,21,21,21,21,21,21,21
1,1,420058,0,0,0,0,0,0,0,0,0,0
1,1,420059,10,10,10,10,10,10,10,10,10,10
2,1,420059,0,0,0,0,0,8,0,0,0,0
1,1,420060,17,17,17,17,17,17,17,17,17,17
0,1,420061,0,0,0,0,0,0,0,0,0,0
1,1,420061,0,0,0,0,0,0,0,0,0,0
1,1,420062,0,0,0,0,0,0,0,0,0,0
2,1,420062,0,0,0,0,0,0,0,0,0,0
1,1,420063,0,0,0,0,0,0,0,0,0,0
2,1,420063,0,0,0,0,0,0,0,0,0,0
3,1,420063,0,0,0,0,0,0,0,0,0,0
4,1,420063,0,0,0,0,0,0,0,0,0,0
5,1,420063,0,0,0,0,0,0,0,0,0,0
6,1,420063,0,0,0,0,0,0,0,8,0,0
1,1,420064,12,0,0,14,0,0,20,0,13,0
1,1,420065,20,20,20,20,20,20,20,20,20,20
1,1,420066,14,14,14,14,14,14,14,14,14,14
1,1,420067,31,31,31,31,31,31,31,31,31,31
1,1,420068,8,8,8,8,8,8,8,8,8,8
1,1,420069,17,17,17,17,17,17,17,17,17,17
1,1,420070,0,0,0,8,0,0,0,0,0,0
2,1,420070,0,0,0,0,0,0,0,21,0,0
1,1,420071,0,0,0,0,0,0,0,0,12,0
2,1,420071,0,0,0,0,0,0,0,0,0,0
3,1,420071,0,0,0,0,0,0,0,0,0,0
1,1,420072,0,0,0,0,0,0,0,0,0,0
2,1,420072,0,0,0,0,0,0,0,0,0,0
1,1,420073,23,23,23,23,23,23,23,23,23,23
1,1,420074,0,0,0,0,0,0,0,0,0,0
1,1,420075,8,8,8,8,8,8,8,8,8,8
1,1,420076,0,0,0,0,0,0,0,0,0,0
2,1,420076,0,0,0,0,0,0,0,0,0,0
1,1,420077,0,0,0,0,0,0,0,0,0,0
1,1,420078,23,23,23,23,23,23,23,23,23,23
1,1,420079,24,24,24,24,24,24,24,24,24,24
1,1,420080,0,0,0,0,0,0,0,0,0,0
2,1,420080,21,21,21,21,21,21,21,21,21,21
1,1,420081,22,22,22,22,22,22,22,22,22,22
0,1,420082,0,0,0,0,0,0,0,0,0,0
1,1,420082,0,0,0,0,0,0,0,0,0,0
1,1,420083,0,0,0,0,0,0,0,0,0,24
0,1,420084,0,0,0,0,0,0,0,0,0,0
1,1,420084,0,0,0,0,0,0,0,0,0,0
1,1,420085,0,0,0,0,0,0,0,0,0,0
1,1,420086,19,7,6,8,4,17,18,16,24,3
1,1,420087,0,0,0,0,0,0,0,0,0,0
2,1,420087,0,0,0,0,0,0,0,0,0,0
1,1,420088,0,0,0,0,0,0,0,0,0,0
2,1,420088,0,0,0,0,0,0,0,0,0,0
1,1,420089,0,0,0,0,0,0,0,0,0,0
1,1,420090,26,26,26,26,26,26,26,26,26,26
1,1,420091,31,31,31,31,31,31,31,31,31,31
2,1,420091,0,0,0,0,0,0,0,0,0,0
1,1,420092,0,0,0,0,0,14,0,0,18,0
1,1,420093,0,0,0,0,0,0,0,7,11,0
1,1,420094,21,21,21,21,21,21,21,21,21,21
0,1,420095,17,17,17,17,17,17,17,17,17,17
1,1,420095,0,0,0,0,0,0,0,0,0,0
1,1,420096,27,27,27,27,27,27,27,27,27,27
1,1,420097,0,0,0,0,0,0,0,0,0,0
1,1,420098,14,14,14,14,14,14,14,14,14,14
2,1,420098,12,12,12,12,12,12,12,12,12,12
1,1,420099,0,0,0,0,0,0,0,0,0,0
2,1,420099,0,0,0,0,13,0,0,0,20,0
1,1,420100,0,0,0,0,0,0,0,0,0,0
1,1,420101,17,20,26,17,23,16,25,10,13,35
1,1,420102,10,10,10,10,10,10,10,10,10,10
1,1,420103,0,0,0,0,0,0,0,0,0,0
1,1,420104,0,0,0,0,0,0,0,0,0,0
2,1,420104,0,0,0,0,0,0,0,0,0,0
3,1,420104,0,0,0,0,0,0,0,0,0,0
4,1,420104,21,0,10,0,0,0,0,0,0,0
1,1,420105,0,0,0,0,0,0,0,0,0,0
1,1,420106,11,11,11,11,11,11,11,11,11,11
2,1,420106,0,0,0,0,0,0,0,0,0,0
1,1,420107,0,0,0,0,0,0,0,0,0,0
2,1,420107,0,0,0,0,0,0,0,0,0,0
1,1,420108,0,0,0,0,0,0,0,0,0,0
2,1,420108,0,0,0,0,0,0,0,0,0,0
1,1,420109,0,0,0,0,0,0,0,0,0,0
2,1,420109,0,0,0,0,0,0,0,0,0,0
3,1,420109,0,0,0,0,0,0,0,0,0,0
1,1,420110,12,12,12,12,12,12,12,12,12,12
1,1,420111,0,0,0,0,0,0,0,0,0,0
2,1,420111,0,0,0,0,0,0,0,0,0,0
3,1,420111,0,0,0,0,0,0,0,0,0,0
1,1,420112,19,19,19,19,19,19,19,19,19,19
0,1,420113,0,0,0,0,0,0,0,0,0,0
1,1,420113,35,35,35,35,35,35,35,35,35,35
1,1,420114,0,0,0,0,0,0,0,0,0,0
2,1,420114,0,0,0,0,0,0,0,0,0,0
3,1,420114,0,0,0,0,0,0,0,0,0,0
1,1,420115,25,25,25,25,25,25,25,25,25,25
1,1,420116,10,10,10,10,10,10,10,10,10,10
1,1,420117,20,0,0,0,0,0,0,0,0,0
2,1,420117,0,0,0,0,0,0,0,0,0,0
3,1,420117,0,12,0,0,0,0,0,0,0,0
4,1,420117,0,0,0,0,0,0,0,0,0,0
1,1,420118,0,0,0,0,0,0,0,0,0,0
2,1,420118,0,0,0,0,0,0,0,0,0,0
1,1,420119,19,19,19,19,19,19,19,19,19,19
1,1,420120,0,0,0,0,0,0,0,0,0,0
2,1,420120,2,2,2,2,2,2,2,2,2,2
1,1,420121,0,0,0,0,0,0,0,0,0,0
2,1,420121,0,0,0,0,0,0,0,0,0,0
0,1,420122,0,41,30,26,0,0,12,20,24,0
1,1,420122,2,2,2,2,2,2,2,2,2,2
1,1,420123,0,0,0,0,0,0,0,0,0,0
2,1,420123,0,0,0,0,0,0,0,0,0,0
1,1,420124,0,0,0,0,0,0,0,0,0,0
2,1,420124,6,0,0,0,0,0,0,0,0,0
0,1,420125,0,0,0,0,14,0,7,0,0,0
1,1,420125,0,0,0,0,0,0,0,0,0,0
1,1,420126,0,0,0,0,0,0,0,0,0,0
2,1,420126,0,0,0,0,0,0,0,0,0,0
3,1,420126,0,0,0,0,0,0,0,0,0,0
0,1,420127,0,0,0,0,21,0,0,0,0,0
1,1,420127,0,0,0,0,0,0,0,0,0,0
1,1,420128,24,24,24,24,24,24,24,24,24,24
1,1,420129,0,0,0,0,0,0,0,0,0,0
1,1,420130,0,0,0,0,0,0,13,0,5,0
1,1,420131,0,0,0,0,0,0,0,0,0,0
1,1,420132,16,16,16,16,16,16,16,16,16,16
0,1,420133,0,0,0,0,0,0,0,0,0,0
1,1,420133,24,8,10,27,10,18,7,9,7,16
1,1,420134,0,0,0,0,0,0,0,0,0,0
2,1,420134,0,0,0,0,0,0,0,0,0,0
3,1,420134,0,0,0,0,0,0,0,0,0,0
1,1,420135,19,19,19,19,19,19,19,19,19,19
1,1,420136,16,16,16,16,16,16,16,16,16,16
1,1,420137,0,0,0,0,0,0,0,0,0,0
1,1,420138,14,14,14,14,14,14,14,14,14,14
1,1,420139,0,0,0,0,0,0,0,0,0,0
1,1,420140,14,14,14,14,14,14,14,14,14,14
1,1,420141,0,0,0,0,0,0,0,0,0,0
1,1,420142,0,0,0,0,0,0,0,0,0,0
1,1,420143,17,17,17,17,17,17,17,17,17,17
1,1,420144,0,0,0,0,0,0,0,0,0,0
2,1,420144,0,0,24,0,0,0,0,0,0,0
1,1,420145,0,0,0,0,0,0,0,0,0,0
1,1,420146,0,0,0,0,0,0,0,0,0,0
2,1,420146,0,0,0,0,0,0,0,0,0,0
1,1,420147,0,0,0,0,0,8,0,0,0,0
2,1,420147,0,0,0,0,0,0,0,4,0,0
1,1,420148,0,0,0,0,0,0,0,0,0,0
1,1,420149,0,15,0,0,0,0,0,0,4,28
0,1,420150,29,29,29,29,29,29,29,29,29,29
1,1,420150,21,13,2,6,0,4,9,18,0,15
1,1,420151,0,0,0,0,0,0,0,0,0,0
1,1,420152,0,0,0,0,0,0,0,0,0,0
1,1,420153,9,9,9,9,9,9,9,9,9,9
0,1,420154,0,0,0,0,18,10,0,0,0,0
1,1,420154,0,0,0,0,0,0,0,0,0,0
1,1,420155,0,0,0,0,0,0,0,0,0,0
2,1,420155,11,0,0,0,0,0,0,0,0,0
1,1,420156,0,0,0,0,0,0,0,0,0,0
2,1,420156,0,0,0,8,0,0,0,0,0,0
3,1,420156,0,0,0,0,0,0,0,0,0,0
0,1,420157,0,0,0,0,0,0,0,0,0,0
1,1,420157,0,0,0,0,0,0,0,0,0,0
2,1,420157,0,0,0,0,0,0,0,0,0,0
1,1,420158,0,0,0,0,0,0,0,0,0,0
2,1,420158,0,0,0,0,0,0,0,0,0,0
0,1,420159,0,0,0,0,0,0,0,0,0,0
1,1,420159,0,0,0,0,0,0,0,0,0,0
1,1,420160,13,13,13,13,13,13,13,13,13,13
2,1,420160,0,0,0,0,0,0,0,0,0,0
0,1,420161,0,0,0,0,0,0,0,0,0,0
1,1,420161,27,27,27,27,27,27,27,27,27,27
1,1,420162,0,0,0,0,0,0,0,0,0,0
2,1,420162,0,0,0,0,0,0,0,0,0,0
1,1,420163,0,0,0,0,0,0,0,0,0,0
0,1,420164,0,0,0,0,0,0,0,0,0,0
1,1,420164,0,0,0,0,0,0,0,0,0,11
1,1,420165,0,0,0,0,0,0,0,0,0,0
2,1,420165,0,0,0,0,0,0,0,0,0,0
1,1,420166,0,0,0,0,0,0,0,0,0,0
2,1,420166,0,10,0,0,0,0,0,0,0,0
1,1,420167,0,0,0,0,0,0,0,0,0,0
1,1,420168,23,0,0,6,0,0,0,29,13,29
1,1,420169,0,0,0,0,0,0,0,0,0,0
2,1,420169,0,0,0,0,0,0,0,0,0,0
3,1,420169,0,0,0,0,0,0,0,0,0,0
1,1,420170,8,8,8,8,8,8,8,8,8,8
2,1,420170,0,0,0,0,0,0,0,0,0,0
3,1,420170,0,0,0,0,0,0,0,0,0,0
1,1,420171,0,0,0,0,0,0,0,0,0,0
2,1,420171,0,0,0,0,0,0,0,0,0,0
0,1,420172,0,0,0,0,0,0,0,0,0,0
1,1,420172,0,0,0,0,0,0,0,0,0,0
1,1,420173,22,22,22,22,22,22,22,22,22,22
2,1,420173,0,0,0,0,0,0,0,0,0,0
1,1,420174,0,0,0,0,0,0,0,0,0,0
0,1,420175,18,49,15,48,17,0,22,26,35,24
1,1,420175,0,0,0,15,3,13,11,0,0,16
1,1,420176,26,26,26,26,26,26,26,26,26,26
1,1,420177,0,0,0,0,14,0,0,0,0,0
1,1,420178,10,10,10,10,10,10,10,10,10,10
2,1,420178,0,0,0,0,0,0,0,0,0,0
1,1,420179,0,0,0,0,0,0,0,0,0,0
2,1,420179,0,0,0,0,0,0,0,0,0,0
1,1,420180,0,0,0,0,0,0,0,0,0,0
2,1,420180,0,0,0,0,0,0,0,0,0,0
1,1,420181,0,0,0,0,0,0,9,0,0,0
1,1,420182,0,0,0,0,0,0,0,0,0,0
2,1,420182,0,0,0,0,0,0,0,0,0,0
1,1,420183,9,9,9,9,9,9,9,9,9,9
1,1,420184,0,0,0,0,0,0,0,0,0,0
2,1,420184,0,0,0,0,0,0,0,0,0,0
1,1,420185,0,8,0,0,0,0,0,0,0,0
2,1,420185,0,0,0,0,0,0,0,0,0,0
0,1,420186,0,0,0,15,0,0,0,0,0,0
1,1,420186,0,0,0,0,0,0,0,0,0,0
2,1,420186,0,0,0,0,0,0,0,0,0,0
1,1,420187,0,0,0,0,0,0,0,0,0,0
2,1,420187,0,0,0,0,0,0,0,0,0,0
3,1,420187,0,0,0,0,0,0,0,0,0,0
4,1,420187,0,0,0,0,0,0,0,0,0,0
1,1,420188,0,0,0,0,0,0,0,0,0,0
1,1,420189,0,0,0,18,0,0,0,0,0,6
1,1,420190,13,13,13,13,13,13,13,13,13,13
2,1,420190,0,0,0,0,0,0,0,0,0,0
1,1,420191,0,0,0,0,0,0,0,0,0,0
2,1,420191,0,0,0,0,0,0,0,0,0,0
1,1,420192,16,16,16,16,16,16,16,16,16,16
2,1,420192,0,0,0,0,0,0,0,0,0,0
1,1,420193,0,0,0,0,0,0,0,0,0,0
2,1,420193,0,0,0,0,0,0,0,0,0,0
1,1,420194,0,0,0,0,0,0,0,0,0,0
2,1,420194,0,0,0,0,0,0,0,0,0,0
1,1,420195,23,23,23,23,23,23,23,23,23,23
2,1,420195,10,10,10,10,10,10,10,10,10,10
3,1,420195,0,0,0,0,0,0,0,5,0,0
1,1,420196,0,0,0,0,0,0,0,0,0,0
2,1,420196,0,0,0,0,0,0,0,0,0,0
1,1,420197,24,24,24,24,24,24,24,24,24,24
2,1,420197,0,0,0,0,0,0,0,0,0,6
1,1,420198,0,0,0,0,0,0,0,0,0,0
2,1,420198,0,0,0,0,0,0,0,0,0,0
3,1,420198,0,0,0,0,0,0,0,0,0,0
1,1,420199,0,0,0,0,0,0,0,0,0,0
1,1,420200,0,0,0,0,0,0,0,0,0,0
2,1,420200,0,0,0,0,0,0,0,0,0,0
3,1,420200,0,0,0,0,0,10,0,0,0,0
1,1,420201,0,0,0,0,0,0,0,0,0,0
2,1,420201,0,0,0,0,0,5,0,0,0,0
1,1,420202,0,0,0,0,0,0,0,0,0,0
1,1,420203,0,0,0,0,0,0,0,0,0,0
0,1,420204,0,0,0,0,0,0,0,0,0,0
1,1,420204,0,0,0,0,0,0,0,0,0,0
2,1,420204,0,0,0,0,0,0,0,0,0,0
1,1,420205,0,0,0,0,0,0,0,0,0,0
0,1,420206,0,0,0,0,0,0,0,0,0,0
1,1,420206,0,0,0,0,0,0,0,0,0,0
1,1,420207,18,18,18,18,18,18,18,18,18,18
1,1,420208,0,0,0,0,0,0,0,0,0,0
2,1,420208,0,0,0,0,0,0,0,0,0,0
3,1,420208,0,0,0,0,0,0,0,0,0,0
1,1,420209,0,0,0,0,0,0,0,0,0,0
2,1,420209,0,0,0,0,0,0,0,0,0,0
1,1,420210,0,0,0,0,0,0,0,0,0,0
2,1,420210,0,0,0,0,7,0,0,0,0,0
1,1,420211,0,0,0,0,0,0,0,0,0,0
1,1,420212,21,21,21,21,21,21,21,21,21,21
1,1,420213,0,0,0,0,0,0,0,0,0,0
2,1,420213,0,0,0,0,0,0,0,0,0,0
1,1,420214,0,0,0,0,0,0,0,0,0,0
1,1,420215,0,0,0,0,0,0,0,0,0,0
2,1,420215,0,0,0,0,0,0,0,0,0,0
3,1,420215,0,0,0,0,0,0,0,0,0,0
4,1,420215,0,0,0,0,0,0,0,0,0,0
1,1,420216,33,33,33,33,33,33,33,33,33,33
1,1,420217,0,0,0,0,0,0,0,0,0,0
2,1,420217,0,0,0,0,0,0,0,0,0,0
1,1,420218,0,0,0,0,0,0,0,0,0,0
1,1,420219,0,0,0,0,0,0,0,7,0,8
0,1,420220,0,0,0,0,10,0,0,0,0,0
1,1,420220,0,0,0,0,0,0,0,0,0,0
1,1,420221,0,0,0,0,0,0,0,0,0,0
2,1,420221,0,0,0,0,0,0,0,0,0,0
1,1,420222,0,0,0,7,0,0,0,0,0,0
1,1,420223,0,0,0,0,0,0,0,0,0,0
1,1,420224,19,19,19,19,19,19,19,19,19,19
1,1,420225,8,8,8,8,8,8,8,8,8,8
1,1,420226,15,15,15,15,15,15,15,15,15,15
0,1,420227,0,0,0,0,0,0,0,0,0,0
1,1,420227,7,0,0,0,4,0,0,0,5,13
1,1,420228,0,0,0,0,0,0,0,0,0,0
2,1,420228,0,0,0,0,0,0,0,0,0,0
1,1,420229,0,0,4,0,0,11,14,0,0,0
1,1,420230,0,0,0,0,0,0,0,0,0,0
1,1,420231,0,0,0,0,8,0,0,0,0,14
1,1,420232,21,21,21,21,21,21,21,21,21,21
1,1,420233,0,0,0,0,0,0,0,0,0,0
1,1,420234,0,0,0,0,0,0,0,0,0,0
2,1,420234,0,0,0,0,0,0,0,0,0,0
1,1,420235,26,0,0,0,16,0,0,0,22,0
1,1,420236,0,0,0,0,0,0,0,0,0,0
1,1,420237,6,6,6,6,6,6,6,6,6,6
2,1,420237,0,0,0,0,0,0,0,0,0,0
0,1,420238,16,16,16,16,16,16,16,16,16,16
1,1,420238,0,11,14,0,0,11,20,12,0,15
1,1,420239,0,0,0,0,0,0,0,0,0,0
2,1,420239,0,0,0,0,0,0,0,0,0,0
3,1,420239,0,0,0,0,0,0,0,0,0,0
4,1,420239,0,0,0,0,0,0,0,0,0,0
5,1,420239,0,0,0,0,0,0,0,0,0,0
6,1,420239,0,0,0,0,0,0,0,0,0,0
7,1,420239,0,0,0,0,0,0,0,0,0,0
8,1,420239,0,0,0,0,0,0,0,0,0,0
9,1,420239,0,0,0,0,0,0,5,0,0,0
1,1,420240,0,0,0,0,0,0,0,0,0,0
1,1,420241,0,0,0,0,0,0,0,0,0,0
2,1,420241,0,0,0,4,0,0,6,0,0,0
1,1,420242,0,0,0,0,0,0,0,0,0,0
2,1,420242,0,0,16,0,0,0,0,0,0,0
1,1,420243,29,29,29,29,29,29,29,29,29,29
1,1,420244,0,0,0,0,0,0,0,0,0,0
1,1,420245,10,10,10,10,10,10,10,10,10,10
2,1,420245,0,0,0,0,0,0,0,0,0,0
1,1,420246,0,0,0,0,0,0,0,0,0,0
1,1,420247,0,0,0,0,0,0,0,0,0,0
2,1,420247,0,0,0,0,0,0,0,0,0,0
1,1,420248,0,0,15,39,10,0,0,0,32,22
1,1,420249,0,0,0,0,0,0,0,0,0,0
1,1,420250,8,8,8,8,8,8,8,8,8,8
2,1,420250,0,0,0,0,0,0,0,0,0,0
1,1,420251,20,20,20,20,20,20,20,20,20,20
1,1,420252,17,17,17,17,17,17,17,17,17,17
2,1,420252,0,0,0,0,0,0,0,0,0,0
1,1,420253,0,21,0,0,0,0,0,0,24,0
1,1,420254,21,21,21,21,21,21,21,21,21,21
1,1,420255,0,0,0,0,0,0,0,0,0,0
2,1,420255,0,0,0,0,0,0,8,0,0,0
1,1,420256,0,0,0,0,0,0,0,0,0,0
2,1,420256,0,0,0,0,0,0,0,0,0,0
3,1,420256,0,0,0,0,0,0,0,0,0,0
1,1,420257,8,12,7,7,9,7,17,13,9,15
1,1,420258,14,14,14,14,14,14,14,14,14,14
1,1,420259,19,19,19,19,19,19,19,19,19,19
2,1,420259,16,16,16,16,16,16,16,16,16,16
1,1,420260,0,0,0,0,0,0,0,0,0,0
2,1,420260,0,0,0,0,0,0,0,0,0,0
1,1,420261,0,0,0,0,0,0,0,0,0,0
2,1,420261,0,0,0,0,0,0,0,0,0,0
1,1,420262,13,13,13,13,13,13,13,13,13,13
1,1,420263,21,21,21,21,21,21,21,21,21,21
2,1,420263,0,0,0,0,0,0,0,0,0,0
3,1,420263,0,0,0,0,0,0,0,0,0,0
4,1,420263,0,0,0,0,0,0,0,0,0,0
1,1,420264,0,0,0,0,0,0,0,0,0,0
2,1,420264,0,0,0,0,0,0,0,0,0,0
1,1,420265,31,31,31,31,31,31,31,31,31,31
1,1,420266,0,0,0,0,0,0,0,0,0,0
2,1,420266,0,0,0,0,0,0,0,0,13,0
3,1,420266,0,0,0,0,0,0,0,0,0,0
1,1,420267,20,20,20,20,20,20,20,20,20,20
1,1,420268,0,0,0,0,0,0,0,0,0,0
1,1,420269,15,19,9,5,0,0,20,0,5,0
1,1,420270,0,0,0,0,0,3,0,0,0,0
2,1,420270,0,0,0,0,0,0,0,0,0,0
1,1,420271,18,0,0,0,16,0,18,0,0,16
1,1,420272,17,17,17,17,17,17,17,17,17,17
1,1,420273,0,0,0,0,0,0,0,0,0,0
1,1,420274,0,0,0,0,0,0,0,0,0,0
2,1,420274,0,0,0,0,0,0,0,0,0,0
1,1,420275,0,0,0,0,0,0,0,0,0,0
0,1,420276,0,0,34,0,13,0,0,0,0,0
1,1,420276,0,0,0,0,0,0,0,0,0,0
1,1,420277,17,17,17,17,17,17,17,17,17,17
2,1,420277,0,0,0,0,0,0,0,0,0,0
1,1,420278,24,24,24,24,24,24,24,24,24,24
0,1,420279,22,22,22,22,22,22,22,22,22,22
1,1,420279,0,0,0,0,0,0,0,0,0,0
1,1,420280,21,21,21,21,21,21,21,21,21,21
2,1,420280,9,0,0,0,0,0,0,0,0,0
1,1,420281,26,26,26,26,26,26,26,26,26,26
1,1,420282,0,0,0,0,0,6,0,0,0,0
2,1,420282,0,0,0,0,0,0,0,0,0,0
3,1,420282,0,0,0,0,0,0,0,0,0,0
0,1,420283,0,0,0,0,0,0,0,0,0,0
1,1,420283,0,0,0,6,0,0,5,0,0,0
1,1,420284,0,0,0,0,0,0,0,0,0,0
1,1,420285,0,0,0,0,0,0,0,0,0,0
1,1,420286,0,0,0,0,0,0,0,0,0,0
2,1,420286,5,5,5,5,5,5,5,5,5,5
1,1,420287,22,22,22,22,22,22,22,22,22,22
2,1,420287,0,0,0,0,0,0,0,0,0,0
1,1,420288,0,0,0,0,0,0,0,0,0,0
1,1,420289,27,18,30,15,23,4,8,14,13,6
1,1,420290,0,0,0,0,0,0,0,0,0,0
2,1,420290,17,17,17,17,17,17,17,17,17,17
3,1,420290,14,0,0,0,0,0,0,0,0,0
1,1,420291,0,0,0,0,0,0,0,0,0,0
2,1,420291,0,0,0,0,0,0,0,0,0,0
1,1,420292,0,10,20,9,0,0,0,0,0,0
2,1,420292,0,0,0,0,0,0,0,0,0,0