VEH_NO,PER_NO,ST_CASE,P1,P2,P3,P4,P5,P6,P7,P8,P9,P10
1,1,420609,0,0,0,0,0,0,0,0,0,0
1,1,420610,0,0,0,0,0,0,0,0,0,0
1,1,420611,16,16,16,16,16,16,16,16,16,16
1,1,420612,12,12,12,12,12,12,12,12,12,12
0,1,420613,0,0,0,0,0,0,0,0,0,0
1,1,420613,27,15,11,26,12,23,24,10,6,23
1,1,420614,0,0,0,0,0,0,0,0,0,0
2,1,420614,8,8,8,8,8,8,8,8,8,8
1,1,420615,0,0,0,0,0,0,0,0,0,0
0,1,420616,0,0,0,0,0,0,0,0,0,0
1,1,420616,0,0,0,0,0,0,0,0,0,0
0,1,420617,0,0,0,0,0,0,0,0,0,0
1,1,420617,0,0,0,0,0,0,0,0,0,0
0,1,420618,0,0,0,0,0,0,0,0,0,0
1,1,420618,0,0,0,0,0,0,0,0,0,0
1,1,420619,37,37,37,37,37,37,37,37,37,37
1,1,420620,8,8,8,8,8,8,8,8,8,8
1,1,420621,0,0,0,0,0,0,0,0,0,0
2,1,420621,0,0,0,0,0,0,0,0,0,0
3,1,420621,0,0,0,0,0,0,0,0,0,0
1,1,420622,0,0,0,0,0,0,0,0,12,0
1,1,420623,26,26,26,26,26,26,26,26,26,26
0,1,420624,0,0,0,0,0,0,0,0,0,0
1,1,420624,0,0,0,0,0,0,0,0,0,0
1,1,420625,19,19,19,19,19,19,19,19,19,19
2,1,420625,0,0,0,0,0,0,0,0,0,0
1,1,420626,0,0,0,0,0,0,0,0,0,0
1,1,420627,11,11,11,11,11,11,11,11,11,11
1,1,420628,0,8,0,0,6,0,0,0,0,0
1,1,420629,0,0,0,0,0,0,0,0,0,0
1,1,420630,0,0,0,0,0,0,0,0,0,0
2,1,420630,0,0,0,0,0,16,0,0,0,0
1,1,420631,0,0,0,0,0,0,0,0,0,0
2,1,420631,0,0,0,0,0,0,0,0,0,0
1,1,420632,0,0,0,0,0,0,0,0,0,0
1,1,420633,21,21,21,21,21,21,21,21,21,21
2,1,420633,0,14,0,0,6,0,0,0,0,0
1,1,420634,0,0,0,0,0,0,0,0,0,0
2,1,420634,0,0,0,0,0,0,0,0,0,0
1,1,420635,20,20,20,20,20,20,20,20,20,20
1,1,420636,0,0,0,0,0,0,0,0,0,0
2,1,420636,0,0,0,0,0,0,0,0,0,0
0,1,420637,20,20,20,20,20,20,20,20,20,20
1,1,420637,0,0,0,0,0,0,0,0,0,0
0,1,420638,27,0,0,0,0,0,0,0,0,0
1,1,420638,0,0,0,0,0,0,0,0,0,0
1,1,420639,0,0,0,0,0,0,0,0,0,0
1,1,420640,0,0,0,0,0,0,0,0,0,0
2,1,420640,0,0,0,0,0,0,0,0,0,0
0,1,420641,0,0,0,0,0,0,0,0,0,0
1,1,420641,0,0,0,0,0,0,0,0,0,0
1,1,420642,0,0,0,0,0,7,0,14,0,0
2,1,420642,0,0,0,0,0,0,0,0,0,0
1,1,420643,0,0,0,0,0,0,0,0,0,0
2,1,420643,0,0,0,0,0,0,0,0,0,0
1,1,420644,0,0,0,0,0,0,0,0,0,0
1,1,420645,30,30,30,30,30,30,30,30,30,30
1,1,420646,0,0,0,23,14,11,4,0,0,10
1,1,420647,0,0,8,8,0,0,0,0,12,0
1,1,420648,23,23,23,23,23,23,23,23,23,23
2,1,420648,0,0,0,0,0,0,0,0,0,0
1,1,420649,0,0,0,0,0,0,0,0,0,0
2,1,420649,0,0,0,0,0,0,0,0,0,0
1,1,420650,5,0,0,0,4,0,4,0,5,4
2,1,420650,0,0,0,0,0,0,0,0,0,0
1,1,420651,0,0,0,0,0,0,0,0,0,0
1,1,420652,0,0,0,0,0,0,0,0,0,0
2,1,420652,0,0,0,0,0,0,0,0,0,0
1,1,420653,23,23,23,23,23,23,23,23,23,23
2,1,420653,0,0,0,0,0,0,0,0,0,0
1,1,420654,29,29,29,29,29,29,29,29,29,29
1,1,420655,33,33,33,33,33,33,33,33,33,33
1,1,420656,0,7,0,0,0,0,0,0,0,0
2,1,420656,0,0,0,0,0,0,0,0,0,0
1,1,420657,0,0,0,0,0,0,0,0,0,0
2,1,420657,0,0,0,0,0,0,0,0,0,0
1,1,420658,0,0,0,0,0,0,0,0,0,0
2,1,420658,0,0,0,0,0,0,0,0,0,0
1,1,420659,0,0,0,0,0,0,0,0,0,0
1,1,420660,0,0,0,0,0,0,0,0,0,0
2,1,420660,0,0,0,0,0,0,0,0,0,0
1,1,420661,0,0,0,0,0,0,0,0,0,0
2,1,420661,0,0,0,0,0,0,0,0,0,0
1,1,420662,0,0,0,2,0,0,0,0,0,0
2,1,420662,0,0,0,0,0,0,0,0,0,0
3,1,420662,0,0,0,0,0,0,0,0,0,0
1,1,420663,0,0,0,0,0,0,0,0,0,0
1,1,420664,0,0,0,0,0,0,0,0,0,0
2,1,420664,0,0,0,0,0,0,0,0,0,0
3,1,420664,13,13,13,13,13,13,13,13,13,13
4,1,420664,0,0,0,0,0,0,0,0,0,0
1,1,420665,0,0,0,0,0,0,0,0,0,0
2,1,420665,0,0,0,0,0,0,0,0,0,0
1,1,420666,16,16,16,16,16,16,16,16,16,16
2,1,420666,0,0,0,0,0,0,0,0,0,0
0,1,420667,32,28,13,0,4,22,0,0,0,0
1,1,420667,0,0,22,0,4,0,11,20,9,6
1,1,420668,8,8,8,8,8,8,8,8,8,8
2,1,420668,0,0,0,0,0,0,0,0,0,0
1,1,420669,0,0,0,0,0,0,0,0,0,0
2,1,420669,0,0,0,3,0,0,0,0,0,0
1,1,420670,0,0,0,0,0,0,0,0,0,0
2,1,420670,0,0,0,0,0,0,0,0,0,0
3,1,420670,0,0,0,0,0,0,0,10,0,0
1,1,420671,0,0,0,0,0,0,0,0,0,0
2,1,420671,0,0,0,0,0,0,0,0,0,0
3,1,420671,0,0,0,0,0,0,0,0,0,0
1,1,420672,8,8,8,8,8,8,8,8,8,8
2,1,420672,0,0,0,0,0,0,0,0,0,0
1,1,420673,0,0,0,0,0,0,0,0,0,0
1,1,420674,0,0,0,0,0,0,0,0,0,0
1,1,420675,0,0,0,0,0,0,0,0,0,0
2,1,420675,0,0,0,0,0,0,0,0,0,0
1,1,420676,20,20,20,20,20,20,20,20,20,20
1,1,420677,0,0,0,0,0,0,0,0,0,0
2,1,420677,0,0,14,0,0,0,0,0,0,16
3,1,420677,0,0,0,0,0,0,0,0,0,0
1,1,420678,22,22,22,22,22,22,22,22,22,22
1,1,420679,23,23,23,23,23,23,23,23,23,23
1,1,420680,23,23,23,23,23,23,23,23,23,23
1,1,420681,6,6,6,6,6,6,6,6,6,6
1,1,420682,27,27,27,27,27,27,27,27,27,27
1,1,420683,28,28,28,28,28,28,28,28,28,28
1,1,420684,0,0,0,0,0,0,0,0,0,0
0,1,420685,28,28,28,28,28,28,28,28,28,28
1,1,420685,4,0,0,2,0,4,10,17,0,4
1,1,420686,7,7,7,7,7,7,7,7,7,7
1,1,420687,0,0,0,0,0,0,0,0,0,0
1,1,420688,23,23,23,23,23,23,23,23,23,23
1,1,420689,0,0,0,0,0,0,0,0,0,0
1,1,420690,0,0,0,0,0,0,0,0,0,0
2,1,420690,0,0,0,0,0,0,0,0,0,0
1,1,420691,0,0,0,0,0,0,0,10,0,0
1,1,420692,0,0,0,0,0,0,0,0,0,0
2,1,420692,0,0,0,0,0,0,0,0,0,0
1,1,420693,2,2,2,2,2,2,2,2,2,2
2,1,420693,0,0,0,0,0,0,0,0,0,0
1,1,420694,9,9,9,9,9,9,9,9,9,9
2,1,420694,0,0,0,0,0,0,0,0,0,0
1,1,420695,0,0,0,0,0,0,0,0,0,0
2,1,420695,0,0,0,0,0,0,0,0,0,0
1,1,420696,28,0,13,22,0,0,0,0,32,36
2,1,420696,0,0,0,0,0,0,0,0,0,0
1,1,420697,16,16,16,16,16,16,16,16,16,16
1,1,420698,0,0,0,0,0,0,0,0,0,0
1,1,420699,0,0,0,0,0,0,0,0,0,0
2,1,420699,0,0,0,0,0,0,0,0,0,0
1,1,420700,0,0,0,0,0,0,0,0,0,0
2,1,420700,0,0,0,0,0,0,0,0,0,0
1,1,420701,0,0,0,0,7,0,0,0,0,0
2,1,420701,0,0,0,0,0,0,7,0,0,0
1,1,420702,0,0,0,0,0,0,0,0,0,0
1,1,420703,0,0,0,0,0,0,0,0,0,0
2,1,420703,0,0,0,0,0,0,0,0,0,0
1,1,420705,21,21,21,21,21,21,21,21,21,21
2,1,420705,0,8,0,0,0,0,2,0,0,0
1,1,420706,20,20,20,20,20,20,20,20,20,20
1,1,420707,0,0,0,0,0,0,0,0,0,0
2,1,420707,11,3,0,0,0,0,0,0,0,0
1,1,420708,10,10,10,10,10,10,10,10,10,10
2,1,420708,0,0,0,0,0,0,0,0,0,0
1,1,420709,0,0,0,0,0,0,0,0,0,0
2,1,420709,0,0,0,0,0,0,0,0,0,0
1,1,420710,0,0,11,0,0,0,0,0,0,18
1,1,420711,0,0,0,0,0,0,0,0,0,0
2,1,420711,0,0,0,0,0,0,0,0,0,0
1,1,420712,0,0,0,0,0,0,0,0,0,0
2,1,420712,0,0,0,0,0,0,0,0,0,0
3,1,420712,0,0,0,0,0,0,0,0,0,0
0,1,420713,0,0,0,0,0,0,0,0,0,0
1,1,420713,0,0,0,0,0,0,0,0,0,0
1,1,420714,0,0,0,0,0,0,0,0,0,0
2,1,420714,0,0,0,0,0,0,0,0,0,0
1,1,420715,0,0,0,0,0,0,0,0,0,0
2,1,420715,9,9,9,9,9,9,9,9,9,9
1,1,420716,0,0,0,0,0,0,0,9,0,0
2,1,420716,0,0,0,0,0,0,0,0,0,0
3,1,420716,20,0,0,0,0,0,0,0,0,0
1,1,420717,19,16,17,16,15,10,17,24,26,7
1,1,420718,23,23,23,23,23,23,23,23,23,23
1,1,420719,7,7,7,7,7,7,7,7,7,7
1,1,420720,19,19,19,19,19,19,19,19,19,19
1,1,420721,0,0,0,0,0,0,0,0,0,0
2,1,420721,0,0,0,0,0,0,0,0,0,0
1,1,420722,15,15,15,15,15,15,15,15,15,15
2,1,420722,0,0,0,0,0,0,0,0,3,0
1,1,420723,17,17,17,17,17,17,17,17,17,17
1,1,420724,0,0,0,18,0,0,0,0,0,0
2,1,420724,0,0,0,0,0,0,0,0,0,0
1,1,420725,0,0,0,0,0,0,0,0,0,0
2,1,420725,0,8,0,0,0,0,3,0,0,0
1,1,420726,13,13,13,13,13,13,13,13,13,13
2,1,420726,0,0,0,0,0,0,0,0,0,0
3,1,420726,0,0,0,0,0,0,0,0,0,0
4,1,420726,0,0,0,0,0,0,0,0,0,0
1,1,420727,0,0,0,0,0,0,0,0,0,0
2,1,420727,0,0,0,0,0,0,0,0,0,0
0,1,420728,0,0,0,0,0,0,0,0,0,0
1,1,420728,0,0,12,0,0,0,0,0,0,0
1,1,420729,0,0,0,0,0,0,0,0,0,0
1,1,420730,14,14,14,14,14,14,14,14,14,14
2,1,420730,0,0,0,0,0,0,0,0,0,0
3,1,420730,0,0,0,15,0,0,0,0,0,0
1,1,420731,0,0,0,0,0,0,0,0,0,0
2,1,420731,0,0,0,0,0,0,0,0,0,0
1,1,420732,25,25,25,25,25,25,25,25,25,25
2,1,420732,0,0,0,0,0,0,0,0,0,0
1,1,420733,0,0,0,0,0,0,0,0,0,0
1,1,420734,1,1,1,1,1,1,1,1,1,1
1,1,420735,15,15,15,15,15,15,15,15,15,15
2,1,420735,0,0,0,0,0,0,0,0,0,0
1,1,420736,6,8,10,5,15,12,0,0,10,0
1,1,420737,21,21,21,21,21,21,21,21,21,21
1,1,420738,9,9,9,9,9,9,9,9,9,9
1,1,420739,3,3,3,3,3,3,3,3,3,3
2,1,420739,0,0,0,0,0,0,0,0,0,7
3,1,420739,0,0,0,0,0,3,0,0,0,0
1,1,420740,7,7,7,7,7,7,7,7,7,7
1,1,420741,0,0,0,0,0,0,0,0,0,0
1,1,420742,0,0,10,0,0,0,4,0,0,0
2,1,420742,0,0,0,0,0,0,0,0,0,0
1,1,420743,13,13,13,13,13,13,13,13,13,13
1,1,420744,16,16,0,2,0,36,11,0,0,18
0,1,420745,0,0,0,0,0,0,0,0,0,0
0,2,420745,0,0,0,0,0,0,0,0,0,0
1,1,420745,20,0,24,0,0,0,0,0,0,19
2,1,420745,0,0,0,0,0,0,0,0,0,0
3,1,420745,0,0,0,0,0,0,0,0,0,0
1,1,420746,0,0,0,0,0,0,0,0,0,0
2,1,420746,0,0,2,0,0,0,0,0,21,0
1,1,420747,0,0,0,0,0,0,0,0,0,0
1,1,420748,22,13,0,32,46,26,14,0,0,30
2,1,420748,0,0,0,0,0,0,0,0,0,0
0,1,420749,0,0,0,0,0,0,0,0,0,0
0,2,420749,0,0,0,0,0,0,0,0,0,0
0,3,420749,0,0,0,0,0,0,0,0,0,0
1,1,420749,0,8,0,0,0,0,0,0,0,0
1,1,420750,16,16,16,16,16,16,16,16,16,16
2,1,420750,0,0,0,0,0,0,0,0,0,0
1,1,420751,17,17,17,17,17,17,17,17,17,17
2,1,420751,0,0,0,0,0,0,0,0,0,0
1,1,420752,23,23,23,23,23,23,23,23,23,23
1,1,420753,0,0,0,0,0,0,0,0,0,0
2,1,420753,10,40,14,16,14,0,0,7,0,12
1,1,420754,0,0,0,0,0,0,0,0,0,0
2,1,420754,0,0,0,0,0,0,0,0,0,0
1,1,420755,0,0,0,0,0,0,0,0,0,0
2,1,420755,0,0,0,0,0,0,0,0,0,0
1,1,420756,0,0,0,0,0,0,0,0,0,0
2,1,420756,1,1,1,1,1,1,1,1,1,1
1,1,420757,0,0,0,0,0,0,0,0,0,0
2,1,420757,0,0,0,0,0,0,0,0,0,0
1,1,420758,0,0,0,19,0,0,0,0,0,0
1,1,420759,0,0,0,0,0,0,0,0,0,0
2,1,420759,0,0,0,0,0,0,0,0,0,0
0,1,420760,0,0,0,0,0,0,0,0,0,0
1,1,420760,0,0,0,0,0,0,0,0,0,0
1,1,420761,0,0,0,0,0,0,0,0,0,0
2,1,420761,0,0,0,0,0,0,0,0,0,0
1,1,420762,6,6,6,6,6,6,6,6,6,6
2,1,420762,0,0,0,0,0,0,0,0,0,0
1,1,420763,0,0,0,21,0,0,0,0,0,0
1,1,420764,0,0,0,0,0,0,0,0,0,0
1,1,420765,0,0,0,0,0,0,0,0,0,0
2,1,420765,0,0,0,0,0,0,0,0,0,0
1,1,420766,0,0,0,0,0,0,0,0,0,12
2,1,420766,0,0,0,0,0,0,0,0,0,0
3,1,420766,0,0,0,0,9,0,0,8,0,0
1,1,420767,0,0,0,0,0,0,0,0,0,0
2,1,420767,0,0,0,0,0,0,0,0,0,0
1,1,420768,0,0,0,0,0,0,0,0,0,0
2,1,420768,0,0,0,0,0,0,0,0,0,0
3,1,420768,0,0,0,0,0,0,0,0,0,0
1,1,420769,0,0,0,0,0,0,0,0,0,0
2,1,420769,0,0,0,0,0,0,0,0,0,0
1,1,420770,0,0,0,0,0,0,0,0,0,0
2,1,420770,0,0,0,0,0,0,0,0,0,0
3,1,420770,0,0,0,0,0,0,0,0,0,0
1,1,420771,0,0,0,0,0,0,0,0,0,0
1,1,420772,0,0,0,0,0,32,0,13,15,7
2,1,420772,0,0,0,0,0,0,0,0,0,0
1,1,420773,21,21,21,21,21,21,21,21,21,21
0,1,420774,0,0,0,0,0,0,0,0,0,0
1,1,420774,0,7,5,4,4,8,1,17,0,7
2,1,420774,0,0,0,0,0,4,0,0,0,0
3,1,420774,0,0,0,0,0,0,0,18,0,0
1,1,420775,0,0,0,0,0,0,0,0,0,0
2,1,420775,6,0,0,0,0,0,0,6,0,0
1,1,420776,20,20,20,20,20,20,20,20,20,20
2,1,420776,0,0,0,0,0,0,0,0,0,0
3,1,420776,0,0,0,7,7,6,0,7,0,0
4,1,420776,13,0,16,13,4,10,0,5,13,6
1,1,420777,10,0,9,22,0,15,0,12,11,0
1,1,420778,0,0,0,0,0,0,0,0,0,0
1,1,420779,0,0,0,0,0,0,0,0,0,0
1,1,420780,21,21,21,21,21,21,21,21,21,21
1,1,420781,0,0,0,0,0,0,0,0,0,0
1,1,420782,0,0,0,0,0,0,0,0,0,0
2,1,420782,0,0,0,0,0,0,0,0,0,0
3,1,420782,0,0,0,0,0,0,0,0,0,0
0,1,420783,0,0,0,0,0,0,0,0,0,0
1,1,420783,0,0,0,0,0,0,0,0,0,0
1,1,420784,0,0,0,0,0,0,0,0,0,0
1,1,420785,0,0,0,0,0,0,0,0,0,0
2,1,420785,26,0,0,0,0,0,0,0,0,0
3,1,420785,0,0,0,0,0,0,0,0,0,0
1,1,420786,0,0,0,0,0,0,0,0,0,0
2,1,420786,0,0,0,0,0,0,0,0,0,0
3,1,420786,0,0,0,0,0,0,0,0,0,0
1,1,420787,0,0,0,0,0,0,0,0,0,0
2,1,420787,0,0,0,0,0,0,0,0,0,0
1,1,420788,22,22,22,22,22,22,22,22,22,22
1,1,420789,0,0,0,0,0,0,0,0,0,0
2,1,420789,0,0,0,0,0,0,0,0,0,0
0,1,420790,0,0,0,0,0,0,0,0,0,0
1,1,420790,0,0,0,0,0,0,0,0,0,7
1,1,420791,24,26,4,7,20,16,25,0,14,8
1,1,420792,0,0,0,0,0,0,0,0,0,0
2,1,420792,0,0,0,0,0,0,0,0,0,0
1,1,420793,16,16,16,16,16,16,16,16,16,16
2,1,420793,0,0,8,0,0,17,0,0,0,19
1,1,420794,0,0,0,0,0,0,0,0,0,0
1,1,420795,0,0,0,0,0,0,0,0,0,0
2,1,420795,0,0,0,0,0,0,0,0,0,0
1,1,420796,20,20,20,20,20,20,20,20,20,20
0,1,420797,0,0,0,0,0,0,0,0,0,0
1,1,420797,0,0,0,0,0,0,0,0,0,0
1,1,420798,0,0,0,0,0,0,0,0,0,0
1,1,420799,0,0,0,0,0,0,0,0,0,0
0,1,420800,0,0,0,0,0,0,0,0,0,0
1,1,420800,0,0,0,0,0,0,0,0,0,0
1,1,420801,0,0,0,0,0,0,0,0,0,0
2,1,420801,0,0,0,0,0,0,0,0,0,0
1,1,420802,0,0,0,0,0,0,0,0,0,0
1,1,420803,11,11,11,11,11,11,11,11,11,11
1,1,420804,0,0,0,0,0,0,0,0,0,0
2,1,420804,0,0,0,0,0,0,0,0,0,0
3,1,420804,0,0,0,0,0,0,0,0,0,0
1,1,420805,0,0,0,0,0,0,0,0,6,0
1,1,420806,0,0,0,0,0,0,0,0,0,0
2,1,420806,0,0,0,0,0,0,0,0,0,0
1,1,420807,24,24,24,24,24,24,24,24,24,24
1,1,420808,0,0,0,0,0,0,0,0,0,0
1,1,420809,20,20,20,20,20,20,20,20,20,20
1,1,420810,26,26,26,26,26,26,26,26,26,26
0,1,420811,32,0,19,0,33,16,9,29,13,12
1,1,420811,10,10,10,10,10,10,10,10,10,10
0,1,420812,0,0,0,0,0,0,0,0,0,0
1,1,420812,0,0,0,0,0,0,0,0,0,0
1,1,420813,0,0,0,0,0,0,0,0,0,0
2,1,420813,21,21,21,21,21,21,21,21,21,21
1,1,420814,25,0,0,0,18,23,7,20,18,17
1,1,420815,13,13,13,13,13,13,13,13,13,13
2,1,420815,0,0,0,0,0,0,0,0,0,0
3,1,420815,0,0,0,0,0,0,0,5,0,0
4,1,420815,0,0,0,0,0,0,0,0,0,0
5,1,420815,0,0,0,0,0,0,0,5,0,0
1,1,420816,27,26,16,15,9,12,9,0,28,0
1,1,420817,9,9,9,9,9,9,9,9,9,9
1,1,420818,17,17,17,17,17,17,17,17,17,17
1,1,420819,0,0,0,0,0,0,0,0,0,0
1,1,420820,0,0,0,0,0,0,0,0,0,0
1,1,420821,14,14,14,14,14,14,14,14,14,14
2,1,420821,7,8,0,10,0,0,0,0,0,0
1,1,420822,10,10,10,10,10,10,10,10,10,10
1,1,420823,0,0,0,0,0,0,0,0,0,0
2,1,420823,0,0,0,0,0,0,0,0,0,0
1,1,420824,19,19,19,19,19,19,19,19,19,19
0,1,420825,0,0,29,27,35,30,24,31,27,0
1,1,420825,0,0,0,0,0,0,0,0,0,0
1,1,420826,16,16,16,16,16,16,16,16,16,16
1,1,420827,0,0,0,0,0,0,0,0,0,0
2,1,420827,0,0,0,0,0,0,0,0,0,0
1,1,420828,0,0,0,0,0,0,0,0,0,0
1,1,420829,0,0,0,0,0,0,0,0,0,0
2,1,420829,0,0,0,0,0,0,0,0,0,0
1,1,420830,0,0,0,0,0,0,0,0,0,0
1,1,420831,6,6,6,6,6,6,6,6,6,6
1,1,420832,0,6,0,0,0,0,0,0,0,0
1,1,420833,1,1,1,1,1,1,1,1,1,1
2,1,420833,15,14,0,0,0,0,0,6,0,0
1,1,420834,18,18,18,18,18,18,18,18,18,18
1,1,420835,7,7,7,7,7,7,7,7,7,7
1,1,420836,0,0,0,0,0,0,0,0,0,0
1,1,420837,0,0,0,0,0,0,0,0,0,0
1,1,420838,34,34,34,34,34,34,34,34,34,34
1,1,420839,18,18,18,18,18,18,18,18,18,18
1,1,420840,0,0,0,0,0,0,0,0,0,0
1,1,420841,0,0,0,0,0,0,0,0,0,0
1,1,420842,18,18,18,18,18,18,18,18,18,18
1,1,420843,16,16,16,16,16,16,16,16,16,16
1,1,420844,14,14,14,14,14,14,14,14,14,14
1,1,420845,26,26,26,26,26,26,26,26,26,26
1,1,420846,7,7,7,7,7,7,7,7,7,7
2,1,420846,10,10,10,10,10,10,10,10,10,10
0,1,420847,27,23,22,13,20,34,0,11,21,17
1,1,420847,0,0,0,0,0,0,0,0,0,0
0,1,420848,0,0,0,0,0,0,0,0,0,0
1,1,420848,0,0,0,0,0,0,0,0,0,0
0,1,420849,0,0,0,0,0,0,0,0,0,0
1,1,420849,0,0,0,0,0,0,0,0,0,0
1,1,420850,0,0,0,0,0,0,0,0,0,0
2,1,420850,8,8,8,8,8,8,8,8,8,8
3,1,420850,0,0,0,0,0,0,0,0,0,0
1,1,420851,10,10,10,10,10,10,10,10,10,10
1,1,420852,7,7,7,7,7,7,7,7,7,7
1,1,420853,15,15,15,15,15,15,15,15,15,15
2,1,420853,0,0,0,0,0,0,0,0,0,0
1,1,420854,0,0,0,0,0,0,0,0,0,0
2,1,420854,0,0,0,0,0,0,0,0,0,0
1,1,420855,0,0,0,0,0,0,0,0,0,0
2,1,420855,0,0,0,0,0,0,0,0,0,0
1,1,420856,0,0,0,0,0,0,0,0,0,0
2,1,420856,0,0,0,0,0,0,0,0,0,0
1,1,420857,0,0,0,0,0,0,0,0,0,0
0,1,420858,0,0,0,0,0,0,0,0,0,0
1,1,420858,23,23,23,23,23,23,23,23,23,23
1,1,420859,0,10,0,0,0,0,0,0,0,0
2,1,420859,17,17,17,17,17,17,17,17,17,17
0,1,420860,0,0,0,0,0,0,0,0,0,0
0,2,420860,0,0,0,0,16,0,0,0,0,0
1,1,420860,0,0,0,8,6,16,5,2,7,9
1,1,420861,0,0,0,0,0,0,0,0,0,0
2,1,420861,0,0,0,0,0,0,0,0,0,0
3,1,420861,0,0,0,0,0,0,0,0,0,0
1,1,420862,19,19,19,19,19,19,19,19,19,19
1,1,420863,0,0,0,0,0,0,0,0,0,0
2,1,420863,0,0,0,0,0,0,0,0,0,0
1,1,420864,0,0,0,0,0,0,0,0,0,0
2,1,420864,0,0,0,0,0,0,0,0,0,0
1,1,420865,24,24,24,24,24,24,24,24,24,24
1,1,420866,0,0,0,0,0,0,0,0,0,0
2,1,420866,0,0,0,6,0,0,0,0,0,0
1,1,420867,0,0,0,0,0,0,0,0,0,0
1,1,420868,0,0,0,0,0,0,0,0,0,0
2,1,420868,0,0,0,0,0,0,0,0,0,0
1,1,420869,3,3,3,3,3,3,3,3,3,3
0,1,420870,12,12,12,12,12,12,12,12,12,12
1,1,420870,0,0,0,0,0,0,0,0,0,0
1,1,420871,0,0,0,0,0,0,0,0,0,0
2,1,420871,0,0,0,0,0,0,0,0,0,0
1,1,420872,0,0,0,0,0,0,0,0,0,0
2,1,420872,0,0,0,0,0,0,0,0,0,0
1,1,420873,0,0,0,0,0,0,0,0,0,0
2,1,420873,0,0,0,0,0,0,0,0,0,0
1,1,420874,0,0,0,0,0,0,0,0,0,0
1,1,420875,0,0,0,0,0,0,0,0,0,0
2,1,420875,0,0,0,0,0,0,0,0,0,0
1,1,420876,0,0,0,0,0,0,0,0,0,0
2,1,420876,0,0,0,0,0,0,0,0,0,0
1,1,420877,23,23,23,23,23,23,23,23,23,23
0,1,420878,0,0,0,0,0,0,0,0,0,0
1,1,420878,0,0,0,0,13,0,0,3,0,0
0,1,420879,0,0,0,0,0,0,0,0,0,0
1,1,420879,10,8,18,6,4,14,4,0,11,3
1,1,420880,11,11,11,11,11,11,11,11,11,11
1,1,420881,0,0,0,0,0,0,0,0,0,0
1,1,420882,23,23,23,23,23,23,23,23,23,23
2,1,420882,0,0,0,0,0,0,0,0,0,0
0,1,420883,0,0,0,0,0,0,0,0,0,0
1,1,420883,0,0,0,0,0,0,0,0,0,0
2,1,420883,0,0,6,0,0,0,0,0,0,0
1,1,420884,16,16,16,16,16,16,16,16,16,16
0,1,420885,0,0,0,0,0,0,0,0,0,0
1,1,420885,14,14,14,14,14,14,14,14,14,14
1,1,420886,16,16,16,16,16,16,16,16,16,16
1,1,420887,14,14,14,14,14,14,14,14,14,14
1,1,420888,0,0,0,0,0,0,0,0,0,0
1,1,420889,16,16,16,16,16,16,16,16,16,16
1,1,420890,0,0,0,0,0,0,0,0,0,0
1,1,420891,29,29,29,29,29,29,29,29,29,29
1,1,420892,0,0,0,0,0,0,0,0,0,0
2,1,420892,0,0,0,0,0,0,0,0,0,0
1,1,420893,21,21,21,21,21,21,21,21,21,21
1,1,420894,0,0,0,0,0,0,0,0,0,0
2,1,420894,0,0,0,0,0,0,0,0,0,0
1,1,420895,0,33,17,31,24,12,17,6,20,10
1,1,420896,26,26,26,26,26,26,26,26,26,26
1,1,420897,9,9,9,9,9,9,9,9,9,9
1,1,420898,30,8,10,36,12,0,6,13,16,2
1,1,420899,0,0,0,0,0,0,0,0,0,0
1,1,420900,0,0,0,0,0,0,0,0,0,0
1,1,420901,11,11,11,11,11,11,11,11,11,11
1,1,420902,24,24,24,24,24,24,24,24,24,24
1,1,420903,37,37,37,37,37,37,37,37,37,37
0,1,420904,0,0,0,0,0,0,0,0,0,0
1,1,420904,0,0,0,0,0,0,0,0,0,0
1,1,420905,6,6,6,6,6,6,6,6,6,6
1,1,420906,0,0,0,0,0,0,0,0,0,0
1,1,420907,0,0,0,0,0,0,0,0,0,0
2,1,420907,0,0,0,0,0,0,0,0,0,0
1,1,420908,0,0,0,0,0,0,0,0,0,0
2,1,420908,0,0,0,0,0,0,0,0,0,0
1,1,420909,0,0,0,0,0,0,0,0,0,0
2,1,420909,0,0,9,0,0,0,0,0,0,0
1,1,420910,0,0,0,0,0,0,0,0,0,0
2,1,420910,0,0,0,0,0,0,0,0,0,0
1,1,420911,0,0,0,0,0,0,0,0,0,0
2,1,420911,0,0,0,0,0,0,0,0,0,0
1,1,420912,12,12,12,12,12,12,12,12,12,12
2,1,420912,0,0,0,0,0,0,0,0,0,0
1,1,420913,8,0,0,27,10,15,3,0,16,12
0,1,420914,0,0,0,0,0,0,0,0,0,0
1,1,420914,0,0,0,0,0,0,0,0,0,0
1,1,420915,0,0,0,0,0,21,0,0,0,0
1,1,420916,0,0,0,0,0,0,0,0,17,0
2,1,420916,2,2,2,2,2,2,2,2,2,2
1,1,420917,0,0,0,0,0,0,0,0,0,0
1,1,420918,17,17,17,17,17,17,17,17,17,17
1,1,420919,0,0,0,0,0,0,0,0,0,0
2,1,420919,0,0,0,0,0,0,0,0,0,0
1,1,420920,0,0,0,0,0,0,0,0,0,0
0,1,420921,0,0,0,0,0,0,0,0,0,0