VEH_NO,PER_NO,ST_CASE,P1,P2,P3,P4,P5,P6,P7,P8,P9,P10
1,1,420921,0,0,0,29,0,0,0,0,0,0
0,1,420922,0,0,0,0,0,0,0,0,0,0
1,1,420922,0,0,0,0,0,10,0,0,0,0
1,1,420923,21,21,21,21,21,21,21,21,21,21
2,1,420923,27,0,0,0,0,0,0,22,0,27
1,1,420924,4,0,8,0,0,0,0,0,0,0
2,1,420924,22,22,22,22,22,22,22,22,22,22
1,1,420925,0,0,0,0,0,0,0,0,0,0
2,1,420925,0,0,0,0,0,0,0,0,0,0
1,1,420926,0,0,0,0,0,0,0,0,0,0
2,1,420926,0,0,0,0,0,0,0,0,0,0
1,1,420927,17,17,17,17,17,17,17,17,17,17
2,1,420927,0,0,0,0,0,0,0,0,0,0
1,1,420928,32,32,32,32,32,32,32,32,32,32
2,1,420928,0,0,0,0,0,0,0,0,0,0
3,1,420928,0,0,0,0,0,0,0,0,0,0
1,1,420929,4,4,4,4,4,4,4,4,4,4
2,1,420929,0,0,0,0,0,0,0,0,0,0
0,1,420930,0,0,0,0,0,0,0,0,0,0
1,1,420930,8,0,0,0,0,0,0,0,0,0
1,1,420931,0,0,0,0,0,0,0,0,0,0
1,1,420932,0,0,0,0,0,0,0,0,0,0
1,1,420933,0,0,0,0,0,0,0,0,0,0
1,1,420934,2,2,2,2,2,2,2,2,2,2
1,1,420935,0,0,0,0,0,0,0,0,0,0
1,1,420936,14,14,14,14,14,14,14,14,14,14
1,1,420937,24,28,11,19,8,17,29,19,9,20
1,1,420938,0,0,0,0,0,0,0,0,0,0
2,1,420938,0,0,0,0,0,0,0,0,0,0
0,1,420939,8,8,8,8,8,8,8,8,8,8
1,1,420939,7,7,7,7,7,7,7,7,7,7
0,1,420940,0,0,0,0,16,0,0,0,0,0
1,1,420940,0,0,0,0,0,0,0,0,0,0
0,1,420941,17,17,17,17,17,17,17,17,17,17
1,1,420941,0,0,0,0,0,0,0,0,0,0
1,1,420942,0,0,0,0,0,0,0,0,0,0
1,1,420943,27,27,27,27,27,27,27,27,27,27
1,1,420944,0,0,0,0,19,0,18,0,0,27
1,1,420945,0,0,0,0,0,0,0,0,0,0
0,1,420946,0,0,0,0,0,0,0,0,0,0
1,1,420946,0,3,0,0,0,0,0,0,0,0
0,1,420947,0,0,0,0,0,0,0,0,0,0
1,1,420947,0,0,0,0,0,0,0,0,0,0
1,1,420948,0,0,0,0,0,0,0,0,0,0
1,1,420949,30,30,30,30,30,30,30,30,30,30
1,1,420950,0,0,0,0,0,0,0,0,0,0
1,1,420951,27,27,27,27,27,27,27,27,27,27
1,1,420952,0,0,0,0,0,0,0,0,0,0
1,1,420953,12,12,12,12,12,12,12,12,12,12
2,1,420953,0,0,0,0,0,0,0,0,0,0
3,1,420953,8,0,18,0,5,11,7,6,7,2
1,1,420954,0,0,0,0,0,0,0,0,0,0
2,1,420954,0,0,0,0,0,0,0,0,0,0
1,1,420955,0,0,0,0,0,0,0,0,0,0
2,1,420955,0,0,0,0,0,0,0,0,0,0
1,1,420956,0,0,0,0,0,0,0,0,0,0
0,1,420957,29,29,29,29,29,29,29,29,29,29
1,1,420957,0,0,0,4,13,0,0,0,0,8
1,1,420958,0,0,0,0,0,0,0,0,0,0
2,1,420958,0,0,0,0,0,0,0,0,0,0
3,1,420958,0,0,0,0,0,0,0,0,0,0
4,1,420958,0,0,0,0,0,0,0,0,0,0
1,1,420959,0,0,0,0,0,0,0,0,0,0
1,1,420960,0,0,0,0,0,0,0,0,0,0
2,1,420960,0,0,0,0,0,0,0,0,0,0
3,1,420960,0,0,0,0,0,0,0,0,0,0
4,1,420960,0,0,0,0,0,0,0,0,0,0
5,1,420960,0,0,0,0,0,0,0,0,0,0
1,1,420961,30,30,30,30,30,30,30,30,30,30
1,1,420962,0,0,0,0,0,0,0,0,0,0
1,1,420963,0,0,0,0,0,0,0,0,0,0
2,1,420963,0,0,0,0,0,0,0,0,0,0
3,1,420963,0,0,0,0,0,0,0,0,0,0
1,1,420964,38,38,38,38,38,38,38,38,38,38
2,1,420964,0,0,0,0,0,22,0,0,0,0
1,1,420965,0,0,0,0,0,0,0,0,0,0
2,1,420965,0,0,0,0,0,0,0,0,0,0
0,1,420966,0,0,0,0,0,0,0,0,0,0
1,1,420966,0,0,0,0,0,0,0,0,0,0
1,1,420967,14,14,14,14,14,14,14,14,14,14
1,1,420968,13,13,13,13,13,13,13,13,13,13
2,1,420968,0,0,0,0,0,0,0,0,0,0
3,1,420968,5,5,5,5,5,5,5,5,5,5
1,1,420969,0,0,0,0,0,0,0,0,0,0
2,1,420969,0,0,0,0,0,0,0,0,0,0
3,1,420969,0,0,0,0,0,0,0,0,0,0
1,1,420970,0,0,0,0,0,0,0,0,0,0
1,1,420971,15,15,15,15,15,15,15,15,15,15
0,1,420972,0,0,0,0,0,0,0,0,0,0
1,1,420972,0,0,0,0,0,0,0,0,0,0
0,1,420973,6,16,0,0,0,30,0,0,10,41
1,1,420973,0,0,0,0,0,0,0,0,0,0
1,1,420974,0,0,0,0,4,7,17,7,29,15
1,1,420975,11,11,11,11,11,11,11,11,11,11
1,1,420976,14,14,14,14,14,14,14,14,14,14
1,1,420977,17,17,17,17,17,17,17,17,17,17
2,1,420977,0,0,0,0,0,0,0,0,0,0
1,1,420978,17,17,17,17,17,17,17,17,17,17
0,1,420979,0,0,0,0,0,0,0,0,0,0
1,1,420979,0,0,0,0,0,0,0,0,0,0
1,1,420980,0,0,0,0,0,0,0,0,0,0
1,1,420981,0,0,0,0,0,0,0,0,0,0
1,1,420982,0,0,0,0,0,0,0,0,0,0
0,1,420983,0,0,0,0,0,0,0,0,0,0
1,1,420983,0,0,0,0,0,0,0,0,0,0
1,1,420984,0,0,0,0,0,0,0,0,0,0
1,1,420985,0,0,0,0,0,0,0,0,0,0
1,1,420986,6,6,6,6,6,6,6,6,6,6
1,1,420987,15,15,15,15,15,15,15,15,15,15
1,1,420988,18,18,18,18,18,18,18,18,18,18
1,1,420989,10,0,9,10,0,21,13,0,14,0
2,1,420989,0,0,3,0,12,0,0,0,0,4
3,1,420989,0,0,0,0,0,0,0,0,0,0
1,1,420990,18,18,18,18,18,18,18,18,18,18
1,1,420991,0,0,0,0,0,0,0,0,0,0
2,1,420991,5,5,5,5,5,5,5,5,5,5
1,1,420992,0,0,0,0,0,0,0,0,17,0
1,1,420993,11,0,8,6,6,0,4,5,0,0
2,1,420993,0,0,0,0,5,0,0,0,0,0
1,1,420994,0,0,0,11,0,21,19,10,0,0
1,1,420995,0,0,0,8,0,0,0,0,0,0
1,1,420996,2,2,2,2,2,2,2,2,2,2
1,1,420997,0,0,0,0,0,0,0,0,0,0
2,1,420997,0,0,0,0,0,0,0,0,0,0
1,1,420998,0,0,0,0,0,0,0,0,0,0
1,1,420999,0,0,0,0,9,0,0,0,0,0
2,1,420999,0,0,0,0,0,0,0,0,0,0
1,1,421000,0,0,0,0,0,0,0,0,0,0
1,1,421001,19,19,19,19,19,19,19,19,19,19
1,1,421002,0,0,0,0,0,0,0,0,0,0
1,1,421003,23,23,23,23,23,23,23,23,23,23
1,1,421004,28,28,28,28,28,28,28,28,28,28
1,1,421005,8,8,8,8,8,8,8,8,8,8
1,1,421006,0,0,0,0,0,0,0,0,0,0
2,1,421006,6,0,10,0,0,10,0,0,12,0
1,1,421007,0,0,0,0,0,0,0,0,0,0
1,1,421008,0,0,0,0,0,0,0,0,0,0
1,1,421009,22,22,22,22,22,22,22,22,22,22
1,1,421010,0,7,0,0,0,0,0,0,0,0
1,1,421011,0,0,0,0,0,0,0,0,0,0
2,1,421011,0,0,0,0,0,0,0,0,0,0
1,1,421012,31,0,0,0,0,22,0,0,0,0
2,1,421012,0,0,0,0,0,0,0,0,0,0
1,1,421013,23,23,23,23,23,23,23,23,23,23
1,1,421014,0,0,0,0,0,0,0,0,0,0
2,1,421014,0,0,0,0,0,0,0,0,0,0
1,1,421015,0,0,0,0,0,0,0,0,0,0
2,1,421015,0,0,0,0,0,0,0,0,0,0
1,1,421016,20,20,20,20,20,20,20,20,20,20
2,1,421016,0,0,0,0,0,0,0,0,0,0
1,1,421017,0,0,0,0,0,0,0,0,0,0
2,1,421017,0,0,0,0,0,0,0,0,0,0
1,1,421018,17,17,17,17,17,17,17,17,17,17
2,1,421018,0,0,0,0,0,0,0,0,0,0
3,1,421018,0,0,0,0,0,0,0,0,0,0
1,1,421019,0,0,0,0,0,0,0,0,0,0
2,1,421019,13,13,13,13,13,13,13,13,13,13
1,1,421020,0,0,0,0,0,0,0,0,0,0
1,1,421021,0,0,0,0,0,0,0,0,0,0
1,1,421022,14,14,14,14,14,14,14,14,14,14
2,1,421022,0,0,0,0,0,0,0,0,0,0
1,1,421023,0,0,0,0,0,0,0,0,0,0
2,1,421023,0,0,0,0,0,0,0,0,0,0
1,1,421024,24,0,0,0,0,12,0,0,0,0
1,1,421025,0,0,0,0,0,0,0,0,0,0
0,1,421026,0,22,0,32,0,0,0,21,33,0
1,1,421026,0,0,0,0,0,0,0,0,0,0
1,1,421027,19,0,8,0,0,6,7,2,8,8
2,1,421027,0,0,0,0,0,0,0,0,0,0
1,1,421028,18,18,18,18,18,18,18,18,18,18
1,1,421029,22,22,22,22,22,22,22,22,22,22
0,1,421030,16,0,0,0,0,0,0,0,0,0
1,1,421030,0,0,0,0,0,0,0,0,0,0
2,1,421030,0,0,0,14,0,0,0,0,0,0
1,1,421031,0,0,0,0,0,0,0,0,0,0
2,1,421031,0,0,0,0,0,0,0,0,0,0
1,1,421032,0,0,0,0,0,0,0,0,0,0
2,1,421032,0,0,0,0,0,0,0,0,0,0
1,1,421033,18,18,18,18,18,18,18,18,18,18
1,1,421034,19,19,19,19,19,19,19,19,19,19
2,1,421034,0,0,0,0,4,0,0,0,0,0
1,1,421035,0,0,0,0,0,0,0,0,0,0
2,1,421035,0,0,0,0,0,0,0,0,0,0
0,1,421036,0,0,5,0,0,15,21,0,0,0
1,1,421036,0,0,0,0,0,0,0,0,0,0
1,1,421037,0,0,0,0,0,0,0,0,0,0
2,1,421037,0,0,0,0,0,0,0,0,0,0
1,1,421038,0,0,0,0,0,0,0,0,0,0
2,1,421038,0,0,0,0,0,0,0,0,0,0
1,1,421039,0,0,0,0,0,0,0,0,0,0
2,1,421039,0,0,0,0,0,0,0,0,0,0
1,1,421040,26,26,26,26,26,26,26,26,26,26
2,1,421040,0,0,0,0,0,0,0,0,0,0
1,1,421041,0,0,0,0,0,0,0,0,11,0
2,1,421041,0,0,0,0,0,0,0,0,0,0
1,1,421042,0,0,0,0,0,0,0,0,0,0
2,1,421042,0,0,10,0,0,0,0,0,0,0
1,1,421043,0,0,0,0,0,0,0,0,0,0
2,1,421043,0,0,0,10,0,0,0,0,0,0
1,1,421044,22,22,22,22,22,22,22,22,22,22
1,1,421045,14,14,14,14,14,14,14,14,14,14
2,1,421045,12,12,12,12,12,12,12,12,12,12
1,1,421046,19,19,19,19,19,19,19,19,19,19
1,1,421047,0,0,0,0,0,0,0,0,0,0
2,1,421047,0,0,0,0,0,0,0,0,0,0
1,1,421048,19,20,17,16,25,16,14,26,15,8
2,1,421048,19,19,19,19,19,19,19,19,19,19
1,1,421049,0,0,0,0,0,0,0,0,0,0
1,1,421050,0,0,0,0,0,0,0,0,0,0
2,1,421050,0,0,0,0,0,0,0,0,0,0
1,1,421051,0,0,0,0,0,0,0,0,0,0
2,1,421051,0,0,0,0,0,0,0,0,0,0
1,1,421052,0,0,0,0,0,0,0,0,0,0
2,1,421052,0,0,0,0,0,0,0,0,0,0
1,1,421053,0,0,0,0,0,0,0,0,0,0
2,1,421053,0,0,0,0,0,0,0,0,0,0
1,1,421054,0,0,0,0,0,0,0,0,0,0
2,1,421054,0,0,0,0,0,0,0,0,0,0
1,1,421055,10,10,10,10,10,10,10,10,10,10
2,1,421055,0,0,0,0,0,0,0,0,0,0
1,1,421056,21,21,21,21,21,21,21,21,21,21
1,1,421057,0,0,0,0,0,0,0,0,0,0
1,1,421058,0,0,0,0,0,0,0,0,0,0
2,1,421058,0,10,0,0,0,0,0,0,0,0
0,1,421059,0,0,0,0,0,0,0,0,0,0
1,1,421059,0,0,0,0,0,0,0,0,0,0
0,1,421060,0,0,0,0,0,0,0,0,0,0
1,1,421060,0,0,0,0,0,0,0,0,0,0
1,1,421061,0,0,0,0,0,0,0,0,0,0
0,1,421062,0,29,0,0,0,0,0,0,0,0
1,1,421062,21,0,15,0,0,0,0,0,0,11
1,1,421063,17,20,9,15,0,7,5,2,22,0
0,1,421064,0,0,0,0,0,0,0,0,0,0
1,1,421064,0,0,0,0,0,0,0,0,0,0
1,1,421065,0,0,0,0,0,0,0,0,0,0
1,1,421066,13,13,13,13,13,13,13,13,13,13
2,1,421066,19,19,19,19,19,19,19,19,19,19
1,1,421067,22,22,22,22,22,22,22,22,22,22
2,1,421067,0,0,0,0,0,0,0,0,0,0
1,1,421068,0,0,0,0,0,0,0,0,0,0
2,1,421068,0,0,0,0,0,0,0,0,0,0
1,1,421069,8,8,8,8,8,8,8,8,8,8
2,1,421069,6,0,0,0,0,0,0,0,0,0
1,1,421070,0,0,0,0,0,0,0,0,0,0
2,1,421070,0,0,0,0,0,0,0,0,0,0
0,1,421071,0,0,0,0,0,0,0,0,0,0
1,1,421071,0,0,0,0,0,0,0,0,0,0
1,1,421072,0,0,0,0,0,0,0,0,0,0
2,1,421072,0,0,0,0,0,0,0,0,0,0
1,1,421073,11,11,11,11,11,11,11,11,11,11
2,1,421073,0,0,0,0,0,0,0,8,0,0
1,1,421074,0,0,0,0,0,0,0,0,0,0
2,1,421074,0,0,0,0,0,0,0,0,0,0
1,1,421075,0,22,0,0,0,0,0,0,0,0
2,1,421075,0,0,0,0,0,0,0,0,0,0
1,1,421076,19,12,23,7,28,20,0,24,19,34
1,1,421077,0,0,0,0,0,0,0,0,0,0
1,1,421078,0,0,0,0,0,0,0,0,0,0
1,1,421079,24,24,24,24,24,24,24,24,24,24
1,1,421080,0,0,0,0,0,0,0,0,0,0
0,1,421081,0,0,0,0,0,0,0,0,0,0
1,1,421081,0,0,0,0,0,0,0,0,0,0
1,1,421082,0,16,0,0,0,0,0,0,0,0
2,1,421082,7,7,7,7,7,7,7,7,7,7
1,1,421083,20,20,20,20,20,20,20,20,20,20
1,1,421084,0,0,0,0,0,0,0,0,0,0
1,1,421085,0,0,0,0,0,0,0,0,0,0
0,1,421086,0,0,0,0,0,0,0,0,0,0
1,1,421086,0,0,0,0,0,0,0,0,0,0
1,1,421087,0,0,0,0,0,0,0,0,0,0
1,1,421088,0,0,0,0,0,0,0,0,0,0
1,1,421089,0,0,0,0,0,0,0,0,0,0
1,1,421090,0,4,0,20,0,0,6,0,0,0
1,1,421091,0,0,0,0,0,0,0,0,0,0
1,1,421092,0,0,0,0,0,0,0,0,0,0
2,1,421092,12,0,0,0,0,0,0,0,0,0
1,1,421093,0,0,0,1,0,0,0,0,0,0
2,1,421093,0,0,0,0,0,0,0,0,0,0
3,1,421093,0,0,0,0,0,0,0,0,0,0
4,1,421093,0,0,0,0,0,0,0,0,0,0
1,1,421094,0,0,0,0,0,0,0,0,0,0
2,1,421094,0,0,0,0,0,0,0,0,0,0
1,1,421095,0,0,0,0,0,0,0,0,0,0
2,1,421095,0,0,0,0,0,0,0,0,0,0
1,1,421096,0,0,0,0,0,0,0,0,0,0
2,1,421096,0,0,0,0,0,0,0,0,0,0
1,1,421097,0,0,0,0,0,0,0,0,0,0
2,1,421097,0,0,0,0,0,0,0,0,0,0
1,1,421098,35,35,35,35,35,35,35,35,35,35
1,1,421099,19,19,19,19,19,19,19,19,19,19
2,1,421099,0,0,0,0,0,0,0,0,0,0
1,1,421100,20,20,20,20,20,20,20,20,20,20
2,1,421100,0,0,0,0,0,0,0,0,0,0
0,1,421101,0,0,0,0,0,0,0,0,0,10
1,1,421101,0,0,0,0,0,0,0,0,0,0
1,1,421102,0,0,0,0,0,0,0,0,0,0
2,1,421102,0,0,0,0,0,0,0,0,0,0
1,1,421103,18,18,18,18,18,18,18,18,18,18
1,1,421104,16,16,16,16,16,16,16,16,16,16
1,1,421105,0,0,0,0,0,0,0,0,0,0
2,1,421105,0,0,0,0,0,0,0,0,0,0
1,1,421106,0,0,0,0,0,0,0,0,0,0
1,1,421107,0,0,0,0,0,0,0,0,0,0
2,1,421107,0,0,0,0,0,0,0,0,0,0
1,1,421108,17,17,17,17,17,17,17,17,17,17
1,1,421109,0,0,0,0,0,0,0,0,0,0
2,1,421109,0,0,0,0,0,0,0,0,0,0
1,1,421110,18,18,18,18,18,18,18,18,18,18
1,1,421111,5,5,5,5,5,5,5,5,5,5
2,1,421111,0,0,0,0,0,0,0,0,0,0
1,1,421112,0,0,0,0,0,0,0,0,0,0
2,1,421112,0,0,0,24,0,11,0,0,0,0
1,1,421113,0,0,0,0,0,18,0,0,11,5
1,1,421114,17,17,17,17,17,17,17,17,17,17
2,1,421114,0,0,0,0,0,0,0,0,0,0
1,1,421115,0,0,0,0,0,0,0,0,0,0
1,1,421116,21,0,0,0,26,0,12,14,0,0
1,1,421117,20,20,20,20,20,20,20,20,20,20
1,1,421118,10,21,7,6,17,9,18,11,6,11
1,1,421119,0,0,0,0,0,0,0,0,0,0
1,1,421120,0,0,0,0,0,0,0,0,0,0
1,1,421121,0,0,0,0,0,0,0,0,0,0
2,1,421121,12,12,12,12,12,12,12,12,12,12
1,1,421122,0,0,0,0,0,0,0,0,0,0
2,1,421122,0,0,0,0,0,0,0,0,29,0
1,1,421123,0,0,0,0,0,0,0,0,0,0
2,1,421123,0,0,0,0,0,0,0,0,0,0
1,1,421124,0,0,0,0,0,0,0,0,0,0
2,1,421124,0,0,0,0,0,0,0,0,0,0
1,1,421125,25,25,25,25,25,25,25,25,25,25
2,1,421125,0,0,0,0,0,0,0,0,0,0
1,1,421126,15,15,15,15,15,15,15,15,15,15
1,1,421127,21,21,21,21,21,21,21,21,21,21
1,1,421128,0,0,0,25,0,4,0,0,0,0
2,1,421128,0,0,0,0,0,0,0,0,0,0
0,1,421129,34,34,34,34,34,34,34,34,34,34
1,1,421129,8,13,10,14,7,0,10,0,0,13
1,1,421130,0,0,0,0,0,0,0,0,0,0
2,1,421130,0,0,0,0,0,0,0,0,0,0
0,1,421131,21,21,21,21,21,21,21,21,21,21
1,1,421131,0,0,0,0,0,0,0,24,0,0
0,1,421132,0,0,0,0,0,0,0,0,0,0
1,1,421132,0,0,0,0,0,0,0,0,0,0
1,1,421133,0,0,0,0,0,0,0,0,0,0
2,1,421133,0,0,0,0,0,0,0,0,0,0
0,1,421134,0,0,0,0,0,0,0,0,0,0
1,1,421134,0,0,0,0,0,0,0,16,0,0
0,1,421135,34,34,34,34,34,34,34,34,34,34
0,2,421135,9,9,9,9,9,9,9,9,9,9
1,1,421135,0,0,0,0,0,0,0,10,0,0
1,1,421136,0,0,0,0,0,0,0,7,0,0
2,1,421136,0,0,0,0,0,0,0,0,0,0
1,1,421137,0,0,0,0,0,0,0,0,0,0
2,1,421137,0,0,0,0,0,0,0,0,0,0
1,1,421138,0,0,0,0,0,0,0,0,0,0
2,1,421138,7,7,7,7,7,7,7,7,7,7
1,1,421139,13,0,0,6,0,0,0,0,0,0
2,1,421139,0,0,0,0,0,0,0,0,0,0
1,1,421140,1,1,1,1,1,1,1,1,1,1
1,1,421141,0,0,0,0,0,0,0,0,0,0
2,1,421141,0,0,0,0,0,0,0,0,0,0
1,1,421142,0,0,0,0,0,0,0,0,0,0
2,1,421142,15,15,15,15,15,15,15,15,15,15
0,1,421143,16,0,33,0,24,36,4,0,0,0
1,1,421143,0,10,0,0,0,0,0,0,0,0
1,1,421144,16,16,16,16,16,16,16,16,16,16
2,1,421144,18,18,18,18,18,18,18,18,18,18
1,1,421145,0,0,0,0,0,0,0,0,0,0
2,1,421145,0,0,0,0,0,0,0,0,0,0
0,1,421146,0,0,0,0,0,0,0,0,0,0
1,1,421146,0,0,0,0,0,0,0,0,0,0
1,1,421147,7,7,7,7,7,7,7,7,7,7
1,1,421148,0,0,0,0,0,0,0,0,0,0
2,1,421148,0,0,0,0,0,0,0,0,0,0
1,1,421149,0,0,0,0,0,0,0,0,0,0
1,1,421150,0,0,0,0,0,0,0,0,0,0
2,1,421150,0,0,0,0,0,0,0,0,0,0
1,1,421151,11,11,11,11,11,11,11,11,11,11
1,1,421152,0,0,0,0,0,0,0,0,0,0
2,1,421152,0,0,0,0,0,0,0,0,0,0
3,1,421152,0,0,0,0,0,0,0,0,0,0
1,1,421153,0,0,0,0,0,0,0,4,0,0
1,1,421154,0,12,0,0,14,0,0,0,20,31
1,1,421155,26,0,43,0,14,21,0,0,0,18
1,1,421156,0,0,0,0,0,0,0,0,0,0
2,1,421156,0,0,0,0,0,0,0,0,0,0
1,1,421157,0,0,0,0,0,0,0,0,0,0
1,1,421158,4,4,4,4,4,4,4,4,4,4
1,1,421159,12,12,12,12,12,12,12,12,12,12
1,1,421160,0,0,0,0,0,0,0,0,0,0
2,1,421160,0,0,0,0,0,0,0,0,0,0
3,1,421160,0,0,0,0,20,0,0,0,0,0
1,1,421161,0,0,0,0,0,0,0,0,0,0
0,1,421162,3,3,3,3,3,3,3,3,3,3
1,1,421162,0,0,0,0,0,0,0,0,0,0
0,1,421163,0,0,0,0,0,0,0,0,0,0
1,1,421163,0,0,0,0,0,0,0,0,0,0
1,1,421164,17,17,17,17,17,17,17,17,17,17
1,1,421165,0,0,0,0,0,0,0,0,0,0
2,1,421165,0,24,0,0,0,0,0,0,0,0
1,1,421166,0,0,0,0,0,0,0,0,0,0
2,1,421166,0,0,0,0,0,0,0,0,0,0
1,1,421167,0,0,0,0,0,0,0,0,0,0
2,1,421167,0,0,0,0,0,0,0,0,0,0
0,1,421168,0,0,0,0,0,0,0,0,0,0
1,1,421168,17,17,17,17,17,17,17,17,17,17
1,1,421169,3,3,3,3,3,3,3,3,3,3
2,1,421169,0,0,0,0,0,0,0,0,0,0
1,1,421170,29,29,29,29,29,29,29,29,29,29
2,1,421170,0,0,0,0,0,0,0,0,0,0
3,1,421170,0,0,0,0,0,0,0,0,0,0
4,1,421170,0,0,0,0,0,0,0,0,0,0
1,1,421171,0,0,0,0,0,0,0,0,0,0
2,1,421171,0,0,0,0,0,0,0,0,23,0
1,1,421172,0,0,0,0,0,0,0,0,0,0
2,1,421172,0,0,0,0,0,0,0,0,0,0
3,1,421172,0,0,0,0,0,0,0,0,0,0
1,1,421173,0,0,0,0,0,0,0,0,0,0
1,1,421174,0,0,0,0,0,0,0,0,0,0
1,1,421175,8,8,8,8,8,8,8,8,8,8
1,1,421176,0,0,0,0,0,0,0,0,0,0
2,1,421176,0,0,0,0,0,0,0,0,0,0
1,1,421177,0,0,0,0,0,0,0,0,0,0
2,1,421177,0,0,0,0,0,0,0,0,0,0
1,1,421178,0,0,0,0,0,0,0,0,0,0
2,1,421178,0,0,0,0,0,0,0,0,0,0
1,1,421179,0,0,0,0,0,0,0,0,0,0
2,1,421179,0,0,0,0,0,0,0,0,0,0
1,1,421180,0,0,16,0,0,0,0,0,0,0
2,1,421180,0,0,0,0,0,0,0,0,0,0
1,1,421181,0,0,0,0,0,0,0,0,0,0
2,1,421181,0,0,0,0,0,0,0,0,0,0
1,1,421182,0,0,0,0,0,0,0,0,0,0
1,1,421183,0,0,0,0,0,0,0,0,0,0
2,1,421183,0,0,0,0,0,0,0,0,0,0
1,1,421184,0,0,0,0,0,0,0,0,0,0
2,1,421184,0,0,0,0,0,0,0,0,0,0
0,1,421185,0,0,0,0,0,0,0,0,0,0
1,1,421185,0,0,0,0,0,0,0,0,0,0
1,1,421186,0,0,0,0,0,0,0,0,0,0
2,1,421186,0,0,0,0,0,0,0,0,0,0
1,1,421187,0,0,0,0,0,0,0,0,0,0
1,1,421188,0,0,0,0,0,0,0,0,0,0
2,1,421188,0,0,0,0,0,0,0,0,0,0
3,1,421188,0,0,0,0,0,0,0,0,0,0
4,1,421188,0,0,0,0,0,0,0,0,0,0
1,1,421189,12,12,12,12,12,12,12,12,12,12
0,1,421190,0,0,0,0,0,0,0,0,0,0
1,1,421190,0,0,0,0,0,0,19,0,0,0
1,1,421191,0,0,0,0,0,0,0,0,0,0
1,1,421192,0,0,0,0,0,0,0,0,0,0
2,1,421192,0,0,0,0,0,0,0,0,0,0
1,1,421193,0,0,0,0,0,0,0,0,0,0
2,1,421193,9,0,0,0,0,0,0,0,0,0
1,1,421194,7,0,0,0,0,11,0,0,0,0
2,1,421194,0,0,0,0,0,0,0,0,0,0
3,1,421194,0,0,2,0,0,0,0,9,8,0
1,1,421195,0,0,0,0,0,0,0,0,0,0
2,1,421195,0,0,0,0,0,0,0,0,0,0
1,1,421196,25,25,25,25,25,25,25,25,25,25
0,1,421197,0,0,0,0,0,0,0,0,0,0
1,1,421197,0,0,0,0,0,0,0,0,0,0
1,1,421198,0,0,0,0,0,0,0,0,0,0
2,1,421198,0,0,0,0,0,0,0,0,0,0
0,1,421199,0,19,0,0,0,0,0,0,0,0
1,1,421199,0,0,0,0,0,0,0,0,5,0
1,1,421200,0,0,0,0,0,0,0,0,0,0
1,1,421201,25,25,25,25,25,25,25,25,25,25
1,1,421202,0,0,0,0,0,0,0,0,0,0
2,1,421202,0,0,0,0,0,0,0,0,0,0
1,1,421203,10,10,10,10,10,10,10,10,10,10
2,1,421203,0,0,0,0,0,0,0,0,0,0
1,1,421204,0,0,0,0,0,0,0,0,0,0
2,1,421204,0,0,0,0,0,0,0,0,0,0
1,1,421205,28,28,28,28,28,28,28,28,28,28
2,1,421205,0,0,0,0,0,0,0,0,0,0
1,1,421206,0,0,0,0,0,0,0,0,0,0
2,1,421206,0,0,0,0,0,0,0,0,0,0
1,1,421207,0,0,0,0,0,0,0,0,0,0
2,1,421207,0,0,0,0,0,0,0,0,0,0
1,1,421208,0,0,0,0,0,0,0,0,0,0
2,1,421208,0,0,0,0,0,0,0,0,0,0
1,1,421209,0,0,0,0,0,0,0,0,0,0
2,1,421209,0,0,0,0,0,0,0,0,14,0
1,1,421210,0,0,0,0,0,0,0,0,0,0
2,1,421210,13,0,0,0,0,0,0,0,0,0
1,1,421211,19,19,19,19,19,19,19,19,19,19
2,1,421211,0,0,0,0,0,0,0,0,0,0
0,1,421212,0,0,0,0,0,0,0,5,0,0
0,2,421212,0,0,0,0,0,0,0,0,0,0
1,1,421212,0,0,0,0,0,0,0,0,0,0
1,1,421213,0,0,0,0,0,0,0,0,0,0
2,1,421213,0,12,0,0,0,0,0,0,0,0
1,1,421214,0,0,0,0,0,0,0,0,0,0
1,1,421215,0,0,0,0,0,0,0,0,0,0
2,1,421215,0,0,0,0,0,0,0,0,0,0
3,1,421215,0,0,0,0,0,0,0,0,0,0
1,1,421216,26,26,26,26,26,26,26,26,26,26
1,1,421217,0,0,0,0,0,0,0,0,0,0
1,1,421218,6,6,6,6,6,6,6,6,6,6
1,1,421219,0,0,0,0,0,0,0,0,0,0
1,1,421220,23,23,23,23,23,23,23,23,23,23
1,1,421221,0,0,0,0,0,0,0,0,0,0
2,1,421221,0,0,0,0,0,0,0,0,0,0
1,1,421222,0,0,0,0,0,0,0,0,0,0
2,1,421222,0,0,0,0,0,0,0,0,0,0
1,1,421223,21,21,21,21,21,21,21,21,21,21
1,1,421224,0,0,0,0,0,0,0,0,0,0
1,1,421225,0,0,0,0,0,0,0,7,0,0
2,1,421225,0,0,0,0,0,0,0,0,0,0
1,1,421226,0,0,0,0,0,0,0,0,0,0
2,1,421226,0,0,0,0,0,4,0,0,0,0
1,1,421227,0,0,0,0,0,0,0,0,0,0
2,1,421227,0,0,0,0,0,0,0,0,0,0
1,1,421228,0,0,0,0,0,0,0,0,0,0
2,1,421228,0,0,0,0,0,0,0,0,0,0
0,1,421229,0,0,0,0,0,0,0,0,0,0