VEH_NO,PER_NO,ST_CASE,P1,P2,P3,P4,P5,P6,P7,P8,P9,P10
1,1,421229,0,0,0,0,0,0,0,0,0,0
1,1,421230,14,14,14,14,14,14,14,14,14,14
1,1,421231,0,0,0,0,0,0,0,0,0,0
1,1,421232,1,1,1,1,1,1,1,1,1,1
0,1,421233,3,3,3,3,3,3,3,3,3,3
1,1,421233,4,3,3,2,5,7,8,5,10,6
1,1,421234,0,0,0,0,0,0,0,0,0,0
1,1,421235,0,0,0,0,0,0,0,0,0,0
2,1,421235,0,0,0,0,0,0,0,0,0,0
1,1,421236,0,0,0,0,0,0,0,0,0,0
1,1,421237,11,11,11,11,11,11,11,11,11,11
1,1,421238,15,0,0,0,0,0,0,0,0,0
0,1,421239,0,0,0,0,0,0,0,0,0,0
1,1,421239,0,0,0,27,0,0,0,0,0,0
1,1,421240,0,5,0,0,13,0,0,0,0,7
0,1,421241,16,16,16,16,16,16,16,16,16,16
1,1,421241,0,0,0,0,0,0,0,0,0,0
2,1,421241,0,0,0,0,0,0,0,0,0,0
3,1,421241,0,0,0,21,0,0,0,0,0,0
1,1,421242,19,19,19,19,19,19,19,19,19,19
1,1,421243,0,0,0,0,8,21,13,17,20,0
2,1,421243,0,0,0,0,0,0,0,0,0,0
3,1,421243,0,0,0,0,0,0,0,0,0,0
1,1,421244,0,0,0,0,0,0,0,0,0,0
1,1,421245,19,19,19,19,19,19,19,19,19,19
1,1,421246,0,0,0,0,0,0,0,0,0,0
0,1,421247,0,0,0,0,0,0,0,0,0,0
1,1,421247,7,7,7,7,7,7,7,7,7,7
1,1,421248,0,0,0,0,0,0,0,0,0,0
2,1,421248,0,0,0,0,0,0,0,0,0,0
3,1,421248,0,0,0,0,0,0,0,0,0,0
1,1,421249,0,0,0,0,0,0,0,10,0,0
1,1,421250,17,17,17,17,17,17,17,17,17,17
1,4,421251,0,10,10,11,19,0,0,0,0,0
1,1,421252,25,25,25,25,25,25,25,25,25,25
1,1,421253,27,27,27,27,27,27,27,27,27,27
1,1,421254,0,0,0,0,0,0,0,0,0,0
0,1,421255,0,0,0,0,0,0,0,0,0,0
1,1,421255,0,0,0,0,0,0,0,0,0,0
1,1,421256,0,0,0,0,0,0,0,0,0,0
1,1,421257,0,0,0,0,0,0,0,0,0,0
0,1,421258,0,0,0,0,0,0,0,0,0,0
1,1,421258,0,0,0,0,0,0,0,0,0,0
1,1,421259,0,0,0,0,0,0,0,0,0,0
2,1,421259,0,0,0,0,0,0,0,0,0,0
1,1,421260,0,0,0,0,0,0,0,0,0,0
2,1,421260,0,0,0,0,0,0,0,0,0,0
1,1,421261,16,16,16,16,16,16,16,16,16,16
2,1,421261,0,0,0,0,0,0,0,0,0,0
1,1,421262,0,0,0,0,0,0,0,0,0,0
0,1,421263,0,0,0,0,0,0,0,0,0,0
1,1,421263,0,0,0,0,0,0,0,0,0,0
1,1,421264,0,0,0,0,0,0,0,0,0,0
2,1,421264,0,0,0,0,0,0,0,0,0,0
3,1,421264,0,0,0,0,0,0,0,0,0,0
1,1,421265,19,19,19,19,19,19,19,19,19,19
1,1,421266,0,0,0,0,0,0,0,0,0,0
0,1,421267,10,10,10,10,10,10,10,10,10,10
1,1,421267,0,0,0,0,0,0,0,0,0,0
1,1,421268,0,0,0,0,0,0,0,0,0,0
2,1,421268,0,9,0,0,0,0,0,0,0,0
1,1,421269,0,0,0,0,0,0,0,0,0,0
2,1,421269,0,0,0,0,0,0,0,0,0,0
0,1,421270,0,0,0,0,0,0,0,0,0,0
2,1,421270,0,0,0,0,0,0,0,0,0,0
1,1,421271,19,19,19,19,19,19,19,19,19,19
2,1,421271,0,0,0,0,0,0,0,0,0,0
3,1,421271,0,0,0,0,0,0,0,0,0,0
1,1,421272,21,21,21,21,21,21,21,21,21,21
1,1,421273,0,0,0,0,0,0,0,0,0,0
2,1,421273,0,0,0,0,0,0,0,0,0,0
1,1,421274,27,27,27,27,27,27,27,27,27,27
1,1,421275,0,0,0,16,0,0,0,0,0,0
1,1,421276,0,0,0,12,0,0,0,0,0,0
2,1,421276,0,0,0,0,0,0,0,0,0,0
0,1,421277,14,0,0,0,0,14,0,0,0,0
1,1,421277,11,10,0,0,11,0,9,0,10,2
0,1,421278,0,9,0,0,0,0,10,0,0,0
1,1,421278,0,0,0,0,0,0,0,0,0,0
1,1,421279,0,0,0,0,9,26,0,0,11,0
2,1,421279,0,0,0,0,0,0,0,0,0,0
3,1,421279,0,0,0,0,0,0,0,0,0,0
1,1,421280,0,0,0,0,0,0,0,0,0,0
1,1,421281,0,0,0,8,0,0,0,0,0,0
2,1,421281,0,0,0,0,0,0,0,4,0,0
1,1,421282,13,0,37,7,18,25,15,13,23,9
0,1,421283,0,0,0,0,0,0,0,0,0,0
1,1,421283,0,0,0,0,0,0,0,0,0,0
1,1,421284,22,22,22,22,22,22,22,22,22,22
1,1,421285,21,21,21,21,21,21,21,21,21,21
1,1,421286,0,0,0,0,0,0,0,0,0,0
1,1,421287,0,0,0,0,0,0,0,0,0,0
2,1,421287,0,0,0,0,0,0,0,0,0,0
3,1,421287,0,0,0,0,0,0,0,0,0,0
1,1,421288,17,17,17,17,17,17,17,17,17,17
1,1,421289,0,0,0,0,0,0,0,0,0,0
2,1,421289,0,0,0,0,0,0,0,0,0,0
1,1,421290,15,20,10,21,14,22,23,24,11,28
0,1,421291,0,0,0,0,0,0,0,0,0,0
1,1,421291,0,0,0,0,0,0,0,0,0,0
1,1,421292,8,8,8,8,8,8,8,8,8,8
1,1,421293,0,0,0,0,0,0,0,0,0,0
2,1,421293,0,0,0,0,0,0,0,0,0,0
0,1,421294,23,23,23,23,23,23,23,23,23,23
1,1,421294,0,0,0,0,0,0,0,8,0,0
1,1,421295,14,14,14,14,14,14,14,14,14,14
1,1,421296,0,0,0,0,0,0,0,0,0,0
2,1,421296,0,0,0,0,0,0,1,0,0,0
1,1,421297,0,0,0,0,0,0,0,0,0,0
2,1,421297,0,0,0,0,0,0,0,0,0,0
3,1,421297,0,23,0,0,0,0,0,0,0,0
4,1,421297,0,0,0,0,0,0,0,0,0,0
1,1,421298,0,0,0,0,0,0,0,0,0,0
2,1,421298,6,6,6,6,6,6,6,6,6,6
1,1,421299,24,24,24,24,24,24,24,24,24,24
1,1,421300,10,10,10,10,10,10,10,10,10,10
1,1,421301,0,0,0,0,0,0,0,0,0,0
2,1,421301,0,0,0,0,0,0,0,0,0,0
3,1,421301,0,0,0,0,0,0,0,0,0,0
4,1,421301,0,0,0,0,0,0,0,0,0,0
1,1,421302,0,0,0,0,0,0,0,0,0,0
2,1,421302,0,0,0,0,0,0,0,0,0,0
1,1,421303,35,35,35,35,35,35,35,35,35,35
1,1,421304,13,13,13,13,13,13,13,13,13,13
0,1,421305,0,0,0,0,0,0,0,0,0,0
1,1,421305,0,0,0,0,0,0,0,0,0,0
1,1,421306,6,6,6,6,6,6,6,6,6,6
1,1,421307,0,0,0,0,0,0,0,0,0,0
1,1,421308,0,0,0,0,0,0,0,0,0,0
1,1,421309,0,0,0,0,0,0,0,0,0,0
2,1,421309,0,0,0,0,0,0,0,0,0,0
3,1,421309,0,0,0,0,0,0,0,0,0,0
1,1,421310,0,0,0,0,0,0,0,0,0,0
2,1,421310,0,0,0,0,0,0,0,0,0,0
1,1,421311,0,0,0,0,0,0,0,0,0,0
2,1,421311,0,0,0,0,0,0,0,0,0,0
1,1,421312,0,0,0,0,0,0,0,0,0,0
2,1,421312,0,0,0,0,0,0,0,0,0,0
3,1,421312,0,0,0,0,0,0,0,12,0,0
1,1,421313,0,0,0,0,0,0,0,0,0,0
2,1,421313,0,0,0,3,8,41,0,0,11,0
1,1,421314,0,0,0,0,0,0,0,0,0,0
2,1,421314,11,11,11,11,11,11,11,11,11,11
3,1,421314,0,0,0,0,0,0,0,0,0,0
1,1,421315,0,0,0,0,0,0,0,0,0,0
2,1,421315,0,0,0,0,0,0,0,0,0,0
3,1,421315,0,0,0,0,0,0,0,0,0,0
4,1,421315,0,0,0,0,0,0,0,0,0,0
1,1,421316,15,15,15,15,15,15,15,15,15,15
2,1,421316,0,0,0,0,0,0,0,0,0,0
3,1,421316,0,0,0,0,0,0,0,0,0,0
4,1,421316,0,0,0,0,0,0,0,0,0,0
5,1,421316,0,0,0,0,8,0,0,0,0,0
1,1,421317,0,0,0,0,0,0,0,0,0,0
2,1,421317,0,0,0,0,0,0,0,0,0,0
3,1,421317,0,0,0,0,0,0,0,0,0,0
4,1,421317,0,0,0,0,0,0,0,0,0,0
5,1,421317,0,0,0,0,0,0,0,0,0,0
6,1,421317,0,0,0,0,0,0,0,0,0,0
1,1,421318,0,0,0,0,0,0,0,0,0,0
2,1,421318,0,0,0,0,0,0,0,0,0,0
3,1,421318,0,0,0,0,0,0,0,0,0,0
1,1,421319,16,16,16,16,16,16,16,16,16,16
1,1,421320,0,0,0,0,0,0,0,0,0,0
1,1,421321,2,2,2,2,2,2,2,2,2,2
2,1,421321,0,0,0,0,0,0,0,0,0,0
1,1,421322,0,0,0,0,0,0,0,0,0,0
2,1,421322,0,0,0,0,0,0,0,0,0,0
1,1,421323,0,0,0,0,0,0,0,0,0,0
0,1,421324,22,0,26,0,0,0,16,0,0,33
1,1,421324,10,0,0,15,14,5,0,0,13,0
1,1,421325,0,8,0,0,0,0,6,0,0,0
1,1,421326,0,0,0,0,0,0,0,0,0,0
1,1,421327,11,16,0,15,18,22,20,19,32,16
1,1,421328,0,0,0,0,0,0,0,0,0,0
2,1,421328,16,9,9,4,7,11,16,0,20,4
1,1,421329,17,17,17,17,17,17,17,17,17,17
1,1,421330,19,19,19,19,19,19,19,19,19,19
1,1,421331,0,0,0,0,0,0,0,0,0,0
2,1,421331,0,0,0,0,0,0,0,0,0,0
1,1,421332,17,17,17,17,17,17,17,17,17,17
0,1,421333,0,0,0,0,0,0,0,0,0,0
1,1,421333,0,0,0,0,0,0,18,0,0,0
1,1,421334,30,30,30,30,30,30,30,30,30,30
1,1,421335,10,10,10,10,10,10,10,10,10,10
2,1,421335,0,0,0,0,0,0,0,0,0,0
3,1,421335,0,0,0,0,0,0,0,0,0,0
4,1,421335,0,0,0,0,0,0,0,0,0,0
1,1,421336,0,0,0,0,0,0,0,0,0,0
2,1,421336,0,0,0,0,0,0,0,0,0,0
1,1,421337,0,0,0,0,0,0,0,0,0,0
1,1,421338,34,34,34,34,34,34,34,34,34,34
2,1,421338,0,0,0,0,0,0,0,0,0,0
1,1,421339,9,9,9,9,9,9,9,9,9,9
1,1,421340,28,28,28,28,28,28,28,28,28,28
0,1,421341,0,0,0,0,0,0,0,0,0,0
1,1,421341,0,0,0,0,0,0,0,0,0,0
1,1,421342,0,0,0,0,0,0,0,0,0,0
1,1,421343,0,0,0,0,0,0,0,0,0,0
2,1,421343,0,0,0,0,0,0,0,0,0,0
3,1,421343,0,0,0,0,0,0,0,0,0,0
4,1,421343,0,0,0,0,0,0,0,0,0,0
1,1,421344,0,0,0,0,0,0,0,0,0,0
2,1,421344,0,0,0,0,0,0,0,0,0,0
1,1,421345,7,31,27,0,28,30,3,18,22,0
2,1,421345,0,0,0,0,0,0,0,0,0,0
1,1,421346,0,0,0,0,0,0,0,0,0,9
1,1,421347,37,18,25,0,13,26,27,17,17,20
1,1,421348,16,16,16,16,16,16,16,16,16,16
2,1,421348,0,0,0,0,0,0,0,0,0,0
3,1,421348,0,0,0,0,0,0,0,0,0,0
1,1,421349,14,0,9,0,0,16,2,15,0,10
1,1,421350,18,18,18,18,18,18,18,18,18,18
1,1,421351,18,18,18,18,18,18,18,18,18,18
1,1,421352,0,0,0,0,0,0,0,0,0,0
2,1,421352,0,0,0,0,0,0,0,0,0,0
3,1,421352,0,0,0,0,0,0,0,0,0,18
1,1,421353,0,0,0,0,0,0,0,0,0,0
0,1,421354,0,0,0,0,0,0,0,0,0,0
1,1,421354,2,2,2,2,2,2,2,2,2,2
1,1,421355,0,0,0,0,0,0,0,0,0,0
2,1,421355,0,0,0,0,0,0,0,0,0,0
3,1,421355,0,0,0,0,0,0,0,0,0,0
4,1,421355,0,0,0,0,0,0,0,0,0,0
0,1,421356,24,24,24,24,24,24,24,24,24,24
1,1,421356,14,15,0,0,16,9,15,0,19,31
1,1,421357,17,17,17,17,17,17,17,17,17,17
1,1,421358,0,0,0,0,0,0,16,11,0,0
2,1,421358,0,0,0,0,0,0,0,0,0,0
3,1,421358,0,0,0,0,0,0,0,0,0,0
1,1,421359,19,19,19,19,19,19,19,19,19,19
1,1,421360,28,28,28,28,28,28,28,28,28,28
1,1,421361,24,24,24,24,24,24,24,24,24,24
1,1,421362,0,0,0,0,0,0,0,0,0,0
1,1,421363,0,0,0,0,0,0,0,0,0,0
1,1,421364,0,0,0,0,0,2,0,0,16,0
1,1,421365,0,0,0,0,0,0,0,0,0,0
1,1,421366,0,0,0,0,0,0,0,0,0,0
2,1,421366,0,0,0,0,0,0,0,0,0,0
1,1,421367,0,0,0,0,0,0,0,0,0,0
2,1,421367,0,0,0,0,0,0,0,0,0,0
3,1,421367,0,0,0,0,0,0,0,0,0,0
1,1,421368,10,10,10,10,10,10,10,10,10,10
2,1,421368,0,0,0,0,0,0,0,0,0,0
3,1,421368,0,0,0,0,0,0,0,0,0,0
4,1,421368,0,0,0,0,0,0,0,0,0,0
1,1,421369,26,26,26,26,26,26,26,26,26,26
2,1,421369,0,0,0,0,0,0,0,0,0,0
3,1,421369,0,0,0,0,0,0,0,0,0,0
1,1,421370,7,7,7,7,7,7,7,7,7,7
2,1,421370,14,7,29,7,19,12,18,13,17,14
1,1,421371,0,0,0,0,0,0,0,0,0,0
2,1,421371,0,0,0,0,0,0,0,0,0,0
3,1,421371,0,0,0,0,0,0,0,0,0,0
1,1,421372,0,0,0,0,0,0,0,0,0,0
2,1,421372,0,0,0,0,0,0,0,0,0,0
3,1,421372,0,0,0,0,0,0,0,0,0,0
1,1,421373,0,0,0,0,0,0,0,0,0,0
2,1,421373,0,0,0,0,0,0,0,0,0,0
1,1,421374,0,0,0,0,0,0,0,0,0,0
2,1,421374,0,0,24,0,0,0,0,0,0,0
3,1,421374,0,0,0,0,0,11,0,0,18,0
1,1,421375,0,0,0,0,0,0,0,0,0,0
2,1,421375,0,0,0,0,0,0,0,0,0,0
1,1,421376,1,1,1,1,1,1,1,1,1,1
1,1,421377,18,3,22,9,22,34,12,12,8,14
1,1,421378,2,2,2,2,2,2,2,2,2,2
2,1,421378,0,0,0,0,0,0,0,0,0,0
1,1,421379,25,25,25,25,25,25,25,25,25,25
2,1,421379,0,0,0,0,0,0,0,0,0,0
0,1,421380,0,0,0,0,0,0,0,0,0,0
2,1,421380,0,0,11,0,0,0,0,0,13,0
1,1,421381,19,19,19,19,19,19,19,19,19,19
1,1,421382,18,18,18,18,18,18,18,18,18,18
2,1,421382,0,0,8,0,0,0,0,0,0,0
1,1,421383,0,0,0,0,0,0,0,0,0,0
2,1,421383,0,0,0,0,0,0,0,0,0,0
1,1,421384,0,0,0,0,0,0,0,0,0,0
2,1,421384,0,0,0,0,0,0,0,0,0,0
1,1,421385,0,0,0,0,0,0,0,0,0,0
2,1,421385,0,0,0,0,0,0,0,0,10,0
1,1,421386,0,0,0,0,0,0,0,0,0,0
0,1,421387,0,0,0,0,0,0,0,0,0,0
1,1,421387,0,0,0,0,0,0,0,0,0,0
2,1,421387,0,0,0,0,0,0,0,0,0,0
3,1,421387,0,0,0,0,0,0,0,0,0,0
4,1,421387,0,0,0,0,0,0,0,0,0,0
5,1,421387,0,0,0,0,0,0,0,0,0,0
6,1,421387,0,0,0,0,0,0,0,0,0,0
7,1,421387,0,0,0,0,0,0,0,0,0,0
8,1,421387,0,0,0,0,0,0,0,0,0,0
9,1,421387,0,0,0,0,0,0,0,0,0,0
10,1,421387,0,0,0,0,0,0,0,0,0,0
11,1,421387,0,0,0,0,0,0,0,0,0,0
12,1,421387,0,0,0,0,0,0,0,0,0,0
13,1,421387,0,0,0,0,0,0,0,0,0,0
14,1,421387,0,0,0,0,0,0,0,0,0,0
15,1,421387,0,0,0,0,0,0,0,0,0,0
16,1,421387,0,0,0,0,0,0,0,0,0,0
17,1,421387,0,0,0,0,0,0,0,0,0,0
18,1,421387,0,0,0,0,0,0,0,0,0,0
19,1,421387,0,0,0,0,0,0,0,0,0,0
20,1,421387,0,0,0,0,0,0,0,0,0,0
21,1,421387,0,0,0,0,0,0,0,0,0,0
22,1,421387,0,0,0,0,0,0,0,0,0,10
23,1,421387,0,0,0,0,0,0,0,0,0,0
1,1,421388,35,35,35,35,35,35,35,35,35,35
1,1,421389,0,0,0,0,0,0,0,0,0,0
1,1,421390,0,0,0,0,0,0,0,0,0,0
2,1,421390,0,0,0,0,0,0,0,0,0,0
1,1,421391,0,0,0,0,0,0,0,0,0,0
2,1,421391,0,0,0,0,0,0,0,0,0,0
1,1,421392,0,0,0,0,0,0,0,0,0,0
2,1,421392,0,0,0,0,0,0,0,0,0,0
0,1,421393,0,0,0,0,0,0,0,0,0,0
1,1,421393,0,0,0,0,0,0,0,0,0,0
0,1,421394,0,0,0,0,0,0,0,0,0,0
1,1,421394,0,14,0,0,0,0,0,16,0,14
1,1,421395,14,18,12,19,13,13,5,11,5,4
2,1,421395,0,0,17,15,0,0,0,16,0,0
1,2,440001,0,0,0,0,0,0,0,0,0,0
0,1,440002,27,27,27,27,27,27,27,27,27,27
1,1,440002,0,0,0,0,0,0,0,0,0,0
1,1,440003,0,0,0,15,0,33,4,2,0,4
2,1,440003,0,0,0,0,0,0,0,0,0,0
1,1,440004,19,19,19,19,19,19,19,19,19,19
2,1,440004,12,0,0,0,0,0,4,0,0,4
0,1,440005,0,0,0,0,0,0,0,0,0,0
1,1,440005,0,0,0,0,0,0,0,0,0,0
1,1,440006,0,0,0,0,0,0,0,0,0,0
1,2,440007,19,28,0,27,11,18,0,29,14,0
1,1,440008,30,30,30,30,30,30,30,30,30,30
1,1,440009,24,24,24,24,24,24,24,24,24,24
1,2,440010,0,0,0,0,0,0,0,0,0,0
2,1,440010,0,0,0,0,0,0,0,0,0,6
1,1,440011,0,0,0,0,0,0,0,0,0,0
1,2,440012,0,0,0,0,0,0,0,0,0,0
2,1,440012,0,0,0,0,0,0,24,23,0,11
1,2,440013,0,0,8,0,0,0,0,0,0,0
2,1,440013,0,0,0,0,0,0,0,0,0,0
1,1,440014,17,17,17,17,17,17,17,17,17,17
1,1,440015,16,16,16,16,16,16,16,16,16,16
1,1,440016,0,0,0,0,0,0,0,0,0,0
2,1,440016,0,0,0,0,12,0,10,0,0,0
3,1,440016,0,0,0,0,0,0,0,0,0,0
1,1,440017,0,0,0,0,0,0,0,0,0,0
1,1,440018,17,17,17,17,17,17,17,17,17,17
1,1,440019,0,0,0,0,0,0,0,0,0,0
2,1,440019,0,0,0,0,0,0,0,0,0,0
0,1,440020,0,0,0,0,0,0,0,0,0,0
1,1,440020,7,0,10,0,0,0,0,0,0,0
0,1,440021,0,0,0,0,0,0,0,0,0,0
1,1,440021,0,0,0,0,0,0,0,13,0,0
1,1,440022,11,11,11,11,11,11,11,11,11,11
1,1,440023,0,0,0,0,0,0,0,0,0,0
1,1,440024,0,0,0,0,0,0,0,0,0,0
2,1,440024,0,0,0,0,0,0,0,0,0,0
1,1,440025,12,0,0,0,0,0,0,0,0,0
2,1,440025,0,0,0,0,0,0,0,0,0,0
1,1,440026,23,23,23,23,23,23,23,23,23,23
1,1,440027,13,7,0,0,9,3,0,0,3,0
1,1,440028,0,0,0,0,0,0,0,0,0,0
2,1,440028,9,9,9,9,9,9,9,9,9,9
1,1,440029,0,0,0,0,0,0,0,0,0,0
1,1,440030,7,7,7,7,7,7,7,7,7,7
1,1,440031,0,0,0,0,0,0,0,0,0,0
1,1,440032,0,0,0,0,0,0,0,0,0,0
2,1,440032,0,0,0,0,4,0,0,2,0,0
1,1,440033,9,9,9,9,9,9,9,9,9,9
1,1,440034,8,8,8,8,8,8,8,8,8,8
1,1,440035,0,0,0,0,0,0,0,0,0,0
1,1,440036,24,24,24,24,24,24,24,24,24,24
0,1,440037,0,0,0,0,0,0,0,0,0,0
1,1,440037,0,0,0,0,0,0,0,12,0,0
0,1,440038,0,0,0,0,0,0,0,0,0,0
1,1,440038,0,0,0,0,0,0,0,0,0,0
1,1,440039,0,0,0,0,0,0,0,0,0,0
1,1,440040,0,0,0,0,0,0,0,0,0,0
1,1,440041,0,0,0,0,0,0,0,0,0,0
1,1,440042,6,6,6,6,6,6,6,6,6,6
1,1,440043,14,14,14,14,14,14,14,14,14,14
2,1,440043,0,0,0,0,0,0,0,0,0,0
1,1,440044,0,0,0,0,31,0,0,0,0,0
1,1,440045,0,0,0,0,0,0,0,0,0,0
0,1,440046,0,0,0,0,0,0,0,0,0,0
1,1,440046,0,0,0,0,0,0,0,0,0,0
1,1,440047,0,0,0,0,0,0,0,0,0,0
1,1,440048,9,9,9,9,9,9,9,9,9,9
0,1,440049,0,0,0,0,0,0,0,0,0,0
1,1,440049,0,0,0,0,7,0,0,2,9,0
1,1,440050,0,0,0,0,0,0,0,0,0,0
0,1,440051,0,0,0,0,0,0,0,0,0,0
1,1,440051,0,9,6,0,6,8,21,18,40,13
0,1,440052,0,0,0,0,0,0,0,0,0,0
1,1,440052,0,0,0,0,0,0,0,0,0,0
0,1,440053,0,0,0,0,0,0,0,0,0,0
1,1,440053,0,0,0,0,0,0,0,0,0,0
1,1,440054,10,10,10,10,10,10,10,10,10,10
1,2,440055,26,14,25,14,33,0,25,16,22,0
1,1,440056,0,0,0,0,0,0,0,0,0,0
2,1,440056,4,4,4,4,4,4,4,4,4,4
1,1,440057,15,15,15,15,15,15,15,15,15,15
1,1,440058,0,0,0,0,0,0,0,0,0,0
0,1,440059,0,0,0,0,0,0,0,0,0,0
1,1,440059,0,0,0,0,0,0,0,0,0,0
1,1,440060,0,0,0,0,0,0,0,0,0,0
2,1,440060,0,0,0,0,0,0,0,0,0,0
1,1,440061,3,3,3,3,3,3,3,3,3,3
0,1,440062,27,27,27,27,27,27,27,27,27,27
1,1,440062,0,0,0,0,0,0,0,0,0,0
1,1,440063,20,20,20,20,20,20,20,20,20,20
0,1,440064,0,0,0,0,0,0,0,0,0,0
0,2,440064,0,0,0,0,0,0,0,16,0,0
1,1,440064,15,0,0,0,0,0,0,0,0,6
1,1,450001,12,12,12,12,12,12,12,12,12,12
1,1,450002,0,0,0,0,0,0,0,0,0,0
2,1,450002,0,0,4,0,0,0,13,0,0,0
1,1,450003,0,0,0,0,0,0,0,0,0,0
2,1,450003,0,0,0,0,0,0,0,0,0,0
1,1,450004,0,0,0,0,0,0,0,21,0,0
2,1,450004,0,12,14,0,0,0,0,0,0,0
3,1,450004,0,0,0,0,0,13,0,0,5,22
4,1,450004,0,0,0,0,0,0,0,0,0,0
5,1,450004,0,0,0,0,0,0,0,0,26,0
1,1,450005,4,4,4,4,4,4,4,4,4,4
2,1,450005,5,5,5,5,5,5,5,5,5,5
1,1,450006,0,0,0,0,0,0,0,0,0,10
2,1,450006,0,0,0,0,0,0,0,0,0,0
1,1,450007,0,0,0,0,0,0,0,0,0,0
1,1,450008,0,0,0,0,0,0,0,0,0,0
0,1,450009,35,35,35,35,35,35,35,35,35,35
1,1,450009,0,0,0,0,15,6,15,0,0,29
1,1,450010,0,0,0,0,0,0,0,0,0,0
2,1,450010,0,0,0,0,0,0,0,0,0,0
3,1,450010,0,0,0,0,0,0,0,0,0,0
1,1,450011,0,0,0,0,0,0,0,0,0,0
2,1,450011,0,0,11,0,0,0,2,0,0,0
1,1,450012,0,0,0,0,0,0,0,0,0,0
1,1,450013,0,0,0,0,0,4,0,0,0,0
0,1,450014,0,0,0,0,0,0,0,0,0,0
1,1,450014,0,0,0,0,0,0,0,20,0,0
1,1,450015,20,13,21,21,9,28,41,2,23,14
1,1,450016,0,0,0,0,0,0,0,0,0,0
1,1,450017,0,0,0,0,0,0,0,0,0,0
1,1,450018,20,20,20,20,20,20,20,20,20,20
1,1,450019,0,0,0,0,0,0,0,0,0,0
1,1,450020,21,0,0,0,0,0,0,0,0,0
2,1,450020,0,0,0,9,0,0,10,0,0,0
1,1,450021,0,0,0,0,0,0,0,0,0,0
1,1,450022,23,23,23,23,23,23,23,23,23,23
1,1,450023,16,16,16,16,16,16,16,16,16,16
2,1,450023,7,15,14,10,14,13,0,24,26,15
1,1,450024,0,0,0,0,0,0,0,0,0,0
1,1,450025,0,0,0,0,0,0,0,0,0,0
2,1,450025,0,0,0,0,0,0,0,0,0,0
1,1,450026,12,0,8,9,16,27,28,2,0,8
2,1,450026,10,10,10,10,10,10,10,10,10,10
0,1,450027,0,0,0,0,0,0,0,0,0,0
1,1,450027,0,0,0,0,0,0,0,0,0,0
1,1,450028,21,21,21,21,21,21,21,21,21,21
1,1,450029,12,0,0,0,14,0,0,0,0,0
2,1,450029,9,9,0,12,13,6,17,3,20,4
1,1,450030,11,11,11,11,11,11,11,11,11,11
1,1,450031,0,0,0,0,0,0,0,0,0,0
1,1,450032,13,13,13,13,13,13,13,13,13,13
1,1,450033,29,29,29,29,29,29,29,29,29,29
1,1,450034,0,0,0,0,0,0,0,0,0,0
1,1,450035,0,0,0,0,0,0,0,0,0,0
1,1,450036,0,0,0,0,0,0,0,0,0,0
2,1,450036,0,0,0,0,0,0,0,0,0,0
1,1,450037,0,0,7,0,0,0,0,0,0,0
2,1,450037,0,0,0,0,0,0,0,0,0,0
1,1,450038,0,0,0,0,0,0,0,0,0,0
2,1,450038,0,0,0,0,0,0,0,0,0,0
1,1,450039,32,32,32,32,32,32,32,32,32,32
1,1,450040,11,11,11,11,11,11,11,11,11,11
1,1,450041,0,0,0,0,0,0,0,0,0,0
2,1,450041,0,0,0,0,0,0,0,0,0,0
1,1,450042,0,0,0,0,0,10,0,0,0,11
2,1,450042,0,0,0,0,0,0,0,0,0,0
1,1,450043,0,23,19,0,0,0,0,0,18,0
1,1,450044,0,0,0,0,0,0,0,0,0,0
2,1,450044,0,0,0,0,0,0,0,0,0,0
1,1,450045,0,16,0,23,10,12,21,26,14,10
0,1,450046,0,0,0,0,0,0,0,0,0,0
1,1,450046,0,0,0,0,0,0,0,0,0,0
1,1,450047,0,0,0,0,0,0,0,0,0,0
2,1,450047,0,0,0,0,0,0,0,0,0,0
3,1,450047,0,0,0,0,0,0,0,0,0,0
4,1,450047,14,0,11,8,0,0,0,0,0,0
1,1,450048,0,4,0,0,0,0,0,0,0,0
1,1,450049,16,16,16,16,16,16,16,16,16,16
1,1,450050,0,0,0,0,0,14,0,0,0,0
2,1,450050,13,0,0,0,0,0,21,27,0,0
1,1,450051,0,0,0,0,10,0,0,0,0,19
1,1,450052,0,0,14,0,0,9,0,0,0,0
2,1,450052,34,34,34,34,34,34,34,34,34,34
1,1,450053,25,25,25,25,25,25,25,25,25,25
1,1,450054,31,31,31,31,31,31,31,31,31,31
1,1,450055,21,21,21,21,21,21,21,21,21,21
1,1,450056,0,0,0,0,0,0,0,0,0,0
1,1,450057,19,19,19,19,19,19,19,19,19,19
0,1,450058,26,21,12,17,54,33,29,40,14,33
1,1,450058,20,7,12,0,0,8,0,3,4,0
1,1,450059,23,23,23,23,23,23,23,23,23,23
1,1,450060,0,0,0,14,5,0,4,0,19,0
2,1,450060,27,13,0,13,0,0,19,0,0,15
1,1,450061,0,0,0,0,0,0,0,0,0,0
2,1,450061,0,0,0,0,0,0,0,0,0,0
3,1,450061,0,0,0,0,0,0,0,0,0,0
1,1,450062,0,0,0,0,0,0,0,0,0,0
0,1,450063,0,8,0,0,38,27,7,0,7,14
1,1,450063,0,0,0,0,0,0,0,0,0,0