VEH_NO,PER_NO,ST_CASE,P1,P2,P3,P4,P5,P6,P7,P8,P9,P10
1,1,450383,22,0,0,0,0,0,0,0,0,0
2,1,450383,0,0,0,0,0,0,0,0,0,0
1,1,450384,33,33,33,33,33,33,33,33,33,33
1,1,450385,16,16,16,16,16,16,16,16,16,16
1,1,450386,0,0,0,0,0,0,0,0,0,0
2,1,450386,0,0,0,0,0,0,0,0,0,0
1,1,450387,0,0,11,0,0,0,0,0,0,12
0,1,450388,18,18,18,18,18,18,18,18,18,18
1,1,450388,11,15,0,13,0,0,0,17,0,0
1,1,450389,23,23,23,23,23,23,23,23,23,23
1,1,450390,0,0,0,0,0,0,0,0,0,0
2,1,450390,0,0,0,0,0,0,0,0,0,0
0,1,450391,28,28,28,28,28,28,28,28,28,28
1,1,450391,5,0,0,4,0,0,0,3,0,0
1,1,450392,23,23,23,23,23,23,23,23,23,23
1,1,450393,25,25,25,25,25,25,25,25,25,25
1,1,450394,21,21,21,21,21,21,21,21,21,21
1,1,450395,8,8,8,8,8,8,8,8,8,8
0,1,450396,21,13,12,14,6,35,10,29,26,10
1,1,450396,0,0,0,0,0,11,0,0,0,0
1,1,450397,0,0,0,0,0,0,0,0,0,0
2,1,450397,0,7,0,0,0,13,0,14,0,0
1,1,450398,23,23,23,23,23,23,23,23,23,23
0,1,450399,0,0,0,0,0,0,0,0,0,0
1,1,450399,9,18,0,0,0,0,0,0,0,20
1,1,450400,26,26,26,26,26,26,26,26,26,26
1,1,450401,17,16,28,7,24,26,19,24,30,28
1,1,450402,11,18,25,9,26,18,35,30,28,13
1,1,450403,0,0,0,0,0,0,0,0,0,0
1,1,450404,0,0,0,0,0,0,0,0,0,0
1,1,450405,0,0,0,0,0,0,0,0,0,0
1,1,450406,13,13,13,13,13,13,13,13,13,13
1,1,450407,5,5,5,5,5,5,5,5,5,5
1,1,450408,21,21,21,21,21,21,21,21,21,21
1,1,450409,16,16,16,16,16,16,16,16,16,16
1,1,450410,17,17,17,17,17,17,17,17,17,17
0,1,450411,20,27,22,7,10,34,13,29,19,22
1,1,450411,6,0,0,0,6,0,0,7,0,0
1,1,450412,18,18,18,18,18,18,18,18,18,18
1,1,450413,0,0,0,0,0,0,0,0,0,0
1,1,450414,0,14,15,19,6,9,0,16,15,22
1,1,450415,12,12,12,12,12,12,12,12,12,12
1,1,450416,22,22,22,22,22,22,22,22,22,22
1,1,450417,6,7,0,0,14,27,0,7,16,18
1,1,450418,0,0,0,10,6,0,24,0,0,13
1,1,450419,5,5,5,5,5,5,5,5,5,5
1,1,450420,0,0,0,0,0,0,0,0,0,0
1,1,450421,5,26,27,19,21,23,17,16,20,5
1,1,450422,0,0,0,0,0,0,0,0,0,0
2,1,450422,0,0,0,0,0,0,0,0,0,0
1,1,450423,19,19,19,19,19,19,19,19,19,19
1,1,450424,26,26,26,26,26,26,26,26,26,26
1,1,450425,0,0,0,0,0,0,0,0,0,0
2,1,450425,0,0,0,0,9,0,0,31,0,22
3,1,450425,0,0,0,26,19,0,0,0,0,13
1,1,450426,0,0,0,0,0,0,0,0,0,0
1,1,450427,0,0,0,0,0,0,10,0,0,0
2,1,450427,0,0,0,0,0,0,0,0,0,0
1,1,450428,17,17,17,17,17,17,17,17,17,17
0,1,450429,35,24,27,0,18,20,8,17,37,23
1,1,450429,0,0,0,23,0,0,0,0,0,0
1,1,450430,0,0,0,0,0,0,0,21,0,0
1,1,450431,0,0,0,0,0,0,0,0,0,0
2,1,450431,0,0,0,0,0,0,0,0,0,0
0,1,450432,21,21,21,21,21,21,21,21,21,21
1,1,450432,0,0,0,0,0,0,0,0,0,0
1,1,450433,0,0,0,0,0,0,0,0,0,0
2,1,450433,0,0,0,0,0,0,0,0,0,0
0,1,450434,23,0,29,60,12,0,0,26,29,0
1,1,450434,0,0,0,0,0,0,0,11,0,0
1,1,450435,0,0,0,0,0,0,0,0,0,0
2,1,450435,0,0,0,0,0,0,0,0,0,0
1,1,450436,9,9,19,0,0,16,15,22,0,0
1,1,450437,13,13,13,13,13,13,13,13,13,13
1,1,450438,11,11,11,11,11,11,11,11,11,11
1,1,450439,12,12,12,12,12,12,12,12,12,12
1,1,450440,21,21,21,21,21,21,21,21,21,21
0,1,450441,20,23,26,26,12,26,12,14,25,25
1,1,450441,0,23,11,0,0,12,12,21,0,0
1,1,450442,0,0,0,0,12,0,0,0,0,0
2,1,450442,0,0,0,0,0,0,0,0,18,0
1,1,450443,14,14,11,18,6,21,24,15,23,16
1,1,450444,22,25,17,6,0,0,12,27,17,15
1,1,450445,20,0,0,0,22,0,0,0,0,0
2,1,450445,0,0,0,0,0,0,0,0,0,0
1,1,450446,13,0,12,7,17,0,0,3,2,8
2,1,450446,0,0,6,0,0,0,0,11,0,0
3,1,450446,0,0,0,0,0,0,0,0,0,0
1,1,450447,30,30,30,30,30,30,30,30,30,30
2,1,450447,0,0,0,0,0,0,0,0,0,9
0,1,450448,0,28,0,0,0,0,0,0,0,0
1,1,450448,0,0,0,0,0,0,0,0,0,0
2,1,450448,0,0,8,12,0,6,0,0,0,0
1,1,450449,0,0,0,0,0,0,0,19,0,0
2,1,450449,35,35,35,35,35,35,35,35,35,35
1,1,450450,0,0,0,0,27,8,0,18,0,20
1,1,450451,14,18,26,11,9,29,19,17,20,17
1,1,450452,13,13,13,13,13,13,13,13,13,13
1,1,450453,0,0,0,0,26,0,0,0,0,0
2,1,450453,0,0,0,0,0,0,0,0,0,0
1,1,450454,4,4,4,4,4,4,4,4,4,4
1,1,450455,38,38,38,38,38,38,38,38,38,38
1,1,450456,25,25,25,25,25,25,25,25,25,25
1,1,450457,9,9,9,9,9,9,9,9,9,9
1,1,450458,0,0,0,0,0,0,0,0,0,0
1,1,450459,10,17,7,22,3,14,5,15,9,20
1,1,450460,0,0,0,0,0,0,0,0,0,0
2,1,450460,0,0,0,0,0,0,0,0,0,0
1,1,450461,0,0,0,0,0,0,0,0,0,0
2,1,450461,0,0,13,0,0,0,0,0,0,0
1,1,450462,0,0,0,0,0,0,0,0,0,0
2,1,450462,0,0,0,0,12,0,0,0,0,0
1,1,450463,21,21,21,21,21,21,21,21,21,21
1,1,450464,0,0,0,0,0,0,0,0,0,0
1,1,450465,29,29,29,29,29,29,29,29,29,29
1,1,450466,0,0,0,0,0,0,0,0,0,0
2,1,450466,0,0,0,0,0,0,0,0,0,0
1,1,450467,3,3,3,3,3,3,3,3,3,3
1,1,450468,0,18,0,0,0,15,21,22,13,0
1,1,450469,0,0,0,0,0,0,0,0,0,0
1,1,450470,0,0,0,0,0,0,0,0,0,0
1,1,450471,24,28,0,0,12,0,0,0,0,15
1,1,450472,0,0,0,33,0,0,0,23,12,0
0,1,450473,16,16,16,16,16,16,16,16,16,16
1,1,450473,9,0,0,0,0,23,0,0,0,12
1,1,450474,33,33,33,33,33,33,33,33,33,33
1,1,450475,0,0,14,11,0,0,0,0,0,0
1,1,450476,0,0,0,0,0,0,0,0,0,0
2,1,450476,17,0,0,0,0,0,0,0,0,0
1,1,450477,24,24,24,24,24,24,24,24,24,24
1,1,450478,4,4,4,4,4,4,4,4,4,4
1,1,450479,0,0,0,0,0,0,0,0,0,0
2,1,450479,0,0,0,0,0,0,0,0,0,0
3,1,450479,6,16,22,26,14,32,15,15,17,10
1,1,450480,0,0,0,0,0,0,0,0,0,0
2,1,450480,0,0,0,0,0,0,0,0,0,0
3,1,450480,0,0,0,0,0,0,0,0,0,0
1,1,450481,0,0,0,0,4,0,0,0,0,0
2,1,450481,31,31,31,31,31,31,31,31,31,31
1,1,450482,16,0,0,0,0,0,0,0,0,18
2,1,450482,0,0,0,2,0,0,16,0,24,0
1,1,450483,0,0,0,0,0,0,0,0,0,0
1,1,450484,5,0,0,0,0,0,0,17,0,0
2,1,450484,0,0,0,0,0,0,0,0,0,0
3,1,450484,0,0,4,0,0,0,0,0,0,0
1,1,450485,0,0,0,0,0,0,0,0,0,0
2,1,450485,19,0,0,11,0,0,0,0,0,27
1,1,450486,0,0,0,0,0,0,0,0,0,0
2,1,450486,0,0,0,0,0,0,0,0,0,0
3,1,450486,0,0,0,0,0,0,0,0,0,0
1,1,450487,0,0,0,0,0,0,0,0,0,0
2,1,450487,0,0,0,0,0,0,0,0,12,0
1,1,450488,0,0,0,18,0,0,0,0,0,0
2,1,450488,0,0,0,0,0,0,0,0,0,0
1,1,450489,11,17,31,22,8,11,24,11,22,13
1,1,450490,16,21,14,16,33,9,32,6,12,8
1,1,450491,7,7,7,7,7,7,7,7,7,7
2,1,450492,0,0,0,0,0,0,0,0,0,0
1,1,450493,0,0,0,0,0,0,0,0,5,0
2,1,450493,0,0,0,0,0,0,0,0,0,0
1,1,450494,0,0,0,0,0,0,0,0,0,0
2,1,450494,0,0,0,4,0,0,0,0,0,0
3,1,450494,0,0,0,0,0,0,0,0,0,0
1,1,450495,5,13,14,4,10,5,13,16,16,5
2,1,450495,32,14,11,15,0,6,25,12,13,25
1,1,450496,0,0,0,0,0,0,0,0,0,0
2,1,450496,21,21,21,21,21,21,21,21,21,21
1,1,450497,0,0,0,0,0,0,0,0,0,6
2,1,450497,0,0,0,0,11,14,0,0,0,0
1,1,450498,0,4,0,0,0,0,0,0,0,0
2,1,450498,0,0,11,0,0,0,0,0,0,0
3,1,450498,24,0,0,0,0,0,15,0,12,0
4,1,450498,0,0,0,0,0,0,0,0,0,0
5,1,450498,0,0,0,0,0,0,0,0,0,0
6,1,450498,0,0,0,0,0,0,0,0,0,0
7,1,450498,0,0,0,0,0,0,0,0,0,0
8,1,450498,0,0,0,0,0,0,0,0,0,0
1,1,450499,22,22,22,22,22,22,22,22,22,22
1,1,450500,0,0,0,19,19,0,0,0,0,0
2,1,450500,16,16,16,16,16,16,16,16,16,16
1,1,450501,21,0,0,15,0,0,0,0,0,0
1,1,450502,0,0,0,0,0,0,0,0,0,0
0,1,450503,19,31,27,19,0,11,11,24,17,4
1,1,450503,8,0,6,0,0,0,10,0,12,0
1,1,450504,24,24,24,24,24,24,24,24,24,24
1,1,450505,21,21,21,21,21,21,21,21,21,21
0,1,450506,0,0,0,0,0,0,0,0,0,0
1,1,450506,23,23,23,23,23,23,23,23,23,23
1,1,450507,0,0,9,30,0,0,0,0,0,0
1,1,450508,0,0,0,0,0,0,0,0,0,0
2,1,450508,0,0,0,0,0,0,0,0,0,0
1,1,450509,18,18,18,18,18,18,18,18,18,18
1,1,450510,0,0,0,0,0,0,0,0,0,0
2,1,450510,24,24,24,24,24,24,24,24,24,24
1,1,450511,5,5,5,5,5,5,5,5,5,5
1,1,450512,31,31,31,31,31,31,31,31,31,31
1,1,450513,0,0,0,0,0,0,0,0,0,0
2,1,450513,0,0,0,0,0,10,0,0,0,4
1,1,450514,32,32,32,32,32,32,32,32,32,32
2,1,450514,0,0,0,0,0,0,0,0,0,0
1,1,450515,0,0,0,16,0,0,0,0,0,0
1,1,450516,24,24,24,24,24,24,24,24,24,24
1,1,450517,0,0,0,0,0,0,0,0,0,0
2,1,450517,0,0,0,0,0,0,0,0,0,0
1,1,450518,0,0,0,0,0,0,0,0,0,0
1,1,450519,34,34,34,34,34,34,34,34,34,34
1,1,450520,0,0,0,0,0,0,0,0,0,0
2,1,450520,25,16,23,17,3,6,10,20,17,21
3,1,450520,0,0,0,0,0,0,0,0,0,0
1,1,450521,0,0,0,0,0,0,0,0,0,0
1,1,450522,30,30,30,30,30,30,30,30,30,30
0,1,450523,11,11,11,11,11,11,11,11,11,11
1,1,450523,0,0,23,8,0,14,14,0,0,0
1,1,450525,0,0,0,0,0,0,0,0,0,0
2,1,450525,0,0,0,0,0,0,0,0,0,0
1,1,450526,0,0,0,0,0,0,0,0,0,0
1,1,450527,0,0,0,0,0,0,0,0,0,0
2,1,450527,0,0,0,0,0,0,0,0,0,0
1,1,450528,0,0,0,0,0,0,0,0,0,0
2,1,450528,0,0,0,0,0,0,0,0,0,0
1,1,450529,0,0,0,0,0,0,0,0,0,0
1,1,450530,0,0,0,0,0,23,20,15,0,34
1,1,450531,0,0,0,0,0,0,0,0,0,0
0,1,450532,0,0,0,0,0,0,0,0,0,0
1,1,450532,13,0,31,18,16,8,0,0,8,13
1,1,450533,28,28,28,28,28,28,28,28,28,28
1,1,450534,0,0,7,0,0,0,0,0,0,0
1,1,450535,0,0,0,0,0,0,0,0,0,0
0,1,450536,25,24,55,0,0,42,0,36,0,43
1,1,450536,0,0,13,0,0,0,0,0,23,15
1,1,450537,0,0,0,0,0,0,0,0,0,0
1,1,450538,0,23,20,16,12,18,6,8,0,18
1,1,450539,29,29,29,29,29,29,29,29,29,29
1,1,450540,18,18,18,18,18,18,18,18,18,18
1,1,450541,3,0,0,0,0,0,0,0,0,0
2,1,450541,0,0,0,0,0,0,0,0,0,0
1,1,450542,23,23,23,23,23,23,23,23,23,23
1,1,450543,0,0,0,0,0,0,0,0,0,0
1,1,450544,0,0,0,0,0,0,0,0,0,0
2,1,450544,0,0,0,0,0,0,0,0,0,0
1,1,450545,0,0,0,0,0,0,0,0,0,0
1,1,450546,0,0,0,0,0,0,0,0,0,0
2,1,450546,0,0,0,0,0,0,0,0,0,0
1,1,450547,0,0,0,0,0,0,0,0,0,0
1,1,450548,0,0,0,0,0,0,0,0,0,0
2,1,450548,0,17,6,25,19,25,17,14,5,0
1,1,450549,15,15,15,15,15,15,15,15,15,15
2,1,450549,0,0,0,11,13,0,8,0,0,0
3,1,450549,6,6,6,6,6,6,6,6,6,6
1,1,450550,0,0,0,0,0,0,0,0,0,0
2,1,450550,0,0,0,0,0,0,0,0,0,0
3,1,450550,0,0,0,0,0,0,0,0,0,0
1,1,450551,0,0,0,0,0,0,0,0,0,0
2,1,450551,0,0,0,0,0,0,0,0,0,0
1,1,450552,0,8,19,15,0,0,0,2,20,0
2,1,450552,13,13,13,13,13,13,13,13,13,13
1,1,450553,28,28,28,28,28,28,28,28,28,28
1,1,450554,6,0,0,0,0,16,0,0,0,0
2,1,450554,0,0,0,0,0,0,0,0,0,0
1,1,450555,0,0,0,0,0,0,0,0,0,0
2,1,450555,0,0,0,8,0,0,0,0,0,0
1,1,450556,23,23,23,23,23,23,23,23,23,23
1,1,450557,34,34,34,34,34,34,34,34,34,34
1,1,450558,0,0,0,0,0,13,0,0,22,0
1,1,450559,0,0,0,0,0,0,0,0,0,0
1,1,450560,0,0,0,0,0,0,0,0,0,0
1,1,450561,24,24,24,24,24,24,24,24,24,24
1,1,450562,21,21,21,21,21,21,21,21,21,21
1,1,450563,15,24,17,26,0,8,24,15,24,0
0,1,450564,0,0,0,0,0,0,0,0,0,0
1,1,450564,17,0,0,0,0,0,0,0,0,0
1,1,450565,0,0,0,0,0,0,0,0,0,0
2,1,450565,0,0,0,0,0,0,0,0,0,0
3,1,450565,0,0,13,0,0,0,0,0,0,0
1,1,450566,22,22,22,22,22,22,22,22,22,22
1,1,450567,0,11,0,0,0,0,0,8,0,0
2,1,450567,0,0,0,0,14,20,12,0,20,0
1,1,450568,16,18,0,15,0,0,0,0,0,10
2,1,450568,21,21,21,21,21,21,21,21,21,21
1,1,450569,5,0,0,0,0,0,0,0,0,0
1,1,450570,0,20,0,5,0,0,0,0,16,16
2,1,450570,19,19,19,19,19,19,19,19,19,19
1,1,450571,18,14,0,27,0,12,18,27,37,0
1,1,450572,0,0,0,0,0,0,0,0,0,0
2,1,450572,0,0,0,0,0,0,16,0,0,0
1,1,450573,0,0,0,0,0,0,0,0,0,0
1,1,450574,0,0,0,0,0,0,0,0,0,0
1,1,450575,0,0,0,0,10,0,0,0,7,0
1,1,450576,0,0,8,0,0,0,0,0,0,0
2,1,450576,0,0,0,0,0,0,0,9,0,0
1,1,450577,0,13,20,0,0,0,0,0,0,0
2,1,450577,0,0,0,0,17,0,0,0,0,0
1,1,450578,0,0,0,0,0,0,0,0,0,0
2,1,450578,0,0,0,0,0,0,0,0,0,0
3,1,450578,0,0,0,0,0,0,0,0,0,0
1,1,450579,2,0,11,14,20,3,0,0,0,0
2,1,450579,6,6,6,6,6,6,6,6,6,6
1,1,450580,0,0,0,0,0,0,0,0,0,0
2,1,450580,0,0,0,0,0,0,0,0,0,0
1,1,450581,0,0,0,0,0,0,0,0,0,0
2,1,450581,0,0,0,0,0,0,20,0,0,0
3,1,450581,0,0,0,0,0,0,0,0,0,0
4,1,450581,0,0,0,0,0,0,0,10,12,0
5,1,450581,0,0,0,0,0,0,0,0,0,0
1,3,450582,0,10,21,27,17,0,17,26,12,0
1,1,450583,0,0,0,0,0,0,0,0,0,0
0,1,450584,0,0,0,0,22,24,0,0,0,12
1,1,450584,0,0,0,0,0,0,0,9,0,0
1,1,450585,5,0,0,0,12,12,21,0,18,17
1,1,450586,0,0,0,0,0,0,0,0,0,0
2,1,450586,0,0,0,0,0,0,0,0,0,0
1,1,450587,0,0,0,0,0,0,0,0,0,0
1,1,450588,0,0,0,0,0,0,0,0,0,0
2,1,450588,0,0,0,0,0,0,0,0,0,24
3,1,450588,0,0,0,0,0,0,0,0,11,0
4,1,450588,0,0,0,0,0,0,0,0,0,0
1,1,450589,0,0,0,0,0,13,0,0,0,0
1,1,450590,0,0,0,0,0,0,0,0,0,0
1,1,450591,0,0,0,0,0,0,0,0,0,0
1,1,450592,0,0,20,0,0,0,0,0,19,0
2,1,450592,29,29,29,29,29,29,29,29,29,29
1,1,450593,23,0,8,9,0,14,19,11,0,25
2,1,450593,11,8,4,14,0,13,10,3,0,27
1,1,450594,16,16,16,16,16,16,16,16,16,16
1,1,450595,0,0,0,0,0,0,0,19,0,0
2,1,450595,22,22,22,22,22,22,22,22,22,22
1,1,450596,0,20,16,5,0,0,0,15,0,0
1,1,450597,0,0,0,0,0,0,0,0,0,0
1,1,450598,23,23,23,23,23,23,23,23,23,23
2,1,450598,0,0,0,0,0,0,0,0,0,0
1,1,450599,17,11,0,20,8,21,17,4,7,22
0,1,450600,0,0,0,0,0,0,0,0,0,0
1,1,450600,19,12,23,9,29,11,0,6,24,13
0,1,450601,0,0,0,0,0,0,0,0,0,0
1,1,450601,0,0,6,17,0,0,0,0,0,0
1,1,450602,19,19,19,19,19,19,19,19,19,19
1,1,450603,14,0,11,23,18,26,17,3,12,13
2,1,450603,9,0,0,0,0,0,0,16,0,0
1,1,450604,0,0,0,0,0,0,11,7,0,0
0,1,450605,0,0,0,0,0,0,0,0,0,0
0,2,450605,0,0,0,0,0,0,0,0,0,0
0,3,450605,26,0,0,0,0,0,0,0,0,21
0,4,450605,0,0,0,0,0,0,0,0,0,0
2,1,450605,0,0,0,17,0,0,0,0,0,0
1,1,450606,0,0,0,0,0,0,0,0,0,0
2,1,450606,0,0,0,0,0,0,0,0,0,0
1,1,450607,16,16,16,16,16,16,16,16,16,16
1,1,450608,0,9,0,0,0,0,0,0,0,0
1,1,450609,4,4,4,4,4,4,4,4,4,4
1,1,450610,23,23,23,23,23,23,23,23,23,23
1,1,450611,12,18,13,0,7,5,5,4,9,0
2,1,450611,0,0,0,0,0,0,0,0,0,0
1,1,450612,0,0,0,0,0,0,0,0,0,0
1,1,450613,0,0,0,0,0,0,0,0,0,0
2,1,450613,0,0,0,0,0,0,0,0,0,0
1,1,450614,0,0,0,0,0,0,0,0,0,0
1,1,450615,0,0,0,0,0,0,0,0,0,0
2,1,450615,0,0,0,0,0,0,0,0,0,0
1,1,450616,0,0,0,0,0,0,0,0,0,0
1,1,450617,0,0,0,0,0,0,0,0,0,0
1,1,450618,22,22,22,22,22,22,22,22,22,22
0,1,450619,18,18,18,18,18,18,18,18,18,18
1,1,450619,0,0,0,0,0,0,0,0,0,0
1,1,450620,16,16,16,16,16,16,16,16,16,16
1,1,450621,26,26,26,26,26,26,26,26,26,26
1,1,450622,28,28,28,28,28,28,28,28,28,28
1,1,450623,27,27,27,27,27,27,27,27,27,27
1,1,450624,7,17,9,13,11,19,2,12,27,36
2,1,450624,6,9,20,15,22,10,16,15,16,20
1,1,450625,15,15,15,15,15,15,15,15,15,15
1,1,450626,0,0,0,0,0,0,0,0,0,0
1,1,450627,18,18,18,18,18,18,18,18,18,18
1,1,450628,5,5,5,5,5,5,5,5,5,5
1,1,450629,4,35,25,44,23,23,26,23,13,22
1,1,450630,25,25,25,25,25,25,25,25,25,25
2,1,450630,0,0,0,0,0,0,24,0,0,0
0,1,450631,23,23,23,23,23,23,23,23,23,23
1,1,450631,0,0,8,0,4,5,0,0,18,2
1,1,450632,28,4,0,20,26,16,14,18,16,26
1,1,450633,7,7,7,7,7,7,7,7,7,7
0,1,450634,17,17,17,17,17,17,17,17,17,17
1,1,450634,15,12,0,16,0,0,13,0,0,31
1,1,450635,0,0,0,23,0,0,0,0,0,0
1,1,450636,21,21,21,21,21,21,21,21,21,21
1,1,450637,0,0,36,0,0,40,0,0,9,11
1,1,450638,5,9,6,5,5,7,13,14,14,11
2,1,450638,16,16,16,16,16,16,16,16,16,16
1,1,450639,0,0,0,0,0,0,0,0,0,15
0,1,450640,0,0,0,0,0,0,0,0,0,0
1,1,450640,0,0,0,0,0,0,0,20,0,0
1,1,450641,0,0,0,0,0,0,0,0,0,0
2,1,450641,10,10,10,10,10,10,10,10,10,10
1,1,450642,0,0,0,0,0,0,0,0,0,0
1,1,450643,9,9,9,9,9,9,9,9,9,9
0,1,450644,25,25,25,25,25,25,25,25,25,25
1,1,450644,0,0,13,0,0,0,0,0,0,3
0,1,450645,22,22,22,22,22,22,22,22,22,22
1,1,450645,0,0,0,0,14,0,0,0,15,23
1,1,450646,22,22,22,22,22,22,22,22,22,22
1,1,450647,0,0,0,0,0,0,0,0,11,0
1,1,450648,0,9,0,0,15,0,19,22,9,18
2,1,450648,0,0,0,0,0,0,0,0,0,0
1,1,450649,4,27,7,18,12,14,14,6,15,9
1,1,450650,9,0,13,16,27,0,27,8,12,22
1,1,450651,0,0,0,0,0,0,0,0,0,0
2,1,450651,0,10,0,0,0,0,0,0,0,0
1,1,450652,20,20,20,20,20,20,20,20,20,20
0,1,450653,31,31,31,31,31,31,31,31,31,31
1,1,450653,0,13,12,0,12,31,2,0,0,10
1,1,450654,0,0,0,0,0,0,0,0,0,0
1,1,450655,19,19,19,19,19,19,19,19,19,19
1,1,450656,0,0,0,0,0,0,0,0,0,6
2,1,450656,0,0,0,0,0,0,0,0,0,0
3,1,450656,0,6,0,0,0,0,0,0,0,0
1,1,450657,11,0,0,0,0,0,0,0,0,0
2,1,450657,0,0,0,0,0,0,0,0,0,0
1,1,450658,29,29,29,29,29,29,29,29,29,29
1,1,450659,8,8,8,8,8,8,8,8,8,8
2,1,450659,0,0,0,0,0,13,0,0,0,18
1,1,450660,4,4,4,4,4,4,4,4,4,4
2,1,450660,14,0,0,0,0,0,0,0,0,0
2,1,450661,0,18,8,6,13,0,0,0,29,0
1,1,450662,0,0,0,0,0,0,0,0,0,0
1,1,450663,0,0,0,0,0,0,0,0,0,0
1,1,450664,0,0,0,0,0,0,0,0,0,0
2,1,450664,0,0,0,0,0,0,0,0,0,0
0,1,450665,37,37,37,37,37,37,37,37,37,37
1,1,450665,0,0,0,19,0,0,0,16,0,0
1,1,450666,15,15,15,15,15,15,15,15,15,15
1,1,450667,0,0,0,0,0,0,0,0,0,0
2,1,450667,0,0,0,0,13,0,0,0,0,0
1,1,450668,9,9,9,9,9,9,9,9,9,9
2,1,450668,0,0,0,0,0,0,0,0,0,0
1,1,450669,0,0,0,0,0,0,0,0,0,0
1,1,450670,13,14,24,10,15,12,0,32,14,24
1,1,450671,1,1,1,1,1,1,1,1,1,1
2,1,450671,0,0,0,0,0,0,0,0,0,0
3,1,450671,0,0,0,0,0,0,0,0,0,0
1,1,450672,5,5,5,5,5,5,5,5,5,5
2,1,450672,22,22,22,22,22,22,22,22,22,22
0,1,450673,22,22,22,22,22,22,22,22,22,22
1,1,450673,0,0,0,0,0,0,0,0,0,0
1,1,450674,26,26,26,26,26,26,26,26,26,26
1,1,450675,0,0,0,0,0,0,0,0,0,0
2,1,450675,0,25,0,0,0,0,0,0,0,0
3,1,450675,0,0,0,0,0,0,0,0,0,0
1,1,450676,12,12,12,12,12,12,12,12,12,12
1,1,450677,22,26,13,15,3,21,9,26,12,15
1,1,450678,28,28,28,28,28,28,28,28,28,28
1,1,450679,0,0,0,0,0,0,0,0,0,0
1,1,450680,0,0,0,0,0,0,0,0,0,11
1,1,450681,0,0,0,0,0,21,0,0,0,0
1,1,450682,15,16,28,6,39,25,8,20,17,42
1,1,450683,7,7,7,7,7,7,7,7,7,7
1,1,450684,25,0,0,19,0,0,12,10,22,0
1,1,450685,0,0,0,0,0,0,0,0,0,0
1,1,450686,0,0,0,0,0,0,0,0,0,0
0,1,450687,0,0,0,0,11,0,15,17,9,0
1,1,450687,0,0,0,0,0,0,0,0,0,0
1,1,450688,9,9,9,9,9,9,9,9,9,9
1,1,450689,24,24,24,24,24,24,24,24,24,24
1,1,450690,0,0,0,0,0,0,0,0,0,0
2,1,450690,0,0,0,0,0,0,0,0,0,0
0,1,450691,16,16,16,16,16,16,16,16,16,16
1,1,450691,0,0,0,0,0,0,0,0,0,0
1,1,450692,11,13,10,10,7,14,26,18,20,12
1,1,450693,0,0,0,0,0,0,0,0,15,9
2,1,450693,0,0,0,0,0,0,0,0,0,0
1,1,450694,0,0,0,0,0,0,0,0,0,0
2,1,450694,0,0,0,0,0,0,0,0,0,0
0,1,450695,0,0,0,0,0,0,0,0,0,0
1,1,450695,12,0,0,0,16,0,23,0,18,4
1,1,450696,24,24,24,24,24,24,24,24,24,24
1,1,450697,22,39,25,15,29,13,32,19,36,18
1,1,450698,0,0,0,0,0,0,0,0,0,0
1,1,450699,24,24,24,24,24,24,24,24,24,24
1,1,450700,0,0,0,0,0,0,0,0,0,0
2,1,450700,0,0,0,0,0,0,0,0,0,0
1,1,450701,27,27,27,27,27,27,27,27,27,27
2,1,450701,0,5,17,11,0,0,0,0,12,3
1,1,450702,0,0,0,0,0,0,0,0,0,0
1,1,450703,0,0,0,0,0,0,0,0,0,0
0,1,450704,29,29,29,29,29,29,29,29,29,29
1,1,450704,0,0,10,19,9,0,8,0,0,0
1,1,450705,0,0,0,0,0,0,0,0,0,0
2,1,450705,0,5,0,0,5,0,0,0,0,0
1,1,450706,0,0,0,0,4,0,0,0,0,0
0,1,450707,0,23,19,0,0,0,29,0,0,20
1,1,450707,0,0,0,0,0,2,0,0,0,18
1,1,450708,0,0,0,0,0,0,0,0,0,0
2,1,450708,0,0,0,0,0,0,0,0,0,0
1,1,450709,0,0,0,0,0,0,0,0,0,0
2,1,450709,0,0,0,0,0,0,0,0,0,0
1,1,450710,5,5,5,5,5,5,5,5,5,5
2,1,450710,0,0,0,0,0,0,0,0,0,0
3,1,450710,0,10,0,0,0,0,0,0,0,0
1,1,450711,0,0,0,0,0,0,0,0,0,0