VEH_NO,PER_NO,ST_CASE,P1,P2,P3,P4,P5,P6,P7,P8,P9,P10
0,1,460031,9,9,9,9,9,9,9,9,9,9
1,1,460031,2,2,2,2,2,2,2,2,2,2
1,1,460032,0,0,0,0,0,0,0,0,0,0
1,1,460033,0,0,0,0,0,0,0,0,0,0
2,1,460033,0,0,0,0,0,0,0,0,0,0
1,1,460034,15,15,15,15,15,15,15,15,15,15
1,1,460035,0,0,0,0,0,0,0,0,0,0
2,1,460035,4,4,4,4,4,4,4,4,4,4
1,1,460036,12,12,12,12,12,12,12,12,12,12
1,1,460037,0,0,0,0,0,0,0,0,0,0
1,1,460038,0,0,0,0,0,0,0,0,0,0
1,1,460039,5,5,5,5,5,5,5,5,5,5
2,1,460039,0,0,0,0,0,0,0,0,0,0
1,1,460040,0,0,0,0,0,0,0,0,0,0
2,1,460040,0,0,0,0,0,0,0,0,0,0
1,1,460041,0,0,0,0,0,0,0,0,0,0
1,1,460042,20,20,20,20,20,20,20,20,20,20
1,1,460043,0,0,0,0,0,0,0,0,0,0
2,1,460043,0,0,0,0,0,0,0,0,0,0
1,1,460044,0,0,0,0,0,0,0,0,0,0
1,1,460045,14,14,14,14,14,14,14,14,14,14
1,1,460046,0,0,0,0,0,0,0,0,0,0
1,1,460047,0,0,0,0,0,0,0,0,0,0
1,1,460048,0,0,0,0,0,0,3,13,0,0
2,1,460048,0,0,0,0,0,0,0,0,0,0
1,1,460049,0,0,0,0,0,0,0,0,0,0
1,1,460050,0,0,0,0,0,0,0,0,0,0
1,1,460051,0,0,0,0,0,0,0,0,0,0
1,1,460052,0,0,0,0,0,13,0,0,0,0
2,1,460052,0,0,0,0,0,0,0,0,0,0
3,1,460052,0,0,0,0,0,0,0,0,0,0
4,1,460052,0,0,0,0,0,0,0,0,0,0
1,1,460053,0,0,0,0,0,0,0,0,0,0
2,1,460053,0,0,0,0,0,0,0,0,0,0
1,1,460054,0,0,0,0,0,0,0,0,0,0
2,1,460054,0,0,0,0,0,0,0,0,0,0
1,1,460055,9,17,15,15,16,0,24,12,4,23
1,1,460056,0,0,0,0,0,0,0,0,0,0
2,1,460056,0,0,0,0,0,0,0,0,0,0
3,1,460056,0,0,0,0,0,0,0,0,0,0
1,1,460057,24,24,24,24,24,24,24,24,24,24
2,1,460057,0,0,0,0,0,0,0,0,0,0
1,1,460058,28,28,28,28,28,28,28,28,28,28
1,1,460059,20,20,20,20,20,20,20,20,20,20
1,1,460060,0,0,0,0,0,0,0,0,0,0
1,1,460061,0,0,0,0,0,0,0,0,0,0
1,1,460062,0,0,0,0,0,0,0,0,0,0
1,1,460063,0,0,0,10,10,0,0,0,0,0
2,1,460063,0,0,0,0,0,0,0,0,0,0
1,1,460064,8,8,8,8,8,8,8,8,8,8
1,1,460065,0,0,0,0,0,0,0,0,0,0
1,1,460066,27,27,27,27,27,27,27,27,27,27
1,1,460067,6,6,6,6,6,6,6,6,6,6
1,1,460068,0,0,0,0,0,0,0,0,0,0
1,1,460069,0,0,0,0,0,0,0,0,0,0
1,1,460070,26,26,26,26,26,26,26,26,26,26
1,1,460071,0,0,19,0,0,0,0,0,0,0
1,1,460072,0,0,0,0,0,0,0,0,0,0
1,1,460073,0,0,0,0,0,0,0,0,0,0
1,1,460074,0,0,0,0,0,0,0,0,0,0
1,1,460075,12,12,12,12,12,12,12,12,12,12
1,1,460076,16,16,16,16,16,16,16,16,16,16
1,1,460077,33,33,33,33,33,33,33,33,33,33
1,1,460078,16,16,16,16,16,16,16,16,16,16
1,1,460079,11,11,11,11,11,11,11,11,11,11
1,1,460080,0,0,0,0,0,0,0,0,0,0
2,1,460080,0,0,0,0,0,0,0,0,0,0
1,1,460081,18,18,18,18,18,18,18,18,18,18
1,1,460082,0,0,0,0,0,0,0,0,0,0
1,1,460083,0,0,0,0,0,0,0,0,0,0
1,1,460084,0,0,0,0,0,0,0,0,0,0
1,1,460085,0,0,0,0,0,0,0,0,0,0
1,1,460086,0,0,0,0,0,0,0,0,0,0
2,1,460086,0,0,0,0,0,0,0,0,0,0
1,1,460087,0,0,0,0,0,0,0,0,0,0
2,1,460087,0,0,0,0,0,0,0,0,0,0
1,1,460088,2,2,2,2,2,2,2,2,2,2
2,1,460088,0,0,0,0,0,0,0,0,0,0
1,4,460089,0,25,0,24,5,12,0,10,0,23
1,1,460090,24,20,14,24,17,18,18,34,17,29
1,3,460091,0,0,8,0,25,0,0,0,0,0
1,1,460092,0,0,0,0,0,0,0,0,0,0
1,1,460093,24,24,24,24,24,24,24,24,24,24
1,1,460094,0,0,0,0,0,0,0,0,0,0
2,1,460094,24,24,24,24,24,24,24,24,24,24
1,1,460095,0,0,0,0,0,0,0,0,0,0
1,1,460096,0,0,0,0,0,0,0,0,0,0
2,1,460096,0,0,0,30,0,0,0,0,4,9
1,1,460097,0,0,0,0,0,0,0,0,0,0
2,1,460097,1,1,1,1,1,1,1,1,1,1
1,1,460098,0,0,0,0,0,0,0,0,0,0
2,1,460098,0,0,0,0,0,0,0,0,0,0
1,1,460099,20,20,20,20,20,20,20,20,20,20
1,1,460100,0,0,0,0,0,0,0,0,0,0
1,1,460101,0,0,0,0,0,0,0,0,0,0
1,1,460102,0,0,0,0,0,0,0,0,0,0
2,1,460102,0,0,0,0,0,0,0,0,0,0
1,1,460103,16,16,16,16,16,16,16,16,16,16
1,1,460104,0,0,0,0,0,0,0,0,0,0
2,1,460104,0,0,0,0,0,0,0,0,0,0
3,1,460104,0,0,0,0,0,0,0,0,0,0
0,1,460105,31,31,31,31,31,31,31,31,31,31
1,1,460105,0,0,0,0,0,0,0,0,0,0
1,1,460106,0,0,0,0,0,0,0,0,0,0
0,1,460107,0,0,0,0,0,0,0,0,0,0
1,1,460107,0,0,0,0,0,0,0,0,0,0
1,1,460108,0,0,0,0,0,0,0,0,0,0
2,1,460108,0,0,0,0,0,0,0,0,0,0
1,1,460109,9,9,9,9,9,9,9,9,9,9
1,1,460110,0,0,0,0,0,0,0,0,0,0
1,1,460111,28,28,28,28,28,28,28,28,28,28
1,1,460112,17,17,17,17,17,17,17,17,17,17
2,1,460112,19,0,0,0,8,0,0,0,0,0
0,1,460113,32,32,32,32,32,32,32,32,32,32
1,1,460113,0,0,0,0,0,0,0,0,0,0
1,1,460114,0,0,0,0,0,0,0,0,0,0
1,1,460115,0,0,0,0,0,0,0,0,0,0
2,1,460115,0,0,0,0,0,0,0,0,0,0
1,1,460116,30,30,30,30,30,30,30,30,30,30
1,1,460117,0,0,0,0,0,0,0,0,0,0
1,1,460118,20,20,20,20,20,20,20,20,20,20
1,1,460119,0,0,0,0,0,0,0,0,0,0
2,1,460119,0,0,9,0,0,0,0,12,0,0
1,1,460120,12,25,0,0,0,0,0,0,19,0
1,1,460121,22,22,22,22,22,22,22,22,22,22
0,1,460122,0,0,0,0,0,0,0,0,0,0
1,1,460122,0,0,0,0,0,0,0,0,0,0
1,1,460123,34,34,34,34,34,34,34,34,34,34
1,1,460124,22,22,22,22,22,22,22,22,22,22
1,1,460125,16,0,0,0,0,0,0,0,0,0
1,1,460126,0,0,0,0,0,0,0,0,0,0
2,1,460126,0,0,0,0,0,0,0,0,0,0
1,1,460127,0,0,0,0,0,0,0,0,0,0
1,1,460128,0,0,0,0,0,0,0,0,0,0
2,1,460128,0,0,0,0,0,0,0,0,0,0
2,1,460129,0,0,0,0,0,7,0,0,0,0
1,1,460130,29,25,0,14,14,22,19,23,19,5
1,1,470001,0,0,0,0,0,0,0,0,0,0
2,1,470001,0,0,0,0,0,0,0,0,0,0
1,1,470002,0,0,0,0,0,0,0,0,0,0
1,1,470003,0,0,0,0,0,0,0,0,0,0
1,1,470004,0,0,0,0,0,19,16,0,0,0
1,1,470005,0,0,0,0,0,0,0,0,0,0
2,1,470005,0,0,0,0,0,0,0,0,0,0
3,1,470005,0,0,0,0,0,0,0,0,0,0
1,1,470006,0,0,0,0,0,0,0,0,0,0
2,1,470006,0,0,0,0,0,0,0,0,0,0
1,1,470007,32,32,32,32,32,32,32,32,32,32
2,1,470007,0,0,0,0,0,0,0,0,0,0
1,1,470008,0,0,0,0,0,0,0,0,0,0
1,1,470009,0,0,0,0,0,0,0,0,0,0
1,1,470010,0,0,0,0,0,0,0,0,0,0
0,1,470011,0,0,0,0,0,0,16,0,0,0
0,2,470011,0,0,0,0,17,0,0,0,0,0
0,3,470011,0,0,0,0,0,0,0,0,0,0
1,1,470011,0,5,3,0,17,0,6,7,26,10
1,1,470012,4,4,4,4,4,4,4,4,4,4
1,1,470013,6,10,22,14,10,15,12,16,21,0
1,1,470014,13,13,13,13,13,13,13,13,13,13
1,1,470015,26,26,26,26,26,26,26,26,26,26
1,1,470016,0,0,14,0,0,0,0,0,0,0
2,1,470016,0,0,0,0,0,0,0,0,0,0
1,1,470017,16,15,10,19,17,12,11,4,21,16
1,1,470019,0,0,0,0,0,0,0,0,0,0
0,1,470020,34,34,34,34,34,34,34,34,34,34
1,1,470020,0,0,0,0,0,0,0,0,0,0
1,1,470021,0,0,0,0,0,0,0,0,0,0
1,1,470022,23,23,23,23,23,23,23,23,23,23
1,1,470023,0,20,0,0,0,0,8,0,0,0
1,1,470024,0,0,0,0,0,0,0,0,0,0
2,1,470024,0,0,0,0,0,0,0,0,0,0
1,1,470025,0,0,0,0,0,0,0,0,0,0
2,1,470025,0,0,0,0,0,0,0,0,0,0
1,1,470026,0,0,0,0,0,0,0,0,0,0
2,1,470026,0,0,0,0,0,0,0,0,0,0
1,1,470027,0,0,0,0,0,0,0,0,0,0
2,1,470027,6,6,6,6,6,6,6,6,6,6
1,1,470028,0,0,0,0,0,0,0,0,0,0
2,1,470028,29,29,29,29,29,29,29,29,29,29
1,1,470029,9,9,9,9,9,9,9,9,9,9
0,1,470030,0,0,0,0,0,0,0,0,0,0
1,1,470030,0,0,0,0,0,0,0,0,0,0
0,1,470031,7,7,7,7,7,7,7,7,7,7
1,1,470031,0,0,0,0,0,0,0,0,0,0
1,1,470032,0,0,0,0,0,0,0,0,0,0
1,1,470033,22,19,34,32,15,29,24,5,20,10
0,1,470034,0,0,0,0,0,0,0,0,0,0
1,1,470034,0,0,0,0,0,0,0,0,0,0
2,1,470034,0,0,0,0,3,0,0,0,0,0
1,1,470035,18,18,18,18,18,18,18,18,18,18
1,1,470036,0,0,0,0,0,0,0,0,0,0
1,1,470037,0,0,0,0,0,0,21,0,0,0
2,1,470037,0,0,0,0,0,0,0,0,0,0
1,1,470038,0,0,0,0,0,3,0,0,0,0
2,1,470038,0,0,0,0,0,0,0,0,0,0
0,1,470039,17,17,17,17,17,17,17,17,17,17
1,1,470039,0,0,0,0,0,0,0,0,0,0
1,1,470041,22,20,16,24,16,45,21,7,25,23
0,1,470042,0,0,0,0,0,0,0,0,0,0
1,1,470042,0,0,0,0,0,0,0,0,0,0
1,1,470043,20,23,22,13,0,26,0,8,19,12
1,1,470044,0,0,0,0,0,0,0,15,0,12
2,1,470044,0,0,0,0,0,0,0,0,0,0
1,1,470045,0,0,0,0,0,0,0,0,0,0
1,1,470046,0,0,0,0,0,0,0,6,0,0
2,1,470046,0,0,0,0,0,0,0,0,0,0
1,1,470047,0,0,23,0,0,0,0,0,0,0
1,1,470048,0,0,0,0,0,0,0,0,0,0
1,1,470049,15,15,15,15,15,15,15,15,15,15
0,1,470050,6,6,6,6,6,6,6,6,6,6
1,1,470050,0,0,0,0,0,0,0,0,0,0
1,1,470051,28,23,17,24,27,30,0,0,0,0
0,1,470052,5,5,5,5,5,5,5,5,5,5
1,1,470052,0,0,0,0,12,0,0,0,0,0
1,1,470053,0,0,0,0,0,0,0,0,0,0
2,1,470053,0,0,0,0,0,0,0,0,0,0
3,1,470053,0,0,0,0,7,0,0,0,0,0
1,1,470054,8,11,12,21,16,9,16,18,15,15
2,1,470054,0,0,6,0,0,0,0,0,0,0
3,1,470054,0,0,0,0,0,0,0,0,0,0
1,1,470055,0,0,0,0,0,0,0,0,0,0
0,1,470056,23,0,0,0,0,25,9,0,0,14
1,1,470056,0,0,0,0,0,0,0,0,0,0
1,1,470057,0,0,0,0,0,0,0,0,0,0
2,1,470057,0,0,0,0,0,0,0,0,0,0
1,1,470058,24,24,24,24,24,24,24,24,24,24
1,1,470059,26,26,26,26,26,26,26,26,26,26
1,1,470060,6,17,0,0,16,0,0,0,0,0
1,1,470061,29,29,29,29,29,29,29,29,29,29
2,1,470061,0,0,0,0,0,0,0,0,0,0
1,1,470062,0,0,0,0,0,0,0,0,0,0
2,1,470062,0,0,0,0,0,0,0,0,0,0
1,1,470063,0,0,0,0,0,0,0,0,0,0
2,1,470063,0,0,0,0,0,0,0,0,0,0
0,1,470064,30,0,22,21,0,0,0,0,0,9
1,1,470064,0,0,0,0,0,0,0,0,0,0
1,1,470065,0,0,0,0,0,0,0,0,0,0
1,1,470066,14,18,20,12,19,35,15,34,0,8
2,1,470066,0,0,6,0,0,0,0,0,0,0
1,1,470067,12,13,0,15,0,8,22,18,21,17
0,1,470068,15,44,12,29,39,26,0,26,46,10
1,1,470068,0,0,0,0,0,0,0,0,0,0
0,1,470069,0,0,0,0,0,0,0,0,0,0
1,1,470069,0,0,0,0,0,0,0,0,0,0
1,1,470070,0,0,0,0,0,0,0,0,0,0
1,1,470071,0,0,0,0,0,0,0,0,0,0
2,1,470071,0,0,0,0,0,0,0,0,0,0
1,1,470072,0,0,0,0,0,0,0,0,0,0
2,1,470072,0,0,0,0,0,0,0,0,0,0
3,1,470072,0,25,0,0,0,0,0,0,0,0
1,1,470073,0,0,0,0,12,0,0,0,13,0
2,1,470073,0,0,0,0,0,0,0,0,0,0
0,1,470074,0,0,0,26,0,16,0,0,0,0
1,1,470074,16,0,0,0,0,11,6,10,0,0
0,1,470075,0,0,0,0,0,17,0,0,0,0
1,1,470075,16,0,4,0,0,3,0,9,2,0
1,1,470076,8,8,8,8,8,8,8,8,8,8
1,1,470077,0,0,0,0,0,0,0,0,0,0
1,1,470078,15,15,15,15,15,15,15,15,15,15
1,1,470080,0,0,0,0,0,0,0,0,0,0
2,1,470080,0,0,0,0,0,0,0,0,0,0
1,1,470081,0,0,0,0,0,0,0,0,0,0
2,1,470081,0,0,0,0,0,0,0,0,0,0
1,1,470082,0,0,0,0,0,0,0,0,0,0
2,1,470082,0,0,0,0,0,0,0,0,0,0
1,1,470083,0,0,0,0,0,0,0,0,0,0
1,1,470084,0,0,0,0,0,0,0,0,0,0
2,1,470084,0,0,0,0,0,0,0,0,0,0
1,1,470085,0,0,0,0,0,0,0,0,0,0
2,1,470085,0,0,0,0,0,0,0,0,0,0
1,1,470086,0,0,0,0,0,0,0,0,0,0
2,1,470086,0,0,0,0,0,0,0,0,0,0
2,1,470087,23,23,23,23,23,23,23,23,23,23
1,1,470088,0,0,0,0,0,0,0,0,0,0
2,1,470088,0,0,0,0,0,0,0,0,0,0
1,1,470089,5,5,5,5,5,5,5,5,5,5
2,1,470089,0,0,0,0,0,0,0,0,0,0
1,1,470090,15,15,15,15,15,15,15,15,15,15
1,1,470091,19,19,19,19,19,19,19,19,19,19
1,1,470092,23,23,23,23,23,23,23,23,23,23
1,1,470093,0,0,0,0,0,0,0,0,0,0
2,1,470093,0,0,0,0,0,0,0,0,0,0
1,1,470094,17,17,17,17,17,17,17,17,17,17
1,1,470095,0,0,0,0,0,0,0,0,0,0
2,1,470095,0,0,0,0,0,0,0,0,0,0
1,1,470096,0,0,0,0,0,0,0,0,0,0
2,1,470096,0,0,0,0,0,0,0,0,0,0
0,1,470097,0,0,0,0,0,0,0,0,0,0
1,1,470097,0,0,0,0,0,0,0,0,0,0
1,1,470098,0,0,0,0,0,0,0,0,0,0
2,1,470098,0,0,0,0,0,0,0,0,0,0
1,1,470099,23,23,17,11,33,23,25,42,21,20
1,1,470100,6,12,10,19,0,19,18,24,20,9
2,1,470100,0,0,0,0,0,0,0,0,0,0
1,1,470101,19,20,19,19,18,21,33,6,9,5
2,1,470101,0,5,0,0,20,0,0,0,0,0
3,1,470101,0,0,0,0,0,0,0,0,0,0
1,1,470102,0,0,0,9,0,0,0,10,44,5
1,1,470103,0,0,0,0,0,0,0,0,0,0
1,1,470104,7,7,7,7,7,7,7,7,7,7
2,1,470104,0,0,0,0,0,0,0,0,0,0
1,1,470105,0,0,0,0,0,0,0,0,0,0
2,1,470105,0,0,0,0,0,0,0,0,0,0
3,1,470105,0,0,0,0,0,0,0,0,0,0
1,1,470106,13,13,13,13,13,13,13,13,13,13
1,1,470107,15,15,15,15,15,15,15,15,15,15
1,1,470108,16,4,0,31,25,0,0,33,16,23
2,1,470108,0,7,0,0,0,0,13,0,0,22
1,1,470109,12,12,12,12,12,12,12,12,12,12
1,1,470110,0,0,0,0,0,0,0,0,0,0
1,1,470111,0,0,0,0,0,0,0,0,0,0
2,1,470111,0,0,0,0,0,0,0,0,0,0
1,1,470113,0,0,0,0,0,0,0,0,0,0
2,1,470113,11,10,15,5,0,0,0,16,11,13
1,1,470114,0,0,0,8,0,0,0,9,0,0
1,1,470115,0,0,0,0,0,0,0,0,0,0
1,1,470116,24,24,24,24,24,24,24,24,24,24
1,1,470117,14,14,14,14,14,14,14,14,14,14
1,1,470118,0,0,0,0,0,0,0,0,0,0
1,1,470119,0,0,0,0,0,0,0,0,0,0
2,1,470119,6,0,0,0,4,8,0,9,20,0
1,1,470120,0,0,0,0,0,0,0,0,0,0
2,1,470120,0,7,0,0,0,0,0,0,0,0
1,1,470121,0,19,15,9,20,8,15,21,14,11
2,1,470121,0,0,21,0,0,16,12,0,0,13
1,1,470122,0,0,0,0,0,0,0,0,0,0
1,1,470123,0,0,0,0,0,0,0,0,0,0
1,1,470124,1,1,1,1,1,1,1,1,1,1
1,1,470125,0,0,0,0,0,0,0,0,0,0
2,1,470125,0,0,0,0,0,0,0,0,0,0
1,1,470126,0,0,25,23,0,22,0,0,0,32
1,1,470128,28,28,28,28,28,28,28,28,28,28
1,1,470129,23,23,23,23,23,23,23,23,23,23
0,1,470130,0,0,0,0,4,0,0,16,19,0
1,1,470130,0,0,0,0,0,0,0,0,0,0
1,1,470131,0,0,35,0,0,0,25,19,0,19
1,1,470132,0,0,17,0,18,0,21,25,0,0
1,1,470133,22,22,22,22,22,22,22,22,22,22
2,1,470133,0,0,0,0,0,0,0,0,0,0
3,1,470133,0,0,0,0,0,0,0,0,0,0
0,1,470134,0,0,0,0,0,0,0,0,0,0
1,1,470134,0,0,0,0,0,0,0,0,0,0
1,1,470135,0,0,0,0,0,0,0,0,0,0
2,1,470135,0,0,0,0,0,0,0,0,0,0
1,1,470136,0,0,0,0,0,0,0,0,0,0
2,1,470136,0,0,0,0,0,0,0,26,0,0
1,1,470137,16,10,21,13,0,0,17,0,0,26
1,1,470138,0,0,0,0,0,0,0,0,0,0
2,1,470138,0,9,14,15,0,0,22,0,0,31
3,1,470138,9,0,0,0,0,0,0,2,7,0
1,1,470139,32,33,37,10,3,33,39,33,14,11
2,1,470139,0,0,0,0,0,0,0,0,0,0
1,1,470140,0,0,0,0,0,0,0,8,0,22
1,1,470141,29,11,43,5,20,0,15,39,0,27
0,1,470142,0,0,0,0,30,0,29,19,14,9
1,1,470142,0,0,0,0,0,0,0,0,0,0
1,1,470143,0,0,0,17,0,0,0,6,0,24
2,1,470143,0,0,0,0,0,0,0,0,0,0
1,1,470144,25,0,0,0,0,0,0,0,0,0
2,1,470144,0,0,0,0,0,0,0,0,0,0
1,1,470145,0,0,0,0,0,0,0,0,0,0
1,1,470146,10,10,10,10,10,10,10,10,10,10
1,1,470147,0,0,0,0,0,0,0,0,0,0
2,1,470147,0,0,0,0,0,0,0,0,0,0
1,1,470148,0,0,0,0,0,0,0,0,0,0
1,1,470149,9,9,9,9,9,9,9,9,9,9
1,1,470150,0,0,0,0,0,0,0,0,0,0
2,1,470150,0,0,0,0,0,9,15,0,0,0
1,1,470151,0,0,0,0,0,0,0,0,0,0
1,1,470152,0,17,0,0,0,0,0,0,0,0
1,1,470153,0,0,0,0,0,0,0,0,0,0
2,1,470153,0,0,0,0,0,0,0,0,0,0
1,1,470154,0,0,0,0,0,0,0,0,0,0
2,1,470154,0,0,0,0,0,0,0,0,0,0
1,1,470155,5,5,5,5,5,5,5,5,5,5
1,1,470156,0,15,0,39,0,23,27,24,6,19
1,1,470157,14,0,0,8,12,0,0,0,0,0
1,1,470158,0,7,0,0,26,0,0,0,23,17
1,1,470159,0,0,0,0,0,0,0,0,0,0
1,1,470160,0,7,0,0,0,0,0,0,0,0
1,1,470161,11,0,0,9,11,0,0,0,0,0
2,1,470161,0,0,0,0,0,0,0,0,0,0
3,1,470161,0,0,0,0,0,0,0,0,0,0
1,1,470162,22,11,16,8,18,16,11,9,13,2
1,1,470163,0,0,0,0,0,0,0,0,0,0
1,1,470164,11,6,16,19,14,22,14,0,0,0
0,1,470165,0,0,0,0,0,0,0,0,0,0
1,1,470165,13,13,13,13,13,13,13,13,13,13
1,1,470166,33,13,0,13,0,0,0,16,0,0
0,1,470167,0,0,0,0,0,0,0,0,0,0
1,1,470167,0,0,0,0,0,0,0,0,0,0
1,1,470168,0,0,0,0,0,0,0,0,0,0
1,1,470169,0,0,0,0,0,0,0,0,0,1
1,1,470170,0,0,0,0,0,0,0,0,0,0
2,1,470170,0,0,0,0,0,0,0,0,0,0
3,1,470170,0,0,0,0,0,0,0,0,0,0
1,1,470171,0,0,0,0,0,0,0,0,0,0
1,1,470172,4,4,4,4,4,4,4,4,4,4
2,1,470172,0,0,0,0,18,0,0,22,0,0
1,1,470173,0,0,0,0,0,0,0,0,0,0
2,1,470173,0,0,0,0,0,0,0,0,0,0
1,1,470174,0,0,0,0,0,0,0,0,0,0
2,1,470174,0,0,0,0,0,0,0,0,0,0
1,1,470175,27,17,12,0,0,0,18,0,11,0
2,1,470175,0,0,0,0,0,0,0,0,0,0
1,1,470176,0,0,8,0,0,0,0,0,0,0
2,1,470176,0,0,0,0,0,0,0,0,0,0
0,1,470177,0,0,0,0,0,0,0,0,0,0
1,1,470177,0,0,0,0,0,0,0,0,0,0
1,1,470178,0,0,10,0,0,0,0,14,0,0
2,1,470178,0,0,0,0,0,0,0,0,0,0
3,1,470178,0,0,0,0,0,0,0,0,0,0
1,1,470179,0,0,0,0,0,0,0,0,0,0
2,1,470179,0,0,0,0,0,0,0,0,0,0
1,1,470180,0,0,0,0,0,0,0,0,0,0
2,1,470180,0,0,0,0,0,0,0,0,0,0
1,1,470181,0,0,0,0,0,0,0,0,0,0
2,1,470181,0,0,0,0,0,0,0,0,0,0
3,1,470181,0,0,0,0,0,0,0,0,0,0
1,1,470182,0,0,0,0,0,0,0,0,0,0
2,1,470182,0,0,0,0,0,0,0,0,0,0
1,1,470183,0,0,0,0,0,0,0,0,0,0
2,1,470183,0,0,0,0,0,0,0,0,0,0
1,1,470184,0,0,0,0,0,0,0,0,0,0
2,1,470184,0,0,0,0,0,0,0,0,0,0
1,1,470185,0,0,0,0,0,24,0,0,0,0
2,1,470185,0,0,0,0,0,0,0,0,0,0
3,1,470185,0,0,0,0,0,0,0,0,0,0
4,1,470185,0,0,0,0,0,0,0,0,0,0
5,1,470185,0,24,0,10,0,0,0,0,0,0
1,1,470186,0,0,0,0,0,0,0,0,0,0
1,1,470187,1,1,1,1,1,1,1,1,1,1
1,1,470188,17,16,0,0,9,0,34,15,0,0
1,1,470189,11,11,11,11,11,11,11,11,11,11
1,1,470190,0,0,0,0,0,0,0,0,0,0
1,1,470191,16,22,16,15,14,0,10,11,5,6
1,1,470192,28,28,28,28,28,28,28,28,28,28
1,1,470193,14,0,0,0,0,0,0,0,0,0
2,1,470193,0,0,0,0,0,0,0,0,0,0
1,1,470194,26,26,26,26,26,26,26,26,26,26
1,1,470195,42,0,11,0,0,15,21,12,0,0
1,1,470196,5,0,6,14,0,10,10,21,0,17
1,1,470197,0,0,0,0,0,0,0,0,0,0
2,1,470197,0,0,0,0,0,0,0,0,0,0
1,1,470198,0,0,0,0,0,0,0,0,0,0
2,1,470198,0,0,0,0,0,0,0,0,0,0
1,1,470199,12,12,12,12,12,12,12,12,12,12
1,1,470200,16,16,16,16,16,16,16,16,16,16
1,1,470201,12,12,12,12,12,12,12,12,12,12
1,1,470202,18,18,18,18,18,18,18,18,18,18
1,1,470203,15,15,15,15,15,15,15,15,15,15
1,1,470204,0,0,0,0,0,0,0,0,0,0
2,1,470204,0,0,0,0,0,0,0,0,0,0
1,1,470205,0,0,0,15,11,0,0,0,0,0
1,1,470206,0,0,0,0,0,0,0,0,0,0
2,1,470206,0,0,0,0,14,7,0,0,0,0
0,1,470207,0,0,20,0,11,0,0,0,0,0
1,1,470207,0,0,0,0,0,0,0,16,5,0
1,1,470208,0,0,0,0,0,0,23,0,0,10
1,1,470209,0,0,0,0,0,0,0,0,0,0
1,1,470210,14,18,13,10,31,14,9,13,18,17
1,1,470211,0,0,0,0,0,0,0,0,0,0
1,1,470212,0,0,0,0,0,0,0,0,0,0
1,1,470213,0,13,0,0,22,0,0,0,0,0
1,1,470214,0,0,0,0,0,0,0,0,0,0
1,1,470215,9,18,28,24,20,19,14,16,17,13
1,1,470216,0,26,18,18,0,0,30,19,0,23
2,1,470216,0,0,0,0,0,0,0,0,0,0
1,1,470217,0,0,0,0,0,0,0,0,0,0
2,1,470217,0,0,0,0,0,0,0,17,0,0
1,1,470218,28,28,28,28,28,28,28,28,28,28
1,1,470219,0,0,0,0,0,0,0,0,0,0
2,1,470219,28,28,28,28,28,28,28,28,28,28
3,1,470219,0,0,0,0,0,0,0,0,0,0
1,1,470220,13,13,13,13,13,13,13,13,13,13
1,1,470221,0,0,0,0,0,0,0,0,0,0
2,1,470221,0,0,0,0,0,0,0,0,0,0
1,1,470222,13,13,13,13,13,13,13,13,13,13
1,1,470223,9,9,9,9,9,9,9,9,9,9
1,1,470224,0,0,0,0,0,0,0,0,0,0
2,1,470224,0,0,0,0,0,0,0,0,0,0
1,1,470225,0,0,0,0,0,0,0,0,0,0
2,1,470225,0,0,0,0,0,0,0,0,0,0
1,1,470226,0,0,0,0,13,4,0,5,0,0
1,1,470227,0,10,0,0,0,0,0,0,0,30
1,1,470228,0,0,0,0,0,0,0,0,0,0
2,1,470228,0,0,0,0,0,0,0,0,1,0
1,1,470229,0,0,0,0,0,0,0,0,0,0
2,1,470229,0,0,0,0,0,0,0,0,0,0
1,1,470230,11,0,0,0,0,0,0,12,0,0
2,1,470230,0,0,0,0,0,0,0,0,0,0
1,1,470231,0,0,0,0,0,0,0,0,0,0
1,1,470232,0,0,0,0,0,0,0,0,0,0
2,1,470232,20,0,0,0,0,0,10,0,0,0
1,1,470233,0,26,0,0,21,0,17,0,0,0
1,1,470234,0,0,0,0,0,0,0,0,0,0
1,1,470235,0,0,0,0,0,0,0,0,0,0
2,1,470235,0,0,0,0,8,0,0,0,0,0
1,1,470236,41,10,6,36,21,41,29,14,12,8
1,1,470237,0,0,0,0,0,0,0,0,0,0
1,1,470238,0,10,4,0,12,0,0,0,0,12
1,1,470239,0,10,9,8,21,35,0,0,0,0
1,1,470240,0,0,0,0,0,0,0,0,0,0
2,1,470240,0,0,0,0,4,0,0,0,0,0
1,1,470241,0,0,0,0,0,0,0,0,0,0
2,1,470241,0,0,0,0,0,0,0,0,0,0
3,1,470241,0,0,0,0,0,0,0,0,0,0
1,1,470242,0,0,0,0,0,0,0,0,0,0
1,1,470243,12,12,12,12,12,12,12,12,12,12
1,1,470244,0,0,0,0,0,0,0,0,0,0
1,1,470245,26,26,26,26,26,26,26,26,26,26
1,1,470246,20,20,20,20,20,20,20,20,20,20
2,1,470246,0,0,0,0,0,0,0,0,0,0