VEH_NO,PER_NO,ST_CASE,P1,P2,P3,P4,P5,P6,P7,P8,P9,P10
1,1,470247,13,13,13,13,13,13,13,13,13,13
1,1,470248,0,0,0,0,0,0,0,0,0,0
2,1,470248,9,21,7,0,0,14,0,0,7,3
1,1,470249,23,0,0,16,0,0,16,0,19,0
2,1,470249,0,11,0,0,0,0,0,0,0,0
1,1,470250,10,9,12,19,20,26,37,28,25,24
1,1,470251,0,0,0,0,0,0,0,0,0,0
1,1,470252,0,0,0,0,0,0,0,0,0,0
1,1,470253,0,0,0,0,0,0,0,0,0,0
1,1,470254,0,0,0,0,0,0,0,0,0,0
2,1,470254,0,0,0,0,0,0,0,0,0,0
1,1,470255,18,18,18,18,18,18,18,18,18,18
1,1,470256,0,0,0,0,0,0,0,0,0,0
2,1,470256,0,0,0,0,0,0,0,0,0,0
1,1,470257,0,0,0,0,0,0,0,0,0,0
2,1,470257,0,0,0,0,0,0,0,0,0,0
1,1,470258,0,0,0,0,0,0,0,0,0,0
1,1,470259,0,0,0,0,0,0,0,0,0,0
2,1,470259,0,0,0,0,0,0,0,0,0,0
1,1,470260,0,0,0,0,0,0,0,0,0,0
2,1,470260,0,0,0,0,0,0,0,0,0,0
1,1,470261,0,0,0,0,0,0,0,0,0,0
0,1,470262,0,33,31,0,28,0,0,0,0,10
1,1,470262,0,0,0,0,0,0,0,0,0,0
1,1,470263,0,0,0,0,0,0,0,0,0,0
2,1,470263,0,0,0,0,0,0,0,0,0,0
1,1,470264,0,0,0,0,0,0,0,0,0,0
1,1,470265,6,16,0,0,30,0,0,30,8,19
2,1,470265,0,0,0,0,0,0,0,0,0,0
1,1,470266,16,0,0,0,0,0,0,0,0,0
1,1,470267,0,0,0,0,0,0,0,0,0,0
2,1,470267,0,0,0,0,0,0,0,0,0,0
1,1,470268,22,0,6,0,0,0,0,0,0,0
1,1,470269,0,0,0,0,0,0,0,0,0,0
1,1,470270,24,24,24,24,24,24,24,24,24,24
1,1,470271,16,32,0,11,0,0,0,12,5,8
1,1,470272,0,0,0,0,0,0,0,0,0,0
2,1,470272,0,0,0,0,0,0,0,0,0,0
3,1,470272,0,0,0,0,0,0,0,0,0,0
1,1,470273,0,0,0,0,0,0,0,0,0,0
1,1,470274,0,0,0,8,0,0,18,0,0,0
1,1,470275,0,0,0,0,0,0,0,0,0,0
1,1,470276,0,0,0,0,0,0,0,0,0,0
2,1,470276,0,0,0,0,0,0,0,0,0,0
1,1,470277,18,18,18,18,18,18,18,18,18,18
1,1,470279,0,0,17,19,10,0,8,0,9,16
2,1,470279,0,0,0,0,24,0,0,0,0,0
1,1,470280,24,0,0,0,10,6,0,0,0,4
0,1,470281,0,0,0,0,0,0,15,0,0,0
1,1,470281,0,0,0,0,0,0,0,0,0,0
1,1,470282,0,15,0,0,14,0,13,0,0,0
1,1,470283,0,0,0,20,0,0,0,0,0,0
1,1,470284,18,12,14,23,37,23,22,34,20,24
1,1,470285,25,21,18,17,8,14,23,22,13,21
1,1,470286,0,11,0,0,0,0,0,8,0,0
2,1,470286,0,0,17,0,0,0,0,22,0,0
1,1,470287,0,0,0,0,0,0,0,0,0,0
1,1,470288,0,0,0,0,0,0,0,0,0,0
1,1,470289,20,37,16,24,13,15,26,23,14,0
1,1,470290,7,7,0,0,9,11,0,0,8,0
1,1,470291,0,0,0,0,0,0,0,0,0,0
2,1,470291,0,0,0,0,0,0,0,0,0,0
1,1,470292,0,0,0,0,0,0,0,0,0,0
2,1,470292,0,0,0,0,0,0,0,0,0,0
1,1,470293,0,0,0,0,0,0,0,0,0,0
2,1,470293,0,0,0,0,0,0,6,0,0,0
1,1,470294,0,0,0,0,0,0,0,0,0,0
1,1,470295,16,22,33,6,29,12,7,29,11,23
1,1,470296,0,0,0,0,0,0,0,0,0,0
1,1,470297,29,29,29,29,29,29,29,29,29,29
2,1,470297,0,0,0,16,0,0,0,0,0,0
1,1,470298,4,0,0,3,0,0,8,0,0,0
2,1,470298,11,6,17,3,0,0,4,5,0,11
3,1,470298,0,0,0,0,0,0,0,5,0,0
4,1,470298,0,0,0,0,0,0,0,0,0,0
1,1,470299,0,0,0,0,20,0,0,10,0,7
1,1,470300,0,0,0,0,0,0,0,0,0,0
2,1,470300,0,6,0,0,0,0,0,0,3,0
0,1,470301,0,0,0,0,0,0,0,0,0,0
1,1,470301,0,0,0,0,0,0,0,0,0,0
1,1,470302,6,6,6,6,6,6,6,6,6,6
2,1,470302,0,0,0,0,0,0,0,0,0,0
1,1,470303,0,0,0,0,0,22,0,0,0,0
1,1,470304,10,0,0,10,27,21,10,0,0,0
1,1,470305,0,0,0,0,0,0,0,0,0,0
2,1,470305,0,0,0,0,0,0,0,0,0,0
1,1,470306,10,10,10,10,10,10,10,10,10,10
2,1,470306,0,0,0,0,0,0,0,0,0,0
1,1,470307,33,33,33,33,33,33,33,33,33,33
2,1,470307,0,0,0,0,0,0,0,0,0,0
0,1,470308,13,13,13,13,13,13,13,13,13,13
1,1,470308,0,0,0,0,0,0,0,0,0,0
0,1,470309,0,0,0,0,0,0,0,0,30,0
1,1,470309,8,0,0,0,0,0,0,0,0,0
1,1,470310,10,10,10,10,10,10,10,10,10,10
1,1,470311,0,0,0,0,8,0,0,16,0,0
1,1,470312,11,17,7,26,13,21,33,9,11,10
1,1,470313,33,33,33,33,33,33,33,33,33,33
1,1,470314,22,18,0,0,0,22,4,0,0,0
2,1,470314,0,5,16,0,3,0,0,4,0,0
1,1,470315,0,15,0,0,18,0,0,16,0,14
2,1,470315,0,0,0,0,0,0,0,0,0,0
1,1,470316,0,0,0,0,0,0,0,0,0,0
2,1,470316,0,0,0,0,0,0,0,0,0,0
1,1,470317,1,1,1,1,1,1,1,1,1,1
1,1,470318,0,0,0,0,0,0,0,0,0,19
2,1,470318,6,0,0,0,0,0,3,0,0,11
1,1,470319,0,0,0,0,0,0,0,0,0,0
1,1,470320,0,0,0,0,0,13,0,0,0,7
2,1,470320,0,12,0,0,0,0,0,0,0,0
1,1,470321,0,0,0,10,0,10,0,20,0,0
1,1,470322,0,0,0,20,10,0,0,0,0,0
2,1,470322,9,31,11,9,7,15,4,10,0,14
1,1,470323,0,0,0,0,0,0,0,0,0,0
2,1,470323,0,0,0,0,0,0,0,0,0,0
1,1,470324,0,0,0,16,15,11,18,26,0,0
1,1,470325,10,23,13,4,17,3,11,24,0,0
1,1,470326,18,0,14,27,0,23,17,7,12,25
1,1,470327,0,0,0,0,0,0,0,0,0,0
2,1,470327,0,0,0,0,0,0,0,0,0,0
3,1,470327,0,0,0,0,0,0,0,0,0,0
1,1,470328,0,0,0,0,0,0,0,0,0,0
2,1,470328,0,4,0,0,0,0,0,10,0,0
1,1,470329,23,0,0,0,24,0,0,6,30,0
1,1,470330,25,25,25,25,25,25,25,25,25,25
2,1,470330,0,0,9,19,0,0,0,0,0,0
1,1,470331,0,0,0,0,0,0,0,0,0,0
2,1,470331,0,0,0,0,0,0,0,0,0,0
1,1,470332,12,0,16,32,18,22,6,21,13,13
2,1,470332,41,0,0,0,0,0,22,0,17,14
1,1,470333,0,14,0,0,11,0,0,0,0,0
2,1,470333,0,0,0,0,0,0,0,0,0,0
1,1,470334,0,0,0,0,0,7,0,0,0,0
2,1,470334,0,0,0,0,0,0,0,0,0,0
3,1,470334,0,0,0,0,0,0,0,0,0,0
1,1,470335,14,10,16,0,0,17,10,21,15,16
1,1,470336,7,15,8,8,20,10,18,11,21,4
1,1,470337,0,13,17,0,33,0,0,0,12,21
1,1,470338,0,0,24,3,0,0,14,0,0,0
1,1,470339,25,15,19,24,26,19,11,0,17,27
1,1,470340,0,0,0,0,0,12,6,0,18,9
2,1,470340,0,0,0,0,0,0,0,0,0,0
1,1,470341,0,0,0,0,0,14,0,0,0,0
0,1,470342,4,0,0,17,11,0,0,0,0,0
1,1,470342,18,0,0,14,22,10,21,15,16,0
1,1,470343,0,0,0,0,0,0,0,0,0,0
2,1,470343,0,0,0,0,0,0,0,0,0,0
1,1,470344,0,0,0,0,0,0,0,0,0,0
2,1,470344,0,0,0,0,0,0,0,0,0,0
1,1,470345,0,0,0,0,13,0,0,0,0,0
2,1,470345,0,0,0,0,0,0,0,0,0,0
1,1,470346,24,30,26,29,36,17,20,19,15,20
1,1,470347,0,0,0,0,0,10,6,19,0,16
1,1,470348,0,0,0,0,0,0,0,0,0,0
1,1,470349,0,0,0,0,0,0,0,0,0,0
2,1,470349,0,0,0,0,0,0,0,0,0,0
1,1,470350,0,0,0,0,0,4,0,0,0,0
1,1,470351,15,15,15,15,15,15,15,15,15,15
1,1,470352,0,0,0,0,0,0,0,0,0,0
1,1,470353,0,0,0,0,0,0,0,0,0,0
1,1,470354,0,0,0,0,0,0,0,0,0,0
1,1,470355,0,0,0,12,0,0,0,0,0,0
1,1,470356,0,14,0,0,4,6,6,8,0,14
1,1,470357,0,0,7,0,0,0,0,0,0,0
1,1,470358,0,3,0,15,0,0,0,0,0,0
2,1,470358,0,0,0,0,0,7,0,5,0,0
1,1,470359,0,0,0,0,0,0,0,0,0,0
2,1,470359,0,0,0,0,0,0,0,0,0,0
3,1,470359,0,0,0,0,0,0,0,0,0,0
1,1,470360,0,0,0,0,0,0,0,0,0,0
2,1,470360,0,0,0,0,0,0,0,0,0,7
1,1,470361,12,22,9,17,7,9,29,13,30,17
1,1,470362,8,7,4,23,9,13,0,22,14,11
1,1,470363,0,0,5,3,12,14,0,16,18,29
1,1,470364,5,7,13,22,21,10,35,18,23,37
0,1,470365,13,13,13,13,13,13,13,13,13,13
1,1,470365,0,0,0,0,5,7,0,6,9,0
1,1,470366,0,0,0,0,0,0,0,0,0,0
2,1,470366,0,0,0,0,0,0,0,0,0,0
1,1,470367,22,13,23,22,15,10,19,43,10,12
1,1,470368,18,4,12,10,21,4,16,0,8,15
2,1,470368,17,17,17,17,17,17,17,17,17,17
1,1,470369,0,0,0,0,0,0,0,0,0,0
1,1,470370,8,0,0,0,0,0,0,0,0,0
1,1,470371,0,0,0,0,0,0,0,0,0,0
2,1,470371,0,0,0,0,0,0,0,0,0,0
1,1,470372,18,8,17,25,23,22,16,17,20,12
1,1,470373,14,0,0,0,0,0,0,0,0,0
2,1,470373,0,0,0,0,0,0,0,0,0,0
1,1,470374,0,0,0,0,0,0,0,0,0,0
2,1,470374,0,14,0,0,0,0,9,0,0,0
1,1,470375,21,19,36,24,7,34,45,10,9,18
1,1,470376,0,0,0,0,0,0,0,0,0,0
2,1,470376,0,0,21,0,0,0,0,0,0,0
1,1,470377,0,0,0,44,0,0,0,2,12,0
1,1,470378,0,0,0,0,0,0,0,0,0,0
2,1,470378,0,0,0,0,0,0,0,0,0,0
1,1,470379,0,0,0,0,0,0,0,0,0,0
1,1,470380,23,28,24,7,18,26,34,19,17,4
1,1,470381,19,0,3,24,0,0,19,13,0,7
1,1,470382,0,0,0,0,19,0,0,0,11,0
2,1,470382,0,0,0,0,2,0,0,0,0,0
3,1,470382,0,0,0,0,0,0,0,0,0,0
4,1,470382,0,0,0,0,0,0,0,0,0,0
1,1,470383,0,0,0,0,0,0,0,0,0,0
2,1,470383,0,0,0,0,0,0,0,0,0,0
1,1,470384,0,23,0,0,0,0,27,10,0,0
0,1,470385,6,0,0,0,0,0,14,0,0,44
1,1,470385,0,0,0,0,0,0,0,0,0,0
2,1,470385,0,0,10,0,0,0,0,0,0,0
1,1,470386,0,0,0,0,0,0,0,0,0,0
2,1,470386,0,0,0,0,0,0,0,0,0,0
0,1,470387,0,0,4,0,0,0,0,0,13,0
1,1,470387,21,0,9,6,14,0,0,0,0,12
1,1,470388,0,0,0,0,0,0,0,0,0,0
2,1,470388,0,0,0,0,0,13,0,0,0,0
1,1,470389,14,20,13,6,8,15,6,15,11,26
2,1,470389,0,0,0,0,0,0,0,0,0,0
1,1,470390,0,0,0,0,0,0,0,0,0,0
2,1,470390,0,0,0,0,0,0,0,0,0,0
1,1,470391,0,0,0,0,0,0,0,0,0,0
2,1,470391,10,10,10,10,10,10,10,10,10,10
1,1,470392,11,0,0,0,0,0,0,0,0,16
2,1,470392,0,0,0,0,0,0,0,0,5,0
1,1,470393,0,0,3,0,0,0,0,12,0,0
1,1,470394,0,0,0,0,0,0,0,0,0,0
1,1,470395,0,0,0,0,0,0,0,0,0,12
2,1,470395,0,0,0,0,0,0,0,0,0,0
1,1,470396,12,12,12,12,12,12,12,12,12,12
1,1,470397,28,28,28,28,28,28,28,28,28,28
1,1,470398,17,0,8,13,19,8,21,24,25,31
1,1,470399,7,14,17,0,17,14,25,21,3,0
1,1,470400,14,14,14,14,14,14,14,14,14,14
1,1,470401,0,0,0,0,0,0,0,0,0,0
2,1,470401,0,0,0,0,0,0,0,0,0,0
1,1,470402,0,0,0,0,0,0,0,0,0,0
2,1,470402,0,0,0,0,11,0,0,0,0,22
3,1,470402,0,0,0,0,0,0,0,0,0,0
4,1,470402,0,0,0,0,0,0,0,0,0,0
0,1,470403,0,0,0,0,0,0,0,0,0,0
1,1,470403,0,0,0,0,0,0,0,0,0,0
0,1,470404,0,0,0,26,0,0,0,0,0,0
1,1,470404,0,0,0,0,0,0,0,0,0,0
1,1,470405,0,0,0,15,0,0,8,0,0,0
1,1,470408,20,3,0,15,0,15,0,0,0,26
1,1,470409,18,9,24,13,15,0,16,19,5,5
1,1,470410,4,15,9,8,0,14,9,13,25,6
1,1,470411,17,17,17,17,17,17,17,17,17,17
1,1,470412,20,20,20,20,20,20,20,20,20,20
2,1,470412,26,22,23,13,16,8,8,11,10,21
1,1,470413,0,0,0,0,0,0,0,0,0,0
2,1,470413,0,0,0,0,0,0,0,0,0,0
1,1,470414,0,0,37,0,0,0,0,0,0,0
2,1,470414,0,0,0,0,0,0,0,0,0,0
3,1,470414,0,0,0,0,0,0,0,0,0,0
1,1,470415,0,0,0,0,0,12,0,0,0,0
1,1,470416,0,0,0,0,0,0,0,0,0,0
2,1,470416,0,0,0,0,0,0,0,0,0,0
0,1,470417,39,22,34,31,4,18,27,27,30,31
1,1,470417,0,0,14,0,0,0,0,0,0,0
1,1,470418,23,23,23,23,23,23,23,23,23,23
1,1,470419,22,21,17,23,22,17,13,24,15,0
1,1,470420,0,0,0,23,0,0,0,0,0,0
1,1,470421,24,24,24,24,24,24,24,24,24,24
1,1,470422,0,0,0,0,0,0,0,0,0,0
2,1,470422,0,0,0,0,9,0,0,0,0,0
1,1,470423,0,0,0,0,0,0,0,0,0,0
2,1,470423,0,0,0,0,0,0,0,10,0,0
1,1,470424,0,0,13,0,0,22,0,0,19,0
1,1,470425,9,9,9,9,9,9,9,9,9,9
1,1,470426,3,0,13,0,0,0,0,0,0,0
2,1,470426,1,1,1,1,1,1,1,1,1,1
1,1,470427,0,0,0,0,0,0,0,0,0,0
2,1,470427,0,0,0,0,0,0,0,0,0,0
1,1,470428,0,0,0,0,0,0,0,0,0,0
2,1,470428,0,0,0,0,0,0,0,0,0,0
0,1,470429,0,0,0,0,0,0,0,0,0,0
1,1,470429,17,0,0,0,0,0,0,0,3,0
1,1,470430,0,2,0,22,0,2,0,18,16,6
1,1,470431,0,0,0,0,0,0,0,0,0,0
1,1,470432,0,0,0,2,0,0,21,8,0,0
2,1,470432,0,0,0,0,0,0,0,0,0,0
1,1,470433,0,0,0,0,0,0,0,0,0,0
2,1,470433,0,0,0,0,0,0,0,0,0,0
1,1,470434,22,22,22,22,22,22,22,22,22,22
2,1,470434,0,0,0,0,0,0,0,0,0,0
1,1,470435,0,0,0,0,0,0,0,0,0,0
1,1,470436,0,10,7,0,0,0,0,0,0,0
2,1,470436,0,19,0,0,0,0,0,0,14,0
1,1,470437,0,0,0,0,0,0,0,0,0,0
2,1,470437,0,0,0,0,0,0,14,0,0,0
1,1,470438,19,11,22,24,28,20,16,20,4,8
1,1,470439,0,0,34,15,0,26,7,19,12,19
2,1,470439,0,0,0,0,0,0,0,0,0,0
1,1,470440,0,0,13,26,9,0,0,20,25,0
1,1,470441,16,16,16,16,16,16,16,16,16,16
1,1,470442,15,24,18,37,19,10,32,0,19,0
1,1,470443,24,24,24,24,24,24,24,24,24,24
1,1,470444,9,9,9,9,9,9,9,9,9,9
1,1,470445,0,0,0,0,0,0,0,0,0,0
2,1,470445,0,0,0,0,0,0,0,0,0,0
1,1,470446,0,0,0,0,0,0,0,0,0,0
1,1,470447,0,0,0,0,0,0,0,0,0,0
1,1,470448,0,0,0,0,0,0,0,0,0,11
2,1,470448,0,0,0,0,0,0,0,0,0,0
1,1,470449,16,5,13,0,25,8,17,7,20,15
2,1,470449,0,0,6,0,10,17,0,0,11,21
1,1,470450,0,0,0,0,0,0,0,0,0,0
1,1,470451,0,0,8,0,0,0,9,0,0,0
1,1,470452,0,0,0,0,0,0,0,0,0,0
1,1,470453,0,0,0,16,0,0,0,10,0,0
1,1,470454,0,0,0,0,0,0,0,0,0,0
1,1,470455,0,0,0,0,0,0,0,0,0,0
1,1,470456,0,0,0,0,0,0,0,0,0,0
2,1,470456,0,0,0,0,0,0,0,0,0,0
1,1,470457,0,0,0,0,0,0,0,0,0,0
2,1,470457,0,0,0,0,0,0,0,0,0,0
3,1,470457,0,0,0,0,0,0,0,0,0,0
4,1,470457,0,0,0,0,0,0,0,0,0,0
1,1,470458,0,0,0,0,0,0,0,0,0,0
2,1,470458,0,0,0,0,0,0,0,0,0,0
1,1,470459,0,0,0,0,0,0,0,0,0,0
1,1,470460,0,0,0,0,0,0,0,0,0,0
1,1,470461,23,10,19,12,20,16,26,12,7,0
1,1,470462,0,0,0,0,0,0,0,0,0,0
1,1,470463,0,0,0,0,0,0,0,0,0,0
2,1,470463,5,9,6,16,0,15,36,13,17,0
1,1,470464,15,0,0,0,17,0,25,0,0,0
1,1,470465,0,0,0,0,0,0,0,0,0,0
2,1,470465,4,0,0,0,0,0,0,0,0,0
3,1,470465,0,0,0,0,0,0,0,0,0,0
1,1,470466,0,0,0,0,0,0,0,0,0,0
2,1,470466,0,0,0,0,0,0,0,0,0,0
1,1,470467,0,28,0,1,0,0,0,0,16,0
1,1,470468,0,0,0,0,0,0,0,0,0,0
2,1,470468,0,0,0,0,0,0,0,0,0,0
1,1,470469,0,0,0,0,0,0,0,0,0,0
2,1,470469,0,0,0,0,0,0,0,0,0,0
1,1,470470,0,0,0,0,0,0,10,0,0,9
1,1,470471,0,0,13,0,0,0,0,0,0,0
1,1,470472,0,0,0,0,0,0,0,0,0,0
2,1,470472,0,0,0,0,0,0,0,0,0,0
1,1,470473,7,7,7,7,7,7,7,7,7,7
1,1,470474,0,8,0,4,0,0,0,0,0,0
1,1,470475,0,0,0,0,0,0,0,0,0,0
1,1,470476,9,35,30,28,23,17,0,24,13,18
1,1,470477,0,21,0,38,25,0,25,18,0,0
1,1,470478,11,25,0,13,0,0,0,0,0,13
1,1,470479,0,0,0,0,0,0,0,0,0,0
1,1,470480,14,14,14,14,14,14,14,14,14,14
1,1,470481,18,6,0,15,0,0,3,0,10,0
1,1,470482,22,12,24,25,19,11,14,0,15,21
1,1,470483,0,0,0,0,0,0,0,0,0,0
1,1,470484,0,16,0,0,0,0,0,12,0,0
1,1,470485,21,21,21,21,21,21,21,21,21,21
2,1,470485,0,0,0,0,0,0,0,0,0,0
3,1,470485,0,0,0,0,0,0,0,0,0,0
1,1,470486,18,18,18,18,18,18,18,18,18,18
2,1,470486,0,0,0,0,0,0,0,0,0,0
1,1,470487,0,18,0,0,0,0,0,0,0,0
1,1,470488,0,0,0,0,0,0,0,0,0,0
1,1,470489,0,0,8,0,26,0,0,16,10,17
1,1,470490,0,0,0,0,0,0,0,0,0,0
2,1,470490,0,0,0,0,0,0,0,0,0,0
1,1,470491,5,0,2,0,17,0,0,0,6,27
2,1,470491,8,7,5,6,5,6,0,17,5,4
3,1,470491,0,0,0,0,0,0,0,0,0,0
1,1,470492,15,15,15,15,15,15,15,15,15,15
2,1,470492,0,0,0,20,0,2,0,0,0,0
1,1,470493,36,8,17,0,9,33,22,14,0,16
1,1,470494,0,0,0,0,0,0,0,0,0,0
2,1,470494,0,0,0,0,0,16,2,0,0,0
1,1,470495,0,21,19,23,14,16,0,19,21,15
1,1,470496,0,0,0,0,0,0,0,0,0,0
2,1,470496,0,0,0,17,0,0,0,0,0,0
1,1,470497,5,25,20,27,11,23,9,12,2,17
1,1,470498,0,0,0,0,0,0,0,0,0,0
2,1,470498,0,0,0,0,0,0,0,0,0,0
1,1,470499,0,26,12,18,10,18,23,22,0,0
1,1,470500,0,0,0,0,0,0,0,0,0,0
2,1,470500,19,19,19,19,19,19,19,19,19,19
1,1,470501,0,0,0,0,0,0,0,0,0,0
1,1,470502,0,0,0,0,0,0,0,0,0,0
1,1,470503,0,0,0,0,0,0,0,0,0,0
2,1,470503,10,10,10,10,10,10,10,10,10,10
1,1,470504,17,17,17,17,17,17,17,17,17,17
1,1,470505,20,20,20,20,20,20,20,20,20,20
1,1,470506,0,29,0,12,25,0,22,0,23,0
1,1,470507,0,0,0,0,13,0,0,20,0,0
1,1,470508,0,0,0,0,0,0,0,0,0,0
1,1,470509,6,11,0,0,0,0,0,0,0,17
1,1,470510,0,0,0,0,0,0,0,0,0,0
2,1,470510,0,0,0,0,0,0,0,0,0,0
3,1,470510,0,0,0,0,0,9,0,0,0,0
1,1,470511,29,24,13,29,19,5,22,29,23,24
1,1,470512,0,0,0,0,0,0,0,0,0,20
1,1,470513,0,0,0,0,0,0,0,0,0,0
2,1,470513,0,0,0,0,0,0,0,0,0,0
1,1,470514,0,0,0,0,0,0,0,0,0,0
1,1,470515,0,0,0,0,0,0,0,0,0,0
2,1,470515,0,0,0,0,0,0,0,0,0,0
1,1,470516,0,0,0,0,0,0,0,0,0,0
2,1,470516,0,0,0,0,0,0,0,0,0,0
1,1,470517,0,0,0,0,0,0,0,0,0,0
2,1,470517,0,0,0,0,0,0,0,0,0,0
1,1,470518,0,0,0,0,0,0,0,0,0,0
1,1,470519,0,0,0,13,0,0,0,0,0,0
2,1,470519,0,0,0,0,0,0,0,0,0,0
3,1,470519,0,0,0,0,0,0,0,0,0,0
1,1,470520,0,0,0,0,0,0,2,0,0,0
1,1,470521,0,0,0,0,0,0,0,0,0,0
2,1,470521,0,0,0,0,0,0,0,0,0,0
3,1,470521,0,0,0,0,0,0,0,0,0,0
0,1,470522,39,20,0,17,8,0,32,18,17,17
1,1,470522,19,14,0,0,0,0,0,0,0,0
0,1,470523,0,0,0,0,0,0,0,0,0,20
0,2,470523,0,0,0,0,0,0,0,0,0,0
0,3,470523,0,0,0,0,0,0,0,0,5,0
2,1,470523,0,0,0,0,0,0,0,0,0,0
0,1,470524,0,0,0,0,0,0,0,0,0,0
1,1,470524,0,0,0,0,0,0,0,0,0,0
1,1,470525,0,0,0,0,0,0,0,0,0,0
2,1,470525,0,0,0,0,0,0,0,0,0,0
1,1,470526,0,0,0,0,0,0,0,0,0,0
2,1,470526,0,0,0,0,0,0,0,0,0,0
1,1,470527,0,0,0,0,0,0,0,0,0,0
2,1,470527,0,0,0,0,14,0,0,0,0,0
3,1,470527,0,0,0,0,0,0,0,0,0,0
1,1,470528,0,11,0,14,17,0,0,0,14,24
1,1,470529,0,0,0,0,0,0,0,0,0,0
2,1,470529,0,0,0,0,0,0,0,0,0,0
1,1,470530,31,11,13,18,22,27,18,18,28,27
1,1,470531,0,0,10,0,0,0,0,0,0,0
2,1,470531,0,0,0,0,0,0,0,0,0,0
0,1,470533,30,16,21,0,9,34,16,24,4,0
1,1,470533,0,0,0,0,0,0,0,0,0,0
1,1,470534,0,0,0,0,0,0,0,0,0,0
2,1,470534,0,0,0,0,0,0,0,0,0,0
1,1,470535,0,0,0,12,0,0,7,0,0,0
1,1,470536,0,0,0,0,0,0,0,0,0,0
1,1,470537,0,0,0,0,0,0,0,0,0,15
2,1,470537,0,0,0,0,0,0,10,0,0,0
1,1,470538,27,26,0,9,7,35,0,0,28,11
1,1,470539,4,4,4,4,4,4,4,4,4,4
2,1,470539,0,0,0,0,0,0,0,0,0,0
1,1,470540,20,8,12,17,15,16,14,0,5,8
1,1,470541,0,0,0,0,0,0,0,0,0,0
2,1,470541,0,0,0,0,0,0,0,5,0,0
1,1,470542,8,0,16,0,9,0,0,0,0,0
1,1,470543,0,0,0,0,0,0,0,0,0,0
2,1,470543,0,0,0,0,0,0,0,0,0,0
1,1,470544,0,0,0,0,0,0,0,0,0,0
2,1,470544,0,0,0,0,0,0,0,0,0,0
3,1,470544,0,0,0,0,0,0,0,0,0,0
1,1,470545,0,0,0,0,0,0,9,0,0,24
0,1,470546,24,0,12,14,17,0,24,29,24,22
1,1,470546,0,0,0,0,0,0,0,0,0,0
1,1,470547,0,0,0,0,0,0,0,0,0,0
2,1,470547,0,0,0,0,0,0,0,0,0,0
1,1,470548,0,0,0,0,0,0,25,0,0,0
2,1,470548,0,0,0,0,0,0,0,0,0,0
1,1,470549,0,0,0,0,0,0,0,0,0,0
2,1,470549,0,0,0,0,0,0,0,0,0,0
1,1,470550,0,0,0,0,0,0,0,0,0,0
2,1,470550,18,0,0,0,0,0,6,0,0,0
3,1,470550,0,0,0,0,0,0,0,0,0,0
1,1,470551,0,0,0,0,0,0,0,0,0,0
2,1,470551,0,0,0,19,0,12,10,4,0,0
1,1,470552,0,0,0,0,0,0,0,0,0,0
2,1,470552,0,0,0,0,0,0,0,0,0,0
1,1,470553,0,0,0,0,0,0,0,0,0,0
2,1,470553,0,3,17,0,0,0,0,0,0,0
1,1,470554,0,0,0,0,0,0,0,0,17,0
1,1,470555,0,0,0,0,0,0,0,0,0,0
2,1,470555,0,0,13,0,0,0,16,0,0,0
1,1,470556,0,0,4,0,0,0,0,0,0,0
1,1,470557,0,0,0,0,0,0,0,0,0,0
2,1,470557,0,0,0,0,0,0,0,0,14,0
1,1,470558,0,0,0,0,0,0,0,0,0,0
2,1,470558,0,0,0,0,9,0,0,0,0,0
1,1,470559,22,10,14,15,18,18,0,2,0,43
1,1,470560,0,0,0,0,0,0,0,0,0,0
2,1,470560,0,0,0,0,0,0,0,0,0,0
1,1,470561,23,47,26,25,21,15,26,10,28,36
1,1,470562,0,0,0,0,0,0,0,0,0,0
2,1,470562,0,0,0,0,5,0,0,0,0,0
1,1,470563,0,0,0,0,0,0,0,0,0,0
2,1,470563,0,0,0,0,0,0,0,0,0,0
1,1,470564,0,0,0,0,0,0,0,0,0,0
2,1,470564,16,17,4,0,5,9,2,14,6,0
1,1,470565,0,0,0,0,10,0,25,0,0,25
1,1,470567,31,27,24,0,20,39,0,15,12,19
1,1,470568,0,0,0,0,0,0,0,0,0,0
2,1,470568,0,0,0,0,0,0,0,0,0,0
1,1,470569,0,0,0,0,0,0,0,0,0,0
2,1,470569,0,0,0,0,0,0,0,0,0,0
1,1,470570,19,19,19,19,19,19,19,19,19,19
1,1,470571,3,3,3,3,3,3,3,3,3,3
1,1,470572,25,25,25,25,25,25,25,25,25,25
1,1,470573,0,0,0,0,0,0,0,0,0,0
2,1,470573,0,0,0,0,0,0,0,0,0,0
1,1,470574,9,9,9,9,9,9,9,9,9,9
1,1,470575,0,0,0,0,0,0,28,0,0,0
2,1,470575,0,0,0,0,0,0,0,0,0,0
1,1,470576,16,16,16,16,16,16,16,16,16,16
2,1,470576,0,0,0,0,0,0,0,0,0,0
1,1,470577,0,0,0,0,0,0,0,0,0,0
1,1,470578,0,16,0,0,29,0,0,5,0,11
1,1,470579,0,0,0,0,0,0,0,0,0,0
1,1,470580,0,0,0,7,0,0,0,0,0,0
2,1,470580,0,0,0,0,0,0,0,0,0,0
3,1,470580,0,0,0,0,0,0,0,0,0,0
1,1,470581,0,0,0,0,0,0,0,0,0,0
2,1,470581,0,0,0,0,0,0,0,0,0,0
0,1,470582,24,24,24,24,24,24,24,24,24,24