VEH_NO,PER_NO,ST_CASE,P1,P2,P3,P4,P5,P6,P7,P8,P9,P10
1,1,470582,0,0,0,22,10,0,0,0,0,0
1,1,470583,11,10,11,15,18,22,23,21,30,21
2,1,470583,0,0,30,12,20,20,0,0,0,12
1,1,470584,14,0,6,0,0,0,9,17,19,6
1,1,470585,10,0,17,14,24,11,21,14,23,0
0,1,470586,24,15,12,0,12,21,0,27,50,9
1,1,470586,0,0,0,0,0,0,0,0,0,0
0,1,470587,16,0,0,0,9,0,29,0,0,23
1,1,470587,0,20,0,0,0,0,0,20,0,0
1,1,470588,0,0,0,0,0,0,0,0,0,0
2,1,470588,5,0,0,14,0,0,0,0,0,0
3,1,470588,0,0,0,0,0,0,0,0,0,0
1,1,470589,8,6,0,0,0,0,0,0,0,0
0,1,470590,0,0,0,0,0,0,0,0,0,0
1,1,470590,0,0,0,0,0,0,0,0,0,0
1,1,470591,17,17,17,17,17,17,17,17,17,17
1,1,470592,0,0,0,0,0,0,0,0,0,0
2,1,470592,0,0,0,0,0,0,0,0,0,0
3,1,470592,0,0,0,0,0,0,0,0,0,0
1,1,470593,10,0,6,0,0,0,0,0,8,17
1,1,470594,21,21,21,21,21,21,21,21,21,21
1,1,470595,0,0,0,0,0,0,0,0,0,0
1,1,470596,0,0,0,0,0,0,0,0,0,0
1,1,470597,0,0,0,0,0,0,0,0,0,0
1,1,470598,0,0,0,6,16,0,27,0,0,0
1,1,470599,0,0,8,0,0,0,11,0,0,0
2,1,470599,28,28,28,28,28,28,28,28,28,28
1,1,470600,16,16,16,16,16,16,16,16,16,16
2,1,470600,0,0,0,0,9,0,0,0,0,0
1,1,470601,0,0,0,0,0,0,0,0,0,0
1,1,470602,0,0,0,0,0,0,0,0,0,0
1,1,470603,0,0,0,0,0,0,0,0,0,0
2,1,470603,18,18,18,18,18,18,18,18,18,18
1,1,470604,17,17,17,17,17,17,17,17,17,17
0,1,470605,0,0,0,0,0,0,0,0,0,0
1,1,470605,0,0,0,0,0,0,0,0,0,0
1,1,470606,0,0,0,0,0,0,0,0,0,0
1,1,470607,0,15,0,10,0,0,0,0,0,20
2,1,470607,0,0,0,0,0,0,0,0,0,0
1,1,470608,30,30,30,30,30,30,30,30,30,30
1,1,470609,0,0,0,0,0,0,0,0,0,0
2,1,470609,0,0,0,0,0,0,0,0,0,0
1,1,470610,0,0,0,0,0,0,0,0,0,0
2,1,470610,0,0,0,0,0,0,0,0,0,0
1,1,470611,0,0,0,0,0,0,0,0,0,0
1,1,470612,0,31,0,20,15,0,0,16,26,28
1,1,470613,0,0,0,0,20,0,13,0,0,0
2,1,470613,0,0,0,0,0,0,0,0,0,0
1,1,470614,0,19,0,15,16,0,12,7,10,0
2,1,470614,0,0,0,0,0,0,0,0,0,0
1,1,470615,13,13,13,13,13,13,13,13,13,13
2,1,470615,0,0,0,0,0,0,0,0,0,0
3,1,470615,0,0,0,0,0,0,0,0,0,0
1,1,470616,0,0,0,0,0,0,0,0,0,0
2,1,470616,0,0,0,0,0,0,0,0,0,0
1,1,470617,0,0,0,0,0,0,0,0,0,0
2,1,470617,0,0,0,0,0,12,0,0,0,17
1,1,470618,0,0,0,0,0,0,0,0,0,0
2,1,470618,0,0,0,0,0,0,0,0,0,0
1,1,470619,0,0,0,17,0,0,0,0,0,12
2,1,470619,0,0,0,0,0,0,0,0,0,0
1,1,470620,0,0,0,0,0,0,0,0,0,0
2,1,470620,0,0,0,0,0,0,0,0,0,0
3,1,470620,0,0,0,0,0,0,0,0,0,0
1,1,470621,0,0,0,0,0,0,0,0,0,0
1,1,470622,0,0,25,0,10,0,17,0,0,0
2,1,470622,0,0,0,0,0,0,0,0,0,0
1,1,470623,0,0,0,0,0,0,0,0,0,0
2,1,470623,0,0,0,6,0,0,0,0,11,0
1,1,470624,0,0,0,0,0,0,0,0,0,0
2,1,470624,0,0,0,0,0,0,0,0,0,0
1,1,470626,0,0,0,0,0,0,0,0,0,0
1,1,470627,29,29,25,34,21,13,20,26,22,16
2,1,470627,0,0,0,0,0,0,0,0,0,0
1,1,470628,10,10,10,10,10,10,10,10,10,10
1,1,470629,0,0,0,0,0,0,0,0,0,0
2,1,470629,0,0,0,0,0,0,0,0,0,0
1,1,470630,26,11,25,27,10,15,23,12,6,21
1,1,470631,4,0,17,24,0,8,27,0,0,14
1,1,470632,5,5,5,5,5,5,5,5,5,5
1,1,470633,0,0,0,0,0,0,0,0,0,0
2,1,470633,0,0,0,0,0,0,0,0,0,0
1,1,470634,11,11,11,11,11,11,11,11,11,11
1,1,470635,0,0,0,0,0,0,0,15,0,0
1,1,470636,7,0,0,14,0,20,13,19,14,0
1,1,470637,24,11,20,38,17,37,19,25,10,15
2,1,470637,6,14,30,24,35,11,21,10,21,19
1,1,470638,0,0,0,0,0,0,0,0,0,0
2,1,470638,0,0,0,0,0,0,0,0,0,0
1,1,470639,0,0,0,0,0,0,0,9,0,0
1,1,470640,0,0,24,0,0,0,0,0,0,0
1,1,470641,0,20,6,6,15,30,15,10,11,11
1,1,470642,12,0,0,0,0,0,0,0,15,0
1,1,470643,0,24,0,0,0,0,0,0,0,0
1,1,470644,14,14,14,14,14,14,14,14,14,14
1,1,470645,0,0,0,0,0,0,0,0,0,0
2,1,470645,0,0,0,0,0,0,0,0,0,0
1,1,470646,3,3,3,3,3,3,3,3,3,3
2,1,470646,0,0,0,0,0,0,0,0,0,0
1,1,470647,0,0,0,15,0,4,33,24,15,0
1,1,470648,0,0,0,0,0,0,0,0,0,0
1,1,470649,0,0,0,0,0,0,0,0,0,0
0,1,470650,0,0,0,0,0,0,0,0,0,0
1,1,470650,0,0,0,0,0,0,0,0,0,0
1,1,470651,12,18,0,33,22,31,0,0,19,0
1,1,470652,0,17,0,0,2,9,2,21,14,0
1,1,470653,0,0,0,0,0,0,0,0,0,0
2,1,470653,0,0,0,0,0,0,0,0,0,0
1,1,470654,0,0,0,16,0,0,0,20,7,0
2,1,470654,0,0,0,0,0,0,0,0,0,0
1,1,470655,0,0,0,0,0,0,17,0,18,8
1,1,470656,22,22,22,22,22,22,22,22,22,22
2,1,470656,0,0,0,0,0,0,0,0,0,0
1,1,470657,0,0,0,0,0,0,0,0,0,0
0,1,470658,18,8,14,0,26,26,12,36,10,19
1,1,470658,0,0,21,0,0,16,0,0,11,0
1,1,470659,0,0,0,0,0,0,0,16,0,0
1,1,470660,0,0,0,0,0,0,0,0,0,0
1,1,470661,0,0,0,0,0,0,0,0,0,0
1,1,470662,0,0,0,0,0,0,0,0,0,0
2,1,470662,0,0,26,13,0,0,28,0,5,0
1,1,470663,0,0,0,0,0,0,0,0,0,0
1,1,470664,14,14,14,14,14,14,14,14,14,14
1,1,470665,15,15,15,15,15,15,15,15,15,15
1,1,470666,27,27,27,27,27,27,27,27,27,27
2,1,470666,0,0,0,0,0,0,0,0,0,0
3,1,470666,0,0,0,0,0,0,0,0,0,0
1,1,470667,15,21,23,18,0,38,24,21,10,0
1,1,470668,0,0,0,0,0,0,0,0,0,0
2,1,470668,0,0,0,0,0,0,0,0,0,0
1,1,470669,29,6,0,28,15,28,17,11,28,8
0,1,470670,0,0,0,0,0,0,11,0,0,0
1,1,470670,0,0,0,0,0,0,0,0,0,0
1,1,470671,14,0,21,22,0,10,14,27,11,30
1,1,470672,0,0,0,0,0,0,0,0,0,0
2,1,470672,0,0,9,0,0,0,0,0,0,0
1,1,470673,3,0,0,0,0,0,0,0,0,0
2,1,470673,0,0,0,0,0,6,0,0,0,0
3,1,470673,12,14,11,0,0,0,18,0,11,0
0,1,470674,18,0,0,0,0,0,0,0,6,0
1,1,470674,15,0,0,0,15,0,0,0,0,0
1,1,470675,0,0,0,0,0,0,0,0,0,0
2,1,470675,0,0,0,0,0,0,0,0,0,0
1,1,470676,8,8,8,8,8,8,8,8,8,8
1,1,470677,0,0,0,0,0,0,0,0,0,0
0,1,470678,0,0,0,0,0,0,0,0,0,0
1,1,470678,0,0,0,0,0,0,0,0,0,0
1,1,470679,0,0,0,0,0,0,0,0,0,0
2,1,470679,0,0,0,0,0,0,0,0,0,0
1,1,470680,16,16,16,16,16,16,16,16,16,16
2,1,470680,0,0,0,0,0,0,0,0,0,0
1,1,470681,0,0,0,0,0,0,0,0,0,0
2,1,470681,24,24,24,24,24,24,24,24,24,24
1,1,470682,0,0,0,0,0,0,0,0,0,0
2,1,470682,0,0,0,0,0,0,0,0,0,0
1,1,470683,0,0,0,0,0,0,0,0,0,0
1,1,470684,0,0,0,0,0,0,0,0,0,0
1,1,470685,13,0,21,19,15,15,13,16,21,18
1,1,470686,23,15,0,26,7,7,31,19,14,19
1,1,470687,6,6,6,6,6,6,6,6,6,6
1,1,470688,23,23,23,23,23,23,23,23,23,23
1,1,470689,0,0,0,0,0,0,0,0,0,0
2,1,470689,0,0,0,0,0,0,0,0,0,0
0,1,470690,0,0,0,0,0,0,0,0,0,0
1,1,470690,0,0,0,0,0,0,0,0,0,0
0,1,470691,0,0,0,0,0,0,0,0,0,0
1,1,470691,0,0,0,0,0,0,0,0,0,0
1,1,470692,24,0,12,0,0,0,0,0,0,0
1,1,470693,22,22,22,22,22,22,22,22,22,22
2,1,470693,0,0,0,0,0,0,0,0,0,0
1,1,470694,17,17,17,17,17,17,17,17,17,17
2,1,470694,0,0,0,0,0,0,0,0,0,0
1,1,470695,0,23,20,0,0,34,15,0,0,0
1,1,470696,16,16,16,16,16,16,16,16,16,16
1,1,470697,0,0,0,0,0,0,0,0,0,0
1,1,470698,0,0,0,0,0,0,0,0,0,0
2,1,470698,0,0,5,0,0,0,0,0,0,0
0,1,470699,0,0,0,0,0,0,0,0,0,0
1,1,470699,5,5,5,5,5,5,5,5,5,5
1,1,470700,0,0,0,0,17,0,0,0,0,0
1,1,470701,15,15,15,15,15,15,15,15,15,15
2,1,470701,0,0,0,0,0,0,0,0,0,0
1,1,470702,12,22,22,21,10,0,0,12,11,21
1,1,470703,0,0,0,0,0,0,0,0,0,0
0,1,470704,0,0,0,0,0,0,0,0,0,0
1,1,470704,0,0,0,0,0,0,0,0,0,0
0,1,470705,40,0,0,33,4,12,0,0,0,0
1,1,470705,6,0,11,16,8,14,6,0,4,9
1,1,470706,0,0,0,0,0,0,0,0,0,0
1,1,470707,0,0,0,10,0,8,0,0,0,0
1,1,470708,0,0,0,0,0,0,0,0,0,11
2,1,470708,0,0,0,0,0,0,0,0,0,0
1,1,470709,0,0,0,0,0,0,0,0,0,0
2,1,470709,2,2,2,2,2,2,2,2,2,2
3,1,470709,0,0,0,0,0,0,0,0,0,0
0,1,470710,0,0,0,0,0,0,0,0,0,0
1,1,470710,0,0,0,0,0,0,0,0,0,0
1,1,470711,0,0,0,0,0,0,0,0,0,0
1,1,470712,24,14,21,20,13,19,9,30,27,26
0,1,470713,23,30,0,0,0,0,0,0,0,0
1,1,470713,0,0,0,0,0,0,0,0,10,0
1,1,470714,0,0,21,0,0,23,0,14,0,0
1,1,470715,0,0,0,0,0,0,0,0,0,0
2,1,470715,0,0,0,0,14,0,0,0,0,0
1,1,470716,7,7,7,7,7,7,7,7,7,7
2,1,470716,0,0,0,0,0,0,0,0,0,0
1,1,470717,0,0,0,0,0,0,0,0,0,0
1,1,470718,0,0,0,0,0,0,0,0,0,0
2,1,470718,17,0,0,0,0,0,0,0,18,0
1,1,470719,0,0,0,0,0,0,0,0,0,0
1,1,470720,9,9,9,9,9,9,9,9,9,9
1,1,470721,10,0,0,19,29,0,0,0,9,0
1,1,470722,13,13,13,13,13,13,13,13,13,13
0,1,470723,0,0,0,13,0,0,13,0,0,0
1,1,470723,0,0,0,0,0,0,0,0,0,0
2,1,470723,0,0,0,0,0,0,0,0,0,0
1,1,470724,0,0,0,0,0,0,0,0,0,0
2,1,470724,0,0,0,0,0,0,0,0,0,0
3,1,470724,0,0,0,0,0,0,0,0,0,0
1,1,470725,0,11,11,22,0,0,25,8,0,7
0,1,470726,29,0,13,0,15,0,0,16,27,30
1,1,470726,11,13,18,12,12,21,11,20,32,27
1,1,470727,23,23,23,23,23,23,23,23,23,23
1,1,470728,0,0,0,0,0,0,0,0,0,0
1,1,470729,9,0,0,0,0,0,0,0,0,0
1,1,470730,0,0,0,19,0,13,0,0,0,0
2,1,470730,0,0,0,0,0,0,0,0,0,0
3,1,470730,0,3,0,0,0,0,0,0,0,0
0,1,470731,0,0,0,0,21,0,0,0,0,21
1,1,470731,0,0,0,0,0,0,0,0,0,0
1,1,470732,0,0,0,0,0,0,0,0,0,0
1,1,470734,0,0,0,0,0,0,0,0,0,0
1,1,470735,0,0,0,0,0,0,0,0,0,0
2,1,470735,0,0,0,0,0,0,0,0,0,0
1,1,470736,0,0,0,0,0,0,0,0,0,0
1,1,470737,0,18,14,0,17,0,0,15,0,0
2,1,470737,19,19,0,0,25,9,14,0,6,20
1,1,470738,11,11,11,11,11,11,11,11,11,11
1,1,470739,0,0,0,0,0,0,0,0,24,0
1,1,470740,0,0,0,15,9,0,0,19,0,0
1,1,470741,0,0,0,0,0,0,0,0,0,0
2,1,470741,0,0,0,0,0,0,0,0,0,0
1,1,470742,0,0,0,0,0,0,0,0,0,0
1,1,470743,0,0,0,0,0,0,0,0,0,0
2,1,470743,20,20,20,20,20,20,20,20,20,20
1,1,470744,21,21,21,21,21,21,21,21,21,21
2,1,470744,0,0,0,0,0,0,0,0,0,0
1,1,470745,7,7,7,7,7,7,7,7,7,7
2,1,470745,0,0,0,0,0,0,0,0,0,0
1,1,470746,0,0,0,0,0,5,0,0,0,0
1,1,470747,12,0,0,19,20,0,0,0,0,20
2,1,470747,0,0,0,0,0,0,0,0,0,0
1,1,470748,4,0,17,0,0,8,0,0,0,22
1,1,470749,0,0,0,0,0,0,0,0,0,0
2,1,470749,0,0,0,0,0,0,0,0,0,0
1,1,470750,5,0,0,0,0,0,10,0,0,0
1,1,470751,0,0,0,0,0,4,0,0,0,0
2,1,470751,0,0,0,0,0,0,4,7,0,0
1,1,470752,27,0,0,0,0,20,0,0,25,0
1,1,470753,4,5,10,0,0,27,13,0,15,0
1,1,470754,26,26,26,26,26,26,26,26,26,26
1,1,470755,0,0,0,0,0,0,0,0,0,0
2,1,470755,0,0,0,0,0,0,0,0,0,0
3,1,470755,0,0,0,0,0,0,0,0,0,0
4,1,470755,0,0,0,0,0,0,0,0,0,0
1,1,470756,0,0,0,0,4,0,13,0,22,0
1,1,470757,0,26,8,28,15,0,11,17,24,12
1,1,470758,20,20,20,20,20,20,20,20,20,20
1,1,470759,0,0,0,0,0,17,0,7,0,0
1,1,470760,0,0,0,0,0,0,0,0,0,0
1,1,470761,29,29,29,29,29,29,29,29,29,29
2,1,470761,6,6,6,6,6,6,6,6,6,6
1,1,470762,0,0,0,0,0,0,0,0,0,0
2,1,470762,6,0,0,0,0,0,0,0,0,0
1,1,470763,0,0,0,0,0,0,0,0,0,0
2,1,470763,0,0,0,0,0,0,0,0,0,0
3,1,470763,0,0,0,0,0,0,0,0,0,0
1,1,470764,0,0,0,0,0,0,0,0,0,21
1,1,470765,19,10,0,0,0,0,20,0,0,0
2,1,470765,0,0,0,0,0,0,0,0,0,0
1,1,470766,81,0,0,0,0,0,0,0,0,22
1,1,470767,6,0,0,0,0,0,0,0,0,0
1,1,470768,29,25,10,16,9,17,12,28,20,11
2,1,470768,0,0,0,0,0,0,0,0,0,0
1,1,470769,0,0,0,0,0,0,0,0,0,0
1,1,470770,0,0,0,0,0,0,0,0,0,0
2,1,470770,0,0,0,0,0,0,0,0,0,0
1,1,470772,0,0,0,0,0,0,0,0,0,0
1,1,470773,0,14,0,0,0,0,8,0,6,0
2,1,470773,0,0,0,0,0,0,0,0,0,0
3,1,470773,0,0,0,0,0,0,0,0,0,0
1,1,470774,0,0,0,0,0,0,0,0,0,0
2,1,470774,0,0,0,0,0,0,0,0,0,0
1,1,470775,0,0,0,0,0,0,0,0,0,0
2,1,470775,0,0,0,0,0,0,0,0,0,0
0,1,470776,18,23,0,21,0,18,40,21,0,40
1,1,470777,0,0,0,0,0,0,0,0,0,0
2,1,470777,0,0,0,0,0,0,0,0,0,0
2,1,470778,0,21,0,0,16,0,0,12,16,10
1,1,470779,0,0,0,0,0,0,0,0,0,0
0,1,470781,0,0,0,0,0,0,0,0,0,0
0,2,470781,0,0,0,0,0,0,0,0,0,0
1,1,470781,0,0,0,0,0,0,0,0,0,0
2,1,470781,0,0,0,0,0,0,0,0,0,0
1,1,470782,0,0,0,0,0,0,0,0,0,0
2,1,470782,0,0,0,0,0,0,0,0,0,0
1,1,470783,15,26,19,17,27,24,16,30,16,16
1,1,470784,27,27,27,27,27,27,27,27,27,27
1,1,470785,0,0,0,0,0,0,0,0,0,0
1,1,470786,9,0,13,19,16,8,9,31,15,4
1,1,470787,25,40,10,12,27,16,20,11,11,13
1,1,470788,0,11,0,0,0,0,0,12,0,12
1,1,470789,0,0,0,0,0,0,0,0,0,0
1,1,470790,0,0,0,0,0,0,0,0,0,0
1,1,470791,19,19,19,19,19,19,19,19,19,19
2,1,470791,0,0,0,0,0,0,0,0,0,0
1,1,470792,1,1,1,1,1,1,1,1,1,1
1,1,470793,0,0,0,0,0,0,0,0,0,0
2,1,470793,0,0,0,0,0,0,0,0,0,0
1,1,470794,24,0,11,22,0,35,0,0,0,0
1,1,470795,0,0,0,0,0,0,0,0,0,0
2,1,470795,0,0,0,0,0,0,0,0,0,0
1,1,470796,19,10,37,0,17,12,12,14,0,8
1,1,470797,0,0,3,0,0,0,0,0,0,0
1,1,470798,15,24,0,10,7,3,12,0,23,9
0,1,470799,0,0,0,0,13,0,0,0,0,0
1,1,470799,0,0,0,0,0,0,0,0,0,0
1,1,470800,0,0,0,0,0,0,0,0,0,0
1,1,470801,2,2,2,2,2,2,2,2,2,2
1,1,470802,14,22,20,9,26,17,17,19,34,23
1,1,470803,18,18,18,18,18,18,18,18,18,18
1,1,470804,14,14,14,14,14,14,14,14,14,14
1,1,470805,0,0,0,0,0,0,0,0,0,0
1,1,470806,0,0,0,0,0,0,0,0,0,0
2,1,470806,0,0,0,0,0,0,0,0,0,0
1,1,470807,24,24,24,24,24,24,24,24,24,24
1,1,470808,0,18,0,17,0,25,7,0,20,0
1,1,470809,20,20,20,20,20,20,20,20,20,20
1,1,470810,21,21,21,21,21,21,21,21,21,21
2,1,470810,0,0,0,0,0,0,0,0,0,0
1,1,470811,0,7,0,0,0,0,0,0,0,0
2,1,470811,0,0,0,0,0,0,0,0,0,0
1,1,470812,7,7,7,7,7,7,7,7,7,7
2,1,470812,0,0,0,0,0,0,0,0,0,0
1,1,470813,18,18,18,18,18,18,18,18,18,18
1,1,470814,0,0,0,0,0,0,0,0,0,0
1,1,470815,0,0,0,0,34,0,0,0,0,14
2,1,470815,0,0,0,0,0,0,0,0,0,0
1,1,470816,0,0,0,0,0,0,0,0,0,0
2,1,470816,0,0,0,0,0,0,0,0,0,0
1,1,470817,0,0,0,0,0,0,0,0,0,0
1,1,470818,0,0,0,0,0,0,0,0,0,0
1,1,470819,0,0,0,0,0,0,13,0,0,0
2,1,470819,0,0,0,0,0,0,0,0,0,0
1,1,470820,0,0,0,0,0,0,0,0,0,0
1,1,470821,0,0,0,0,0,0,0,0,0,0
2,1,470821,0,0,0,0,0,0,0,0,0,0
1,1,470822,16,16,16,16,16,16,16,16,16,16
1,1,470823,0,0,0,0,0,0,0,0,22,0
2,1,470823,9,16,17,14,24,13,12,9,20,21
3,1,470823,0,0,0,0,0,0,0,0,0,0
1,1,470824,0,0,0,0,0,0,0,0,0,0
2,1,470824,0,0,0,0,0,0,0,0,0,0
1,1,470825,0,0,17,14,0,0,0,3,0,0
2,1,470825,0,6,0,0,12,0,0,0,0,0
3,1,470825,0,0,0,0,0,0,0,0,0,0
4,1,470825,0,0,0,0,0,0,0,0,0,0
1,1,470826,21,21,21,21,21,21,21,21,21,21
1,1,470827,0,0,0,0,0,0,0,0,0,0
2,1,470827,0,0,0,0,7,0,0,0,0,0
1,1,470828,0,0,0,0,0,0,0,0,0,0
2,1,470828,0,0,0,0,0,12,3,0,0,0
1,1,470829,0,0,0,0,0,0,0,0,0,0
1,1,470830,0,0,0,0,0,0,0,0,0,0
1,1,470831,0,0,0,0,0,15,0,0,18,0
2,1,470831,0,0,0,0,0,0,0,0,0,0
1,1,470832,0,0,0,0,0,0,0,0,0,0
2,1,470832,0,0,0,0,0,0,0,8,0,0
1,1,470833,1,1,1,1,1,1,1,1,1,1
1,1,470834,0,0,0,0,0,0,0,0,0,0
1,1,470835,32,32,32,32,32,32,32,32,32,32
1,1,470836,0,0,0,0,0,0,0,0,0,0
2,1,470836,5,5,5,5,5,5,5,5,5,5
1,1,470837,13,13,13,13,13,13,13,13,13,13
1,1,470838,14,7,20,16,20,18,48,28,3,11
1,1,470839,20,20,20,20,20,20,20,20,20,20
2,1,470839,0,0,0,0,0,0,0,0,0,0
1,1,470840,0,19,9,30,23,23,19,10,0,0
0,1,470841,14,14,14,14,14,14,14,14,14,14
1,1,470841,0,0,0,0,0,0,0,0,0,0
2,1,470841,0,14,12,0,0,0,5,11,5,0
3,1,470841,0,0,0,0,0,0,0,0,0,0
4,1,470841,0,0,0,0,0,0,0,0,0,0
1,1,470842,0,0,0,0,0,0,24,0,0,0
1,1,470843,6,6,6,6,6,6,6,6,6,6
2,1,470843,0,0,0,0,0,0,0,0,0,0
1,1,470844,0,0,0,0,0,0,0,0,0,0
1,1,470845,0,0,0,0,0,0,0,0,0,0
2,1,470845,0,0,0,0,0,0,0,0,0,0
1,1,470846,17,17,17,17,17,17,17,17,17,17
1,1,470847,0,0,0,0,0,0,0,0,0,0
2,1,470847,0,0,0,0,0,0,0,0,0,0
1,1,470848,0,0,0,0,0,0,0,0,0,0
2,1,470848,0,0,0,0,0,0,0,0,0,0
1,1,470849,0,0,0,0,0,0,0,0,0,0
1,1,470850,18,18,18,18,18,18,18,18,18,18
1,1,470851,0,0,0,0,0,0,0,0,0,0
2,1,470851,0,0,0,0,0,0,0,0,0,0
1,1,470852,0,0,0,0,0,0,0,0,0,0
1,1,470853,0,0,0,0,0,0,0,0,0,0
2,1,470853,0,0,0,0,0,0,0,0,0,0
1,1,470854,0,0,0,0,14,10,0,0,0,5
1,1,470855,0,0,0,0,0,0,0,0,0,0
1,1,470856,0,0,0,0,0,0,0,0,0,0
1,1,470857,0,0,0,0,0,0,0,0,0,0
2,1,470857,0,0,0,0,0,0,0,0,0,0
1,1,470858,0,0,0,0,0,0,0,0,0,0
2,1,470858,0,0,0,0,0,0,0,0,0,0
1,1,470859,0,10,0,11,0,0,21,11,0,0
1,1,470860,0,0,0,0,0,0,0,0,0,0
1,1,470861,0,0,0,0,0,0,0,0,0,0
2,1,470861,0,0,0,0,0,0,0,0,0,0
1,1,470862,0,0,0,0,0,0,0,0,0,0
2,1,470862,0,0,0,0,0,0,0,0,0,0
1,1,470863,5,5,5,5,5,5,5,5,5,5
3,1,470863,0,0,0,0,0,0,0,0,0,0
1,1,470864,0,0,0,0,0,0,0,0,0,0
1,1,470865,0,0,0,0,0,0,0,0,0,0
2,1,470865,7,0,0,0,0,0,0,0,0,0
1,1,470866,0,0,0,0,0,0,0,0,0,0
1,1,470867,0,0,0,0,0,0,0,0,0,0
1,1,470868,0,0,0,0,0,0,0,0,10,0
1,1,470869,0,0,0,0,0,0,0,0,0,0
2,1,470869,0,0,0,0,0,0,0,0,0,0
0,1,470870,0,0,0,0,6,11,0,0,0,0
1,1,470870,0,0,0,0,0,0,0,0,0,0
1,1,470871,0,0,0,0,0,0,0,0,0,0
2,1,470871,0,11,0,13,0,0,4,0,0,0
1,1,470872,0,0,0,0,0,0,0,0,0,0
2,1,470872,0,13,17,0,0,0,0,16,0,0
0,1,470873,0,0,0,0,0,0,0,0,0,0
1,1,470873,0,0,0,0,0,0,0,0,0,0
1,1,470874,23,23,23,23,23,23,23,23,23,23
2,1,470874,0,0,0,0,0,0,0,0,0,0
1,1,470875,0,0,0,24,0,0,0,0,0,0
1,1,470876,0,0,0,0,0,0,0,0,0,0
2,1,470876,0,0,0,0,0,0,0,0,0,0
1,1,470877,0,0,0,0,0,0,0,0,0,0
2,1,470877,0,0,0,0,0,0,0,0,0,0
3,1,470877,5,0,0,5,6,0,0,0,0,0
1,1,470878,0,0,0,0,0,0,0,5,0,0
1,1,470879,0,0,0,0,0,0,0,0,0,0
2,1,470879,0,0,0,0,0,0,0,0,0,0
1,1,470880,2,2,2,2,2,2,2,2,2,2
1,1,470881,0,0,0,0,0,0,0,0,0,0
2,1,470881,19,19,19,19,19,19,19,19,19,19
1,1,470882,0,0,0,0,0,0,0,0,0,0
2,1,470882,0,0,0,0,0,0,0,0,0,0
1,1,470883,0,0,0,0,0,0,0,0,0,0
2,1,470883,0,0,9,0,0,0,0,0,0,0
3,1,470883,0,0,0,0,0,0,0,0,0,0
1,1,470884,6,10,10,19,0,0,0,2,0,4
0,1,470885,0,0,0,0,0,0,0,0,0,6
1,1,470885,0,0,0,0,0,0,0,0,0,0
1,1,470886,28,18,17,17,14,17,24,13,23,26
1,1,470887,0,0,0,0,0,0,0,0,0,0
2,1,470887,0,0,0,0,0,0,0,0,0,0
1,1,470888,0,0,0,0,0,0,7,0,0,4
2,1,470888,0,0,0,0,0,0,0,0,0,0
1,1,470889,0,0,0,0,0,0,0,0,35,0
1,1,470890,0,0,0,0,0,0,0,0,0,0
1,1,470891,0,0,0,0,0,0,0,0,0,20
2,1,470891,0,0,0,0,0,0,0,0,0,0
1,1,470892,0,0,0,0,0,0,0,0,0,0
2,1,470892,0,0,0,0,0,0,0,0,0,0
1,1,470893,0,0,0,0,0,0,0,0,0,0
2,1,470893,0,0,0,0,0,0,0,0,0,0
1,1,470894,0,13,0,0,0,0,11,0,12,0
1,1,470895,0,0,0,0,0,0,0,0,0,11
2,1,470895,0,0,0,0,0,0,0,0,0,0
1,1,470896,25,16,14,9,21,21,32,9,14,15
1,1,470897,0,32,0,0,0,0,4,0,0,0
2,1,470897,0,0,0,13,0,0,0,0,0,0
1,1,470898,0,0,0,0,0,0,0,0,0,0
0,1,470899,15,25,32,22,43,28,38,24,12,52
1,1,470899,0,0,0,0,0,0,0,0,0,0
1,1,470900,0,17,5,0,0,22,26,9,0,22
1,1,470901,31,16,32,8,6,19,0,10,0,22
1,1,470902,0,0,0,0,0,0,0,0,0,0
1,1,470903,0,0,0,0,0,0,0,0,0,0
2,1,470903,0,0,0,0,0,0,0,0,0,0
3,1,470903,0,0,0,0,0,0,0,0,0,0
1,1,470904,0,0,0,0,0,0,0,0,0,0
2,1,470904,0,0,0,0,0,0,0,0,0,0
1,1,470905,0,0,0,0,0,0,0,0,21,0
2,1,470905,0,0,0,0,0,0,0,0,0,0
1,1,470906,0,0,0,0,0,0,0,0,0,0
2,1,470906,0,0,0,0,0,0,0,0,0,0
1,1,470907,0,0,0,23,0,8,0,18,0,0
1,1,470908,0,0,0,0,0,0,0,0,0,0
2,1,470908,0,0,0,0,0,0,0,0,0,0
1,1,470909,0,0,9,0,0,0,0,0,0,0
2,1,470909,12,21,6,4,7,9,14,26,12,21
1,1,470910,22,14,17,16,15,18,22,33,20,20
1,1,470911,0,0,0,0,0,0,0,0,0,0
2,1,470911,0,0,0,0,0,0,0,0,0,0
1,1,470912,0,0,0,0,0,0,0,0,0,0
2,1,470912,0,0,0,0,0,0,0,0,0,0
3,1,470912,0,0,0,0,0,0,0,0,0,0
4,1,470912,0,0,0,0,0,0,0,0,0,0
5,1,470912,0,0,0,0,0,0,0,0,0,0
6,1,470912,0,0,0,0,0,0,0,0,0,0
7,1,470912,0,0,0,0,0,0,0,0,0,0
8,1,470912,0,0,0,0,0,0,0,0,0,0
9,1,470912,0,0,0,0,0,0,0,0,0,0
10,1,470912,0,0,0,0,0,0,11,0,0,0