VEH_NO,PER_NO,ST_CASE,P1,P2,P3,P4,P5,P6,P7,P8,P9,P10
11,1,470912,0,0,0,0,0,0,0,0,0,0
12,1,470912,0,0,0,0,0,0,0,0,0,0
13,1,470912,0,0,0,0,0,0,0,0,0,0
14,1,470912,0,0,0,0,0,0,0,0,0,0
1,1,470913,21,21,21,21,21,21,21,21,21,21
1,1,470914,13,13,13,13,13,13,13,13,13,13
1,1,470915,0,0,0,0,0,0,0,0,0,0
2,1,470915,0,0,0,0,0,0,0,0,0,0
3,1,470915,0,0,0,0,0,8,0,0,0,0
1,1,470916,0,0,11,0,21,0,0,23,25,0
1,1,470917,25,25,25,25,25,25,25,25,25,25
1,1,470918,15,0,20,11,14,13,27,20,20,26
1,1,470919,31,31,31,31,31,31,31,31,31,31
1,1,470920,0,0,0,0,7,0,0,0,0,0
2,1,470920,20,0,0,0,0,0,0,0,0,0
0,1,470921,0,0,0,0,0,0,0,0,0,0
1,1,470921,21,21,21,21,21,21,21,21,21,21
1,1,470922,18,18,18,18,18,18,18,18,18,18
1,1,470923,14,14,14,14,14,14,14,14,14,14
1,1,470924,0,0,0,0,0,6,0,0,16,0
1,1,470925,0,0,0,0,0,0,0,0,0,0
2,1,470925,0,0,0,0,0,0,0,0,0,0
1,1,470926,0,0,0,0,0,0,0,0,0,0
1,1,470927,0,0,0,0,0,0,0,0,0,0
2,1,470927,0,0,0,0,0,0,0,0,0,0
1,1,470928,0,0,0,0,0,0,0,0,0,0
1,1,470929,3,19,20,9,34,11,13,4,8,19
1,1,470930,20,20,20,20,20,20,20,20,20,20
1,1,470931,0,0,0,0,0,0,0,0,0,0
2,1,470931,12,12,12,12,12,12,12,12,12,12
1,1,470932,0,16,6,0,0,3,0,11,9,0
1,1,470933,0,0,0,0,0,0,0,0,0,0
1,1,470934,0,13,0,0,0,0,0,0,0,0
1,1,470935,0,0,0,10,0,0,0,0,0,5
1,1,470936,21,21,21,21,21,21,21,21,21,21
1,1,470937,0,0,18,0,24,18,15,43,23,34
1,1,470938,0,0,0,0,0,0,0,0,0,0
1,1,470939,0,0,0,0,0,0,0,0,0,0
2,1,470939,0,0,0,0,0,0,0,0,0,0
3,1,470939,0,0,0,0,0,0,0,0,0,0
1,1,470940,0,0,0,0,0,0,0,0,0,0
1,1,470941,22,15,0,0,0,32,0,0,13,10
1,1,470942,6,0,0,0,0,0,0,0,0,0
2,1,470942,0,0,0,0,0,0,0,0,0,0
1,1,470943,0,0,0,0,0,0,0,0,0,0
1,1,470944,0,0,0,0,0,0,0,0,0,0
2,1,470944,0,0,0,0,0,0,0,0,0,0
1,1,470945,0,0,0,0,0,0,0,0,22,0
2,1,470945,0,0,0,0,0,0,0,0,0,0
1,1,470946,0,0,0,0,0,0,0,0,0,0
2,1,470946,0,0,0,0,0,0,27,0,0,12
1,1,470947,0,0,0,0,0,0,0,0,0,0
0,1,470948,0,0,0,0,0,0,16,23,17,0
1,1,470948,9,9,9,9,9,9,9,9,9,9
1,1,470949,0,0,0,0,0,0,0,0,0,0
1,1,470950,7,0,0,24,42,18,16,16,8,18
1,1,470951,0,0,10,0,0,0,0,0,19,0
1,1,470952,0,0,0,0,0,0,0,0,0,0
2,1,470952,0,0,0,0,0,0,0,0,0,0
3,1,470952,16,16,16,16,16,16,16,16,16,16
1,1,470953,24,24,24,24,24,24,24,24,24,24
2,1,470953,9,9,9,9,9,9,9,9,9,9
1,1,470954,0,0,0,0,0,0,0,0,0,0
2,1,470954,27,27,27,27,27,27,27,27,27,27
1,1,470955,16,16,16,16,16,16,16,16,16,16
1,1,470956,0,0,0,0,0,0,0,0,0,0
2,1,470956,0,0,0,0,0,0,0,0,0,0
1,1,470957,0,0,0,0,0,0,0,0,0,0
1,1,470958,0,0,0,0,0,0,0,0,0,0
2,1,470958,0,0,0,0,0,0,0,0,0,0
1,1,470959,14,14,14,14,14,14,14,14,14,14
1,1,470960,0,0,0,0,0,0,0,0,0,0
2,1,470960,0,0,0,0,0,0,0,0,0,0
1,1,470961,0,0,0,0,0,0,0,0,0,0
1,1,470962,0,0,0,0,0,0,0,0,0,0
1,1,470963,0,0,0,0,0,0,0,0,0,0
2,1,470963,0,0,0,0,0,0,0,0,0,0
3,1,470963,0,0,0,0,0,10,0,0,0,14
1,1,470964,0,0,0,0,0,0,0,0,0,0
2,1,470964,0,0,0,0,0,0,0,0,0,0
1,1,470965,0,0,0,0,13,0,0,5,0,0
1,1,470966,19,21,19,33,13,11,31,21,22,6
1,1,470967,0,0,0,0,0,0,0,0,0,0
2,1,470967,0,0,0,0,0,0,0,0,0,0
1,1,470968,0,0,0,0,0,0,0,0,0,0
1,1,470969,21,21,21,21,21,21,21,21,21,21
1,1,470970,23,0,0,11,0,0,14,0,0,0
1,1,470971,12,12,12,12,12,12,12,12,12,12
1,1,470972,0,0,0,0,0,0,0,0,0,0
1,1,470973,0,0,0,0,0,0,0,0,0,0
1,1,470974,0,0,0,0,0,0,0,0,0,0
1,1,470975,0,0,0,0,0,0,0,0,0,0
1,1,470976,0,0,0,0,0,0,0,0,0,0
2,1,470976,0,0,17,0,0,0,0,0,0,0
1,1,470977,0,0,0,0,0,0,0,0,0,0
2,1,470977,0,0,0,0,0,0,0,0,0,0
1,1,470978,0,0,0,0,0,0,0,0,0,0
1,1,470979,0,0,0,0,0,0,0,0,0,0
2,1,470979,0,0,0,0,0,0,0,0,0,0
1,1,470980,16,0,0,0,0,0,0,0,0,0
1,1,470981,0,0,0,0,0,0,0,0,0,0
2,1,470981,0,0,0,0,0,0,0,0,0,0
3,1,470981,0,0,0,0,0,0,0,0,0,0
4,1,470981,0,0,0,4,0,0,0,0,0,0
1,1,470982,0,0,0,0,20,0,0,10,0,0
2,1,470982,0,0,0,0,0,0,0,0,0,0
1,1,470983,22,5,4,14,10,0,9,19,11,0
1,1,470984,38,15,23,22,10,15,0,11,12,33
2,1,470984,20,0,0,0,0,0,0,4,0,0
1,1,470985,26,6,17,7,11,25,24,10,6,16
1,1,470986,6,0,0,20,0,0,0,9,0,0
1,1,470987,26,26,26,26,26,26,26,26,26,26
1,1,470988,0,0,0,0,0,0,10,0,0,0
1,1,470989,20,20,20,20,20,20,20,20,20,20
1,1,470990,28,28,28,28,28,28,28,28,28,28
1,1,470991,0,0,0,0,0,0,0,0,0,0
2,1,470991,0,0,0,0,0,0,0,0,0,0
1,1,470992,0,0,0,14,13,0,18,11,0,14
1,1,470993,0,0,0,0,0,0,0,0,0,0
1,1,470994,0,0,0,0,0,0,0,0,0,0
1,1,470995,0,0,0,0,0,0,0,0,0,0
2,1,470995,0,0,0,0,0,0,0,0,0,0
1,1,470996,30,30,30,30,30,30,30,30,30,30
1,1,470997,0,0,0,0,0,0,0,0,0,0
2,1,470997,0,0,0,0,0,0,0,0,0,0
1,1,470998,19,19,19,19,19,19,19,19,19,19
1,1,470999,0,0,0,0,0,0,0,0,0,0
2,1,470999,0,0,0,0,0,0,0,0,0,0
1,1,471000,0,0,10,28,0,0,0,9,35,0
1,1,471001,1,1,1,1,1,1,1,1,1,1
1,1,471002,0,0,0,0,0,0,0,0,0,0
2,1,471002,0,0,0,0,0,0,0,0,0,0
0,1,471003,0,0,0,0,0,0,0,0,0,0
1,1,471003,0,0,0,0,0,0,0,0,0,23
1,1,471004,4,4,4,4,4,4,4,4,4,4
2,1,471004,0,0,0,0,0,0,0,0,0,0
1,1,471005,0,0,0,0,11,0,0,0,0,0
2,1,471005,0,0,0,0,0,0,0,0,0,8
1,1,471006,0,0,0,0,0,0,0,0,0,0
2,1,471006,0,0,0,0,0,0,0,0,0,0
3,1,471006,0,0,0,0,0,0,0,20,0,0
1,1,471007,0,0,0,0,0,0,0,0,0,0
2,1,471007,0,0,8,0,0,0,0,0,0,0
0,1,471008,0,21,38,0,0,0,0,0,0,0
1,1,471008,0,0,0,0,0,0,0,0,0,0
1,1,471009,0,0,0,0,0,0,0,0,0,0
2,1,471009,0,0,0,0,0,0,0,0,0,0
1,1,471010,0,0,0,0,0,0,0,0,0,0
1,1,471011,19,19,19,19,19,19,19,19,19,19
2,1,471011,0,0,0,0,0,0,0,0,0,0
1,1,471012,11,22,0,0,15,0,24,16,15,0
1,1,471013,0,0,0,0,16,0,5,0,0,0
1,1,471014,0,0,0,0,0,0,0,0,0,0
2,1,471014,0,0,0,0,0,11,0,0,0,6
1,1,471015,26,26,26,26,26,26,26,26,26,26
1,1,471016,0,0,0,0,0,0,0,0,0,0
2,1,471016,0,0,0,0,0,0,0,0,0,0
1,1,471017,0,0,0,0,0,0,0,0,0,0
2,1,471017,0,0,0,0,0,0,0,0,0,0
1,1,471018,0,0,0,0,0,0,0,0,0,0
2,1,471018,0,0,0,0,0,0,0,0,0,0
1,1,471019,26,21,8,21,12,23,25,7,13,0
1,1,471020,0,0,0,0,0,0,0,0,0,0
1,1,471021,14,14,14,14,14,14,14,14,14,14
1,1,471022,0,0,0,0,0,0,0,0,0,0
2,1,471022,0,0,0,0,0,0,0,0,0,0
3,1,471022,0,0,0,0,0,0,0,0,0,0
1,1,471023,0,0,0,0,0,0,0,0,27,0
2,1,471023,0,0,0,0,0,0,0,0,0,0
1,1,471024,28,5,19,0,14,19,0,12,13,0
1,1,471025,0,0,0,0,0,0,0,0,0,0
1,2,471026,0,0,21,0,8,15,0,20,4,0
1,1,471027,13,0,0,0,0,0,0,15,24,12
2,1,471027,0,0,0,0,0,0,20,0,0,0
1,1,471028,10,18,6,15,20,8,27,17,22,28
1,1,471029,23,23,23,23,23,23,23,23,23,23
1,1,471030,0,0,0,0,0,0,0,0,0,0
1,1,471031,0,0,0,0,0,0,0,0,0,0
1,1,471032,0,24,11,23,0,6,11,0,20,0
1,1,471033,0,0,0,0,0,0,0,0,0,0
2,1,471033,0,0,0,0,0,0,0,0,0,0
1,1,471034,0,0,0,0,17,0,0,0,12,0
2,1,471034,0,0,0,0,0,0,0,0,0,9
1,1,471036,0,0,0,0,0,0,0,0,0,0
2,1,471036,0,0,0,0,0,0,0,0,0,0
1,1,471037,0,0,0,0,0,0,0,0,0,0
2,1,471037,0,0,0,0,0,0,0,0,0,0
1,1,471038,0,0,0,0,0,0,0,19,0,0
2,1,471038,13,13,13,13,13,13,13,13,13,13
1,1,471039,0,15,0,0,0,32,0,0,0,23
1,1,471040,0,21,6,14,27,0,18,0,0,0
1,1,471041,9,14,17,10,7,0,0,0,0,9
1,1,471042,0,0,0,0,0,0,0,0,0,0
1,1,471043,0,0,0,0,0,0,0,0,6,14
2,1,471043,0,0,0,0,0,0,0,0,0,0
1,1,471044,16,26,14,18,26,23,15,26,4,11
1,1,471045,22,22,22,22,22,22,22,22,22,22
1,1,471046,0,0,0,12,0,12,0,0,11,0
2,1,471046,0,7,0,0,0,0,0,0,0,0
1,1,471047,28,28,28,28,28,28,28,28,28,28
1,1,471048,0,0,0,0,0,0,0,0,0,0
1,1,471049,0,0,0,0,0,0,0,0,0,0
1,1,471050,0,0,0,0,0,0,0,0,0,0
1,1,471051,0,0,0,0,0,0,0,0,0,0
1,1,471052,0,0,0,0,0,0,0,0,0,0
2,1,471052,0,0,0,0,0,0,0,0,0,0
1,1,471053,0,0,0,0,0,0,0,0,0,0
2,1,471053,0,0,0,0,0,0,0,0,0,0
1,1,471054,0,0,0,0,0,0,0,0,0,0
2,1,471054,0,0,0,0,0,0,13,0,0,0
1,1,471055,0,0,0,0,0,0,0,0,0,0
1,1,471056,0,0,0,0,0,0,0,0,0,0
1,1,471057,0,0,0,0,0,0,0,0,0,0
1,1,471058,26,26,26,26,26,26,26,26,26,26
1,1,471059,0,0,0,0,0,0,0,0,0,0
1,1,471060,0,0,0,0,0,0,0,0,0,0
1,1,471061,0,0,0,0,0,0,0,0,0,0
1,1,471062,0,0,20,0,0,0,6,0,0,0
2,1,471062,0,0,0,0,0,0,0,0,0,0
3,1,471062,0,0,0,0,0,0,0,0,0,0
1,1,471063,0,0,0,0,0,0,0,0,0,0
2,1,471063,0,0,0,0,0,0,0,0,0,0
0,1,471064,0,0,0,0,0,0,33,26,15,0
1,1,471064,0,0,0,0,0,0,0,0,0,0
1,1,471065,10,10,10,10,10,10,10,10,10,10
2,1,471065,0,0,0,0,0,0,0,0,0,0
1,1,471066,21,21,21,21,21,21,21,21,21,21
0,1,471067,0,0,0,0,0,0,0,0,20,0
1,1,471067,19,0,0,0,0,0,0,0,0,0
1,1,471068,11,11,11,11,11,11,11,11,11,11
0,1,471069,10,0,4,0,0,0,0,0,0,0
1,1,471069,0,0,0,0,0,0,0,0,0,0
1,1,471070,0,0,0,0,0,0,0,0,0,0
2,1,471070,5,0,0,0,0,0,0,0,0,0
1,1,471071,0,0,0,0,0,5,0,0,0,0
0,1,471072,0,25,19,12,0,5,0,16,0,8
1,1,471072,0,0,0,0,0,0,0,0,5,0
1,1,471073,3,3,3,3,3,3,3,3,3,3
1,1,471074,0,0,0,0,0,0,0,0,0,0
1,1,471075,0,0,0,0,0,0,0,0,0,0
2,1,471075,0,0,0,0,0,0,0,0,0,0
1,1,471076,0,0,0,0,21,0,13,14,0,0
0,1,471077,24,24,24,24,24,24,24,24,24,24
1,1,471077,0,0,0,0,0,0,0,0,0,0
1,1,471078,0,0,0,0,0,0,0,0,0,0
1,1,471079,12,12,12,12,12,12,12,12,12,12
1,1,471080,7,0,0,0,0,0,0,0,0,0
2,1,471080,0,0,0,0,0,0,0,0,0,0
1,1,471081,31,26,31,20,20,23,21,26,19,21
1,1,471082,0,0,0,16,0,0,5,21,0,0
1,1,471083,17,6,14,15,4,15,8,27,11,7
1,1,471084,0,0,0,0,0,0,0,0,0,0
2,1,471084,0,0,0,0,0,0,0,0,0,0
1,1,471085,0,0,0,0,0,0,0,0,0,0
1,1,471086,0,0,0,0,0,0,0,0,0,0
2,1,471086,24,24,24,24,24,24,24,24,24,24
1,1,471087,0,0,0,0,0,0,0,0,0,0
2,1,471087,0,0,0,0,0,0,0,0,0,0
3,1,471087,0,0,0,0,0,0,0,0,0,0
1,1,471088,12,35,16,30,13,29,36,20,21,21
1,1,471089,0,0,0,0,0,0,0,0,0,0
2,1,471089,21,0,0,0,0,20,0,20,24,0
1,1,471090,25,25,25,25,25,25,25,25,25,25
2,1,471090,0,0,0,0,0,0,0,0,0,0
1,1,471091,0,0,0,22,18,0,27,0,0,20
2,1,471091,0,0,0,0,0,0,0,0,0,0
1,1,471092,0,8,0,0,0,0,0,0,0,0
1,1,471093,16,16,16,16,16,16,16,16,16,16
1,1,471094,0,0,0,0,0,0,0,0,0,0
1,1,471095,0,0,0,0,0,0,0,0,0,0
1,1,471096,0,0,0,0,0,0,0,0,0,0
2,1,471096,0,0,0,0,0,0,0,0,0,0
3,1,471096,0,0,0,0,0,0,0,0,0,0
1,1,471097,0,0,0,0,0,0,0,0,0,0
1,1,471098,14,14,14,14,14,14,14,14,14,14
2,1,471098,0,0,0,0,0,0,0,0,0,0
1,1,471099,0,0,10,0,14,0,0,0,0,0
1,1,471100,0,0,21,0,0,0,0,0,0,0
2,1,471100,0,0,0,0,0,0,0,0,0,0
1,1,471101,4,11,24,0,24,0,30,23,15,14
1,1,471102,0,0,0,0,0,0,0,0,0,0
2,1,471102,0,0,0,0,0,0,0,0,0,0
1,1,471103,0,0,0,0,30,0,10,14,0,0
2,1,471103,0,0,0,0,0,0,0,0,0,0
1,1,471104,0,0,0,17,0,0,13,0,0,0
2,1,471104,0,5,0,0,0,0,0,0,0,0
1,1,471105,0,0,0,0,0,0,0,0,0,0
1,1,471106,0,0,0,0,0,0,0,0,0,0
1,1,471107,6,0,0,0,0,0,0,0,0,2
1,1,471108,1,1,1,1,1,1,1,1,1,1
2,1,471108,0,0,0,0,0,0,0,0,0,0
1,1,471109,0,0,0,0,0,0,0,0,0,0
1,1,471110,15,22,4,32,16,8,22,18,21,12
1,1,471111,21,16,12,11,18,30,8,15,14,26
0,1,471112,0,9,0,21,27,9,0,0,16,0
1,1,471112,0,0,0,0,0,0,0,0,0,0
1,1,471113,0,0,17,18,0,0,0,0,0,0
1,1,471114,0,8,0,0,11,0,0,0,0,0
2,1,471114,0,0,0,0,0,0,0,0,0,0
1,1,471115,0,11,26,0,0,0,29,0,0,0
1,1,471116,0,0,0,0,0,0,0,0,0,0
2,1,471116,0,0,0,0,0,17,0,0,0,0
1,1,471117,0,0,0,0,0,0,0,0,0,0
1,1,471118,0,0,0,0,0,0,7,0,0,0
2,1,471118,0,0,0,0,0,0,0,0,0,0
3,1,471118,0,0,0,0,0,0,0,0,0,0
0,1,471119,0,0,0,18,24,0,21,0,0,22
1,1,471119,0,0,0,0,0,0,0,0,0,0
1,1,471120,0,0,0,0,0,0,0,0,0,0
2,1,471120,0,0,0,0,0,0,0,0,0,0
1,1,471121,0,0,0,0,0,0,0,0,0,0
2,1,471121,0,0,0,0,0,0,0,0,0,0
3,1,471121,0,0,0,0,0,0,0,0,0,0
0,1,471122,16,0,0,0,0,4,0,13,0,0
1,1,471122,0,0,0,0,0,0,0,0,0,0
1,1,471123,0,0,0,0,0,0,0,0,0,0
2,1,471123,0,0,0,15,0,0,0,4,12,0
1,1,471124,0,12,0,29,10,18,16,6,17,21
2,1,471124,0,0,0,0,0,0,0,0,0,0
1,1,471125,0,0,0,0,0,0,0,0,0,0
1,1,471126,11,27,0,0,0,21,0,0,19,0
1,1,480001,0,0,13,0,0,29,0,0,0,0
1,1,480002,0,0,0,0,0,0,0,0,0,0
2,1,480002,0,0,0,0,0,0,0,0,0,0
0,1,480003,0,0,0,0,0,0,0,0,0,0
1,1,480003,0,0,0,0,0,0,0,0,0,0
0,1,480004,20,0,0,0,0,0,0,4,0,2
1,1,480004,1,1,1,1,1,1,1,1,1,1
1,1,480005,10,0,0,0,27,28,7,0,11,25
1,1,480006,0,0,0,0,0,0,0,0,0,0
1,1,480007,0,0,0,0,0,0,0,0,0,0
1,1,480008,8,0,0,0,0,23,0,8,0,3
1,1,480009,0,0,0,0,0,0,0,0,0,0
2,1,480009,0,0,0,0,0,0,0,23,0,0
1,1,480010,0,0,0,0,0,0,0,0,0,0
2,1,480010,0,0,0,0,0,0,0,0,0,0
3,1,480010,17,0,0,0,0,0,0,0,0,0
1,1,480011,0,0,0,0,0,0,0,0,0,0
2,1,480011,0,0,0,0,0,0,0,0,0,0
1,1,480012,0,0,0,0,0,0,0,0,0,0
2,1,480012,0,12,0,0,0,29,0,0,0,0
1,1,480013,12,28,9,20,19,14,10,42,23,36
1,1,480014,0,0,0,0,0,0,0,0,18,0
2,1,480014,0,0,0,0,0,0,0,0,0,0
3,1,480014,0,0,0,0,0,0,0,0,0,0
1,1,480015,0,0,0,0,0,0,0,0,0,0
2,1,480015,0,0,0,0,0,0,0,0,0,0
0,1,480016,0,0,0,0,0,0,0,0,0,0
1,1,480016,0,0,0,0,0,17,0,0,0,0
1,1,480017,0,0,0,0,13,0,18,0,21,0
2,1,480017,0,0,0,0,0,0,0,0,0,0
0,1,480018,0,0,33,0,0,0,0,0,0,0
1,1,480018,0,0,0,0,21,0,0,7,0,0
1,1,480019,0,0,0,0,0,0,0,0,0,0
1,1,480020,0,0,0,0,0,0,0,0,0,0
2,1,480020,0,10,0,0,0,0,0,0,0,0
3,1,480020,20,0,0,38,3,0,0,0,0,0
1,1,480021,0,12,0,0,0,0,0,0,0,0
2,1,480021,0,0,0,0,0,0,0,0,0,0
0,1,480022,15,15,15,15,15,15,15,15,15,15
1,1,480022,0,0,10,0,0,0,0,0,0,0
1,1,480023,17,17,17,17,17,17,17,17,17,17
1,1,480024,0,0,4,0,6,0,0,0,0,0
2,1,480024,0,0,0,0,12,0,0,0,0,0
1,1,480025,5,11,6,7,8,7,0,17,6,0
2,1,480025,12,10,24,15,14,20,7,14,0,9
1,1,480026,0,5,16,0,0,0,0,0,15,1
1,1,480027,19,0,14,30,29,30,27,23,11,47
1,1,480028,12,17,11,29,14,5,0,0,25,0
1,1,480029,18,18,18,18,18,18,18,18,18,18
2,1,480029,0,0,0,0,0,0,0,0,0,0
1,1,480030,3,10,0,0,0,0,0,0,0,0
1,1,480031,0,0,0,0,16,0,0,0,0,20
2,1,480031,0,0,0,20,0,0,0,0,0,0
1,1,480032,36,36,36,36,36,36,36,36,36,36
1,1,480033,0,0,0,0,0,0,0,0,0,0
2,1,480033,0,0,0,0,0,0,0,0,0,0
0,1,480034,0,14,34,0,0,19,0,0,0,31
1,1,480034,0,0,0,7,5,0,14,7,6,0
1,1,480035,0,0,0,0,0,0,0,0,0,0
2,1,480035,0,0,0,0,0,0,0,0,0,0
1,1,480036,0,0,0,0,0,0,0,0,0,0
2,1,480036,0,0,17,0,0,0,0,0,0,0
1,1,480037,0,0,0,12,0,0,0,0,0,3
2,1,480037,0,0,0,36,0,0,0,22,0,0
1,1,480038,0,0,0,0,0,0,0,0,0,0
2,1,480038,0,9,16,0,18,0,0,0,0,0
0,1,480039,0,0,0,0,0,0,0,0,0,0
1,1,480039,0,0,0,0,0,0,0,0,0,0
1,1,480040,0,0,0,0,10,0,0,0,32,0
2,1,480040,0,0,0,0,0,0,0,0,0,0
1,1,480041,0,13,4,12,0,12,23,26,0,10
1,1,480042,0,0,0,0,0,0,0,0,0,0
0,1,480043,5,0,0,0,0,10,0,0,0,39
1,1,480043,0,0,0,0,23,0,0,21,0,0
0,1,480044,1,1,1,1,1,1,1,1,1,1
1,1,480044,5,26,0,2,5,17,0,0,2,8
1,1,480045,21,21,21,21,21,21,21,21,21,21
2,1,480045,0,0,0,0,0,0,0,0,0,0
1,1,480046,20,20,20,20,20,20,20,20,20,20
1,1,480047,0,0,0,0,0,0,0,0,0,0
2,1,480047,0,0,0,0,0,0,0,0,7,0
1,1,480048,20,27,15,25,0,32,8,19,19,0
0,1,480049,0,0,0,0,0,0,0,0,0,0
1,1,480049,0,0,0,0,0,0,0,0,0,0
1,1,480050,11,16,5,15,14,5,9,10,17,0
2,1,480050,0,0,0,0,0,0,0,4,0,0
0,1,480051,0,0,0,0,0,0,0,0,10,0
1,1,480051,0,0,0,0,0,0,0,0,0,0
2,1,480051,0,0,0,0,0,0,0,0,0,0
3,1,480051,0,0,0,0,10,0,0,0,0,0
1,1,480052,16,16,16,16,16,16,16,16,16,16
1,1,480053,0,0,25,0,0,0,0,0,0,0
0,1,480054,29,29,29,29,29,29,29,29,29,29
1,1,480054,1,14,10,2,10,22,6,19,12,0
1,1,480055,9,9,9,9,9,9,9,9,9,9
1,1,480056,0,5,0,0,0,0,12,16,0,21
2,1,480056,0,0,0,0,0,0,0,14,0,0
0,1,480057,7,7,7,7,7,7,7,7,7,7
1,1,480057,20,0,0,0,0,0,0,17,19,0
0,1,480058,0,0,0,20,0,0,0,16,0,0
2,1,480058,0,0,0,0,0,0,0,0,0,0
1,1,480059,0,0,0,0,0,0,0,0,0,0
2,1,480059,0,0,0,0,0,0,0,0,0,0
3,1,480059,0,0,0,0,0,0,0,0,9,0
1,1,480060,0,0,0,0,0,0,0,0,0,0
0,1,480061,0,0,0,0,0,0,0,0,0,0
1,1,480061,0,0,0,0,0,0,0,0,0,0
1,1,480062,13,13,13,13,13,13,13,13,13,13
1,1,480063,0,0,0,0,0,0,0,0,0,0
2,1,480063,0,0,0,0,0,0,0,0,0,0
1,1,480064,0,10,0,0,0,0,0,0,0,0
2,1,480064,0,0,0,0,0,0,0,0,0,0
1,1,480065,0,0,0,0,0,18,0,0,8,0
1,1,480066,0,0,0,9,0,0,0,0,0,0
0,1,480067,0,0,0,0,0,0,0,0,0,0
1,1,480067,0,0,0,0,0,0,0,0,0,0
1,1,480068,0,0,0,0,0,0,0,0,0,0
2,1,480068,0,0,0,0,0,0,0,0,0,0
1,1,480069,0,0,0,0,0,0,0,0,0,0
2,1,480069,0,0,0,0,0,0,0,0,0,0
1,1,480070,15,15,15,15,15,15,15,15,15,15
1,1,480071,0,0,13,0,16,0,2,0,0,9
2,1,480071,0,0,0,11,0,0,7,0,8,0
0,1,480072,0,0,0,17,0,0,0,0,0,0
1,1,480072,0,0,0,0,0,0,0,0,0,0
1,1,480073,0,0,0,20,0,0,11,0,0,0
2,1,480073,0,0,0,0,0,0,0,0,0,0
1,1,480074,0,0,0,0,0,0,0,0,0,0
2,1,480074,0,0,0,0,0,0,0,0,0,0
1,1,480075,0,0,0,0,0,0,0,0,0,0
2,1,480075,0,0,0,0,0,0,0,0,0,0
1,1,480076,11,11,11,11,11,11,11,11,11,11
2,1,480076,0,0,0,0,0,0,0,0,0,0
1,1,480077,0,0,0,0,0,0,0,0,0,0
0,1,480078,0,0,0,0,0,0,0,0,0,0
1,1,480078,0,0,0,0,0,0,0,0,0,0
1,1,480079,0,0,0,0,0,0,0,0,0,0
1,1,480080,0,0,0,0,0,0,0,0,0,0
2,1,480080,0,0,0,0,0,0,0,0,0,0
1,1,480081,0,0,0,0,0,0,0,0,0,0
1,1,480082,0,0,0,0,0,0,0,0,0,0
2,1,480082,14,0,0,13,19,0,0,0,0,0
1,1,480083,3,3,3,3,3,3,3,3,3,3
1,1,480084,0,0,0,0,0,0,0,0,0,0
1,1,480085,0,15,12,19,0,0,23,21,0,29
1,1,480086,29,0,0,0,0,0,0,0,0,0
2,1,480086,0,0,0,0,0,0,0,0,0,0
0,1,480087,0,22,6,0,0,0,0,0,7,0
1,1,480087,0,0,0,0,0,0,0,0,0,0
2,1,480087,0,0,0,0,0,0,0,0,0,0
0,1,480088,15,22,22,13,21,0,28,45,0,0
1,1,480088,16,7,8,6,9,0,22,19,12,18
1,1,480089,0,0,0,0,0,0,0,0,0,0
2,1,480089,0,12,0,0,0,0,0,0,0,0
1,1,480090,4,0,15,0,0,0,0,0,0,0
1,1,480091,13,25,22,16,16,0,26,13,24,13
1,1,480092,0,20,0,0,0,0,25,0,0,0
2,1,480092,0,0,0,0,0,0,0,0,0,0
0,1,480093,17,17,17,17,17,17,17,17,17,17
1,1,480093,0,0,0,0,0,0,0,0,0,0
1,1,480094,15,15,15,15,15,15,15,15,15,15
2,1,480094,0,0,0,0,0,0,0,0,0,0
1,1,480095,0,0,0,0,0,0,0,0,0,0
2,1,480095,0,5,0,0,0,0,0,0,0,0
1,1,480096,34,34,34,34,34,34,34,34,34,34
1,1,480097,10,10,10,10,10,10,10,10,10,10
0,1,480098,0,0,0,0,0,0,0,0,0,0
1,1,480098,0,0,0,0,0,0,0,0,0,0
1,1,480099,0,0,18,0,0,0,0,0,0,0
2,1,480099,0,0,0,10,0,0,0,0,0,3
3,1,480099,0,0,22,0,0,0,0,0,0,0
1,1,480100,16,0,0,0,0,10,0,0,43,13
1,1,480101,0,0,0,0,0,0,0,0,0,0
2,1,480101,0,0,0,0,0,0,0,0,0,0
3,1,480101,0,0,0,0,0,0,0,0,0,0
4,1,480101,0,0,0,0,0,0,0,0,0,0
5,1,480101,0,0,0,0,0,0,7,0,0,0
1,1,480102,11,0,4,0,0,20,0,0,6,0
1,1,480103,0,0,0,0,0,0,0,0,0,0
0,1,480104,31,28,0,15,0,22,5,0,28,10
1,1,480104,0,0,0,0,0,0,0,0,0,0
1,1,480105,0,6,9,8,11,14,8,6,10,20
2,1,480105,0,0,0,0,0,0,0,0,0,0
1,1,480106,0,11,10,11,5,25,0,0,14,26
1,1,480107,0,0,0,0,0,0,0,0,0,0
2,1,480107,0,0,0,15,28,0,0,0,0,0
1,1,480108,0,13,0,0,0,22,0,0,0,28
1,1,480109,0,0,0,0,0,0,0,0,0,0
2,1,480109,17,11,12,12,7,0,38,16,20,15
1,1,480110,0,0,0,0,0,0,0,0,0,0
2,1,480110,0,0,0,0,0,0,0,0,0,0
1,1,480111,0,0,0,0,0,0,0,0,0,0
1,1,480112,21,0,36,0,0,16,28,0,0,0
2,1,480112,0,0,0,0,0,0,0,0,0,0