VEH_NO,PER_NO,ST_CASE,P1,P2,P3,P4,P5,P6,P7,P8,P9,P10
1,1,480113,23,9,0,17,19,17,13,0,33,25
1,1,480114,18,18,18,18,18,18,18,18,18,18
2,1,480114,0,0,0,0,0,0,0,0,0,0
1,1,480115,3,10,23,3,21,16,18,18,0,19
2,1,480115,11,4,20,0,0,13,22,0,28,0
3,1,480115,0,12,14,12,29,13,15,11,10,17
1,1,480116,3,3,3,3,3,3,3,3,3,3
1,1,480117,32,32,32,32,32,32,32,32,32,32
1,1,480118,0,5,0,0,0,0,0,0,0,0
1,1,480119,0,0,0,0,0,0,0,0,0,0
1,1,480120,0,0,0,0,0,0,0,0,0,0
2,1,480120,0,0,5,0,0,0,0,0,0,0
1,1,480121,35,0,0,18,29,0,0,24,30,35
1,1,480122,0,0,0,0,0,0,0,0,0,0
2,1,480122,0,0,0,0,0,0,12,0,0,0
1,1,480123,37,18,12,29,17,0,12,15,21,20
1,1,480124,0,0,8,0,0,0,0,5,0,12
1,1,480125,6,23,23,15,0,21,12,17,13,30
0,1,480126,3,3,3,3,3,3,3,3,3,3
1,1,480126,0,0,0,0,0,0,0,0,0,0
1,1,480127,0,0,0,0,0,0,0,0,0,0
1,1,480128,0,0,0,0,0,0,0,0,0,0
2,1,480128,0,0,0,0,0,0,0,0,0,22
0,1,480129,0,0,0,0,0,0,0,0,0,0
1,1,480129,0,0,0,0,0,0,0,0,0,0
1,1,480130,18,0,22,0,0,0,16,0,0,25
1,1,480131,0,0,0,0,0,0,0,0,0,0
2,1,480131,26,26,26,26,26,26,26,26,26,26
1,1,480132,18,17,0,0,15,24,8,0,16,0
1,1,480133,14,14,14,14,14,14,14,14,14,14
0,1,480134,0,27,0,26,0,0,29,0,0,0
1,1,480134,0,0,8,0,0,21,0,0,0,0
1,1,480135,0,0,0,0,0,0,0,0,0,0
2,1,480135,0,0,0,0,0,0,0,0,0,0
3,1,480135,0,0,0,0,0,0,0,0,0,0
0,1,480136,0,0,0,0,0,0,0,0,0,0
1,1,480136,0,0,11,0,0,0,0,0,0,5
0,1,480137,0,0,0,0,0,0,0,0,8,30
1,1,480137,0,0,0,0,0,0,0,0,0,0
1,1,480138,0,0,0,0,0,0,0,0,0,0
2,1,480138,0,0,0,0,0,0,0,16,0,0
1,1,480139,12,19,34,29,16,23,18,19,24,14
1,1,480140,0,0,0,0,0,0,0,0,0,0
2,1,480140,0,22,0,0,0,0,12,7,17,0
1,1,480141,19,8,27,21,0,19,19,18,11,0
1,1,480142,18,0,14,0,0,0,18,0,8,0
1,1,480143,21,8,0,0,12,15,18,16,0,12
1,1,480144,0,0,0,0,0,0,0,0,0,0
2,1,480144,0,0,0,10,0,11,0,0,2,0
1,1,480145,0,0,0,0,0,0,0,0,0,0
2,1,480145,0,0,0,0,0,0,0,0,0,0
1,1,480146,0,0,0,0,20,0,0,0,0,0
2,1,480146,0,0,0,0,0,30,11,18,25,13
3,1,480146,13,13,13,13,13,13,13,13,13,13
1,1,480147,0,0,0,0,0,0,0,0,0,0
2,1,480147,0,0,0,9,0,19,0,0,21,0
0,1,480148,13,0,0,0,0,30,9,0,0,0
0,2,480148,0,0,0,0,0,14,0,22,0,23
0,3,480148,0,0,0,0,0,13,21,0,23,0
1,1,480148,12,0,0,21,0,0,8,0,0,0
2,1,480148,0,0,10,0,17,0,0,0,0,0
1,1,480149,0,0,10,0,0,0,0,0,0,0
2,1,480149,0,0,0,0,0,0,0,0,0,0
1,1,480150,29,29,29,29,29,29,29,29,29,29
2,1,480150,0,0,0,0,0,0,0,0,0,0
1,1,480151,0,26,11,0,0,0,0,0,0,0
2,1,480151,0,0,0,0,0,0,0,0,0,0
1,1,480152,5,0,0,0,0,11,3,14,0,8
1,1,480153,11,5,6,7,3,13,5,3,8,8
1,1,480154,8,8,8,8,8,8,8,8,8,8
1,1,480155,0,0,0,0,0,0,0,0,0,0
2,1,480155,25,0,0,0,20,0,8,0,9,0
1,1,480156,0,0,16,31,26,11,28,0,0,15
0,1,480157,1,1,1,1,1,1,1,1,1,1
1,1,480157,0,0,15,0,7,0,19,11,0,0
0,1,480158,0,0,0,0,0,0,0,0,0,0
1,1,480158,0,0,0,0,0,0,0,0,0,0
1,1,480159,0,0,0,0,0,0,0,0,0,0
1,1,480160,16,16,16,16,16,16,16,16,16,16
1,1,480161,0,0,17,0,0,0,0,0,0,0
2,1,480161,0,0,0,0,0,0,0,0,0,8
3,1,480161,0,0,0,0,0,0,0,0,0,0
4,1,480161,0,0,0,0,0,0,0,0,0,0
1,1,480162,0,0,0,0,0,0,0,0,0,0
1,1,480163,0,0,0,0,0,0,0,0,2,0
2,1,480163,0,0,0,0,0,0,0,0,0,0
1,1,480164,0,0,0,0,0,0,0,0,0,0
2,1,480164,0,0,0,0,0,0,0,0,0,0
1,1,480165,0,0,0,0,0,0,0,0,0,0
1,1,480166,0,0,0,0,0,0,0,0,0,0
1,1,480167,0,0,0,0,0,0,0,0,0,0
2,1,480167,0,0,0,0,0,18,0,0,0,4
1,1,480168,0,0,0,0,0,0,0,0,0,0
0,1,480169,0,0,0,0,0,0,0,0,0,0
1,1,480169,28,14,16,17,22,17,11,20,19,10
1,1,480170,0,0,8,0,0,0,0,0,0,0
2,1,480170,0,0,0,0,0,0,0,0,0,0
3,1,480170,0,0,0,0,0,0,0,0,0,0
1,1,480171,25,0,0,0,0,0,0,23,0,0
2,1,480171,0,0,0,0,0,0,0,0,0,0
0,1,480172,0,0,10,7,0,0,0,0,0,0
1,1,480172,0,0,0,17,0,0,0,0,5,0
1,1,480173,0,0,0,0,0,0,0,0,0,0
2,1,480173,0,0,0,0,0,0,0,0,0,0
1,1,480174,0,0,0,0,0,0,0,0,0,0
2,1,480174,0,0,0,0,0,0,0,0,0,0
3,1,480174,0,0,0,0,0,0,0,0,0,0
0,1,480175,29,29,29,29,29,29,29,29,29,29
1,1,480175,90,90,90,90,90,90,90,90,90,90
0,1,480176,0,15,18,13,11,0,22,0,0,28
1,1,480176,0,0,0,0,0,0,0,0,0,0
1,1,480177,38,38,38,38,38,38,38,38,38,38
1,1,480178,0,12,0,12,24,12,18,0,0,23
2,1,480178,0,0,0,0,0,0,0,0,0,0
1,1,480179,16,11,26,20,42,13,30,0,17,13
1,1,480180,0,0,14,0,0,0,0,0,0,4
2,1,480180,23,0,33,18,17,0,29,0,0,26
3,1,480180,0,0,0,0,0,0,17,0,0,0
1,1,480181,17,17,17,17,17,17,17,17,17,17
1,1,480182,0,0,0,0,0,0,0,0,0,0
1,1,480183,0,0,0,0,0,0,0,0,0,0
2,1,480183,0,0,0,0,0,0,10,0,0,0
1,1,480184,17,17,17,17,17,17,17,17,17,17
2,1,480184,0,0,0,0,0,0,0,0,0,0
0,1,480185,4,4,4,4,4,4,4,4,4,4
1,1,480185,23,0,0,5,0,10,8,4,6,0
1,1,480186,17,17,17,17,17,17,17,17,17,17
0,1,480187,0,0,16,14,0,0,0,0,0,0
1,1,480187,0,0,0,0,15,0,21,0,0,0
1,1,480188,0,0,0,0,0,0,0,0,0,0
2,1,480188,0,0,0,0,15,10,0,0,0,0
0,1,480189,22,22,22,22,22,22,22,22,22,22
1,1,480189,0,0,7,6,11,0,9,7,13,8
1,1,480190,4,14,0,5,0,0,0,0,0,0
1,1,480191,26,18,17,16,16,20,30,12,21,16
1,1,480192,0,0,4,0,0,0,0,0,0,9
2,1,480192,0,0,0,0,0,0,0,0,0,0
1,1,480193,0,0,0,0,0,0,0,0,0,0
2,1,480193,0,0,0,0,0,0,0,0,0,0
1,1,480194,0,0,0,0,0,0,0,0,0,0
2,1,480194,0,8,0,0,0,0,0,0,0,0
1,1,480195,20,20,20,20,20,20,20,20,20,20
2,1,480195,0,0,0,0,0,0,7,11,9,7
3,1,480195,0,0,0,0,0,0,0,0,0,0
1,1,480196,0,0,0,0,0,0,0,0,0,0
1,1,480197,0,22,0,25,0,0,0,8,13,0
1,1,480198,0,0,0,0,0,0,0,0,0,0
2,1,480198,0,0,0,0,0,0,0,0,0,0
1,1,480199,0,0,0,0,0,0,0,0,0,0
2,1,480199,0,0,9,0,0,0,0,0,0,0
3,1,480199,0,0,0,0,0,0,0,0,0,0
0,1,480200,0,0,0,0,0,0,0,0,0,0
1,1,480200,0,0,0,0,0,0,0,6,0,0
1,1,480201,0,15,0,22,0,26,35,16,20,29
1,1,480202,0,0,0,0,0,0,0,0,0,0
2,1,480202,0,0,0,0,0,0,0,0,0,0
1,1,480203,13,13,13,13,13,13,13,13,13,13
1,1,480204,0,0,0,0,0,0,0,0,0,0
2,1,480204,0,0,0,0,0,0,0,9,0,15
1,1,480205,17,17,17,17,17,17,17,17,17,17
1,1,480206,18,18,18,18,18,18,18,18,18,18
1,1,480207,0,0,0,0,20,2,0,0,0,21
2,1,480207,0,0,0,0,0,0,0,0,0,0
0,1,480208,0,0,0,0,0,0,0,0,0,0
1,1,480208,0,0,0,0,0,0,0,0,13,0
2,1,480208,0,0,0,0,0,16,0,0,33,0
0,1,480209,0,0,0,0,0,0,0,0,0,0
1,1,480209,0,0,0,0,0,0,0,0,0,0
0,1,480210,0,0,17,0,0,0,0,0,0,0
1,1,480210,0,0,0,0,0,0,0,0,0,0
1,1,480211,0,0,0,0,0,0,0,0,0,0
2,1,480211,0,0,0,0,0,0,0,0,0,0
1,1,480212,23,17,15,0,0,10,14,10,19,19
1,1,480213,0,0,0,0,0,0,0,0,0,0
2,1,480213,3,9,0,0,5,8,3,11,3,0
1,1,480214,4,4,4,4,4,4,4,4,4,4
1,1,480215,0,0,19,0,0,0,28,0,0,0
0,1,480216,13,0,0,0,10,0,0,0,0,0
1,1,480216,0,0,0,0,0,0,0,0,28,0
2,1,480216,0,0,14,0,0,0,0,0,0,0
1,1,480217,25,25,25,25,25,25,25,25,25,25
2,1,480217,6,0,0,7,5,0,0,10,0,8
3,1,480217,0,0,0,0,0,0,0,3,5,0
4,1,480217,0,0,0,0,0,0,0,0,0,0
5,1,480217,0,0,0,0,0,0,0,0,0,0
0,1,480218,0,21,12,5,14,34,0,36,0,12
1,1,480218,0,8,0,0,0,0,0,23,12,0
1,1,480219,0,4,0,9,0,0,0,0,0,0
2,1,480219,0,0,0,0,0,0,0,7,0,0
1,1,480220,16,16,16,16,16,16,16,16,16,16
1,1,480221,0,0,0,0,0,0,0,0,0,0
1,1,480222,0,0,0,0,0,0,0,0,0,0
2,1,480222,0,0,0,0,11,0,0,12,0,0
1,1,480223,66,66,66,66,66,66,66,66,66,66
1,1,480224,0,0,0,0,0,0,0,0,0,0
1,12,480225,0,0,0,0,11,0,3,0,0,0
1,1,480226,4,4,4,4,4,4,4,4,4,4
1,1,480227,0,10,0,0,0,15,0,0,0,0
1,1,480228,0,13,0,0,0,5,9,0,4,0
1,1,480229,0,0,0,0,0,0,0,0,0,0
2,1,480229,20,20,20,20,20,20,20,20,20,20
1,1,480230,40,17,21,14,26,17,0,0,23,17
1,1,480231,13,13,13,13,13,13,13,13,13,13
1,1,480232,0,0,0,0,26,0,0,20,0,8
1,1,480233,11,21,0,0,0,0,0,20,0,8
1,1,480234,0,26,16,0,12,14,17,23,13,30
1,1,480235,0,0,0,0,0,0,0,0,0,0
2,1,480235,0,0,0,0,0,0,0,0,0,0
3,1,480235,0,0,0,0,0,0,0,0,0,0
0,1,480236,0,0,0,0,0,0,0,0,0,0
1,1,480236,0,0,0,0,0,0,0,0,0,0
1,1,480237,4,0,0,0,0,0,0,0,0,0
2,1,480237,0,0,0,0,0,0,0,0,0,0
1,1,480238,0,0,25,0,12,0,0,0,0,0
1,1,480239,14,16,26,0,0,0,0,0,0,0
1,1,480240,0,0,0,0,0,0,11,0,10,0
2,1,480240,0,0,0,0,0,0,0,0,0,0
1,1,480241,0,8,0,0,0,3,32,0,25,0
1,1,480242,0,0,0,0,0,0,0,0,0,0
2,1,480242,0,0,0,0,0,0,0,0,0,0
1,1,480243,9,0,0,0,0,0,24,9,0,0
2,1,480243,10,5,17,6,0,19,8,0,8,6
1,1,480244,19,19,19,19,19,19,19,19,19,19
1,1,480245,0,0,0,0,0,0,0,0,0,0
2,1,480245,0,0,0,0,0,11,0,0,0,0
1,1,480246,0,2,0,0,10,0,0,0,0,0
0,1,480247,0,0,16,0,0,14,0,8,29,17
1,1,480247,0,0,0,0,0,0,0,0,0,0
1,1,480248,34,13,24,0,26,13,0,5,0,13
1,1,480249,0,0,0,0,0,0,0,0,0,0
1,1,480250,0,10,27,0,22,19,30,0,9,12
1,1,480251,0,0,0,0,0,0,0,0,0,0
2,1,480251,12,8,0,3,0,0,0,0,0,0
0,1,480252,0,0,0,0,0,0,0,0,0,0
1,1,480252,0,0,0,0,0,0,0,24,0,12
1,1,480253,24,24,24,24,24,24,24,24,24,24
1,1,480254,19,19,19,19,19,19,19,19,19,19
1,1,480255,16,22,27,15,15,17,15,17,26,19
1,1,480256,0,0,0,0,24,0,14,0,0,0
1,1,480257,0,0,0,0,0,0,0,0,0,0
2,1,480257,0,0,0,0,0,0,0,0,0,0
1,1,480258,0,0,12,0,0,0,0,0,0,0
2,1,480258,0,0,0,0,0,0,0,0,0,0
0,1,480259,8,8,8,8,8,8,8,8,8,8
1,1,480259,0,0,0,0,0,0,0,0,0,0
1,1,480260,16,16,16,16,16,16,16,16,16,16
0,1,480261,12,12,12,12,12,12,12,12,12,12
1,1,480261,0,0,0,14,0,0,0,0,0,0
1,1,480262,15,21,13,35,12,29,28,17,43,6
1,1,480263,18,18,18,18,18,18,18,18,18,18
1,1,480264,0,0,0,0,0,0,0,0,0,0
1,1,480265,0,0,0,0,17,0,0,0,11,0
1,1,480266,14,14,14,14,14,14,14,14,14,14
1,1,480267,0,0,10,17,0,2,0,15,0,15
2,1,480267,0,0,0,0,0,0,0,0,0,0
1,1,480268,0,0,0,0,0,0,0,0,0,0
2,1,480268,0,0,0,0,0,0,0,0,0,0
1,1,480269,0,0,0,0,0,0,0,0,0,0
2,1,480269,0,0,0,0,0,0,0,0,13,0
3,1,480269,0,0,0,0,28,0,0,0,0,0
1,1,480270,13,13,13,13,13,13,13,13,13,13
1,1,480271,0,0,0,0,0,0,0,0,0,0
2,1,480271,7,7,7,7,7,7,7,7,7,7
1,1,480272,0,0,0,0,0,0,0,0,0,0
2,1,480272,0,0,0,0,0,0,5,0,0,0
1,1,480273,0,0,0,0,0,0,0,0,5,0
2,1,480273,0,0,0,0,0,0,0,0,0,0
1,1,480274,0,0,27,0,0,0,0,0,0,0
2,1,480274,0,0,0,0,0,0,0,14,13,0
0,1,480275,38,38,38,38,38,38,38,38,38,38
1,1,480275,15,21,0,0,0,0,16,0,32,3
0,1,480276,0,0,0,7,26,9,20,0,12,0
1,1,480276,0,0,0,0,0,0,0,0,0,0
1,1,480277,0,0,0,0,0,0,0,0,0,0
0,1,480278,0,0,0,0,0,0,0,0,0,0
1,1,480278,0,0,0,0,0,0,0,0,0,0
1,1,480279,0,0,0,0,0,0,0,0,0,0
2,1,480279,0,0,0,0,0,0,0,0,0,0
1,1,480280,0,0,0,0,0,22,33,0,0,17
1,1,480281,19,19,19,19,19,19,19,19,19,19
0,1,480282,21,21,21,21,21,21,21,21,21,21
1,1,480282,0,0,0,0,0,0,0,0,0,0
1,1,480283,0,0,0,0,24,0,0,0,0,0
0,1,480284,0,0,0,0,0,0,0,0,0,0
1,1,480284,0,0,0,0,0,0,20,0,0,0
2,1,480284,0,12,0,24,0,0,0,0,0,0
1,1,480285,0,0,0,0,0,0,0,0,0,0
1,1,480286,22,0,0,0,5,22,0,0,0,0
1,1,480287,19,6,12,17,19,13,11,14,10,13
1,1,480288,0,0,0,0,0,0,0,0,0,0
2,1,480288,0,0,0,0,0,2,0,0,0,0
1,1,480289,0,0,0,0,0,0,0,0,0,0
2,1,480289,0,0,0,0,21,0,12,0,0,0
0,1,480290,0,22,20,0,26,0,0,0,3,28
1,1,480290,21,12,0,0,0,20,8,12,18,22
1,1,480291,0,0,0,0,0,0,3,0,0,0
2,1,480291,20,0,0,0,0,0,0,22,0,0
1,1,480292,22,28,26,25,18,15,20,16,38,12
1,1,480293,0,0,0,0,0,0,0,0,0,0
2,1,480293,0,0,0,0,0,0,0,0,0,0
3,1,480293,0,0,0,0,13,0,0,0,0,0
1,1,480294,12,15,6,10,15,11,23,16,9,28
2,1,480294,0,0,0,0,13,0,0,0,0,0
1,1,480295,0,0,0,0,0,0,0,0,0,0
1,1,480296,13,0,11,0,8,0,0,0,0,0
1,1,480297,26,7,0,10,19,0,0,0,0,10
2,1,480297,0,0,0,0,0,0,0,0,0,0
1,1,480298,26,0,0,0,29,13,29,0,0,0
2,1,480298,9,0,11,0,0,17,0,0,0,0
1,1,480299,3,11,7,13,6,4,2,3,10,6
1,1,480300,10,11,10,17,24,2,26,13,16,20
1,1,480301,23,23,23,23,23,23,23,23,23,23
1,1,480302,0,0,0,0,0,0,0,0,0,12
1,1,480303,0,0,15,0,0,0,0,0,0,0
2,1,480303,0,0,0,13,0,0,0,0,0,0
1,1,480304,18,18,18,18,18,18,18,18,18,18
2,1,480304,0,0,7,0,0,0,0,0,0,0
0,1,480305,8,8,8,8,8,8,8,8,8,8
1,1,480305,0,8,0,21,8,16,11,7,0,16
1,1,480306,34,16,17,27,25,8,6,16,28,22
1,1,480307,8,7,5,5,0,0,0,7,10,0
1,1,480308,0,0,0,0,0,0,0,0,0,0
2,1,480308,0,0,0,0,0,0,0,0,0,0
0,1,480309,31,31,31,31,31,31,31,31,31,31
1,1,480309,30,0,0,37,0,14,0,0,0,23
2,1,480309,0,0,29,7,0,0,0,0,0,0
3,1,480309,0,0,0,0,0,0,0,0,0,0
1,1,480310,0,0,0,0,0,0,0,0,0,0
1,1,480311,15,15,15,15,15,15,15,15,15,15
1,1,480312,0,0,28,0,10,0,7,0,15,0
2,1,480312,0,0,0,0,0,0,0,0,0,0
1,1,480313,10,0,12,0,0,0,0,14,0,20
1,1,480314,8,8,8,8,8,8,8,8,8,8
1,1,480315,0,0,0,0,0,0,0,0,0,0
0,1,480316,2,2,2,2,2,2,2,2,2,2
1,1,480316,0,28,0,0,0,0,0,0,9,0
0,1,480317,20,20,20,20,20,20,20,20,20,20
1,1,480317,5,0,0,15,0,14,0,0,0,0
0,1,480318,21,21,21,21,21,21,21,21,21,21
1,1,480318,0,0,0,0,0,0,0,0,0,0
1,1,480319,0,0,0,0,22,0,15,0,0,0
2,1,480319,0,0,0,0,0,0,0,0,0,0
1,1,480320,8,8,8,8,8,8,8,8,8,8
0,1,480321,7,7,7,7,7,7,7,7,7,7
1,1,480321,0,0,24,0,0,4,0,0,0,0
1,1,480322,31,19,21,29,20,9,32,18,13,0
1,1,480324,0,0,25,19,21,0,11,23,0,12
2,1,480324,0,0,0,0,0,0,0,0,0,0
1,1,480325,0,0,0,0,0,0,0,0,0,0
2,1,480325,0,0,0,0,0,0,0,0,0,0
0,1,480326,0,0,0,35,0,0,0,0,0,0
1,1,480326,0,0,0,0,0,0,0,0,0,0
1,1,480327,0,0,0,0,0,0,0,0,0,19
2,1,480327,0,0,0,0,0,0,0,0,0,0
1,1,480328,15,15,15,15,15,15,15,15,15,15
2,1,480328,0,6,0,0,0,0,0,0,0,0
3,1,480328,0,0,0,21,0,0,0,0,0,0
0,1,480329,18,18,18,18,18,18,18,18,18,18
1,1,480329,0,11,0,0,3,0,25,0,0,8
1,1,480330,23,23,23,23,23,23,23,23,23,23
0,1,480331,22,0,13,9,34,0,37,0,29,0
1,1,480331,9,0,6,0,0,0,0,19,0,0
1,1,480332,30,7,0,25,0,0,13,7,15,0
2,1,480332,0,0,0,0,0,0,0,0,0,0
1,1,480334,0,0,0,0,0,0,0,0,0,0
2,1,480334,0,0,0,0,0,7,0,0,0,22
1,1,480335,0,0,0,0,0,0,10,13,0,0
1,1,480336,0,0,0,0,0,0,0,0,0,0
2,1,480336,0,0,0,0,0,0,0,0,0,0
1,1,480337,0,0,0,0,0,5,0,0,0,0
1,1,480338,17,17,17,17,17,17,17,17,17,17
2,1,480338,5,0,13,21,0,13,0,0,0,20
1,1,480339,21,8,18,6,14,10,22,8,24,3
2,1,480339,7,0,0,0,0,0,0,0,0,0
1,1,480340,0,14,21,15,0,25,0,18,0,0
1,1,480341,0,0,0,0,8,0,0,27,13,0
1,1,480343,0,0,0,0,0,0,0,0,0,0
2,1,480343,0,0,0,0,0,0,0,0,0,0
0,1,480344,0,0,0,30,0,0,9,0,5,0
1,1,480344,0,0,0,0,0,0,0,0,0,0
1,1,480345,0,0,0,0,0,0,18,30,11,23
2,1,480345,0,0,0,0,0,0,0,0,0,0
1,1,480346,0,10,0,26,0,0,25,0,0,27
1,1,480347,0,0,0,0,0,0,0,17,0,0
0,1,480348,0,0,0,0,0,0,0,0,9,0
1,1,480348,0,0,0,0,0,0,0,0,0,0
0,1,480349,16,16,16,16,16,16,16,16,16,16
1,1,480349,0,0,0,0,0,0,0,0,0,0
1,1,480350,25,25,25,25,25,25,25,25,25,25
2,1,480350,0,0,0,0,0,0,0,0,0,0
1,1,480351,0,0,0,0,0,0,0,0,0,0
2,1,480351,0,0,14,0,0,0,16,0,0,0
1,1,480352,0,0,0,0,0,0,0,0,0,0
0,1,480353,20,0,0,4,0,0,14,25,0,0
1,1,480353,0,14,0,0,0,0,0,0,0,0
1,1,480354,12,13,19,0,0,15,30,0,0,33
0,1,480355,30,30,30,30,30,30,30,30,30,30
1,1,480355,0,0,0,0,0,0,0,0,0,0
1,1,480356,14,23,13,13,17,10,19,14,11,26
1,1,480357,13,13,13,13,13,13,13,13,13,13
2,1,480357,0,0,0,0,4,0,0,0,0,0
1,1,480358,0,0,0,0,0,0,0,0,0,11
2,1,480358,0,0,0,0,0,0,0,10,0,0
1,1,480359,0,0,0,0,0,0,0,0,0,0
2,1,480359,0,0,0,0,0,0,0,0,0,0
1,1,480360,25,25,25,25,25,25,25,25,25,25
1,1,480361,0,0,0,0,5,20,0,0,7,25
2,1,480361,0,0,0,0,0,0,0,0,0,0
0,1,480362,0,0,0,0,0,0,0,0,0,6
1,1,480362,0,0,0,0,0,0,8,0,0,0
1,1,480364,0,0,0,0,0,0,0,0,0,18
2,1,480364,0,0,0,0,0,0,0,0,0,0
1,1,480365,9,9,9,9,9,9,9,9,9,9
1,1,480366,14,0,8,18,12,9,17,12,18,7
1,1,480367,23,23,23,23,23,23,23,23,23,23
2,1,480367,0,0,0,0,0,0,0,0,0,0
1,1,480368,9,9,9,9,9,9,9,9,9,9
1,1,480369,0,2,0,0,0,11,0,0,5,0
2,1,480369,0,0,0,0,0,0,0,0,0,0
1,4,480370,0,13,0,0,7,8,12,0,0,21
0,1,480371,0,0,0,0,0,0,0,0,0,0
1,1,480371,0,0,11,0,0,0,0,0,0,0
1,1,480372,9,9,9,9,9,9,9,9,9,9
1,1,480373,0,0,0,0,18,0,15,6,0,0
2,1,480373,0,0,0,0,0,0,0,0,0,0
1,1,480374,0,0,0,0,0,0,0,0,0,0
2,1,480374,0,0,0,0,0,0,0,0,0,0
1,1,480375,28,28,28,28,28,28,28,28,28,28
1,1,480376,22,26,11,18,22,19,16,15,28,21
2,1,480377,0,0,0,0,0,0,0,0,0,0
1,1,480378,0,0,0,0,0,0,10,0,0,0
2,1,480378,0,0,0,0,0,0,0,0,0,0
1,1,480379,0,0,0,0,0,0,0,0,0,0
1,1,480380,0,0,0,0,0,0,0,0,0,0
2,1,480380,0,0,0,0,0,0,0,4,0,0
1,1,480381,0,0,0,0,0,11,20,0,0,0
2,1,480381,0,0,7,0,0,0,0,0,0,0
1,1,480382,0,0,0,0,21,0,0,0,0,18
1,1,480383,0,6,0,22,13,17,10,0,0,0
2,1,480383,0,0,0,0,0,0,0,0,0,0
1,1,480385,0,0,0,0,0,0,0,0,0,0
2,1,480385,26,26,26,26,26,26,26,26,26,26
1,1,480386,0,0,0,0,0,0,0,0,0,0
2,1,480386,0,0,0,0,0,0,0,0,0,0
1,1,480387,25,25,25,25,25,25,25,25,25,25
1,1,480388,33,26,0,12,18,29,10,29,19,6
0,1,480389,13,0,27,11,0,0,25,0,0,14
0,2,480389,17,17,17,17,17,17,17,17,17,17
1,1,480389,17,9,14,15,0,0,0,0,0,15
1,1,480390,0,0,0,0,0,0,0,0,0,0
2,1,480390,0,0,0,0,0,0,0,0,0,8
1,1,480391,0,0,0,0,0,0,0,0,0,0
1,1,480393,0,0,0,0,0,0,0,0,0,0
1,1,480394,0,0,0,0,0,0,0,0,0,0
2,1,480394,0,11,0,0,0,0,11,0,13,0
1,1,480395,0,0,0,0,0,0,0,0,0,15
1,1,480396,0,0,0,0,4,0,0,0,0,14
2,1,480396,0,0,0,0,0,21,0,0,0,0
1,1,480397,0,0,0,0,0,0,0,0,0,0
2,1,480397,0,0,0,0,0,0,0,0,0,0
0,1,480398,21,34,24,33,12,12,25,9,35,29
1,1,480398,0,0,0,0,0,12,0,0,0,0
1,1,480399,12,12,12,12,12,12,12,12,12,12
2,1,480399,0,0,0,0,11,0,0,0,0,0
0,1,480400,0,0,0,0,0,0,0,0,0,0
1,1,480400,0,0,0,0,0,0,15,0,0,0
1,1,480401,0,17,30,29,18,22,15,17,22,10
2,1,480401,0,0,0,0,0,0,0,0,0,0
1,1,480402,0,0,0,0,0,0,0,0,0,0
2,1,480402,23,23,23,23,23,23,23,23,23,23
1,1,480403,0,0,0,0,0,0,0,0,0,0
1,1,480404,0,0,0,0,0,0,0,0,0,0
2,1,480404,0,0,0,0,0,0,0,0,0,0
1,1,480405,14,14,14,14,14,14,14,14,14,14
2,1,480405,0,6,6,0,0,0,14,0,0,0
1,1,480406,11,11,11,11,11,11,11,11,11,11
1,1,480407,0,0,0,0,0,0,0,0,0,0
2,1,480407,9,9,9,9,9,9,9,9,9,9
1,1,480408,0,0,0,0,0,0,0,0,0,0
2,1,480408,0,0,0,0,0,0,0,0,0,0
1,1,480409,0,26,0,0,9,23,0,15,14,21
0,1,480410,16,16,16,16,16,16,16,16,16,16
1,1,480410,0,0,0,0,0,0,18,16,7,0
0,1,480411,4,4,4,4,4,4,4,4,4,4
1,1,480411,0,0,0,0,0,12,0,0,0,25
1,1,480412,0,0,0,0,0,0,0,0,0,0
2,1,480412,0,0,0,0,0,0,0,0,0,0
3,1,480412,0,0,0,0,0,0,5,0,0,0
0,1,480413,0,0,0,0,0,0,0,0,0,5
0,2,480413,0,0,0,4,0,13,9,15,0,0
1,1,480413,0,0,0,0,0,0,0,0,0,19
1,1,480414,0,6,0,32,14,0,0,0,0,0
1,1,480415,10,0,0,0,9,0,0,0,0,0
2,1,480415,0,0,0,0,0,0,0,0,0,0
1,1,480416,0,0,0,8,0,0,0,0,0,0
2,1,480416,0,0,0,0,0,0,0,0,0,0
0,1,480420,0,0,0,0,26,17,17,15,0,0
1,1,480420,0,25,0,0,0,0,0,5,14,0
2,1,480420,0,0,0,0,0,0,0,0,0,16
1,1,480421,0,0,0,0,0,0,0,0,0,0
2,1,480421,10,0,8,24,0,0,0,0,0,24
3,1,480421,0,0,0,0,0,0,0,8,0,0
1,1,480422,25,19,10,0,17,0,13,0,14,17
1,1,480423,0,0,0,0,0,0,0,0,0,0
2,1,480423,0,0,0,0,6,0,0,0,0,0
1,1,480424,24,34,0,0,0,0,0,0,12,0
1,1,480425,3,3,3,3,3,3,3,3,3,3