VEH_NO,PER_NO,ST_CASE,P1,P2,P3,P4,P5,P6,P7,P8,P9,P10
2,1,480425,4,6,5,7,2,10,5,0,5,8
1,1,480426,0,0,0,0,0,5,17,0,0,0
1,1,480428,16,16,16,16,16,16,16,16,16,16
1,1,480429,29,15,15,19,11,27,16,13,16,6
1,1,480430,16,28,15,9,53,25,23,21,9,20
1,1,480431,0,0,0,0,0,8,0,0,0,0
1,1,480435,27,27,27,27,27,27,27,27,27,27
1,1,480436,0,0,0,0,0,0,0,0,0,0
2,1,480436,0,0,0,0,0,0,0,0,0,0
1,1,480437,0,0,0,0,0,0,0,0,0,0
1,1,480438,19,0,0,0,0,0,0,0,0,0
1,1,480440,0,0,0,0,0,0,0,0,0,0
2,1,480440,0,0,0,0,0,0,0,0,0,0
1,1,480441,0,0,0,0,0,0,0,0,0,0
1,1,480442,0,0,0,0,0,0,0,0,0,0
1,1,480443,0,20,0,0,33,0,0,0,0,0
1,1,480444,0,0,0,0,0,0,0,0,0,0
2,1,480444,0,0,0,0,13,10,0,0,0,14
1,1,480445,0,0,0,0,0,0,0,0,0,0
2,1,480445,0,0,0,0,0,0,0,0,0,0
1,1,480446,0,0,0,0,0,0,0,0,0,0
1,1,480447,0,27,0,0,0,12,12,0,17,0
1,1,480448,0,13,0,23,12,27,0,25,12,16
1,1,480449,9,19,6,17,9,0,36,24,30,14
1,1,480450,11,29,34,15,7,7,14,5,16,0
1,1,480451,21,21,21,21,21,21,21,21,21,21
1,1,480452,4,0,19,8,0,10,11,4,5,17
2,1,480452,0,0,0,0,0,0,0,0,0,0
0,1,480453,0,0,12,0,5,0,0,0,0,16
1,1,480453,0,0,0,8,0,0,0,16,0,0
1,1,480454,0,0,0,0,0,0,0,0,9,0
1,1,480455,0,0,0,0,0,0,0,0,0,0
2,1,480455,0,0,0,0,0,0,0,0,0,0
1,1,480456,0,0,0,0,0,0,0,0,0,0
2,1,480456,0,0,0,0,0,0,0,0,0,0
3,1,480456,0,0,0,0,0,0,0,0,0,0
1,1,480457,0,0,0,0,0,0,0,0,0,0
2,1,480457,11,0,0,0,0,0,0,0,0,13
0,1,480458,0,0,0,0,0,0,0,0,0,0
1,1,480458,0,0,0,0,0,0,0,0,0,8
1,1,480459,19,0,0,17,0,0,22,0,0,0
1,1,480460,22,22,22,22,22,22,22,22,22,22
2,1,480460,0,0,0,12,0,0,0,0,20,0
1,1,480461,32,32,32,32,32,32,32,32,32,32
1,1,480462,0,0,0,0,0,0,0,0,0,0
1,1,480463,0,0,0,0,0,0,0,0,0,0
2,1,480463,0,0,0,0,0,0,0,0,0,0
0,1,480464,15,0,13,0,6,22,22,0,26,0
1,1,480464,2,19,0,0,0,0,12,0,0,0
1,1,480465,0,0,0,0,0,26,17,10,18,0
2,1,480465,0,26,0,0,0,13,0,0,0,0
1,1,480466,0,0,12,0,2,10,13,0,0,0
1,1,480467,20,20,20,20,20,20,20,20,20,20
2,1,480467,0,0,0,0,0,0,0,0,0,0
1,1,480468,18,18,18,18,18,18,18,18,18,18
2,1,480468,20,20,20,20,20,20,20,20,20,20
1,1,480469,11,15,13,33,11,9,27,14,0,7
1,1,480470,0,0,0,0,0,0,0,0,0,0
2,1,480470,0,0,0,0,11,0,0,0,0,0
1,1,480471,0,0,0,0,0,0,7,0,0,11
2,1,480471,0,0,0,0,20,0,7,4,0,0
1,1,480472,0,0,0,0,22,0,12,0,0,16
1,1,480473,0,0,0,0,0,0,0,0,0,0
1,1,480474,29,29,29,29,29,29,29,29,29,29
2,1,480474,0,0,0,0,0,0,0,0,0,0
1,1,480475,0,0,0,0,0,0,0,0,0,0
2,1,480475,0,0,0,0,0,0,0,0,0,0
1,1,480476,20,20,20,20,20,20,20,20,20,20
1,1,480477,10,10,10,10,10,10,10,10,10,10
2,1,480477,0,0,0,0,0,0,0,0,0,0
1,1,480478,0,0,0,0,0,0,0,0,0,0
2,1,480478,5,0,14,0,0,0,0,0,0,0
0,1,480479,6,6,6,6,6,6,6,6,6,6
1,1,480479,10,10,10,10,10,10,10,10,10,10
2,1,480479,5,5,5,5,5,5,5,5,5,5
1,1,480480,24,24,24,24,24,24,24,24,24,24
2,1,480480,19,14,25,0,0,0,14,21,0,20
1,1,480481,15,0,0,0,0,0,0,6,0,6
2,1,480481,0,0,17,0,0,0,0,0,9,0
1,1,480482,13,14,0,0,0,0,0,0,0,0
2,1,480482,0,0,0,0,0,0,18,0,0,30
1,1,480483,31,0,15,0,9,0,21,0,0,0
2,1,480483,0,0,0,0,0,0,0,0,0,12
1,1,480484,5,5,5,5,5,5,5,5,5,5
2,1,480484,0,0,0,0,0,16,0,8,0,4
1,1,480485,0,0,0,0,0,0,0,0,0,0
1,1,480486,19,0,28,16,14,20,17,20,16,16
1,1,480487,0,0,0,0,2,0,11,0,0,0
2,1,480487,0,0,0,7,0,0,0,0,0,0
0,1,480488,0,0,0,0,0,0,0,0,0,0
1,1,480488,10,21,20,12,16,0,0,0,21,0
1,1,480489,11,11,11,11,11,11,11,11,11,11
1,1,480490,0,0,0,0,0,0,0,0,12,0
2,1,480490,0,0,0,0,0,0,0,0,0,1
1,1,480491,9,31,28,25,0,15,14,11,27,33
1,1,480492,0,0,0,0,0,0,0,0,0,0
1,1,480493,13,13,13,13,13,13,13,13,13,13
1,1,480494,0,0,23,0,0,0,6,0,0,5
1,1,480495,18,13,17,37,17,27,22,21,36,25
1,1,480496,20,15,3,18,28,27,29,0,27,0
0,1,480497,0,0,0,0,0,0,0,0,0,0
0,2,480497,0,0,0,0,0,0,0,0,0,0
1,1,480497,0,0,0,0,0,0,0,0,0,0
1,1,480498,1,1,1,1,1,1,1,1,1,1
1,1,480499,0,0,0,0,0,0,0,0,0,0
2,1,480499,0,0,0,0,0,0,0,0,0,0
1,1,480500,10,10,10,10,10,10,10,10,10,10
2,1,480500,0,0,0,0,0,0,0,0,0,0
1,1,480501,15,15,15,15,15,15,15,15,15,15
2,1,480501,0,0,8,0,0,23,0,3,0,13
1,1,480503,0,0,0,0,0,0,0,0,0,0
2,1,480503,0,0,0,0,9,0,0,23,0,0
1,1,480504,0,0,0,0,0,0,0,0,0,0
2,1,480504,0,5,0,0,0,0,0,36,0,0
1,1,480505,0,0,0,0,2,16,0,7,0,0
2,1,480505,0,11,0,26,0,0,0,0,0,0
0,1,480506,17,17,17,17,17,17,17,17,17,17
1,1,480506,0,12,0,0,0,0,0,0,0,0
1,1,480507,0,0,0,0,0,0,0,0,0,0
2,1,480507,0,0,0,0,0,0,0,0,0,0
1,1,480508,25,25,25,25,25,25,25,25,25,25
2,1,480508,0,0,0,0,0,0,0,0,0,0
1,1,480509,0,16,0,8,0,0,0,11,17,12
1,1,480510,0,0,0,18,0,0,0,0,0,15
1,1,480511,0,0,0,0,0,0,0,0,0,0
1,1,480512,24,24,24,24,24,24,24,24,24,24
2,1,480512,0,0,6,0,0,0,0,0,0,0
1,1,480513,0,0,0,0,0,0,0,0,0,0
2,1,480513,0,0,0,0,0,7,0,12,0,0
1,1,480514,31,12,39,10,17,4,18,24,8,18
1,1,480515,24,23,15,21,0,0,13,0,0,0
1,1,480516,0,0,0,0,0,0,0,0,0,0
2,1,480516,0,0,0,0,0,0,10,0,0,0
1,1,480517,0,0,0,0,0,0,0,0,0,0
2,1,480517,0,0,0,0,0,0,0,0,0,0
1,1,480518,0,0,0,0,0,0,0,0,0,0
1,1,480519,16,16,16,16,16,16,16,16,16,16
1,1,480520,0,13,23,0,0,0,0,11,0,15
2,1,480520,0,0,0,12,0,0,0,10,0,10
1,1,480521,0,0,0,0,0,0,0,0,0,0
2,1,480521,23,9,20,22,26,31,22,13,9,8
1,1,480522,0,0,0,0,0,0,0,12,0,0
2,1,480522,0,0,0,0,0,0,0,0,14,0
3,1,480522,0,0,0,0,0,0,0,0,0,0
0,1,480523,0,0,28,0,18,0,0,0,0,19
1,1,480523,0,0,0,0,0,3,13,0,11,0
1,1,480524,0,0,0,0,0,0,0,0,0,0
0,1,480525,0,0,0,0,0,22,0,0,0,0
1,1,480525,0,0,0,0,0,19,0,0,0,0
1,1,480526,0,0,0,0,13,0,0,0,0,0
1,1,480527,10,14,0,0,0,0,0,0,0,0
0,1,480528,7,7,7,7,7,7,7,7,7,7
1,1,480528,0,0,0,0,0,0,0,20,0,0
1,1,480529,0,0,0,0,0,0,19,0,0,0
2,1,480529,0,0,0,0,0,0,0,0,0,0
1,1,480530,0,0,0,0,0,0,0,0,0,7
2,1,480530,16,16,16,16,16,16,16,16,16,16
3,1,480530,21,0,0,0,0,0,0,0,0,0
1,1,480531,35,24,9,17,21,17,13,21,25,0
2,1,480531,0,22,0,0,0,0,0,0,0,0
1,1,480532,0,0,0,0,0,0,0,0,0,0
2,1,480532,0,0,0,0,3,0,0,23,0,0
1,1,480533,17,17,17,17,17,17,17,17,17,17
1,1,480534,4,4,4,4,4,4,4,4,4,4
2,1,480534,0,0,36,34,0,38,18,0,0,0
0,1,480535,7,17,0,0,0,0,0,0,0,0
1,1,480535,6,20,18,13,11,23,14,13,34,0
1,1,480536,0,0,0,0,0,0,0,0,0,0
2,1,480536,0,0,17,0,0,0,0,0,0,0
1,1,480537,0,0,0,0,0,0,0,0,0,0
1,1,480538,15,0,23,13,0,20,15,0,3,22
1,1,480539,0,13,14,16,0,0,0,12,0,0
1,1,480540,2,0,21,0,17,18,20,0,0,0
2,1,480540,0,0,0,0,0,0,0,0,0,0
1,1,480541,0,0,0,0,6,16,22,0,0,0
2,1,480541,0,0,0,0,0,0,0,0,0,0
1,1,480542,8,8,8,8,8,8,8,8,8,8
2,1,480542,0,0,0,0,0,0,18,13,16,0
0,1,480543,24,19,0,0,0,0,0,24,12,0
1,1,480543,4,0,13,7,0,8,0,0,0,0
1,1,480544,21,0,0,0,13,22,0,0,0,16
2,1,480544,0,0,0,0,0,0,0,0,0,0
1,1,480545,0,0,0,0,0,0,0,0,0,0
1,1,480546,0,0,0,0,5,0,0,0,0,0
2,1,480546,0,0,0,0,0,0,0,0,0,0
1,1,480547,0,0,0,0,0,0,0,0,0,0
2,1,480547,0,0,0,0,0,0,0,0,0,0
0,1,480548,0,0,0,0,0,0,0,0,0,0
0,2,480548,0,0,0,0,0,0,0,0,0,0
1,1,480548,0,0,0,0,0,0,0,13,0,0
0,1,480549,0,0,0,0,0,11,0,0,0,0
1,1,480549,0,0,0,0,0,0,0,0,0,0
1,1,480550,17,17,17,17,17,17,17,17,17,17
1,1,480551,22,22,22,22,22,22,22,22,22,22
1,1,480552,10,15,31,8,10,12,11,9,0,26
1,1,480553,0,0,0,0,0,0,0,0,0,14
2,1,480553,0,0,0,0,0,0,0,0,0,0
1,1,480554,0,0,0,0,0,0,0,0,16,0
2,1,480554,0,0,0,0,0,0,0,0,13,0
1,1,480555,0,0,0,0,0,0,0,0,0,0
2,1,480555,0,0,0,0,0,0,0,0,0,0
1,1,480556,0,0,0,0,0,0,0,0,0,0
2,1,480556,0,0,0,0,0,0,0,0,0,0
0,1,480557,25,25,25,25,25,25,25,25,25,25
1,1,480557,0,0,0,0,0,0,0,0,0,0
1,1,480558,0,0,0,0,0,0,0,0,0,0
2,1,480558,0,0,0,0,0,22,0,0,0,0
3,1,480558,0,0,0,0,0,0,0,0,0,0
1,1,480559,0,0,0,0,0,0,0,0,0,0
2,1,480559,0,0,0,0,0,0,0,0,0,0
1,1,480560,0,15,0,0,0,0,0,0,0,0
0,1,480561,0,0,20,0,0,13,12,0,19,0
1,1,480561,0,0,0,0,0,0,0,0,0,0
1,1,480562,0,0,0,0,0,0,0,0,0,0
2,1,480562,0,0,7,0,0,0,0,0,0,0
3,1,480562,0,0,0,0,0,0,0,0,0,0
1,1,480563,0,0,0,0,0,0,0,0,0,0
2,1,480563,0,0,0,0,0,0,0,0,0,0
1,1,480564,21,21,21,21,21,21,21,21,21,21
2,1,480564,0,0,0,0,0,0,0,0,0,0
3,1,480564,0,0,0,0,0,0,0,0,0,0
4,1,480564,3,0,0,0,0,4,14,0,0,0
1,1,480565,0,0,0,0,0,0,0,0,0,0
2,1,480565,0,0,0,0,0,0,0,0,0,0
3,1,480565,0,0,0,0,12,0,0,0,0,0
4,1,480565,0,0,0,0,0,0,0,0,0,0
1,1,480566,0,0,0,0,0,0,0,0,0,0
2,1,480566,0,0,0,10,0,0,0,0,0,0
1,1,480567,0,0,0,0,0,14,0,23,23,5
2,1,480567,0,0,0,0,0,0,0,0,0,0
1,1,480568,0,0,0,23,0,0,0,0,0,0
2,1,480568,0,0,0,0,0,0,0,0,0,0
1,1,480569,0,0,0,0,0,0,0,0,0,0
2,1,480569,0,0,0,0,0,0,0,0,0,0
1,1,480570,0,0,0,0,0,0,0,0,0,0
2,1,480570,10,6,14,21,0,0,0,0,27,0
1,1,480571,9,0,24,0,16,0,0,33,0,37
1,1,480572,18,18,18,18,18,18,18,18,18,18
1,1,480573,11,11,11,11,11,11,11,11,11,11
2,1,480573,16,0,0,0,18,0,10,0,0,12
1,1,480574,0,0,0,0,0,21,0,0,0,0
2,1,480574,0,0,0,0,0,0,0,0,0,0
3,1,480574,0,0,0,0,0,0,0,0,0,0
1,1,480575,0,0,0,10,0,0,0,0,25,0
2,1,480575,0,0,0,0,6,0,0,0,0,0
3,1,480575,0,0,0,0,0,0,0,0,0,11
1,1,480576,0,0,0,12,0,0,5,0,0,12
1,1,480577,1,1,1,1,1,1,1,1,1,1
0,1,480578,0,0,0,0,0,0,0,0,0,0
1,1,480578,0,0,0,12,0,32,0,0,0,0
1,1,480579,0,23,5,0,0,0,0,0,8,0
2,1,480579,0,0,0,0,0,0,0,0,0,0
1,1,480580,0,0,0,0,0,0,0,0,0,0
1,1,480581,13,0,6,24,12,20,10,13,8,8
1,1,480582,0,0,0,0,0,0,0,0,26,0
2,1,480582,0,0,0,0,0,0,0,0,0,0
1,1,480583,16,9,0,15,17,21,18,12,25,18
1,1,480584,5,0,15,23,14,13,4,0,8,0
2,1,480584,8,0,0,23,0,0,0,0,0,7
1,1,480585,30,30,30,30,30,30,30,30,30,30
1,1,480586,0,0,9,0,0,5,0,0,14,0
1,1,480587,17,17,17,17,17,17,17,17,17,17
1,1,480588,0,8,0,0,0,6,0,0,8,0
0,1,480589,0,0,0,0,0,0,0,0,0,0
1,1,480589,7,7,7,7,7,7,7,7,7,7
1,1,480590,0,13,2,0,0,19,34,19,0,38
1,1,480591,0,0,0,0,0,0,0,0,0,7
1,1,480592,0,0,0,0,0,0,0,0,0,0
1,1,480593,10,11,15,11,10,23,7,8,17,14
1,1,480594,25,0,23,24,0,17,9,35,16,10
1,1,480595,8,8,8,8,8,8,8,8,8,8
1,1,480596,26,26,26,26,26,26,26,26,26,26
2,1,480596,0,0,0,0,0,0,0,0,0,0
0,1,480597,0,0,0,0,0,0,0,0,0,0
1,1,480597,0,7,9,0,0,12,0,6,0,0
0,1,480598,21,25,0,8,0,34,32,28,24,13
1,1,480598,0,0,10,15,0,0,0,0,16,21
1,1,480599,17,10,36,22,24,21,17,20,9,11
1,1,480600,0,11,0,0,0,20,16,0,0,0
1,1,480601,0,0,0,0,0,0,0,0,0,0
2,1,480601,0,0,0,0,0,0,0,0,0,0
3,1,480601,0,0,0,0,0,0,0,0,0,0
4,1,480601,0,0,0,0,0,0,0,0,0,0
5,1,480601,0,0,0,0,0,0,0,21,0,0
6,1,480601,0,0,0,0,0,0,0,0,0,0
7,1,480601,0,0,0,0,8,0,0,0,0,0
8,1,480601,5,5,4,0,0,0,0,0,0,0
1,1,480602,0,0,15,0,0,0,0,0,0,20
1,1,480603,0,0,0,0,0,0,0,0,0,0
2,1,480603,4,0,0,0,0,0,0,0,0,0
1,1,480604,0,0,0,0,15,0,0,0,0,0
1,1,480605,0,0,0,0,0,0,0,0,0,0
2,1,480605,24,24,24,24,24,24,24,24,24,24
1,1,480606,0,0,0,0,0,0,0,0,0,0
2,1,480606,0,0,0,0,0,0,0,0,0,0
1,1,480607,18,18,18,18,18,18,18,18,18,18
2,1,480607,0,0,0,0,0,13,0,0,6,0
1,1,480608,0,0,0,0,0,17,0,0,0,0
2,1,480608,0,0,0,0,0,0,0,0,0,0
1,1,480609,0,0,0,0,0,0,0,0,0,0
1,1,480610,15,15,15,15,15,15,15,15,15,15
1,1,480611,0,0,0,0,0,0,0,0,0,0
1,1,480612,0,0,0,0,0,6,7,0,0,7
2,1,480612,0,0,0,0,0,0,0,0,0,0
1,1,480613,0,0,0,0,0,0,0,0,0,0
1,1,480614,0,0,0,0,0,0,0,0,0,0
2,1,480614,0,8,16,26,0,0,0,22,14,23
1,1,480615,0,9,0,0,0,0,0,0,0,0
2,1,480615,0,0,0,0,0,0,0,0,0,0
1,1,480616,6,6,6,6,6,6,6,6,6,6
2,1,480616,0,0,0,0,0,17,0,0,0,29
0,1,480617,0,0,0,16,0,0,20,0,11,0
1,1,480617,0,0,0,0,0,22,0,0,0,0
1,1,480618,32,32,32,32,32,32,32,32,32,32
2,1,480618,0,0,0,0,0,0,0,0,0,0
1,1,480619,0,0,0,0,0,0,0,0,10,0
2,1,480619,0,0,0,0,0,0,0,0,0,0
1,1,480620,35,35,35,35,35,35,35,35,35,35
1,1,480621,16,16,16,16,16,16,16,16,16,16
1,1,480622,14,14,14,14,14,14,14,14,14,14
1,1,480623,0,0,10,0,16,13,18,0,7,2
1,1,480624,20,20,20,20,20,20,20,20,20,20
1,1,480625,0,0,0,0,0,0,0,0,0,0
2,1,480625,0,0,0,0,0,0,0,0,0,0
1,1,480626,0,0,0,0,0,0,0,0,0,0
1,1,480627,0,0,22,0,0,0,0,0,0,21
2,1,480627,0,0,0,0,0,0,0,0,0,0
3,1,480627,0,0,0,0,0,0,0,0,0,0
1,1,480628,23,23,23,23,23,23,23,23,23,23
1,1,480629,0,0,0,0,0,0,0,0,0,0
1,1,480630,0,8,7,0,11,7,0,6,0,0
2,1,480630,0,0,11,0,0,0,2,12,16,9
1,1,480631,16,16,16,16,16,16,16,16,16,16
1,1,480632,0,10,2,0,0,0,0,16,0,11
2,1,480632,0,0,0,0,15,0,28,0,15,23
1,1,480633,0,0,0,0,0,0,0,0,0,0
2,1,480633,0,0,11,0,9,0,0,0,0,8
0,1,480634,0,0,0,0,0,0,0,0,0,0
1,1,480634,10,0,0,0,0,12,0,14,0,8
1,1,480635,23,23,23,23,23,23,23,23,23,23
1,1,480636,26,32,28,22,21,18,23,14,15,16
2,1,480636,0,0,0,0,0,0,0,0,0,0
0,1,480637,0,0,0,0,0,0,0,0,0,0
1,1,480637,0,0,0,0,0,0,0,0,0,0
0,1,480638,7,7,7,7,7,7,7,7,7,7
0,2,480638,0,0,0,0,5,0,0,0,0,0
1,1,480638,5,5,5,5,5,5,5,5,5,5
1,1,480639,0,20,4,0,0,6,0,0,0,0
2,1,480639,15,22,0,18,0,11,19,0,17,0
1,1,480640,28,28,28,28,28,28,28,28,28,28
1,1,480641,8,8,8,8,8,8,8,8,8,8
1,1,480642,0,0,0,0,0,0,0,0,0,0
2,1,480642,0,0,0,0,0,0,0,0,0,0
1,1,480643,0,0,0,0,13,15,0,0,7,9
2,1,480643,0,18,0,0,19,6,9,4,5,0
1,1,480644,12,0,19,12,28,24,25,10,0,23
0,1,480645,0,0,41,5,9,0,13,20,0,0
1,1,480645,0,0,0,0,0,0,0,0,0,0
1,1,480646,0,0,0,0,0,0,0,0,0,0
2,1,480646,0,0,0,0,0,0,9,0,0,5
1,1,480647,5,5,11,21,8,3,24,15,14,5
1,1,480648,0,0,0,0,0,0,0,0,0,0
2,1,480648,0,0,0,0,0,0,0,0,0,0
1,1,480649,0,15,23,0,32,0,14,23,0,0
1,1,480650,0,0,0,0,0,0,0,0,0,0
2,1,480650,0,0,0,0,0,0,0,0,10,0
1,1,480651,0,4,0,0,0,0,0,0,0,0
2,1,480651,0,8,0,0,0,34,0,0,0,0
1,1,480652,25,25,25,25,25,25,25,25,25,25
1,1,480653,12,12,12,12,12,12,12,12,12,12
2,1,480653,0,0,0,0,0,0,0,0,0,8
3,1,480653,0,0,0,6,0,0,9,8,10,0
1,1,480654,14,0,16,0,0,20,0,13,0,0
1,1,480655,0,0,0,0,0,0,0,0,0,0
2,1,480655,0,0,0,0,0,0,0,0,0,0
0,1,480656,0,0,0,20,5,24,37,0,10,0
1,1,480656,20,0,10,7,4,0,6,0,14,3
0,1,480658,0,0,31,0,0,18,0,22,11,0
1,1,480658,0,0,0,0,0,0,0,0,0,0
1,1,480659,15,12,25,25,17,0,0,0,0,0
1,1,480660,29,16,0,0,0,16,12,17,0,0
1,1,480661,0,0,0,0,0,0,0,0,0,0
2,1,480661,0,0,13,0,7,0,0,18,19,7
1,1,480662,16,16,16,16,16,16,16,16,16,16
1,1,480663,0,0,17,7,0,9,14,18,16,20
1,1,480664,0,0,0,0,0,0,0,0,0,0
1,1,480665,16,16,16,16,16,16,16,16,16,16
1,1,480666,0,0,0,0,0,0,0,0,0,0
2,1,480666,0,0,0,0,0,0,0,0,0,0
1,1,480667,21,21,21,21,21,21,21,21,21,21
1,1,480668,0,0,0,0,0,0,0,0,0,0
2,1,480668,0,0,0,0,0,0,0,0,0,0
0,1,480669,23,23,23,23,23,23,23,23,23,23
1,1,480669,12,25,2,0,0,0,0,0,0,32
1,1,480670,0,0,0,0,0,13,0,0,0,0
2,1,480670,0,9,0,2,17,0,12,9,7,0
1,1,480671,0,0,0,0,0,0,0,0,0,0
2,1,480671,0,0,0,0,0,0,0,0,0,0
1,1,480672,13,12,0,21,0,21,14,18,0,15
0,1,480673,0,4,21,3,0,26,0,0,0,0
1,1,480673,0,0,5,0,12,5,10,11,18,0
0,1,480674,0,30,0,0,0,16,9,0,4,10
1,1,480674,9,12,20,11,9,17,9,23,7,14
2,1,480674,0,0,8,0,0,9,25,10,4,0
3,1,480674,0,0,0,0,0,0,0,0,0,16
1,1,480675,0,0,0,0,0,0,0,0,0,0
2,1,480675,0,0,15,0,0,0,0,0,14,0
1,1,480676,21,21,21,21,21,21,21,21,21,21
2,1,480676,0,0,22,14,0,0,0,0,0,0
1,1,480677,22,11,15,16,12,20,39,15,17,10
1,1,480678,0,13,13,18,23,18,39,12,19,19
1,1,480679,25,25,25,25,25,25,25,25,25,25
1,1,480680,22,22,22,22,22,22,22,22,22,22
1,1,480681,23,27,14,33,39,20,26,11,24,21
2,1,480681,0,0,0,0,0,0,0,7,10,0
1,1,480682,14,12,4,30,22,18,9,20,18,20
1,1,480683,0,0,0,0,0,0,5,0,0,0
2,1,480683,0,0,0,0,0,0,0,0,0,0
1,1,480684,0,0,0,0,0,0,0,0,0,0
1,1,480685,0,0,0,0,0,0,0,0,0,0
2,1,480685,0,0,0,0,0,0,0,0,0,0
1,1,480686,15,0,0,0,0,0,0,0,0,31
2,1,480686,0,0,0,0,0,0,0,0,0,0
1,1,480687,9,9,20,11,29,17,21,18,0,5
1,1,480688,0,0,0,0,0,0,8,0,0,0
2,1,480688,0,0,0,0,0,0,0,0,0,0
1,1,480690,0,0,0,0,0,0,0,7,0,37
1,1,480691,26,19,23,20,0,23,0,16,18,0
0,1,480692,36,0,32,0,7,0,14,0,0,0
1,1,480692,0,0,0,0,0,0,6,0,10,0
1,1,480693,0,0,0,0,0,0,0,0,0,0
2,1,480693,0,0,0,0,0,0,0,0,0,0
1,1,480694,10,10,10,10,10,10,10,10,10,10
1,1,480695,0,6,0,0,0,0,0,0,0,0
2,1,480695,0,0,0,0,0,0,0,0,0,0
1,1,480696,0,0,0,0,0,0,0,0,0,0
2,1,480696,24,23,12,15,0,0,9,17,18,0
1,1,480697,0,0,16,17,0,17,0,21,0,11
1,1,480698,0,0,0,0,0,0,0,0,0,0
2,1,480698,0,16,0,0,0,0,0,0,0,0
1,1,480699,0,0,0,13,0,0,0,8,8,15
2,1,480699,0,0,0,0,0,0,0,0,0,0
1,1,480700,0,6,0,7,0,10,13,0,10,0
1,1,480701,15,15,15,15,15,15,15,15,15,15
2,1,480701,30,37,34,0,0,0,53,0,35,12
1,1,480702,0,0,0,0,0,0,0,0,0,0
2,1,480702,0,0,0,0,0,0,0,0,0,0
1,1,480703,23,23,23,23,23,23,23,23,23,23
1,1,480704,0,0,0,0,0,0,0,0,0,14
1,1,480705,0,0,0,0,0,0,0,0,0,0
1,1,480706,0,0,0,0,0,0,0,0,0,0
2,1,480706,0,0,0,0,0,0,0,0,0,0
1,1,480707,0,0,0,0,0,0,0,0,0,0
1,1,480708,0,0,0,0,0,0,0,0,0,0
2,1,480708,0,0,30,0,0,0,0,0,0,10
1,1,480709,0,0,0,9,0,0,0,0,8,0
2,1,480709,0,0,0,0,0,0,0,0,0,0
1,1,480710,0,0,16,19,0,0,0,0,0,8
2,1,480710,0,0,0,0,0,0,0,0,0,0
1,1,480711,20,42,0,22,15,13,18,0,20,16
2,1,480711,0,14,3,7,33,14,0,0,0,0
1,1,480712,0,0,0,0,0,0,0,0,0,0
1,1,480713,0,0,0,0,0,0,0,0,0,0
1,1,480714,0,0,0,9,0,0,0,0,0,0
2,1,480714,16,0,11,5,0,0,17,5,17,18
1,1,480715,6,6,6,6,6,6,6,6,6,6
2,1,480715,15,15,15,15,15,15,15,15,15,15
1,1,480716,23,27,23,23,19,15,5,19,31,29
1,1,480717,0,13,0,12,0,16,18,0,0,0
0,1,480718,21,0,0,0,0,18,18,0,13,13
1,1,480718,25,0,5,0,8,26,0,5,17,22
0,1,480719,0,0,0,0,0,0,0,0,0,0
1,1,480719,0,0,0,0,0,0,0,10,0,0
1,1,480720,0,0,0,0,0,0,0,0,0,0
1,1,480721,0,0,0,28,0,0,0,0,19,0
2,1,480721,0,0,0,0,0,0,0,0,0,0
1,1,480722,0,0,0,0,0,0,0,0,0,0
2,1,480722,0,0,0,0,0,0,0,0,0,0
1,1,480723,29,29,29,29,29,29,29,29,29,29
1,1,480724,0,0,0,0,0,0,0,6,0,0
2,1,480724,16,0,0,0,0,0,0,0,15,0
1,1,480725,0,0,0,0,0,0,0,0,0,0
1,1,480726,0,0,0,0,0,0,0,0,0,0
2,1,480726,0,0,0,0,0,0,0,0,0,0
1,1,480727,0,0,0,0,0,2,0,0,0,0
2,1,480727,0,0,0,0,0,0,0,0,0,0
1,1,480728,11,11,11,11,11,11,11,11,11,11
1,1,480729,0,0,0,0,0,0,0,0,0,0
2,1,480729,0,0,0,26,19,0,0,11,0,0
1,1,480730,0,0,0,0,0,0,0,0,0,0
0,1,480731,0,0,0,0,0,0,0,0,0,0
1,1,480731,0,0,0,0,0,0,0,4,8,0
1,1,480732,0,0,0,0,0,0,12,0,0,0
2,1,480732,0,0,3,0,0,0,0,0,0,0
1,1,480733,0,0,0,0,0,0,0,0,0,0
1,1,480734,0,0,0,0,0,0,0,0,0,0
2,1,480734,0,0,0,0,0,0,0,0,9,0
1,1,480735,15,0,0,0,0,0,0,12,0,0
1,1,480736,0,0,13,18,18,6,12,23,11,0
1,1,480737,0,0,0,0,0,0,0,0,0,0
1,1,480738,0,0,0,0,0,0,0,0,0,0
1,1,480739,0,0,0,0,0,0,4,0,0,0
1,1,480740,0,16,2,0,0,0,0,0,0,0
2,1,480740,0,0,0,0,0,0,0,0,0,0
1,1,480741,0,0,0,0,0,0,0,0,13,0
1,1,480742,0,19,36,0,21,13,0,0,20,0
1,1,480743,19,19,19,19,19,19,19,19,19,19