VEH_NO,PER_NO,ST_CASE,P1,P2,P3,P4,P5,P6,P7,P8,P9,P10
1,1,480744,22,22,22,22,22,22,22,22,22,22
1,1,480745,19,13,23,7,16,22,6,19,16,18
0,1,480746,12,24,13,0,10,0,0,17,0,18
1,1,480746,0,0,0,0,0,0,0,0,0,0
0,1,480747,0,0,0,31,23,11,13,0,0,0
1,1,480747,0,0,23,0,0,0,0,0,0,0
1,1,480748,14,14,14,14,14,14,14,14,14,14
1,1,480749,0,19,0,26,0,0,0,0,0,0
1,1,480750,0,0,0,26,7,0,0,0,17,0
2,1,480750,0,0,0,0,0,0,0,0,0,5
1,1,480751,0,0,0,0,0,0,0,0,0,0
2,1,480751,0,0,0,11,0,0,0,0,0,0
1,1,480752,16,16,16,16,16,16,16,16,16,16
1,1,480753,0,0,0,0,0,0,0,0,18,0
2,1,480753,0,3,0,0,0,0,10,8,0,0
1,1,480754,20,14,0,0,14,6,20,32,4,13
1,1,480755,0,0,0,9,0,0,0,0,0,0
2,1,480755,0,0,0,0,0,0,0,0,0,0
3,1,480755,0,0,0,0,0,0,0,0,10,0
1,1,480756,22,22,22,22,22,22,22,22,22,22
2,1,480756,0,0,0,0,0,0,4,0,9,27
0,1,480757,10,10,10,10,10,10,10,10,10,10
1,1,480757,0,0,0,0,13,0,0,0,0,0
1,1,480758,23,0,0,17,0,20,0,0,32,0
2,1,480758,23,0,0,0,0,0,0,0,0,15
1,1,480759,0,13,0,14,0,0,0,19,24,15
1,1,480760,23,23,23,23,23,23,23,23,23,23
0,1,480761,17,33,0,21,12,19,0,0,23,14
1,1,480761,0,3,0,9,11,0,0,0,11,0
1,1,480762,19,13,15,0,29,11,30,22,11,27
1,1,480763,0,0,0,0,0,0,0,0,0,0
2,1,480763,0,0,0,0,0,0,0,0,0,0
1,1,480764,0,0,0,0,0,22,39,16,0,0
0,1,480765,0,0,0,0,0,0,0,0,0,0
1,1,480765,0,0,0,0,0,0,0,0,0,0
1,1,480766,0,13,0,0,0,9,15,0,9,0
1,1,480767,0,0,0,0,0,0,0,0,0,0
2,1,480767,0,0,0,0,0,0,0,0,0,0
1,1,480768,11,11,11,11,11,11,11,11,11,11
1,1,480769,0,0,0,0,0,0,0,0,0,0
2,1,480769,0,0,0,0,0,0,0,0,14,0
3,1,480769,0,0,0,0,0,0,0,0,0,0
4,1,480769,0,0,0,0,0,0,0,0,0,0
5,1,480769,0,0,0,0,0,0,0,0,0,0
6,1,480769,0,0,0,0,0,0,0,0,0,0
7,1,480769,0,0,0,0,8,0,0,0,0,0
8,1,480769,0,0,0,0,0,0,0,0,0,0
0,1,480770,0,0,0,0,0,0,0,0,0,0
1,1,480770,0,0,0,0,0,0,0,0,0,0
1,1,480771,24,27,27,14,18,25,28,13,30,14
2,1,480771,0,0,0,0,0,0,0,0,0,0
1,1,480772,0,0,0,0,0,0,0,0,0,0
2,1,480772,5,5,5,5,5,5,5,5,5,5
1,1,480773,18,18,18,18,18,18,18,18,18,18
1,1,480774,0,0,0,0,0,0,0,0,0,0
2,1,480774,0,0,15,0,0,0,0,0,0,0
1,1,480775,0,0,0,0,0,0,0,0,0,0
1,1,480776,0,0,0,0,0,0,0,0,0,0
0,1,480777,0,0,0,0,0,0,0,0,0,0
1,1,480777,0,0,0,0,0,11,19,0,0,0
2,1,480777,0,0,0,0,19,0,0,0,22,0
1,1,480778,0,0,0,0,0,0,0,0,0,0
2,1,480778,0,0,0,0,0,0,0,0,0,0
1,1,480779,6,0,7,10,0,20,21,6,0,19
1,1,480780,0,14,0,12,0,7,10,0,0,0
2,1,480780,0,17,0,17,24,20,0,11,17,22
1,1,480781,7,0,0,0,0,0,0,0,16,17
2,1,480781,0,0,0,0,0,0,0,0,0,0
1,1,480783,0,0,0,0,0,0,0,0,0,31
2,1,480783,0,0,0,0,0,0,0,0,0,0
1,1,480784,0,7,0,0,0,0,18,0,0,0
0,1,480785,11,11,11,11,11,11,11,11,11,11
1,1,480785,0,0,0,0,0,0,0,0,0,0
0,1,480786,0,0,0,0,0,0,0,0,0,0
1,1,480786,0,0,0,0,0,0,0,0,0,0
1,1,480787,0,0,0,0,0,13,0,0,0,0
0,1,480788,0,0,0,0,0,0,0,0,0,0
1,1,480788,0,0,0,0,0,0,0,0,0,0
1,1,480789,0,0,0,0,0,0,0,0,0,0
2,1,480789,0,0,0,0,0,0,0,0,0,0
1,1,480790,11,12,14,20,31,15,33,0,15,18
2,1,480790,0,0,0,0,0,0,0,0,12,0
1,1,480791,0,0,0,0,0,14,0,0,0,6
2,1,480791,0,0,0,0,0,0,0,0,0,0
1,1,480792,0,0,0,0,0,0,0,0,0,0
2,1,480792,1,1,1,1,1,1,1,1,1,1
1,1,480793,34,25,6,18,0,0,9,0,15,15
1,1,480794,0,0,0,0,0,0,0,0,0,0
1,1,480796,20,20,20,20,20,20,20,20,20,20
1,1,480797,0,0,0,0,0,0,0,0,0,0
2,1,480797,0,0,0,0,0,0,0,0,0,0
1,1,480798,1,1,1,1,1,1,1,1,1,1
2,1,480798,0,0,0,0,0,0,0,0,0,0
1,1,480799,0,5,7,0,0,7,0,0,0,0
2,1,480799,0,0,0,0,31,0,0,0,0,0
3,1,480799,0,0,10,0,0,0,0,16,0,0
1,1,480800,18,0,32,15,0,22,28,29,17,15
1,1,480801,0,0,0,0,0,0,0,0,0,0
2,1,480801,0,0,0,0,0,0,0,0,0,0
1,1,480802,0,0,0,0,0,0,0,0,0,0
2,1,480802,27,27,27,27,27,27,27,27,27,27
1,1,480803,0,0,6,0,20,12,0,0,0,0
2,1,480803,0,0,0,0,5,0,0,0,0,0
1,1,480806,0,0,0,0,0,0,0,0,0,25
1,1,480807,0,19,0,0,0,0,18,0,0,0
1,1,480808,0,0,0,0,0,0,0,0,0,0
2,1,480808,7,0,0,0,0,0,0,0,0,0
1,1,480809,0,0,0,0,0,19,0,0,0,0
0,1,480810,0,0,0,0,0,0,0,0,0,0
1,1,480810,0,0,0,0,0,0,23,0,0,0
0,1,480811,0,0,0,0,0,0,0,0,0,0
1,1,480811,0,0,0,0,0,0,0,0,0,0
1,1,480812,12,12,12,12,12,12,12,12,12,12
2,1,480812,0,0,0,0,0,0,0,0,0,0
0,1,480813,14,15,0,32,25,26,0,25,27,24
1,1,480813,0,0,0,0,0,0,0,0,0,0
1,1,480814,0,16,21,0,0,0,0,0,0,0
2,1,480814,0,0,0,0,0,0,0,0,0,0
1,1,480815,0,0,0,0,7,0,0,0,0,0
2,1,480815,0,0,0,0,0,0,0,0,0,0
1,1,480816,0,0,0,0,0,0,0,0,0,0
1,1,480817,14,0,24,12,31,21,21,9,18,17
1,1,480818,18,18,18,18,18,18,18,18,18,18
1,1,480819,19,19,19,19,19,19,19,19,19,19
1,1,480820,0,0,0,0,0,0,0,14,0,0
2,1,480820,0,0,0,0,0,0,0,0,0,0
1,1,480821,10,0,17,18,7,18,34,22,0,0
2,1,480821,0,0,0,0,0,0,0,0,0,0
1,1,480822,14,14,14,14,14,14,14,14,14,14
1,1,480823,0,0,0,0,0,0,0,0,0,0
2,1,480823,0,0,0,0,0,0,0,0,0,0
1,1,480824,0,0,0,0,0,0,0,0,0,0
0,1,480825,0,0,0,0,7,0,0,0,15,0
2,1,480825,0,0,0,0,0,0,0,0,0,0
1,1,480826,0,0,13,0,0,0,26,0,0,0
2,1,480826,10,0,0,14,0,0,0,0,0,0
1,1,480827,13,13,13,13,13,13,13,13,13,13
1,1,480828,0,0,0,0,0,0,0,0,0,0
2,1,480828,0,0,0,0,0,0,0,0,0,0
3,1,480828,0,0,0,0,0,0,0,0,0,0
1,1,480829,0,0,0,0,0,0,0,0,0,0
2,1,480829,0,0,0,0,0,0,0,0,0,0
1,1,480830,26,26,26,26,26,26,26,26,26,26
1,1,480831,0,0,0,0,10,26,0,18,13,0
2,1,480831,0,10,9,0,0,0,12,0,0,11
1,1,480832,6,0,9,12,16,0,0,11,0,0
2,1,480832,0,0,0,0,0,0,0,0,0,0
1,1,480833,7,0,0,0,0,0,0,0,0,0
2,1,480833,9,0,0,0,0,0,0,0,0,0
1,1,480834,0,0,0,0,0,0,0,0,0,0
2,1,480834,0,0,0,0,0,0,0,0,0,0
1,1,480835,0,0,0,0,0,0,0,0,20,0
2,1,480835,0,0,0,0,0,0,0,0,0,0
1,1,480836,23,17,8,16,12,12,14,0,19,20
1,1,480837,4,5,8,4,13,0,0,0,23,9
2,1,480837,0,0,0,0,0,0,10,15,22,0
1,1,480838,0,0,0,8,5,0,0,0,0,0
0,1,480839,0,0,0,0,0,0,0,0,0,0
1,1,480839,0,0,0,0,0,0,0,0,0,0
2,1,480839,0,0,0,0,0,0,0,0,0,0
1,1,480840,0,0,0,0,0,0,0,0,0,0
0,1,480841,0,0,0,0,0,0,0,12,23,0
1,1,480841,12,0,0,0,0,0,0,0,0,0
1,1,480842,23,23,23,23,23,23,23,23,23,23
1,1,480843,0,0,0,0,0,0,0,0,0,0
2,1,480843,0,0,0,0,0,0,0,0,0,0
1,1,480844,0,0,0,0,0,0,0,0,0,0
2,1,480844,0,46,0,0,0,0,0,0,0,6
1,1,480845,0,0,0,0,0,0,0,0,0,0
2,1,480845,0,0,0,0,0,0,0,0,0,0
1,1,480846,0,0,0,0,0,0,0,0,15,0
1,1,480847,0,0,0,0,0,0,0,0,0,0
2,1,480847,0,0,0,0,0,0,0,0,0,0
1,1,480849,1,1,1,1,1,1,1,1,1,1
1,1,480850,0,0,0,0,0,0,0,0,0,0
2,1,480850,0,0,0,0,0,0,0,0,0,0
1,1,480851,0,0,0,0,0,0,0,0,0,0
2,1,480851,0,0,0,0,0,0,0,0,0,0
1,1,480852,25,7,12,8,19,15,14,20,17,15
1,1,480853,10,0,0,0,5,0,0,0,0,0
2,1,480853,0,14,0,0,0,0,0,0,0,0
3,1,480853,5,0,0,0,0,0,7,0,0,0
1,1,480854,16,0,16,0,0,30,11,0,0,0
2,1,480854,0,0,0,0,0,0,0,0,0,0
1,1,480855,26,26,26,26,26,26,26,26,26,26
1,1,480856,0,0,0,0,0,0,0,0,0,0
2,1,480856,12,0,0,0,0,0,0,0,0,0
1,1,480857,26,26,26,26,26,26,26,26,26,26
1,1,480858,27,8,0,15,15,22,11,16,27,21
1,1,480859,17,17,17,17,17,17,17,17,17,17
1,1,480860,0,0,0,0,0,0,0,0,0,0
2,1,480860,0,0,0,22,0,19,11,0,0,0
1,1,480861,0,0,0,0,0,0,0,0,0,0
2,1,480861,0,0,0,0,0,0,0,0,0,0
1,1,480862,0,38,8,29,27,0,16,16,18,17
2,1,480862,0,19,0,0,0,0,7,0,0,0
1,1,480863,0,0,7,0,0,0,3,0,0,0
1,1,480864,21,10,38,31,12,23,27,23,17,17
1,1,480865,0,0,0,0,0,0,0,0,25,0
2,1,480865,0,0,0,0,0,0,0,0,0,0
1,1,480866,0,0,0,0,0,0,0,0,0,0
2,1,480866,0,0,18,0,0,0,0,10,12,0
1,1,480867,0,0,0,0,0,0,0,0,0,0
2,1,480867,0,0,0,0,0,0,0,0,0,0
1,1,480868,0,0,15,0,0,0,0,0,6,10
1,1,480869,0,0,0,0,0,0,0,0,0,0
2,1,480869,0,0,0,0,0,0,0,0,0,0
1,1,480870,0,0,0,0,0,0,0,0,0,0
2,1,480870,0,0,0,0,0,15,13,0,0,14
1,1,480871,23,0,0,0,0,0,0,0,0,0
2,1,480871,0,14,0,11,0,17,7,0,19,0
1,1,480872,0,0,0,0,0,0,0,12,0,0
1,1,480873,5,25,0,0,0,14,13,13,0,14
1,1,480874,0,0,0,0,0,0,0,0,0,0
2,1,480874,0,0,0,0,0,0,0,0,0,0
1,1,480875,0,0,0,0,26,17,10,8,8,0
2,1,480875,0,0,0,0,0,0,15,0,0,0
1,1,480876,19,19,19,19,19,19,19,19,19,19
1,1,480877,16,16,16,16,16,16,16,16,16,16
1,1,480878,0,0,0,0,0,0,0,0,0,0
2,1,480878,4,4,4,4,4,4,4,4,4,4
0,1,480879,10,10,10,10,10,10,10,10,10,10
1,1,480879,0,0,0,0,0,0,0,0,0,0
2,1,480879,0,0,0,0,0,0,16,0,0,0
1,1,480880,0,0,0,0,0,0,9,0,0,0
2,1,480880,0,0,0,0,0,0,0,0,0,0
1,1,480882,0,0,7,0,0,28,0,0,17,0
1,1,480883,0,0,0,0,0,0,0,0,0,0
1,1,480884,0,0,0,0,0,0,0,0,0,0
2,1,480884,17,0,0,6,0,9,0,0,10,0
1,1,480885,0,0,0,0,0,0,0,0,0,0
2,1,480885,0,0,0,0,0,0,0,0,0,0
1,1,480886,0,0,0,0,0,0,0,0,0,6
2,1,480886,1,4,0,0,2,19,5,14,12,5
3,1,480886,0,0,0,8,11,0,0,11,0,0
0,1,480887,13,0,0,5,20,0,0,4,19,17
1,1,480887,15,15,28,19,9,17,13,0,14,0
1,1,480888,0,0,0,0,0,0,0,0,0,0
2,1,480888,0,0,17,13,0,0,0,0,0,0
0,1,480889,0,0,0,14,0,0,0,0,19,0
1,1,480889,0,0,0,0,0,0,0,0,0,0
1,1,480890,22,22,22,22,22,22,22,22,22,22
1,1,480891,17,7,21,20,0,18,20,20,18,19
2,1,480891,0,0,0,0,0,0,0,0,0,0
1,1,480892,11,11,11,11,11,11,11,11,11,11
2,1,480892,0,0,0,0,0,0,18,0,0,0
1,1,480893,0,0,11,0,0,8,0,0,0,0
1,1,480894,0,0,0,0,0,0,0,0,0,8
2,1,480894,0,0,0,0,0,0,0,0,0,0
1,1,480895,0,0,0,0,0,0,0,0,0,0
2,1,480895,0,0,0,17,0,0,0,8,0,0
3,1,480895,0,0,6,0,0,0,0,0,0,0
1,1,480896,0,0,0,0,0,14,0,0,0,0
2,1,480896,0,0,0,0,0,0,0,0,0,0
1,1,480897,21,0,0,19,22,29,0,33,11,17
1,1,480898,15,27,23,13,16,21,26,26,17,20
1,1,480899,18,0,15,0,0,0,28,0,0,0
2,1,480899,0,0,0,0,0,0,0,0,0,7
0,1,480900,0,0,0,0,0,0,0,0,11,16
1,1,480900,15,0,0,0,0,6,0,0,0,0
0,1,480901,0,0,18,9,0,0,21,0,0,0
1,1,480901,0,0,0,0,23,0,0,0,0,0
1,1,480902,7,7,7,7,7,7,7,7,7,7
1,1,480903,28,0,0,0,0,0,0,0,0,0
1,1,480904,0,0,0,0,0,0,0,0,0,0
2,1,480904,0,0,0,0,0,0,0,0,0,0
3,1,480904,0,0,0,0,0,0,0,0,0,0
4,1,480904,0,0,0,0,0,0,0,0,0,0
1,1,480905,0,0,0,0,0,0,0,0,2,10
2,1,480905,0,0,0,0,0,0,0,17,0,29
1,1,480906,0,10,0,0,0,0,10,0,0,0
2,1,480906,0,0,0,0,0,0,0,0,0,0
1,1,480907,0,0,0,0,0,0,0,0,0,0
1,1,480908,0,0,0,0,0,0,14,0,24,0
1,1,480909,0,0,31,14,20,0,9,15,10,0
1,1,480910,0,0,0,0,0,0,0,0,0,0
2,1,480910,0,0,0,0,0,0,0,0,0,0
1,1,480911,0,0,0,0,0,0,0,0,0,0
1,1,480912,0,0,14,30,0,0,16,8,0,0
0,1,480913,10,27,0,21,37,0,38,0,26,0
1,1,480913,0,0,0,0,10,28,0,28,20,0
1,1,480914,0,0,0,0,0,0,0,0,0,0
2,1,480914,0,0,0,0,0,0,0,0,0,0
3,1,480914,0,0,0,0,0,0,0,0,0,0
1,1,480915,0,0,0,0,0,0,0,0,0,0
2,1,480915,15,0,0,0,0,0,0,0,9,0
3,1,480915,0,0,0,0,0,0,0,0,10,0
1,1,480916,0,0,8,0,0,12,0,0,11,11
1,1,480917,11,26,0,0,0,0,3,0,15,0
2,1,480917,26,26,26,26,26,26,26,26,26,26
1,1,480918,10,10,10,10,10,10,10,10,10,10
2,1,480918,0,0,0,0,0,0,0,0,0,0
1,1,480919,0,0,0,10,0,0,4,0,0,0
1,1,480920,0,0,0,0,0,0,0,0,0,0
1,1,480921,12,12,12,12,12,12,12,12,12,12
2,1,480921,0,0,0,0,0,0,0,0,0,0
1,1,480922,0,0,0,0,0,0,0,0,0,0
2,1,480922,0,0,0,0,0,0,0,0,0,0
1,1,480923,0,0,0,0,0,0,0,0,0,0
1,1,480924,0,0,0,0,0,0,0,0,0,0
2,1,480924,0,0,0,0,0,18,0,0,0,0
1,1,480925,0,0,0,0,0,0,0,0,0,0
2,1,480925,0,0,0,0,0,0,0,0,0,0
1,1,480926,0,0,0,0,0,0,0,0,0,0
1,1,480927,5,5,5,5,5,5,5,5,5,5
1,1,480928,0,0,0,0,0,0,0,0,0,0
2,1,480928,0,0,5,0,0,0,0,0,0,0
0,1,480929,0,0,0,0,0,0,0,0,0,0
1,1,480929,8,17,0,17,26,19,14,16,0,5
1,1,480930,0,18,14,0,0,0,0,0,0,0
2,1,480930,0,0,0,0,0,0,23,0,0,0
1,1,480931,0,0,0,0,0,0,0,0,0,0
1,1,480932,0,0,0,0,0,0,0,0,0,0
2,1,480932,0,0,0,0,0,0,0,0,0,0
1,1,480933,12,12,12,12,12,12,12,12,12,12
1,1,480934,15,15,15,15,15,15,15,15,15,15
1,1,480935,0,0,0,0,11,0,8,0,0,0
0,1,480936,0,0,0,19,12,0,11,0,0,0
1,1,480936,0,0,0,23,18,0,0,9,0,0
1,1,480937,0,0,0,0,0,0,0,0,0,0
2,1,480937,0,0,0,0,0,0,0,0,0,0
1,1,480938,0,0,0,0,0,0,0,0,0,0
2,1,480938,0,0,0,15,0,0,0,0,0,0
1,1,480939,26,19,18,0,0,19,0,29,0,18
1,1,480940,0,0,0,0,0,0,0,0,0,0
1,1,480941,0,0,0,0,0,0,0,16,0,0
2,1,480941,0,0,0,0,0,0,0,0,9,0
1,1,480942,0,15,35,0,9,26,21,0,0,0
1,1,480943,30,30,30,30,30,30,30,30,30,30
2,1,480943,0,0,0,0,0,0,0,0,0,0
1,1,480944,0,0,0,0,0,0,0,0,0,0
2,1,480944,0,0,0,0,0,0,0,0,0,0
0,1,480945,31,30,10,10,9,5,25,28,27,13
1,1,480945,0,9,0,0,8,0,0,0,9,0
0,1,480946,0,0,7,32,0,0,0,0,0,0
1,1,480946,0,0,0,0,0,0,0,0,0,0
1,1,480947,17,9,0,0,0,14,22,25,14,22
1,1,480948,22,22,22,22,22,22,22,22,22,22
1,1,480949,0,0,0,0,0,0,0,0,0,0
1,1,480950,0,0,0,0,0,0,0,0,0,0
2,1,480950,0,0,27,0,0,0,0,0,0,0
1,1,480951,0,0,0,0,0,0,0,0,0,0
2,1,480951,0,22,23,0,11,0,0,22,0,0
1,1,480952,0,18,0,0,0,0,0,22,0,0
2,1,480952,0,0,0,0,0,0,0,0,0,0
1,1,480953,0,0,0,0,0,0,0,0,0,0
1,1,480954,0,0,0,0,0,0,0,0,0,0
2,1,480954,0,0,0,0,0,0,0,0,14,0
0,1,480955,0,0,0,0,15,0,0,0,0,0
1,1,480955,0,0,0,25,0,0,0,0,0,0
1,1,480956,0,0,0,0,0,9,0,0,0,0
2,1,480956,0,0,0,0,0,16,0,0,0,0
1,1,480957,18,18,18,18,18,18,18,18,18,18
2,1,480957,3,0,0,0,0,0,0,20,0,6
3,1,480957,0,0,16,0,0,11,0,0,0,0
1,1,480958,20,13,16,7,9,9,20,15,13,0
2,1,480958,0,0,0,0,5,0,0,0,0,0
1,1,480959,16,13,9,10,18,30,13,23,26,0
1,1,480960,0,0,0,0,0,0,0,0,0,0
1,1,480961,12,12,12,12,12,12,12,12,12,12
1,1,480962,22,22,16,16,13,25,18,26,11,14
1,1,480963,23,23,23,23,23,23,23,23,23,23
2,1,480963,4,16,3,8,20,19,0,9,22,0
1,1,480964,14,18,15,20,24,23,0,20,22,13
1,1,480965,0,0,19,18,0,0,0,0,0,0
2,1,480965,23,23,31,8,12,11,12,10,9,17
1,1,480966,0,12,9,13,12,17,19,15,0,0
1,1,480967,10,0,0,0,0,8,0,8,0,0
2,1,480967,0,0,0,0,0,0,0,0,0,0
0,1,480968,30,30,30,30,30,30,30,30,30,30
1,1,480968,0,0,0,5,0,13,0,0,0,0
2,1,480968,0,0,0,0,0,0,0,0,0,12
1,1,480969,28,10,11,23,21,12,10,11,21,11
1,1,480970,27,27,27,27,27,27,27,27,27,27
2,1,480970,0,0,0,0,0,0,0,0,0,0
0,1,480971,15,15,15,15,15,15,15,15,15,15
1,1,480971,0,8,5,0,0,0,17,7,32,5
2,1,480971,0,0,0,14,2,17,3,16,12,12
1,1,480972,0,0,0,0,0,0,0,0,0,0
0,1,480973,29,0,31,17,0,21,15,27,28,20
1,1,480973,0,0,0,0,0,14,17,22,0,0
1,1,480974,6,0,0,15,0,0,16,0,0,0
1,1,480975,10,0,0,0,0,0,0,0,0,0
2,1,480975,0,0,0,0,0,0,0,0,0,0
3,1,480975,0,0,0,0,0,0,0,0,0,0
1,1,480976,0,0,0,0,0,0,0,0,0,0
2,1,480976,0,0,0,0,0,0,0,0,0,0
3,1,480976,0,0,0,0,0,0,12,0,0,0
4,1,480976,0,0,0,0,0,0,0,0,0,0
5,1,480976,0,0,0,0,0,0,0,0,0,0
1,1,480977,10,10,10,10,10,10,10,10,10,10
2,1,480977,0,0,0,0,0,0,0,0,0,0
1,1,480978,0,0,32,0,0,0,0,0,17,0
1,1,480979,0,0,0,0,0,0,0,0,0,0
2,1,480979,0,0,0,0,0,0,0,0,0,0
1,1,480980,0,0,0,0,0,0,0,0,0,0
1,1,480981,0,0,0,0,0,0,0,0,0,0
2,1,480981,0,0,0,0,0,0,34,0,8,0
1,1,480982,24,24,24,24,24,24,24,24,24,24
1,1,480983,2,15,0,0,18,25,3,21,13,28
2,1,480983,0,0,0,0,0,0,0,0,0,0
0,1,480984,24,45,15,18,30,11,13,0,25,0
2,1,480984,0,0,0,0,0,0,0,0,0,0
0,1,480985,0,0,0,0,0,17,0,19,0,0
1,1,480985,0,0,0,0,0,0,0,0,0,0
1,1,480986,0,0,0,0,0,0,16,0,0,25
2,1,480986,0,24,0,0,0,0,0,0,0,0
1,1,480987,7,9,0,0,0,0,0,18,17,0
2,1,480987,0,0,0,15,0,0,0,0,0,0
1,1,480988,15,15,14,19,15,19,11,25,8,16
1,1,480989,0,0,0,0,0,0,0,0,0,0
2,1,480989,12,0,0,0,0,0,0,0,0,0
3,1,480989,0,0,0,0,0,0,0,0,0,0
1,1,480990,13,13,13,13,13,13,13,13,13,13
1,1,480991,24,24,24,24,24,24,24,24,24,24
1,1,480992,0,0,0,0,0,0,0,0,0,0
2,1,480992,0,0,0,0,0,0,0,0,0,0
3,1,480992,0,0,0,0,0,0,0,0,0,0
0,1,480993,7,7,7,7,7,7,7,7,7,7
1,1,480993,11,0,0,22,11,6,0,11,0,0
0,1,480994,19,19,19,19,19,19,19,19,19,19
1,1,480994,0,10,0,8,32,11,0,3,0,6
0,1,480995,0,0,26,21,25,0,31,19,7,0
1,1,480995,0,11,29,0,0,0,0,25,0,9
1,1,480996,0,0,0,0,0,0,0,0,0,0
2,1,480996,0,0,0,0,0,0,0,0,0,0
1,1,480997,0,0,0,0,0,0,0,0,0,0
2,1,480997,0,0,0,0,0,0,0,0,0,0
3,1,480997,0,17,0,0,0,21,0,0,0,0
4,1,480997,0,0,0,0,0,0,0,0,0,0
5,1,480997,0,0,0,0,0,0,0,17,0,0
1,1,480998,15,15,15,15,15,15,15,15,15,15
1,1,480999,15,16,6,24,2,18,29,6,9,15
1,1,481000,24,24,24,24,24,24,24,24,24,24
1,1,481001,0,0,0,0,0,0,0,25,0,0
1,1,481002,0,0,0,0,0,0,0,0,0,0
2,1,481002,0,0,0,0,0,20,0,0,0,0
3,1,481002,0,0,0,0,0,9,0,0,0,0
1,1,481003,0,0,0,0,0,0,0,0,0,0
1,1,481004,0,0,0,0,0,0,0,0,0,0
0,1,481005,0,0,0,0,0,0,0,0,7,0
1,1,481005,0,0,0,0,0,0,0,0,0,0
1,1,481006,0,0,0,0,0,0,0,0,0,0
2,1,481006,0,0,0,0,0,0,0,0,0,0
3,1,481006,0,0,0,0,0,0,0,0,0,0
1,1,481007,0,0,0,21,0,0,0,0,0,0
2,1,481007,0,0,0,0,0,0,0,0,0,0
3,1,481007,0,0,0,0,0,0,0,0,0,0
4,1,481007,0,0,0,0,0,0,0,0,0,0
1,1,481008,0,0,0,0,0,0,0,0,0,0
2,1,481008,0,0,0,0,0,0,0,0,0,0
1,1,481009,0,0,0,0,0,0,0,0,2,0
1,1,481010,0,0,0,0,0,0,0,0,0,0
2,1,481010,0,0,0,0,0,0,0,0,0,0
1,1,481011,0,0,0,0,3,0,0,18,0,0
2,1,481011,12,12,12,12,12,12,12,12,12,12
1,1,481012,0,0,0,0,0,16,0,0,0,0
2,1,481012,8,8,8,8,8,8,8,8,8,8
1,1,481013,0,0,13,0,0,0,21,18,0,0
0,1,481014,21,0,0,0,0,30,0,0,0,0
1,1,481014,0,0,0,9,0,0,0,0,0,0
0,1,481015,0,0,0,0,0,0,0,0,0,0
1,1,481015,7,7,7,7,7,7,7,7,7,7
1,1,481016,27,27,27,27,27,27,27,27,27,27
2,1,481016,0,0,0,0,0,0,0,0,0,0
1,1,481017,1,1,1,1,1,1,1,1,1,1
2,1,481017,7,7,7,7,7,7,7,7,7,7
1,1,481018,34,14,24,20,27,25,15,21,20,22
1,1,481019,0,0,0,0,0,0,0,0,0,0
1,1,481020,0,0,0,0,0,0,0,0,0,0
2,1,481020,0,0,0,0,0,0,0,0,0,0
1,1,481021,0,0,0,0,0,0,0,0,0,0
2,1,481021,0,0,22,0,0,0,8,0,0,0
3,1,481021,0,0,0,0,0,0,23,0,0,0
1,1,481022,9,43,27,24,20,23,14,39,17,14
1,1,481023,22,22,22,22,22,22,22,22,22,22
1,1,481024,0,0,0,0,0,0,0,0,0,0
2,1,481024,0,0,0,0,0,0,10,4,0,0
3,1,481024,0,0,0,0,0,0,0,0,0,0
1,1,481025,0,0,0,0,0,0,0,0,0,0
2,1,481025,0,0,0,0,0,0,0,0,0,0
1,1,481026,22,22,22,22,22,22,22,22,22,22
1,1,481027,0,0,0,0,0,0,0,0,0,0
2,1,481027,0,0,0,0,0,0,0,0,0,0
1,1,481028,0,0,0,0,0,0,0,0,0,0
2,1,481028,0,0,0,0,0,0,0,0,0,0
1,1,481029,0,0,0,0,0,0,0,0,0,0
1,1,481030,0,0,0,0,0,0,0,0,0,0
2,1,481030,0,0,0,0,0,0,0,0,0,0
1,1,481031,8,8,8,8,8,8,8,8,8,8
0,1,481032,9,9,12,0,0,0,0,0,0,0
1,1,481032,0,0,0,0,0,0,0,0,0,13
0,1,481033,8,0,0,0,0,0,15,0,8,0
1,1,481033,0,0,0,0,0,0,0,17,0,0
0,1,481034,0,22,27,0,23,45,0,21,0,26
1,1,481034,12,5,19,15,25,32,19,8,18,13
1,1,481035,24,28,20,5,21,18,23,18,30,10
1,1,481036,17,0,10,0,0,10,23,13,7,34
1,1,481037,0,0,0,0,0,0,0,0,0,0
1,1,481038,17,17,17,17,17,17,17,17,17,17
1,1,481039,20,20,20,20,20,20,20,20,20,20
1,1,481040,0,0,0,0,0,0,0,0,0,16
2,1,481040,0,0,0,0,0,0,0,0,0,0
1,1,481041,15,2,0,0,0,0,0,14,29,10
1,1,481044,0,0,0,18,0,0,0,0,0,0
1,1,481045,0,0,26,26,27,0,7,8,0,9
1,1,481046,21,21,21,21,21,21,21,21,21,21
1,1,481047,16,21,21,0,16,12,19,16,8,8
1,1,481048,0,0,0,0,0,0,0,0,0,0
2,1,481048,0,0,0,0,0,0,0,0,0,0