VEH_NO,PER_NO,ST_CASE,P1,P2,P3,P4,P5,P6,P7,P8,P9,P10
1,1,481356,0,0,0,18,0,14,0,16,7,10
0,1,481357,18,18,18,18,18,18,18,18,18,18
1,1,481357,12,0,0,0,0,0,0,13,15,8
1,1,481358,11,11,0,14,22,11,27,15,13,19
2,1,481358,7,0,14,0,0,0,0,13,0,19
1,1,481359,16,0,0,0,0,0,0,9,0,0
1,1,481360,0,0,0,13,0,0,0,0,0,0
1,1,481361,26,38,19,11,21,10,16,22,21,17
1,1,481362,72,72,72,72,72,72,72,72,72,72
2,1,481362,0,0,0,0,0,7,0,0,2,0
1,1,481363,0,0,0,0,0,0,0,0,0,0
1,1,481364,0,0,17,0,18,13,0,0,20,12
0,1,481365,0,0,0,0,0,0,0,0,0,0
1,1,481365,0,0,0,0,0,0,0,0,0,0
1,1,481366,0,0,0,0,0,25,0,0,0,0
2,1,481366,0,0,0,0,0,0,11,5,0,0
3,1,481366,0,0,0,0,0,0,0,0,0,0
1,1,481367,0,0,0,0,0,0,0,0,0,0
2,1,481367,0,0,0,10,0,0,0,0,0,0
0,1,481368,0,0,0,0,0,0,0,0,0,0
1,1,481368,16,27,16,0,0,13,0,6,0,17
1,1,481369,0,0,0,0,0,0,0,0,0,0
2,1,481369,0,0,0,0,0,0,0,0,0,0
1,1,481370,11,10,12,29,4,13,12,8,17,16
2,1,481370,9,0,0,5,0,0,16,0,13,0
1,1,481371,6,6,28,0,24,21,23,14,5,11
1,1,481372,0,0,0,0,0,0,0,0,0,0
2,1,481372,0,20,0,0,0,0,0,13,0,0
1,1,481373,15,15,15,15,15,15,15,15,15,15
1,1,481374,0,0,0,0,0,0,0,0,0,0
1,1,481375,0,0,10,0,0,3,3,8,11,0
1,1,481376,0,0,0,0,0,0,0,0,0,0
2,1,481376,0,0,0,0,0,0,0,0,0,0
1,1,481377,0,5,0,0,0,0,0,0,12,0
2,1,481377,0,0,0,0,0,0,0,0,0,0
3,1,481377,0,0,26,0,0,0,0,0,0,0
1,1,481378,0,0,0,0,0,0,0,0,0,0
2,1,481378,0,0,0,0,0,0,0,0,0,0
3,1,481378,15,0,0,0,0,0,0,0,0,0
1,1,481379,0,0,0,0,0,0,0,0,0,0
1,1,481380,0,0,0,0,0,0,0,0,0,0
2,1,481380,0,0,0,0,0,0,0,0,0,16
1,1,481381,14,14,14,14,14,14,14,14,14,14
1,1,481382,0,0,0,0,0,0,0,0,0,0
2,1,481382,0,0,0,0,0,0,0,0,0,0
1,1,481383,0,0,0,0,0,0,0,27,0,0
1,1,481384,14,14,14,14,14,14,14,14,14,14
0,1,481385,28,0,0,0,0,8,0,24,14,0
1,1,481385,0,0,0,0,0,0,0,0,0,0
0,1,481386,0,0,30,25,19,22,0,14,0,0
1,1,481386,0,0,0,0,18,0,0,0,15,0
2,1,481386,14,0,0,0,0,12,13,0,0,0
1,1,481387,0,0,0,0,0,0,0,0,0,0
2,1,481387,9,0,5,21,0,0,0,0,0,33
0,1,481388,21,21,21,21,21,21,21,21,21,21
1,1,481388,5,0,0,6,20,17,8,12,0,15
1,1,481389,3,8,7,13,0,13,7,9,21,20
2,1,481389,0,0,12,0,8,0,0,0,0,0
1,1,481390,0,0,0,18,0,14,0,0,0,0
2,1,481390,0,0,0,0,0,0,0,0,0,0
1,1,481391,3,3,3,3,3,3,3,3,3,3
1,1,481392,10,10,10,10,10,10,10,10,10,10
1,1,481393,0,0,0,0,0,0,0,7,0,0
2,1,481393,0,0,0,0,0,0,0,0,0,0
1,1,481394,0,0,0,0,0,0,0,0,0,0
2,1,481394,0,0,0,0,0,0,14,0,0,0
0,1,481395,18,18,18,18,18,18,18,18,18,18
1,1,481395,0,0,0,0,0,12,5,0,0,0
1,1,481396,0,0,0,0,0,0,0,0,0,0
1,1,481397,0,0,0,0,0,0,0,0,0,0
2,1,481397,0,0,0,0,0,0,0,0,0,0
1,1,481398,33,33,33,33,33,33,33,33,33,33
1,1,481399,5,0,0,0,7,0,0,0,0,0
2,1,481399,18,18,18,18,18,18,18,18,18,18
3,1,481399,24,24,24,24,24,24,24,24,24,24
1,1,481400,0,0,0,0,0,0,0,0,0,0
1,1,481401,27,10,0,11,0,0,0,0,0,0
2,1,481401,14,0,0,12,0,0,18,16,0,15
1,1,481402,31,31,31,31,31,31,31,31,31,31
2,1,481402,0,14,0,0,0,0,0,14,0,0
1,1,481403,0,0,0,0,0,0,0,0,0,0
1,1,481404,0,0,0,0,0,0,0,0,0,0
2,1,481404,0,0,0,0,0,0,2,0,0,0
1,1,481405,0,0,0,0,0,0,0,0,0,0
2,1,481405,0,0,0,0,0,0,0,0,0,0
3,1,481405,0,0,0,0,0,0,0,0,10,0
1,1,481406,12,4,0,0,0,0,0,0,6,0
1,1,481407,0,0,0,0,0,0,0,0,0,0
2,1,481407,0,0,0,4,0,0,0,0,0,0
1,1,481408,20,14,0,17,25,0,0,10,0,0
1,1,481409,0,0,0,0,0,0,0,3,0,0
2,1,481409,5,0,0,0,12,0,0,3,0,0
3,1,481409,0,0,0,0,0,0,0,0,0,0
4,1,481409,0,0,12,0,0,0,0,0,6,0
0,1,481410,15,9,14,0,40,15,0,20,12,0
1,1,481410,0,0,0,0,0,0,0,0,0,0
2,1,481410,0,0,0,0,0,0,0,0,0,0
0,1,481411,0,0,0,0,0,0,0,0,0,0
1,1,481411,0,0,0,0,0,0,0,0,0,0
1,1,481412,0,0,0,0,0,0,0,0,0,0
2,1,481412,0,36,0,0,0,0,0,0,0,0
1,1,481413,0,0,0,0,0,0,0,0,0,0
2,1,481413,0,9,0,0,0,0,12,0,0,0
1,1,481414,0,0,13,0,0,23,23,14,15,0
1,1,481415,0,0,0,0,0,0,10,0,9,0
2,1,481415,0,0,0,0,0,0,0,0,0,0
1,1,481416,0,7,0,0,0,0,15,0,0,0
1,1,481417,31,31,31,31,31,31,31,31,31,31
0,1,481418,0,0,0,23,0,0,22,0,0,0
1,1,481418,11,24,23,32,0,0,0,20,0,23
1,1,481419,0,0,0,0,0,0,0,0,0,0
2,1,481419,0,0,0,0,27,0,0,0,0,0
0,1,481420,15,15,15,15,15,15,15,15,15,15
1,1,481420,0,0,0,10,0,0,0,0,0,0
1,1,481421,0,0,0,0,0,0,0,0,0,0
2,1,481421,0,0,0,0,0,0,0,0,0,0
1,1,481422,0,10,7,0,11,9,0,17,0,0
2,1,481422,0,10,6,12,0,0,0,12,14,0
1,1,481423,0,0,6,0,8,0,0,0,0,11
2,1,481423,8,0,10,0,9,0,11,5,0,8
1,1,481424,19,0,19,0,32,0,8,31,0,0
1,1,481425,0,0,0,0,0,0,0,0,18,0
2,1,481425,14,0,0,0,0,0,0,0,0,0
1,1,481426,29,29,29,29,29,29,29,29,29,29
2,1,481426,13,10,8,12,12,0,7,0,0,0
1,1,481427,18,22,29,21,17,18,13,14,23,38
1,1,481428,3,12,9,13,6,12,24,15,9,24
1,1,481429,13,9,24,16,0,12,18,7,22,15
1,1,481430,12,14,27,10,13,13,16,20,16,11
0,1,481431,0,0,0,0,0,0,0,0,0,0
1,1,481431,6,0,15,7,0,0,10,0,0,8
0,1,481432,0,0,0,0,0,0,0,0,0,0
0,2,481432,0,0,13,27,14,21,0,13,0,13
1,1,481432,3,0,0,0,0,0,2,0,0,0
1,1,481433,0,0,0,0,0,0,0,0,0,0
2,1,481433,0,0,0,0,0,0,0,0,0,0
1,1,481434,18,18,18,18,18,18,18,18,18,18
2,1,481434,0,0,0,0,0,0,0,0,0,0
0,1,481435,25,22,32,0,31,0,16,19,20,15
1,1,481435,17,0,14,11,0,0,4,0,25,12
1,1,481436,0,0,0,0,0,0,0,0,0,0
2,1,481436,0,0,0,4,0,0,0,0,0,0
1,1,481437,0,0,0,0,0,0,0,0,0,0
1,1,481438,0,0,0,0,0,0,0,0,0,0
0,1,481439,30,30,30,30,30,30,30,30,30,30
1,1,481439,0,0,0,0,0,0,0,0,0,0
1,1,481440,19,19,19,19,19,19,19,19,19,19
1,1,481441,0,0,0,0,0,0,0,0,0,0
2,1,481441,10,9,0,0,0,0,0,0,0,0
0,1,481442,0,0,16,14,0,0,28,0,9,11
1,1,481442,22,22,22,22,22,22,22,22,22,22
2,1,481442,0,0,0,0,0,0,0,33,0,0
0,1,481443,0,0,0,0,0,0,0,0,0,0
1,1,481443,4,12,11,2,0,9,18,15,0,0
1,1,481444,5,0,0,0,0,0,0,0,0,5
1,1,481445,16,0,0,15,11,0,9,12,17,22
1,1,481446,28,28,28,28,28,28,28,28,28,28
1,1,481447,0,0,37,0,17,16,0,0,0,41
0,1,481448,6,6,0,16,33,0,8,0,0,0
1,1,481448,0,20,0,0,0,0,0,6,0,0
1,1,481449,0,0,0,0,16,4,0,0,0,0
2,1,481449,0,0,0,0,0,0,0,0,0,0
1,1,481450,0,0,0,0,0,0,0,0,0,0
2,1,481450,0,0,0,0,0,26,0,0,0,0
3,1,481450,0,15,0,0,0,10,0,0,0,0
1,1,481451,0,0,0,0,0,0,0,0,0,13
2,1,481451,0,0,0,0,0,0,0,0,0,0
1,1,481452,0,0,0,0,0,0,0,0,0,0
2,1,481452,0,0,0,0,0,0,0,0,0,0
1,1,481453,0,0,0,0,0,0,0,0,0,0
0,1,481454,0,24,0,10,0,0,9,18,22,22
1,1,481454,0,0,0,0,0,0,0,0,0,0
1,1,481455,29,29,29,29,29,29,29,29,29,29
2,1,481455,0,0,0,0,0,0,0,0,0,0
1,1,481456,0,0,0,0,0,0,0,0,0,0
2,1,481456,0,6,6,6,0,21,5,7,13,19
3,1,481456,0,0,0,0,0,0,0,0,0,0
1,1,481457,6,0,0,21,31,0,0,8,0,0
2,1,481457,0,0,14,0,2,0,11,0,11,0
1,1,481458,20,20,20,20,20,20,20,20,20,20
1,1,481459,5,0,0,0,0,0,9,0,0,0
2,1,481459,0,0,0,0,0,0,0,0,0,0
1,1,481460,20,20,20,20,20,20,20,20,20,20
2,1,481460,0,0,0,0,0,0,0,0,0,0
0,1,481461,0,8,0,24,0,29,22,0,0,0
1,1,481461,11,11,11,11,11,11,11,11,11,11
1,1,481462,19,19,19,19,19,19,19,19,19,19
0,1,481463,0,0,0,0,0,0,0,0,0,0
1,1,481463,0,6,0,5,5,5,5,7,9,8
0,1,481464,0,0,11,19,20,0,0,4,17,0
0,2,481464,0,0,17,35,0,6,0,16,13,21
1,1,481464,0,0,0,16,0,15,0,0,0,0
1,1,481465,23,23,23,23,23,23,23,23,23,23
2,1,481465,0,0,0,0,0,0,0,0,11,0
1,1,481466,0,0,0,0,0,0,0,0,0,0
2,1,481466,0,0,0,0,0,0,0,0,0,0
1,1,481467,0,0,0,0,0,10,0,0,0,0
2,1,481467,0,0,0,0,0,0,0,0,0,0
1,1,481468,24,24,24,24,24,24,24,24,24,24
1,1,481469,12,31,11,0,24,10,0,0,0,0
0,1,481470,0,0,11,0,0,0,0,0,0,6
1,1,481470,5,0,0,13,7,12,0,0,0,0
1,1,481471,0,0,0,0,0,0,0,0,0,0
1,1,481472,0,14,0,0,0,0,0,0,0,0
1,1,481473,0,0,0,0,0,0,0,0,0,0
2,1,481473,0,0,0,0,0,0,0,0,0,0
1,1,481474,0,0,0,0,0,0,0,0,0,0
1,1,481475,0,19,30,23,0,24,0,8,25,30
2,1,481475,22,0,0,0,0,14,0,23,21,0
1,1,481476,0,9,0,0,12,0,0,0,0,0
1,1,481477,0,0,0,0,15,8,0,0,0,12
1,1,481478,0,0,0,0,0,0,0,0,0,0
2,1,481478,0,0,26,0,0,0,0,0,0,0
1,1,481479,12,0,0,12,0,0,24,0,3,0
1,1,481480,31,5,33,12,12,13,28,25,10,22
0,1,481481,8,0,0,0,0,0,35,0,22,8
1,1,481481,13,16,0,19,5,0,0,21,0,0
1,1,481482,0,0,0,0,0,0,0,0,0,0
2,1,481482,0,0,0,0,0,0,0,0,0,0
1,1,481483,0,0,0,0,0,12,0,0,0,0
2,1,481483,0,0,0,0,0,0,0,0,0,0
0,1,481484,0,0,0,0,0,27,0,0,0,0
1,1,481484,0,0,13,0,0,7,0,0,0,0
0,1,481485,0,0,0,0,0,0,0,0,0,0
1,1,481485,0,0,0,14,0,0,0,0,9,0
0,1,481486,0,24,0,0,0,0,0,0,0,0
0,2,481486,0,0,0,14,13,0,0,14,0,0
1,1,481486,0,16,21,0,0,0,0,0,0,0
0,1,481487,25,25,25,25,25,25,25,25,25,25
1,1,481487,6,6,6,6,6,6,6,6,6,6
1,1,481488,9,4,10,7,14,5,0,0,0,24
1,1,481489,0,12,0,0,0,17,0,0,13,23
1,1,481490,14,14,14,14,14,14,14,14,14,14
1,1,481491,0,0,0,0,0,0,3,0,0,0
1,1,481492,13,13,13,13,13,13,13,13,13,13
1,1,481493,30,0,22,9,17,32,12,11,27,21
1,1,481494,0,0,0,0,0,22,0,0,13,0
1,1,481495,30,30,30,30,30,30,30,30,30,30
0,1,481496,0,0,0,0,0,0,0,0,0,0
0,2,481496,0,0,0,0,0,0,0,0,0,0
1,1,481496,7,9,14,0,0,0,7,14,21,15
1,1,481497,0,0,0,0,0,0,0,0,0,0
0,1,481498,23,23,23,23,23,23,23,23,23,23
1,1,481498,2,2,2,2,2,2,2,2,2,2
1,1,481499,22,22,22,22,22,22,22,22,22,22
1,1,481500,10,10,10,10,10,10,10,10,10,10
2,1,481500,0,0,0,0,0,20,0,0,0,0
1,1,481501,3,3,3,3,3,3,3,3,3,3
2,1,481501,0,0,0,0,0,0,0,0,0,0
1,1,481502,21,15,0,14,53,0,0,18,0,0
2,1,481502,0,0,0,0,0,10,24,0,0,0
3,1,481502,0,5,0,9,0,0,10,0,0,4
1,1,481503,19,19,19,19,19,19,19,19,19,19
0,1,481504,20,0,0,0,0,14,0,44,22,16
1,1,481504,0,0,0,0,0,0,0,0,16,10
1,1,481505,14,0,0,0,0,0,0,16,0,13
2,1,481505,0,0,0,0,0,0,0,14,16,0
1,1,481506,15,6,19,0,0,0,0,0,0,0
0,1,481507,0,0,27,0,0,0,0,9,29,0
1,1,481507,0,0,0,0,0,0,0,12,0,0
1,1,481508,0,0,0,0,0,0,0,0,0,8
0,1,481509,8,8,8,8,8,8,8,8,8,8
1,1,481509,0,0,0,0,0,0,9,0,0,0
1,1,481510,0,0,0,0,15,21,0,0,0,0
2,1,481510,15,8,7,21,12,0,0,4,9,0
1,1,481511,0,0,9,0,0,0,0,14,0,0
0,1,481512,0,0,0,0,0,5,0,0,20,17
1,1,481512,0,0,0,0,0,0,0,0,0,0
1,1,481513,7,15,11,0,28,0,15,9,15,24
1,1,481514,28,20,23,7,12,0,10,13,14,0
1,1,481515,0,0,0,0,0,18,16,0,0,0
2,1,481515,0,0,0,0,0,0,0,0,0,0
3,1,481515,0,0,0,0,0,0,0,0,0,0
1,1,481516,0,0,0,0,0,0,0,0,0,0
1,1,481517,0,0,0,12,38,11,11,15,0,24
0,1,481518,22,28,0,6,0,22,13,55,32,15
1,1,481518,0,0,0,0,0,0,0,0,0,0
1,1,481519,23,16,8,23,32,22,21,11,13,22
1,1,481520,0,0,0,0,0,0,0,0,0,0
2,1,481520,0,0,0,0,0,0,0,0,0,0
1,1,481521,0,0,0,0,0,0,0,0,0,0
1,1,481522,0,0,0,0,0,0,0,0,0,0
2,1,481522,0,0,0,0,0,0,0,0,0,0
1,1,481523,0,0,0,0,0,0,0,0,0,0
2,1,481523,0,0,0,0,0,0,0,0,0,0
1,1,481524,26,26,26,26,26,26,26,26,26,26
1,1,481525,16,15,8,26,10,26,15,17,27,13
1,1,481527,0,0,0,0,0,0,0,0,0,0
1,1,481528,18,22,17,28,29,24,37,34,11,14
0,1,481529,0,0,15,11,23,0,28,42,30,41
0,2,481529,26,0,23,0,0,28,63,31,0,0
2,1,481529,0,0,0,0,9,0,0,0,0,0
3,1,481529,0,0,0,0,0,0,0,0,0,0
4,1,481529,0,0,0,0,6,15,0,0,8,0
5,1,481529,13,0,0,10,12,24,0,9,0,0
6,1,481529,0,21,0,0,0,0,0,26,0,0
1,1,481530,0,4,0,0,3,0,0,12,0,33
2,1,481530,0,0,11,16,0,0,0,0,0,23
1,1,481531,20,20,20,20,20,20,20,20,20,20
2,1,481531,22,22,22,22,22,22,22,22,22,22
1,1,481532,6,0,0,0,0,0,0,2,0,0
2,1,481532,0,0,0,0,0,0,0,0,0,0
0,1,481533,0,0,0,23,19,40,9,0,9,5
0,2,481533,20,20,20,20,20,20,20,20,20,20
1,1,481533,9,14,7,6,3,13,5,0,8,0
0,1,481534,19,0,0,10,0,0,12,0,7,0
1,1,481534,0,9,0,0,0,0,6,0,0,3
1,1,481535,0,0,0,0,0,0,0,0,0,0
1,1,481536,0,0,0,0,0,0,0,0,0,0
2,1,481536,0,0,14,6,0,0,6,0,0,0
1,1,481537,0,0,0,0,0,0,0,0,0,0
2,1,481537,0,0,0,0,0,0,0,0,0,0
1,1,481538,10,10,10,10,10,10,10,10,10,10
1,1,481539,0,0,0,0,0,0,0,0,0,0
2,1,481539,24,24,24,24,24,24,24,24,24,24
1,1,481540,28,21,16,19,3,21,20,36,16,14
1,1,481541,0,0,0,4,0,0,0,0,0,0
1,1,481542,14,14,14,14,14,14,14,14,14,14
1,1,481543,13,0,20,20,6,7,0,0,10,24
0,1,481544,0,0,0,0,0,0,0,0,0,0
1,1,481544,0,0,0,0,0,0,0,0,0,0
1,1,481545,0,0,0,0,0,0,0,0,13,0
1,1,481546,0,0,0,0,18,0,0,0,0,0
2,1,481546,0,0,0,0,0,0,0,0,0,0
1,1,481547,32,32,32,32,32,32,32,32,32,32
2,1,481547,0,0,0,0,0,0,0,0,0,0
1,1,481548,20,25,12,19,14,19,10,23,11,43
1,1,481549,14,14,14,14,14,14,14,14,14,14
1,1,481550,0,0,0,0,0,0,0,0,0,0
1,1,481551,0,0,9,0,0,0,0,12,0,0
1,1,481552,14,14,14,14,14,14,14,14,14,14
2,1,481552,0,0,0,0,0,0,0,0,0,0
0,1,481553,3,3,3,3,3,3,3,3,3,3
1,1,481553,8,0,20,8,4,0,3,8,0,29
1,1,481554,0,0,9,17,19,0,13,19,0,0
2,1,481554,0,0,0,0,0,0,0,0,0,0
3,1,481554,12,14,0,3,3,8,8,0,8,10
4,1,481554,0,0,21,0,12,0,14,7,0,0
1,1,481555,18,18,18,18,18,18,18,18,18,18
1,1,481556,13,29,25,40,8,3,24,15,12,18
1,1,481557,5,0,5,10,0,0,12,0,0,0
2,1,481557,0,0,0,0,0,0,0,0,0,0
1,1,481558,23,0,0,0,0,0,0,0,0,0
1,1,481559,0,0,0,0,0,0,0,0,0,0
2,1,481559,0,0,0,0,0,0,0,0,0,0
1,1,481560,0,0,0,0,0,0,0,0,0,0
2,1,481560,0,0,0,0,0,0,0,0,0,0
1,1,481561,0,13,20,0,14,0,9,16,15,0
2,1,481561,0,0,0,0,0,0,0,0,0,0
3,1,481561,0,0,0,0,12,0,0,0,0,0
1,1,481562,0,0,0,20,0,0,0,0,0,0
1,1,481564,24,24,24,24,24,24,24,24,24,24
2,1,481564,0,35,17,14,0,0,4,0,0,0
1,1,481565,33,18,0,3,0,0,0,0,11,18
1,1,481566,16,16,16,16,16,16,16,16,16,16
2,1,481566,0,0,14,24,0,0,0,3,0,0
1,1,481567,0,0,0,0,0,0,0,14,0,0
1,1,481568,32,32,32,32,32,32,32,32,32,32
1,1,481569,0,0,0,0,0,0,0,0,0,0
2,1,481569,0,0,0,0,0,0,0,0,0,0
1,1,481570,0,0,0,0,0,0,0,0,0,0
1,1,481571,0,0,14,11,0,15,0,0,0,0
2,1,481571,0,0,0,0,0,0,0,0,0,0
1,1,481572,13,17,0,0,24,0,12,8,11,13
1,1,481573,0,17,0,18,15,6,20,0,16,14
2,1,481573,10,8,0,11,0,22,12,0,17,14
1,1,481574,0,0,0,0,0,0,0,0,0,0
2,1,481574,9,14,0,9,11,0,0,0,0,0
1,1,481575,10,0,11,0,0,0,0,6,0,0
1,1,481576,0,21,3,0,0,25,0,5,0,0
2,1,481576,0,0,0,0,0,8,0,0,0,0
1,1,481577,0,0,8,15,16,0,38,21,8,16
2,1,481577,13,0,0,14,0,21,0,9,0,21
1,1,481578,0,0,0,0,0,0,0,0,0,0
2,1,481578,0,0,0,0,0,0,0,0,0,0
1,1,481579,25,25,25,25,25,25,25,25,25,25
1,1,481580,19,28,17,21,25,14,24,25,15,22
1,1,481581,17,0,0,0,8,0,0,7,0,0
2,1,481581,0,0,0,0,0,14,0,18,0,0
1,1,481582,0,0,0,0,0,0,0,0,0,0
2,1,481582,0,0,15,0,0,0,0,0,0,6
1,1,481583,0,0,0,15,0,0,0,0,0,0
1,1,481584,0,0,0,17,0,0,0,0,29,0
2,1,481584,0,0,0,0,0,0,0,0,0,0
3,1,481584,0,0,0,9,0,0,0,0,0,0
1,1,481585,15,0,18,0,0,14,0,0,16,0
2,1,481585,0,0,0,0,0,0,0,0,0,0
1,1,481586,0,0,0,0,0,0,0,0,0,13
1,1,481587,0,16,0,0,0,0,0,0,0,0
2,1,481587,0,0,0,0,0,0,0,0,0,0
1,1,481588,0,0,0,0,0,0,0,0,0,0
2,1,481588,9,0,3,0,0,0,0,6,9,0
1,1,481589,0,0,0,0,0,0,0,0,0,0
1,1,481590,0,0,0,0,0,0,0,0,0,0
2,1,481590,0,0,0,0,0,0,0,0,0,0
3,1,481590,0,0,0,0,0,0,0,0,0,0
1,1,481591,0,0,0,0,0,0,0,0,0,0
2,1,481591,0,0,0,0,0,0,0,0,0,0
1,1,481592,12,15,0,0,0,0,0,0,0,12
2,1,481592,0,0,0,0,0,0,0,0,0,0
1,1,481593,0,21,0,0,0,19,25,0,10,0
1,1,481594,0,0,0,0,0,0,0,0,0,0
1,1,481595,0,0,0,0,0,0,0,0,0,0
2,1,481595,0,0,0,0,0,0,0,0,0,0
1,1,481596,22,22,22,22,22,22,22,22,22,22
1,1,481597,0,0,0,0,0,0,0,0,0,0
1,1,481598,6,6,6,6,6,6,6,6,6,6
1,1,481599,21,21,21,21,21,21,21,21,21,21
1,1,481600,0,0,0,0,0,0,0,0,0,0
2,1,481600,0,0,0,0,0,0,0,0,0,0
3,1,481600,0,0,0,0,0,0,0,0,0,0
1,1,481601,1,1,1,1,1,1,1,1,1,1
0,1,481602,23,25,0,0,15,0,0,22,0,0
2,1,481602,19,19,19,19,19,19,19,19,19,19
1,1,481603,0,0,0,0,0,0,0,0,0,0
2,1,481603,0,0,0,0,0,0,0,0,0,0
1,1,481604,0,0,0,0,0,0,0,0,0,0
2,1,481604,0,0,0,0,0,0,0,0,0,0
3,1,481604,0,0,0,0,0,0,0,0,0,0
4,1,481604,0,0,0,0,0,0,0,0,19,19
5,1,481604,0,0,0,0,0,0,0,0,0,0
1,1,481605,0,0,0,0,0,0,0,0,0,0
1,1,481606,0,0,0,0,0,0,0,0,0,0
2,1,481606,0,0,0,0,10,10,0,0,0,0
3,1,481606,0,0,0,0,0,0,0,0,0,0
0,1,481607,0,0,0,0,0,0,0,0,0,0
1,1,481607,0,0,0,0,0,0,0,0,0,0
0,1,481608,19,19,19,19,19,19,19,19,19,19
1,1,481608,26,6,0,2,9,10,16,9,0,5
1,1,481609,18,0,0,0,10,14,0,0,0,0
1,1,481610,0,0,0,0,0,0,0,0,0,0
0,1,481611,20,20,20,20,20,20,20,20,20,20
1,1,481611,0,0,0,0,0,11,0,0,0,2
1,1,481612,0,0,11,0,0,0,8,0,0,0
1,1,481613,20,20,20,20,20,20,20,20,20,20
1,1,481614,29,29,29,29,29,29,29,29,29,29
0,1,481615,0,19,0,0,25,22,14,23,0,28
0,2,481615,0,0,0,0,0,0,0,0,0,0
1,1,481615,6,0,7,0,10,6,7,0,5,0
1,1,481616,11,18,17,11,6,26,13,10,14,18
2,1,481616,0,0,0,0,0,0,0,11,0,0
1,1,481617,19,2,0,0,0,0,0,0,0,0
1,1,481618,0,8,15,18,20,13,0,0,0,0
1,1,481619,0,15,27,11,7,8,12,0,12,0
1,1,481620,0,0,0,0,13,0,0,0,0,0
2,1,481620,0,0,0,0,0,0,0,0,0,0
1,1,481621,0,0,0,0,0,0,0,0,0,0
1,1,481622,0,0,0,0,0,0,0,0,0,0
2,1,481622,0,0,0,0,0,0,0,0,0,0
1,1,481623,0,0,0,0,0,0,0,0,0,0
2,1,481623,0,0,0,0,0,0,0,0,0,0
0,1,481624,27,27,27,27,27,27,27,27,27,27
1,1,481624,1,1,1,1,1,1,1,1,1,1
1,1,481625,18,18,18,18,18,18,18,18,18,18
1,1,481626,11,21,9,4,18,21,8,5,19,31
1,1,481627,15,23,12,0,0,0,22,0,23,0
2,1,481627,0,0,14,0,0,0,0,0,0,0
1,1,481628,0,15,0,28,20,10,0,25,13,0
2,1,481628,0,0,0,0,0,0,0,0,0,0
3,1,481628,0,0,0,0,0,10,0,0,0,0
1,1,481629,19,19,19,19,19,19,19,19,19,19
0,1,481630,23,23,23,23,23,23,23,23,23,23
1,1,481630,0,0,0,0,0,0,0,0,0,0
2,1,481630,21,23,5,3,4,21,9,7,0,13
1,1,481631,27,27,27,27,27,27,27,27,27,27
1,1,481632,18,26,0,7,0,22,24,32,8,16
1,1,481633,75,0,0,0,0,0,0,0,0,0
1,1,481634,0,14,0,0,4,0,0,0,0,0
2,1,481634,0,0,0,0,0,0,0,0,0,20
0,1,481635,0,0,0,0,0,0,0,0,0,0
0,2,481635,0,0,0,0,0,0,0,0,0,0
1,1,481635,0,0,12,0,0,2,0,0,0,23
1,1,481636,18,6,31,11,15,16,14,27,11,24
1,1,481637,6,30,5,14,18,14,7,34,23,15
1,1,481638,0,0,0,0,0,0,0,0,0,0
2,1,481638,0,0,0,0,0,0,0,0,7,0
1,1,481639,9,20,13,12,30,14,25,11,9,17
1,1,481640,0,0,0,0,0,17,0,18,0,0
1,1,481641,0,0,0,0,21,0,0,0,0,0
2,1,481641,0,0,0,0,0,24,15,0,0,0
1,1,481642,0,0,0,18,22,0,0,0,0,32
0,1,481643,0,0,0,0,0,0,0,0,0,0
1,1,481643,0,0,0,0,0,0,0,0,0,0
0,1,481644,25,0,0,6,21,12,0,30,37,8
1,1,481644,0,0,0,0,0,0,0,0,0,0
1,1,481645,0,0,0,0,0,0,0,0,0,0
1,1,481646,0,0,0,0,0,0,0,0,0,0
2,1,481646,0,0,0,0,0,0,0,0,0,0
1,1,481647,31,31,31,31,31,31,31,31,31,31
1,1,481648,14,0,0,7,0,4,0,10,0,7
2,1,481648,0,0,0,0,0,0,0,0,0,0
0,1,481649,0,0,0,0,0,0,0,0,11,0
1,1,481649,0,0,0,20,15,0,21,0,0,0
1,1,481650,0,0,0,0,0,0,0,0,0,0
2,1,481650,0,0,0,0,0,0,0,0,0,0
1,1,481652,11,30,3,0,26,22,11,9,17,29
1,1,481653,0,0,0,0,0,0,0,8,0,10
1,1,481654,8,8,8,8,8,8,8,8,8,8
1,1,481655,0,0,0,0,0,0,0,0,0,0
2,1,481655,0,0,0,0,0,0,0,0,0,0
1,1,481656,0,19,0,4,0,0,0,0,0,14
1,1,481657,19,19,19,19,19,19,19,19,19,19
1,1,481658,26,26,26,26,26,26,26,26,26,26