VEH_NO,PER_NO,ST_CASE,P1,P2,P3,P4,P5,P6,P7,P8,P9,P10
0,1,481659,0,0,0,0,0,0,0,0,0,0
1,1,481659,0,0,0,0,0,0,0,0,0,0
1,1,481660,0,0,0,12,0,36,0,0,0,0
1,1,481661,0,0,0,0,0,0,0,0,0,0
2,1,481661,0,0,0,0,0,0,0,0,0,0
1,1,481662,22,22,22,22,22,22,22,22,22,22
2,1,481662,0,0,0,0,0,0,0,0,0,0
1,1,481663,0,0,0,0,0,0,0,0,0,0
2,1,481663,0,0,0,0,0,0,0,0,0,0
1,1,481664,0,0,0,0,0,0,0,0,0,0
2,1,481664,4,4,4,4,4,4,4,4,4,4
0,1,481665,19,23,27,15,26,3,21,0,16,9
1,1,481665,0,20,11,21,0,5,0,0,0,0
1,1,481666,21,21,21,21,21,21,21,21,21,21
1,1,481667,0,0,0,0,0,0,0,0,0,0
2,1,481667,0,0,0,0,0,0,0,0,0,0
0,1,481669,14,14,14,14,14,14,14,14,14,14
1,1,481669,7,6,3,2,4,10,13,8,13,4
1,1,481670,5,18,17,10,17,22,34,14,22,21
1,1,481671,0,0,0,11,0,0,0,0,0,0
0,1,481672,0,0,0,0,0,0,0,0,0,0
1,1,481672,0,0,0,0,0,0,0,0,0,0
1,1,481673,0,0,0,0,10,0,0,0,0,0
1,1,481674,0,12,0,0,34,0,0,0,0,33
1,1,481675,17,17,17,17,17,17,17,17,17,17
1,1,481676,0,0,0,0,0,0,14,12,23,0
1,1,481677,17,22,6,29,14,5,13,8,19,28
2,1,481677,4,12,0,0,0,7,25,0,4,8
1,1,481678,0,0,0,0,0,0,0,0,0,0
2,1,481678,4,10,0,0,6,9,0,8,0,3
1,1,481679,11,11,11,11,11,11,11,11,11,11
0,1,481680,3,3,3,3,3,3,3,3,3,3
1,1,481680,0,0,0,22,0,0,0,0,0,0
0,1,481681,0,0,0,0,28,3,22,30,15,5
1,1,481681,19,19,19,19,19,19,19,19,19,19
1,1,481682,0,0,0,0,0,0,0,0,0,0
2,1,481682,0,0,0,0,0,0,0,0,0,0
1,1,481683,0,0,0,0,11,14,0,10,0,0
1,1,481684,15,15,15,15,15,15,15,15,15,15
2,1,481684,0,0,0,0,0,0,0,0,22,0
3,1,481684,0,10,8,0,0,0,0,13,9,0
4,1,481684,0,0,0,0,0,0,0,0,0,0
0,1,481685,0,0,0,0,0,0,0,0,0,0
1,1,481685,0,0,18,13,11,0,0,7,0,14
1,1,481686,6,6,6,6,6,6,6,6,6,6
2,1,481686,0,0,0,0,0,0,0,0,0,0
1,1,481687,0,0,0,0,0,0,0,12,0,0
2,1,481687,0,0,9,0,0,0,0,23,0,0
1,1,481688,0,0,10,13,10,0,10,0,0,7
1,1,481689,13,15,19,29,0,25,3,21,7,20
2,1,481689,0,0,0,0,0,0,0,0,0,0
1,1,481690,0,0,0,0,12,0,0,0,0,0
2,1,481690,9,0,0,0,0,0,0,0,0,0
1,1,481691,0,0,0,0,0,0,0,0,0,0
2,1,481691,0,0,0,0,0,12,0,0,0,0
1,1,481692,0,0,0,0,0,0,0,0,0,0
2,1,481692,0,0,0,0,0,24,0,0,0,0
1,1,481693,17,17,17,17,17,17,17,17,17,17
1,1,481694,17,17,17,17,17,17,17,17,17,17
1,1,481695,3,0,0,27,18,0,0,0,0,14
0,1,481696,0,21,19,0,17,0,21,0,34,0
1,1,481696,8,0,12,0,0,19,7,22,2,7
1,1,481697,0,0,0,0,0,0,0,0,0,0
1,1,481698,0,0,13,0,0,8,0,0,4,0
0,1,481699,0,7,0,20,0,6,0,19,0,0
0,2,481699,26,0,24,24,41,0,0,0,0,13
1,1,481699,0,9,0,0,0,0,0,0,0,7
0,1,481700,7,7,7,7,7,7,7,7,7,7
1,1,481700,0,0,0,0,7,0,18,4,23,0
1,1,481701,0,4,0,0,0,0,0,0,0,0
0,1,481702,20,25,0,30,12,17,0,37,6,21
1,1,481702,0,22,8,12,11,6,15,25,36,10
1,1,481703,9,9,9,9,9,9,9,9,9,9
2,1,481703,0,0,0,0,0,0,0,0,0,0
1,1,481704,0,0,0,0,0,0,0,0,0,0
1,1,481705,14,14,14,14,14,14,14,14,14,14
1,1,481706,0,0,0,0,0,0,0,0,0,0
2,1,481706,10,0,0,0,0,7,0,11,0,0
0,1,481707,0,0,15,0,0,0,0,0,0,0
1,1,481707,18,9,5,0,14,0,0,10,0,17
1,1,481708,0,0,0,0,0,0,23,0,0,0
1,1,481709,18,0,0,0,0,0,0,0,0,0
2,1,481709,0,0,0,0,0,0,0,0,0,0
1,1,481710,31,31,31,31,31,31,31,31,31,31
2,1,481710,0,0,0,0,0,0,0,0,0,0
3,1,481710,0,0,0,0,0,0,0,0,0,12
1,1,481711,0,0,0,0,0,0,0,0,0,0
2,1,481711,0,0,0,0,0,0,0,0,0,0
1,1,481712,34,0,26,12,16,0,24,25,20,15
1,1,481713,15,20,13,22,21,18,22,14,8,5
1,1,481714,6,6,6,6,6,6,6,6,6,6
2,1,481714,14,14,14,14,14,14,14,14,14,14
1,1,481715,0,21,10,0,0,0,0,0,0,21
1,1,481716,6,6,6,6,6,6,6,6,6,6
1,1,481717,5,5,5,5,5,5,5,5,5,5
2,1,481717,0,0,0,0,0,0,0,0,0,0
1,1,481718,0,0,0,0,0,0,0,0,0,13
2,1,481718,0,0,0,0,0,0,0,0,0,0
1,1,481719,0,0,0,28,0,0,0,0,0,13
2,1,481719,4,10,23,20,23,0,0,0,0,10
0,1,481720,0,22,0,0,23,19,0,0,0,9
0,2,481720,0,0,0,0,0,24,0,17,19,0
1,1,481720,16,16,16,16,16,16,16,16,16,16
1,1,481721,16,16,16,16,16,16,16,16,16,16
2,1,481721,0,0,0,0,0,0,0,0,0,0
1,1,481722,0,0,0,0,0,0,0,0,0,0
2,1,481722,0,0,0,0,0,0,0,0,0,0
0,1,481723,0,0,0,0,0,0,10,0,7,0
0,2,481723,0,0,0,0,0,0,0,0,0,0
1,1,481723,11,37,0,19,9,17,34,0,0,6
2,1,481723,0,0,0,16,8,0,0,0,0,0
1,1,481724,0,0,0,0,0,0,0,0,0,0
2,1,481724,0,0,0,0,0,0,0,0,0,0
3,1,481724,0,0,0,0,0,0,0,0,0,0
1,1,481725,2,2,2,2,2,2,2,2,2,2
2,1,481725,0,0,0,0,0,0,0,0,0,0
3,1,481725,0,0,0,0,0,0,0,0,0,0
0,1,481726,0,9,0,0,0,0,0,0,0,0
1,1,481726,0,0,0,0,0,0,0,0,0,0
1,1,481727,0,0,25,0,0,0,0,0,23,24
2,1,481727,0,0,0,0,0,35,0,0,0,0
3,1,481727,0,0,0,0,0,0,0,13,0,0
1,1,481728,0,0,0,0,0,0,0,0,0,0
1,1,481729,29,29,29,29,29,29,29,29,29,29
2,1,481729,0,0,0,0,0,0,0,0,0,0
1,1,481730,0,0,0,0,0,0,0,0,0,0
0,1,481731,18,0,0,0,0,0,14,24,0,0
1,1,481731,0,0,0,0,0,11,0,0,0,0
1,1,481732,8,8,8,8,8,8,8,8,8,8
1,1,481733,10,10,10,10,10,10,10,10,10,10
1,1,481734,22,22,22,22,22,22,22,22,22,22
1,1,481735,0,0,0,0,0,0,0,0,0,0
1,1,481736,0,0,0,0,0,0,0,0,0,0
2,1,481736,0,0,0,0,0,17,0,0,0,0
0,1,481737,19,19,19,19,19,19,19,19,19,19
1,1,481737,26,0,13,38,0,5,11,15,20,14
1,1,481738,17,21,0,0,0,0,0,13,0,0
1,1,481739,0,0,17,0,10,0,13,13,0,14
2,1,481739,14,0,0,0,7,12,0,0,0,0
1,1,481740,0,0,0,0,0,0,8,0,0,13
1,1,481741,17,17,17,17,17,17,17,17,17,17
2,1,481741,0,0,7,15,0,7,10,0,8,12
1,1,481742,15,0,0,12,0,0,20,21,0,0
2,1,481742,0,0,0,0,0,0,0,0,0,0
1,1,481743,0,0,0,10,0,0,0,0,0,0
2,1,481743,0,0,0,0,0,0,4,0,0,0
1,1,481744,0,0,0,0,0,0,0,0,0,0
2,1,481744,0,0,0,0,0,0,0,0,0,0
1,1,481745,8,8,8,8,8,8,8,8,8,8
1,1,481746,19,9,0,6,6,0,14,24,11,8
1,1,481747,29,12,0,4,12,20,8,2,19,0
1,1,481748,17,5,19,8,14,22,0,17,13,4
1,1,481749,0,0,0,0,0,0,0,0,0,0
1,1,481750,0,0,0,0,0,0,0,0,0,0
2,1,481750,0,0,0,0,0,0,9,22,0,0
1,1,481751,0,0,0,0,0,0,0,0,0,0
2,1,481751,13,0,11,0,0,0,23,28,0,0
0,1,481752,0,0,0,18,0,14,0,0,0,7
1,1,481752,0,0,0,22,0,0,0,0,0,0
1,1,481753,0,0,0,0,0,0,0,0,0,0
2,1,481753,0,0,11,0,0,0,0,7,0,0
1,1,481754,19,22,22,14,8,18,16,26,19,14
2,1,481754,0,0,0,0,0,0,0,0,0,0
0,1,481755,46,11,17,40,40,28,0,0,13,0
1,1,481755,13,0,0,0,0,0,0,0,0,9
1,1,481756,0,0,0,0,0,0,0,0,0,0
1,1,481757,0,0,0,0,0,0,0,13,0,0
1,1,481758,0,0,0,0,0,0,0,0,0,0
1,1,481759,0,0,0,0,0,0,0,0,0,0
2,1,481759,0,0,0,0,0,0,18,0,0,0
1,1,481760,0,0,18,0,7,0,30,0,0,0
1,1,481761,0,0,10,0,25,0,10,4,22,16
2,1,481761,0,0,0,0,0,0,0,0,0,0
1,1,481762,0,0,0,0,0,0,0,0,0,0
2,1,481762,0,0,0,0,0,0,0,0,0,0
1,1,481763,0,0,0,0,0,0,0,0,0,0
1,1,481764,11,0,24,0,8,0,0,25,0,0
1,1,481765,0,0,0,0,0,0,0,17,0,0
2,1,481765,0,0,0,0,15,0,0,0,0,0
3,1,481765,0,0,0,0,0,0,0,0,7,0
1,1,481766,0,0,0,0,0,0,0,0,0,0
1,1,481767,0,0,0,0,0,0,0,0,0,0
2,1,481767,16,0,0,7,0,0,0,0,0,0
1,1,481768,0,0,0,0,0,0,0,0,0,0
2,1,481768,0,0,0,0,0,0,0,0,0,0
1,1,481769,12,0,29,17,0,0,18,0,18,15
1,1,481770,23,22,7,17,15,10,33,30,8,13
2,1,481770,6,0,0,0,0,0,0,0,0,3
1,1,481771,0,0,0,0,0,0,0,0,0,0
2,1,481771,0,0,0,0,0,0,0,0,0,0
3,1,481771,0,0,0,0,0,0,0,0,0,0
4,1,481771,0,0,0,0,0,0,0,0,6,0
1,1,481772,0,9,12,24,0,21,0,0,0,0
1,1,481773,12,11,17,15,11,0,15,20,21,8
2,1,481773,0,35,12,0,61,0,0,0,0,0
1,1,481774,0,0,0,0,0,0,0,0,0,0
1,1,481775,19,21,16,19,24,22,20,15,20,25
1,1,481776,0,0,0,0,0,0,0,0,0,0
2,1,481776,0,0,0,0,0,5,12,0,0,12
1,1,481777,0,0,0,0,0,0,0,0,0,0
1,1,481778,0,0,0,0,0,0,0,0,0,0
1,1,481779,0,0,0,0,0,0,0,0,0,0
2,1,481779,0,0,0,18,0,0,19,0,0,0
1,1,481780,0,0,0,0,0,0,0,0,0,0
2,1,481780,0,0,0,0,0,0,0,0,0,0
1,1,481781,23,15,24,10,0,0,0,40,23,21
1,1,481782,13,0,0,9,7,0,5,0,6,6
2,1,481782,0,0,0,0,0,0,0,0,0,0
1,1,481783,0,0,0,0,0,0,0,0,0,0
2,1,481783,0,0,0,0,0,0,0,0,0,0
1,1,481784,23,0,19,36,15,10,22,10,8,45
1,1,481785,0,0,0,0,0,0,0,0,0,0
2,1,481785,0,0,0,0,0,0,0,0,0,0
3,1,481785,0,0,0,0,0,0,0,0,0,0
0,1,481786,12,0,28,13,9,0,0,24,0,45
1,1,481786,14,0,0,0,0,0,10,0,0,0
1,1,481787,0,0,0,0,0,0,0,14,0,0
2,1,481787,0,0,0,0,0,0,0,0,0,0
1,1,481788,0,0,0,0,0,0,0,0,0,0
2,1,481788,21,21,21,21,21,21,21,21,21,21
1,1,481789,0,0,2,24,17,32,15,21,0,17
1,1,481790,0,0,0,0,0,6,0,0,0,0
2,1,481790,0,0,0,0,0,0,0,0,0,0
1,1,481791,21,0,17,0,0,10,19,10,22,21
1,1,481792,0,0,0,15,0,4,16,17,32,0
2,1,481792,0,0,0,0,0,0,0,0,0,0
3,1,481792,0,0,0,0,0,0,0,0,0,0
1,1,481793,12,12,12,12,12,12,12,12,12,12
1,1,481794,0,0,0,0,0,0,0,0,0,0
1,1,481795,13,0,0,0,0,15,0,20,18,26
2,1,481795,0,0,0,0,0,0,0,0,0,0
1,1,481796,0,0,0,0,0,0,0,0,0,0
1,1,481797,0,0,0,5,0,0,0,0,0,0
2,1,481797,0,0,0,0,0,0,0,0,0,0
3,1,481797,0,0,0,10,0,22,0,0,0,0
1,1,481798,0,0,0,0,0,0,11,0,0,0
2,1,481798,0,0,0,0,0,0,0,0,0,0
3,1,481798,0,0,0,0,0,0,0,0,0,0
1,1,481799,0,0,0,0,0,0,0,0,0,0
2,1,481799,0,0,0,0,0,0,0,0,0,0
3,1,481799,0,0,0,0,0,0,13,19,0,0
1,1,481800,0,0,0,0,0,0,0,0,0,0
2,1,481800,10,10,10,10,10,10,10,10,10,10
3,1,481800,12,12,12,12,12,12,12,12,12,12
1,1,481801,0,0,0,0,0,0,0,0,0,0
1,1,481802,0,0,0,0,4,4,0,0,0,0
2,1,481802,0,0,10,18,0,10,24,0,0,15
3,1,481802,0,0,11,0,0,0,0,0,0,0
1,1,481803,18,20,10,11,6,28,14,26,13,20
0,1,481804,0,7,11,29,4,0,0,0,0,8
1,1,481805,25,25,25,25,25,25,25,25,25,25
1,1,481806,0,0,0,0,0,0,0,0,0,0
2,1,481806,20,20,20,20,20,20,20,20,20,20
1,1,481807,25,32,32,38,6,12,17,32,19,11
2,1,481807,4,7,0,8,13,12,0,5,8,13
1,1,481808,0,0,0,0,0,0,6,7,0,0
2,1,481808,0,0,0,0,0,0,0,0,0,0
1,1,481809,7,7,7,7,7,7,7,7,7,7
1,1,481810,0,23,15,0,0,39,4,0,23,0
1,1,481811,0,17,0,9,4,11,0,0,0,0
2,1,481811,0,0,0,0,0,0,0,0,0,0
1,1,481812,0,0,0,0,12,0,0,0,0,0
2,1,481812,0,0,0,0,0,0,0,0,0,0
3,1,481812,0,0,0,0,0,0,0,0,0,0
4,1,481812,0,0,0,0,30,0,0,0,0,0
0,1,481813,20,20,20,20,20,20,20,20,20,20
1,1,481813,7,0,0,0,0,0,0,19,0,0
1,1,481814,6,27,12,35,32,16,10,13,20,13
2,1,481814,0,0,14,0,0,0,9,7,0,0
1,1,481815,0,0,0,0,5,0,0,0,0,0
2,1,481815,0,0,0,0,0,0,0,0,0,0
1,1,481816,19,31,0,0,0,0,18,0,0,24
1,1,481817,13,0,0,16,0,20,0,24,8,16
1,1,481818,0,0,20,0,0,0,0,0,0,0
1,1,481819,0,13,12,0,0,0,0,0,0,0
1,1,481820,23,0,0,13,9,0,19,0,8,11
1,1,481821,14,18,15,11,19,20,2,12,6,23
2,1,481821,0,0,0,0,0,0,0,0,0,0
0,1,481822,0,0,0,0,0,0,0,0,0,0
1,1,481822,11,0,11,0,30,0,0,0,0,0
1,1,481823,0,15,15,18,0,0,0,0,6,9
1,1,481824,0,0,0,0,0,0,0,0,0,0
2,1,481824,0,0,0,0,5,0,0,0,0,0
3,1,481824,0,0,0,0,0,0,0,0,0,0
4,1,481824,21,21,21,21,21,21,21,21,21,21
1,1,481825,0,0,0,0,0,0,0,24,0,0
1,1,481826,0,0,0,0,0,0,0,6,0,10
2,1,481826,0,0,0,0,0,0,0,0,0,0
1,1,481827,0,0,12,0,31,21,0,0,0,18
1,1,481828,0,0,0,0,0,0,0,0,0,0
2,1,481828,0,0,0,0,0,0,0,0,0,0
1,1,481829,20,20,20,20,20,20,20,20,20,20
2,1,481829,8,0,0,0,0,6,20,0,0,0
1,1,481830,22,22,22,22,22,22,22,22,22,22
1,1,481831,25,25,25,25,25,25,25,25,25,25
2,1,481831,0,0,0,0,0,0,0,0,0,0
1,1,481832,0,0,0,0,0,0,14,14,0,17
1,1,481833,24,0,8,0,23,20,18,9,7,13
1,1,481834,4,4,4,4,4,4,4,4,4,4
2,1,481834,4,4,4,4,4,4,4,4,4,4
1,1,481835,0,24,0,0,0,0,0,0,0,0
1,1,481836,14,14,14,14,14,14,14,14,14,14
1,1,481837,3,3,3,3,3,3,3,3,3,3
1,1,481838,0,0,0,0,0,0,0,0,0,0
1,1,481839,16,16,16,16,16,16,16,16,16,16
1,1,481840,0,10,0,0,0,0,0,0,17,0
2,1,481840,1,1,1,1,1,1,1,1,1,1
1,1,481842,0,7,0,16,0,0,0,0,0,0
1,1,481843,13,0,0,0,0,0,0,0,0,0
2,1,481843,0,0,6,0,0,0,22,0,14,0
1,1,481844,0,0,7,0,0,0,15,12,0,18
2,1,481844,0,13,10,16,35,17,9,11,4,8
1,1,481845,13,13,13,13,13,13,13,13,13,13
0,1,481846,0,42,28,4,26,10,49,30,17,10
1,1,481846,0,0,0,0,0,0,0,0,0,0
1,1,481847,8,17,19,5,0,30,16,14,0,11
2,1,481847,0,0,0,0,0,0,0,0,0,0
1,1,481848,11,25,22,0,4,0,0,6,5,0
1,1,481849,13,15,0,4,41,17,4,0,24,20
2,1,481849,0,0,0,0,6,0,0,0,0,0
1,1,481850,22,8,25,0,14,0,15,7,16,15
1,1,481851,17,17,17,17,17,17,17,17,17,17
1,1,481852,0,0,0,0,0,0,0,0,0,0
1,1,481853,0,15,13,17,0,0,0,0,0,0
2,1,481853,17,0,0,0,0,0,25,0,0,0
1,1,481854,8,8,8,8,8,8,8,8,8,8
1,1,481855,16,16,16,16,16,16,16,16,16,16
1,1,481856,0,0,0,0,0,0,0,0,0,0
2,1,481856,0,0,0,0,0,0,0,0,0,0
3,1,481856,0,0,0,0,0,0,0,0,0,0
4,1,481856,0,0,10,0,0,0,0,0,0,0
5,1,481856,0,0,0,0,0,0,0,0,0,0
6,1,481856,0,0,0,0,0,0,11,0,0,0
1,1,481857,22,20,0,3,0,0,0,0,0,0
2,1,481857,0,0,0,0,0,0,0,12,0,0
1,1,481858,0,0,0,0,0,0,0,0,0,0
2,1,481858,0,0,0,0,0,0,0,0,0,0
1,1,481859,0,0,0,0,0,0,3,0,0,0
1,1,481860,0,0,0,0,0,0,0,0,0,0
2,1,481860,0,0,0,0,0,0,0,0,0,0
3,1,481860,0,0,0,0,0,0,0,0,0,0
1,1,481861,6,0,0,8,0,0,0,20,5,0
2,1,481861,0,0,0,0,0,0,0,0,0,0
1,1,481862,14,8,0,0,11,9,0,8,6,29
1,1,481863,0,0,0,0,0,0,0,0,0,0
2,1,481863,0,0,0,0,0,0,0,0,0,0
1,1,481864,0,0,0,0,0,0,0,0,0,0
2,1,481864,0,0,0,0,9,0,0,0,0,0
1,1,481865,0,0,5,0,0,0,5,0,0,0
1,1,481866,23,23,23,23,23,23,23,23,23,23
1,1,481867,13,34,14,33,25,13,22,15,46,22
1,1,481868,0,19,17,21,20,0,0,0,14,16
0,1,481869,12,0,0,0,0,0,14,0,23,0
1,1,481869,0,0,0,0,0,0,0,0,0,0
1,1,481870,0,0,0,0,0,0,0,0,0,0
2,1,481870,0,0,0,0,0,0,0,0,0,0
1,1,481872,0,0,0,0,0,18,0,0,0,0
1,1,481873,3,0,5,0,0,0,0,0,0,3
1,1,481874,0,0,0,0,14,8,0,0,16,0
1,1,481875,0,0,0,0,0,0,0,0,0,0
2,1,481875,0,0,0,0,0,0,0,0,3,0
1,1,481876,0,0,0,6,0,9,0,0,13,0
1,1,481877,5,5,5,5,5,5,5,5,5,5
1,1,481878,0,0,0,0,0,0,0,0,0,0
2,1,481878,0,0,26,0,0,0,0,15,0,0
0,1,481879,39,0,0,0,0,0,0,0,15,18
1,1,481879,0,6,0,0,26,0,12,0,0,0
0,1,481880,24,0,0,19,0,0,17,25,0,31
0,2,481880,0,0,0,0,0,0,0,0,0,0
0,3,481880,0,0,18,10,24,0,0,13,0,27
1,1,481880,0,0,0,0,0,0,0,0,0,0
2,1,481880,0,0,0,0,0,0,0,0,0,0
1,1,481881,12,0,9,13,0,0,0,0,0,13
1,1,481882,0,0,0,0,0,0,0,0,0,0
1,1,481883,19,19,19,19,19,19,19,19,19,19
1,1,481884,0,0,0,0,0,0,0,0,0,0
2,1,481884,0,0,0,0,0,0,0,0,0,0
1,1,481885,0,0,0,0,0,0,0,0,4,0
1,1,481886,0,0,0,0,0,0,0,0,0,0
2,1,481886,0,0,0,0,0,0,0,0,0,0
1,1,481887,0,0,20,7,0,14,9,0,0,0
2,1,481887,24,24,24,24,24,24,24,24,24,24
1,1,481888,0,0,13,0,0,0,16,0,0,0
1,1,481889,0,0,0,0,0,0,0,0,0,0
1,1,481890,0,0,0,0,0,0,0,0,0,0
2,1,481890,17,21,20,23,27,3,23,13,16,32
1,1,481891,21,0,12,15,0,0,0,0,0,0
1,1,481892,0,0,0,0,0,0,0,0,0,0
2,1,481892,0,0,0,0,0,0,29,0,0,0
3,1,481892,0,0,0,0,0,0,0,0,0,0
0,1,481893,0,0,0,0,0,0,4,11,0,0
1,1,481893,0,0,0,0,0,0,0,0,0,0
1,1,481894,0,0,0,0,0,0,0,0,0,0
1,1,481895,0,0,0,0,0,0,0,0,0,0
2,1,481895,0,0,0,0,0,11,0,0,0,0
1,1,481896,0,0,0,0,0,0,0,0,0,0
2,1,481896,0,0,0,0,0,0,0,18,0,0
1,1,481897,0,16,0,0,0,12,0,6,0,0
2,1,481897,7,0,0,0,13,0,0,8,7,12
1,1,481898,0,0,0,0,0,0,0,0,0,28
0,1,481899,34,21,0,17,22,21,18,0,15,0
1,1,481899,5,0,0,0,15,0,0,16,0,0
1,1,481900,0,0,0,0,0,0,0,17,0,0
2,1,481900,0,0,0,0,0,0,0,0,0,0
1,1,481901,0,2,0,0,8,16,0,0,4,0
2,1,481901,0,0,0,0,0,0,0,0,0,0
1,1,481902,23,9,38,8,5,5,14,8,4,19
2,1,481902,0,0,0,24,20,0,0,14,0,18
1,1,481903,14,20,20,0,12,0,2,0,0,23
1,1,481904,0,0,0,0,0,0,0,0,7,16
2,1,481904,16,0,21,11,11,19,43,6,0,0
3,1,481904,0,6,0,0,17,0,0,3,10,7
1,1,481905,20,22,14,21,20,17,21,0,16,0
1,1,481906,0,0,0,0,0,0,0,0,0,0
1,1,481907,0,0,0,0,0,0,0,0,8,0
2,1,481907,11,6,0,10,0,0,37,17,0,16
1,1,481908,0,0,0,0,0,0,0,0,0,0
2,1,481908,0,0,0,0,0,0,0,0,0,0
1,1,481909,14,14,14,14,14,14,14,14,14,14
1,1,481911,0,0,0,0,22,0,0,0,0,0
2,1,481911,0,0,0,5,0,0,27,0,0,0
1,1,481912,21,11,8,28,23,22,11,0,16,47
1,1,481913,7,7,7,7,7,7,7,7,7,7
1,1,481914,0,0,0,0,0,0,0,0,0,0
2,1,481914,15,15,15,15,15,15,15,15,15,15
0,1,481915,0,0,11,0,0,0,25,0,0,0
1,1,481915,0,0,0,0,0,0,0,0,0,0
0,1,481916,0,0,0,0,0,0,0,0,0,0
1,1,481916,0,0,0,0,0,14,12,0,0,19
1,1,481917,10,15,14,11,19,0,22,0,19,18
1,1,481918,0,0,0,0,0,0,0,0,0,0
2,1,481918,0,27,17,0,0,0,0,0,0,0
1,1,481920,39,39,39,39,39,39,39,39,39,39
2,1,481920,0,0,0,0,0,0,0,0,0,17
1,1,481921,16,16,16,16,16,16,16,16,16,16
2,1,481921,0,0,0,0,0,0,0,0,0,0
1,1,481922,0,0,0,0,0,0,0,0,0,0
2,1,481922,0,0,0,0,0,0,0,0,0,0
3,1,481922,0,0,0,0,0,0,0,0,0,0
4,1,481922,0,0,0,0,0,0,0,0,0,8
1,1,481923,0,0,0,0,0,0,0,0,0,0
2,1,481923,0,0,0,0,0,0,0,0,0,0
1,1,481924,8,8,0,26,0,0,0,0,6,8
1,1,481925,0,21,14,0,0,0,0,0,13,10
2,1,481925,0,0,0,0,0,0,0,0,0,0
1,1,481926,0,0,0,0,0,0,0,0,0,0
2,1,481926,0,0,0,0,0,0,0,0,0,0
3,1,481926,0,0,0,0,0,0,0,0,0,0
1,1,481927,0,0,24,0,0,0,0,22,0,26
2,1,481927,5,5,5,5,5,5,5,5,5,5
1,1,481929,15,15,15,15,15,15,15,15,15,15
1,1,481930,0,0,0,0,0,0,0,0,0,0
2,1,481930,0,0,0,0,0,0,0,0,0,0
1,1,481931,0,0,0,0,0,0,0,0,0,0
1,1,481932,16,16,16,16,16,16,16,16,16,16
1,1,481933,4,10,18,0,0,0,0,6,21,0
0,1,481934,0,28,17,13,8,0,16,0,22,25
1,1,481934,0,8,0,0,0,0,0,0,0,0
1,1,481935,0,0,11,11,8,21,0,0,8,0
0,1,481936,0,0,0,0,0,0,0,0,0,0
1,1,481936,0,0,0,23,0,14,36,0,0,0
1,1,481937,0,0,0,0,0,0,0,0,0,0
2,1,481937,0,0,0,18,5,0,0,0,32,0
1,1,481938,0,0,0,0,0,0,0,0,0,0
2,1,481938,0,0,0,0,0,0,0,0,0,0
0,1,481939,29,29,29,29,29,29,29,29,29,29
1,1,481939,0,0,0,0,5,0,0,0,0,0
1,1,481940,27,19,10,35,20,18,0,28,16,27
1,1,481941,12,12,12,12,12,12,12,12,12,12
1,1,481942,28,15,13,17,8,3,11,10,16,0
2,1,481942,23,23,23,23,23,23,23,23,23,23
1,1,481943,11,10,0,16,8,0,0,19,33,0
1,1,481944,16,7,18,34,12,15,15,17,4,22
1,1,481945,0,5,4,2,10,0,7,6,7,16
2,1,481945,12,12,0,0,0,0,11,0,17,0
3,1,481945,5,0,0,0,0,0,3,0,0,0
1,1,481946,0,0,0,0,0,0,0,0,0,0
2,1,481946,0,0,0,0,0,0,0,0,0,0
0,1,481947,0,0,0,0,0,0,15,0,0,15
1,1,481947,0,0,7,0,0,0,0,0,0,0
1,1,481948,0,0,0,0,0,0,0,0,0,0
2,1,481948,11,0,0,0,0,0,0,0,0,0
1,1,481949,0,0,0,0,0,0,0,0,0,0
1,1,481950,0,0,0,0,0,0,0,0,0,0
2,1,481950,0,0,0,0,0,0,0,0,0,0
1,1,481951,32,23,16,26,0,20,14,12,0,10
1,1,481952,0,0,0,0,0,0,0,0,0,0
2,1,481952,0,0,0,0,0,0,0,0,0,0
1,1,481953,0,0,0,0,0,0,0,0,0,0
2,1,481953,0,0,0,0,0,0,0,0,0,0
1,1,481954,0,0,0,0,0,0,0,3,3,18
1,1,481955,22,11,13,5,7,0,13,11,19,21
1,1,481956,13,11,27,0,26,27,19,13,21,0
1,1,481957,0,0,0,0,0,0,0,0,0,0
2,1,481957,0,0,0,0,0,0,0,0,0,32
0,1,481958,0,0,10,0,0,0,13,0,0,0
1,1,481958,14,3,2,5,7,5,10,5,0,3
2,1,481958,11,0,14,12,12,0,5,5,12,6
1,1,481960,0,31,5,11,0,0,0,14,6,0
2,1,481960,0,0,0,0,0,0,0,0,0,8
3,1,481960,0,0,0,0,0,0,0,0,0,0
1,1,481961,12,17,17,14,29,18,10,20,37,13
2,1,481961,0,0,0,0,0,26,0,0,0,0
1,1,481962,5,5,5,5,5,5,5,5,5,5
2,1,481962,0,0,0,0,0,0,0,0,0,0
1,1,481963,0,0,8,0,0,0,0,0,0,0
2,1,481963,0,0,0,0,0,0,0,0,0,0
1,1,481964,0,9,8,23,10,0,17,0,0,0
1,1,481965,10,10,10,10,10,10,10,10,10,10