VEH_NO,PER_NO,ST_CASE,P1,P2,P3,P4,P5,P6,P7,P8,P9,P10
2,1,481965,0,0,0,0,0,0,0,0,0,0
1,1,481966,16,12,30,6,0,23,14,18,18,0
1,1,481967,0,0,0,0,0,0,0,0,0,0
2,1,481967,0,0,0,0,0,0,0,0,0,0
3,1,481967,0,0,0,0,0,0,0,0,0,0
1,1,481968,9,0,0,25,0,0,23,23,12,0
0,1,481969,0,22,0,0,0,0,22,14,19,29
1,1,481969,0,17,0,28,13,0,0,0,0,0
1,1,481970,17,22,26,23,24,19,19,9,11,17
1,1,481971,0,0,0,0,0,0,0,0,0,0
2,1,481971,0,0,0,0,0,0,0,0,0,0
1,1,481972,0,0,0,0,0,0,0,0,0,0
2,1,481972,0,0,0,0,0,0,0,0,0,0
1,1,481973,11,0,0,0,0,0,0,0,0,0
2,1,481973,0,0,0,0,0,0,0,11,0,0
1,1,481974,0,0,0,0,0,0,0,0,0,0
2,1,481974,0,0,0,0,0,0,0,0,0,0
1,1,481975,0,0,0,0,0,0,0,0,0,0
1,1,481976,17,17,17,17,17,17,17,17,17,17
2,1,481976,0,0,5,0,0,0,0,0,0,0
3,1,481976,3,8,0,17,0,0,16,0,15,9
1,1,481977,0,0,0,0,0,0,0,0,0,0
2,1,481977,0,16,0,5,13,20,0,0,0,0
1,1,481979,19,19,19,19,19,19,19,19,19,19
1,1,481980,0,0,0,0,0,0,0,0,0,0
2,1,481980,0,0,0,0,0,0,0,0,0,0
1,1,481981,0,0,0,0,0,0,0,0,0,0
2,1,481981,0,0,0,0,0,0,0,0,0,0
1,1,481982,9,9,9,9,9,9,9,9,9,9
1,1,481983,8,8,8,8,8,8,8,8,8,8
1,1,481984,8,10,0,0,0,0,0,30,0,26
1,1,481985,0,0,0,0,0,0,12,0,0,0
1,1,481986,0,0,0,0,0,0,0,0,10,27
1,1,481987,0,0,17,0,0,0,0,0,0,17
1,1,481988,0,27,21,0,8,0,18,0,0,0
0,1,481989,34,34,34,34,34,34,34,34,34,34
1,1,481989,2,9,10,2,0,26,11,6,13,3
2,1,481989,10,9,4,2,3,8,3,16,8,11
3,1,481989,6,0,0,4,2,18,4,4,9,4
4,1,481989,0,0,0,0,0,0,0,0,9,0
1,1,481990,0,0,0,0,0,0,12,0,0,0
2,1,481990,0,0,0,0,0,0,0,0,0,0
1,1,481991,0,0,0,0,0,0,0,0,0,0
2,1,481991,0,15,0,0,0,0,0,0,0,0
1,1,481992,9,17,0,13,0,0,0,5,0,0
1,1,481993,9,6,31,0,4,3,14,21,9,29
1,1,481994,0,0,0,0,0,0,0,0,0,0
2,1,481994,0,0,0,0,0,0,0,0,0,0
1,1,481995,0,0,0,0,10,8,0,0,0,0
2,1,481995,0,0,0,0,0,0,0,25,33,16
1,1,481996,0,0,0,0,0,0,0,0,0,0
2,1,481996,0,0,0,0,0,0,0,0,0,0
1,1,481997,27,0,14,0,12,0,22,13,19,0
2,1,481997,0,14,8,10,0,0,0,0,0,0
0,1,481998,0,0,0,0,0,0,0,0,0,0
1,1,481998,0,0,0,0,15,0,0,3,10,0
1,1,481999,0,0,0,0,0,0,0,0,0,0
2,1,481999,0,0,0,0,0,0,0,0,0,0
3,1,481999,0,0,0,0,0,0,0,0,0,0
1,1,482000,0,0,0,0,0,12,0,0,0,0
2,1,482000,0,0,0,0,0,0,0,0,0,0
1,1,482001,0,0,0,0,0,0,0,0,0,0
2,1,482001,0,0,0,0,5,0,0,0,0,0
1,1,482002,16,16,16,16,16,16,16,16,16,16
1,1,482003,0,0,0,0,0,0,0,0,0,0
1,1,482004,0,0,0,0,0,0,0,0,0,0
1,1,482005,23,23,23,23,23,23,23,23,23,23
2,1,482005,0,13,8,0,0,0,0,0,0,0
1,1,482006,0,0,0,0,0,0,0,0,0,18
1,1,482007,0,0,0,0,0,0,0,21,0,0
2,1,482007,0,0,0,0,0,0,0,0,0,0
1,1,482008,13,10,13,6,0,9,15,21,16,0
1,1,482009,0,0,0,0,3,23,7,0,0,2
1,1,482010,0,8,0,0,0,12,0,0,0,0
2,1,482010,0,0,0,0,0,0,0,0,0,0
1,1,482011,0,0,0,0,0,0,0,0,0,0
2,1,482011,0,0,0,0,0,0,0,0,0,0
1,1,482012,0,0,0,0,0,0,0,0,0,0
1,1,482013,0,0,0,0,0,0,0,0,0,0
2,1,482013,0,0,0,0,0,0,0,0,0,0
1,1,482014,0,0,0,0,0,26,0,0,0,0
1,1,482015,0,0,0,0,0,0,0,0,0,0
2,1,482015,0,0,20,0,0,0,0,0,0,0
1,1,482016,0,0,0,0,0,0,0,0,0,0
2,1,482016,0,0,0,0,0,0,0,0,0,24
3,1,482016,0,18,0,0,0,0,0,0,0,0
1,1,482017,0,0,0,0,0,0,0,0,0,0
2,1,482017,0,0,0,0,0,0,0,0,7,0
1,1,482018,0,0,0,0,18,0,6,0,9,0
2,1,482018,0,0,0,25,0,0,0,0,25,0
1,1,482019,0,0,0,0,0,0,0,0,0,0
2,1,482019,0,0,0,0,0,0,0,0,0,0
3,1,482019,0,0,0,0,0,0,0,0,0,15
1,1,482020,17,17,17,17,17,17,17,17,17,17
0,1,482021,0,0,0,0,0,0,0,0,0,0
1,1,482021,0,0,0,0,0,0,0,0,0,0
2,1,482021,0,0,0,0,0,0,0,0,11,0
1,1,482022,0,0,0,10,0,0,0,0,12,0
2,1,482022,0,66,0,0,0,0,0,0,0,0
1,1,482023,0,0,0,0,0,0,0,0,0,0
2,1,482023,0,0,0,0,0,0,0,0,0,0
3,1,482023,0,0,0,0,0,0,0,0,0,0
1,1,482024,3,3,3,3,3,3,3,3,3,3
2,1,482024,0,0,0,0,0,0,0,0,0,0
1,1,482025,0,0,0,0,0,0,0,0,0,0
2,1,482025,0,0,0,0,0,0,0,0,0,0
1,1,482026,0,0,0,0,0,0,0,0,0,0
2,1,482026,0,22,10,0,0,11,12,0,12,13
1,1,482027,0,0,0,0,0,0,0,0,0,0
2,1,482027,0,0,0,0,0,0,0,0,0,0
1,1,482028,0,0,0,0,0,16,0,0,6,14
2,1,482028,5,0,0,0,0,0,0,0,0,0
1,1,482029,26,26,26,26,26,26,26,26,26,26
1,1,482030,0,0,0,0,0,0,0,0,0,0
0,1,482031,30,30,30,30,30,30,30,30,30,30
1,1,482031,10,7,0,6,4,0,8,17,19,0
1,3,482032,18,0,0,0,5,0,0,0,15,0
1,1,482033,5,20,16,9,8,19,0,24,21,12
2,1,482033,3,0,0,10,17,6,21,6,0,26
1,1,482034,0,0,7,0,0,0,0,0,0,0
1,1,482035,0,0,0,0,0,0,11,0,0,14
2,1,482035,0,31,0,0,12,15,14,25,0,0
1,1,482036,9,9,9,9,9,9,9,9,9,9
1,1,482037,0,0,0,11,0,27,24,0,10,0
1,1,482038,25,25,25,25,25,25,25,25,25,25
1,1,482039,0,0,0,0,0,0,0,14,0,0
1,1,482040,29,29,29,29,29,29,29,29,29,29
1,1,482041,0,6,0,0,0,0,0,0,8,5
0,1,482042,0,0,0,0,13,6,23,0,17,13
0,2,482042,5,0,0,0,0,0,7,0,0,0
1,1,482042,4,0,8,0,0,0,20,0,0,0
1,1,482043,7,0,0,0,0,0,0,0,0,0
2,1,482043,0,0,0,0,0,0,0,0,0,0
3,1,482043,0,0,0,0,0,0,0,0,0,0
4,1,482043,0,13,0,0,0,0,0,7,0,0
1,1,482044,17,17,17,17,17,17,17,17,17,17
1,1,482045,0,0,0,35,0,0,15,0,0,0
2,1,482045,0,0,0,0,0,0,0,0,0,0
1,1,482046,5,0,0,0,0,19,0,15,20,0
1,1,482047,0,0,0,0,0,0,0,0,0,0
2,1,482047,0,0,0,0,0,0,18,0,0,0
3,1,482047,0,10,9,0,0,0,0,0,0,0
1,1,482048,0,9,0,0,0,0,10,0,0,0
1,1,482049,0,0,0,0,0,0,0,0,0,0
2,1,482049,33,0,0,0,0,0,0,0,0,0
3,1,482049,0,0,0,0,0,0,0,0,0,0
1,1,482050,0,0,0,0,0,0,0,0,0,0
2,1,482050,32,32,32,32,32,32,32,32,32,32
3,1,482050,0,0,0,0,0,20,0,29,0,0
0,1,482051,15,0,13,0,19,0,0,0,0,0
1,1,482051,0,0,0,0,0,0,0,0,14,0
1,1,482052,24,0,0,13,0,0,0,13,0,13
2,1,482052,0,0,0,0,0,0,0,0,0,0
1,1,482053,22,0,17,0,0,0,0,0,0,0
1,1,482054,21,19,0,14,25,20,12,27,21,0
1,1,482055,0,0,9,23,15,17,0,28,27,18
1,1,482056,0,0,0,0,0,0,0,0,0,0
2,1,482056,0,0,13,11,0,0,0,0,0,15
1,1,482057,0,0,10,0,0,0,0,0,0,6
2,1,482057,0,0,0,0,0,0,0,0,0,0
3,1,482057,0,0,0,0,0,0,0,0,0,0
0,1,482058,0,0,0,0,0,0,0,0,0,0
0,2,482058,0,0,0,0,0,0,30,0,0,0
1,1,482058,0,0,0,0,0,0,0,0,0,0
1,1,482059,0,0,0,0,0,0,0,5,0,0
1,1,482060,0,0,0,0,0,0,0,0,0,0
2,1,482060,14,0,0,0,15,0,0,0,0,0
3,1,482060,0,0,0,0,0,0,0,0,0,0
1,1,482061,30,24,27,0,35,15,17,27,0,17
1,1,482062,16,24,26,0,26,0,24,16,0,33
1,1,482063,0,0,0,0,0,0,0,0,0,0
1,1,482064,0,0,0,0,0,0,0,0,0,0
1,1,482065,0,0,0,0,0,0,0,0,0,0
2,1,482065,0,0,0,0,0,8,11,0,0,0
1,1,482066,0,0,0,0,0,0,0,0,0,0
2,1,482066,0,0,0,3,10,0,0,0,0,0
0,1,482067,0,0,0,14,14,0,0,18,26,19
1,1,482067,21,0,26,0,0,0,16,22,5,14
2,1,482067,0,0,0,8,0,0,0,0,2,0
1,1,482068,0,0,0,0,0,0,0,0,0,0
2,1,482068,0,0,0,0,0,0,0,0,0,0
1,1,482069,0,0,0,0,0,0,0,0,0,0
1,1,482070,15,9,15,9,5,20,2,12,26,5
0,1,482071,40,8,18,0,0,6,0,0,0,0
1,1,482071,0,0,0,0,0,14,0,0,0,0
1,1,482072,0,0,0,0,0,0,0,0,0,0
1,1,482073,10,10,10,10,10,10,10,10,10,10
1,1,482074,0,0,0,0,0,0,0,0,0,0
2,1,482074,20,20,20,20,20,20,20,20,20,20
1,1,482075,12,12,12,12,12,12,12,12,12,12
2,1,482075,0,0,4,0,0,0,22,0,0,0
1,1,482076,21,16,15,13,13,6,2,12,16,11
1,1,482077,0,0,0,0,0,0,0,0,0,0
2,1,482077,0,0,0,0,0,0,0,0,0,0
1,1,482078,0,0,27,0,0,0,0,0,0,0
0,1,482079,0,0,0,0,0,0,0,0,0,0
1,1,482079,18,0,0,20,0,16,0,11,0,0
1,1,482080,14,6,0,4,11,8,0,0,4,0
2,1,482080,0,0,0,0,0,0,0,0,0,0
1,1,482081,11,7,0,0,0,0,0,0,14,5
1,1,482082,0,0,0,0,0,0,0,0,0,0
1,1,482083,0,0,0,0,0,0,0,0,0,0
2,1,482083,0,16,0,0,0,0,14,0,0,13
1,1,482084,33,33,33,33,33,33,33,33,33,33
1,1,482085,4,20,16,12,9,30,18,14,10,15
1,1,482086,11,11,11,11,11,11,11,11,11,11
1,1,482087,5,9,0,6,11,12,0,3,6,25
2,1,482087,0,0,0,0,18,0,0,9,0,0
1,1,482088,0,0,0,0,0,0,0,0,0,0
2,1,482088,0,0,0,0,0,0,0,0,0,0
1,1,482089,0,0,0,0,0,0,0,0,0,0
1,1,482090,0,35,19,10,11,6,27,0,18,30
1,1,482091,0,0,0,28,0,0,0,17,22,0
1,1,482092,0,32,0,0,0,23,0,17,16,14
2,1,482092,0,0,0,0,0,0,0,0,0,0
1,1,482093,0,0,0,0,0,0,0,0,0,0
3,1,482093,0,0,0,0,0,0,0,0,0,0
1,1,482094,0,0,0,0,0,0,0,0,0,0
2,1,482094,0,0,0,0,0,0,0,0,0,0
1,1,482095,0,0,0,9,0,0,22,0,0,0
2,1,482095,0,0,0,0,0,0,0,0,0,0
0,1,482096,5,30,21,23,14,18,19,25,0,0
1,1,482096,0,0,9,0,0,9,0,18,0,0
1,1,482097,37,37,37,37,37,37,37,37,37,37
2,1,482097,0,0,0,0,0,0,0,0,0,0
3,1,482097,0,0,0,14,5,0,0,0,0,0
4,1,482097,0,0,0,0,0,0,0,0,0,0
1,1,482098,0,0,0,0,0,0,0,0,0,0
2,1,482098,0,0,0,0,0,0,0,0,0,0
0,1,482099,0,0,0,15,0,0,0,0,0,0
1,1,482099,0,0,0,0,0,0,0,0,0,0
1,1,482100,11,0,7,0,28,23,32,12,11,0
1,1,482101,0,0,0,0,0,0,0,0,0,0
2,1,482101,0,0,0,0,0,0,0,0,0,0
1,1,482102,0,0,21,0,0,0,0,0,0,0
2,1,482102,0,0,0,0,0,7,0,0,0,0
1,1,482103,0,0,0,0,0,0,0,0,0,0
2,1,482103,0,0,0,0,0,0,0,0,0,0
3,1,482103,0,0,0,0,0,0,0,0,0,0
0,1,482104,0,0,0,0,0,0,0,0,0,0
1,1,482104,0,0,0,0,0,0,0,0,0,0
1,1,482105,17,17,17,17,17,17,17,17,17,17
0,1,482106,0,0,0,0,0,0,0,0,0,0
1,1,482106,0,0,0,0,0,0,0,0,0,0
1,1,482107,9,9,9,9,9,9,9,9,9,9
1,1,482108,0,0,0,0,9,11,6,0,0,0
1,1,482109,9,9,9,9,9,9,9,9,9,9
1,1,482110,0,0,0,0,0,0,0,0,0,0
1,1,482111,0,0,0,0,8,0,4,0,0,0
1,1,482112,0,16,0,20,22,0,0,0,0,20
2,1,482112,0,0,0,0,0,0,0,0,0,0
1,1,482113,0,15,6,0,9,0,4,14,19,14
2,1,482113,0,0,8,0,0,0,0,9,8,0
1,1,482114,0,0,0,0,0,0,0,0,0,0
2,1,482114,0,0,0,0,0,0,0,0,0,0
1,1,482115,19,0,0,18,16,0,0,0,0,0
1,1,482116,0,0,17,4,0,11,14,0,0,13
1,1,482117,3,3,3,3,3,3,3,3,3,3
2,1,482117,0,0,0,0,0,0,0,0,0,0
3,1,482117,0,0,0,0,0,0,0,0,0,0
0,1,482118,9,0,0,28,19,16,0,23,10,0
1,1,482118,0,0,0,0,0,0,0,0,0,0
1,1,482119,12,12,12,12,12,12,12,12,12,12
1,1,482120,18,11,23,14,16,0,20,0,21,0
2,1,482120,0,0,0,0,0,0,0,0,0,0
1,1,482121,0,0,0,0,0,0,0,0,0,0
1,1,482122,0,0,0,0,0,13,0,0,0,0
2,1,482122,0,0,0,0,0,0,0,0,0,0
1,1,482123,0,0,0,0,0,0,0,0,0,0
2,1,482123,19,24,21,22,26,28,36,8,19,17
1,1,482124,17,0,0,0,0,0,0,0,12,0
2,1,482124,16,10,0,0,22,16,21,18,0,23
1,1,482125,0,9,0,6,0,11,0,0,0,0
1,1,482127,0,0,0,0,0,0,0,0,0,0
2,1,482127,0,0,0,0,0,0,0,0,0,0
1,1,482128,0,0,0,0,0,0,0,0,0,0
2,1,482128,0,0,0,0,0,0,0,16,0,0
1,1,482129,0,0,0,0,0,0,0,0,0,0
1,1,482130,0,0,0,0,0,0,0,0,0,0
2,1,482130,0,0,0,0,0,0,0,0,0,0
1,1,482131,11,20,8,16,0,29,0,26,31,12
2,1,482131,19,0,0,10,0,15,0,10,0,22
1,1,482133,23,23,23,23,23,23,23,23,23,23
1,1,482134,21,4,22,0,8,8,18,12,8,6
1,1,482135,28,28,28,28,28,28,28,28,28,28
1,1,482136,19,19,19,19,19,19,19,19,19,19
1,1,482137,7,19,11,15,13,10,32,3,11,3
1,1,482138,0,0,0,0,0,0,0,0,0,0
2,1,482138,0,0,0,0,0,0,0,0,0,0
1,1,482139,0,0,0,0,0,0,0,0,0,0
2,1,482139,0,0,0,0,0,0,0,0,0,0
1,1,482140,0,0,0,0,0,0,0,0,0,0
2,1,482140,0,0,0,0,0,0,0,0,0,0
1,1,482141,0,0,0,0,0,0,0,0,0,0
2,1,482141,0,0,0,0,0,0,0,0,0,0
1,1,482142,0,0,0,0,0,0,0,0,0,0
2,1,482142,23,23,23,23,23,23,23,23,23,23
1,1,482143,22,22,22,22,22,22,22,22,22,22
1,1,482144,21,0,35,0,16,0,4,0,27,28
1,1,482145,0,0,0,0,0,0,0,0,0,0
2,1,482145,0,0,0,0,0,0,0,0,0,0
1,1,482146,0,0,0,0,0,0,0,0,0,0
0,1,482147,0,0,19,0,0,0,31,0,0,0
1,1,482147,0,0,8,16,2,13,4,0,21,13
1,1,482148,0,0,0,0,0,0,0,0,0,0
1,1,482149,0,0,0,0,0,0,0,6,0,0
1,1,482150,0,5,0,4,0,3,0,0,8,0
2,1,482150,0,0,0,0,0,0,0,0,10,0
1,1,482151,0,0,0,5,0,0,0,32,0,0
2,1,482151,0,0,0,0,0,0,0,0,0,0
1,1,482152,0,17,0,20,25,0,0,0,0,24
1,1,482153,19,19,19,19,19,19,19,19,19,19
1,1,482154,0,0,0,0,0,0,0,0,0,0
2,1,482154,0,0,0,12,0,0,0,0,0,0
1,1,482155,0,0,0,0,0,0,0,0,0,0
0,1,482156,0,0,0,0,0,0,0,0,0,0
1,1,482156,0,0,15,0,0,0,0,0,0,0
1,1,482157,0,0,0,0,0,0,0,0,28,0
2,1,482157,0,0,0,0,0,0,0,0,0,0
1,1,482158,25,25,25,25,25,25,25,25,25,25
2,1,482158,0,0,0,0,0,0,0,0,0,0
1,1,482160,30,14,15,15,13,38,2,10,12,17
2,1,482160,0,0,0,0,0,0,0,0,0,0
1,1,482161,0,0,0,0,0,0,0,0,0,0
2,1,482161,10,10,10,10,10,10,10,10,10,10
1,1,482162,0,0,0,0,0,0,0,0,0,0
1,1,482163,28,14,15,0,10,19,0,10,21,30
1,1,482164,0,0,0,0,0,0,0,0,0,0
1,1,482166,0,0,0,0,0,0,0,0,0,0
2,1,482166,0,0,0,0,0,0,0,0,0,0
1,1,482167,23,23,23,23,23,23,23,23,23,23
1,1,482168,12,12,12,12,12,12,12,12,12,12
1,1,482169,22,20,17,40,4,18,24,27,17,25
1,1,482170,0,0,12,22,18,23,0,0,25,3
1,1,482171,0,0,0,0,0,0,0,0,0,0
2,1,482171,0,0,0,0,0,0,0,0,0,0
0,1,482172,15,15,15,15,15,15,15,15,15,15
1,1,482172,14,14,14,14,14,14,14,14,14,14
0,1,482173,0,0,0,0,0,0,0,0,0,16
1,1,482173,0,0,0,0,0,0,0,0,0,0
1,1,482174,0,0,0,0,0,0,0,0,0,0
1,1,482175,0,0,0,0,0,0,0,0,0,0
0,1,482176,13,0,0,0,0,0,11,22,0,0
1,1,482176,36,23,7,21,21,34,19,16,15,9
1,1,482177,0,0,0,0,0,0,0,0,0,0
2,1,482177,0,0,0,0,0,0,0,0,0,0
1,1,482178,21,9,5,20,10,21,34,20,7,27
0,1,482179,28,24,0,15,0,0,30,0,0,9
1,1,482179,0,0,0,0,0,0,0,0,0,0
1,1,482180,0,0,0,0,0,0,0,0,0,0
1,1,482181,0,0,0,0,0,0,0,0,0,0
2,1,482181,0,0,0,0,0,0,0,0,0,0
1,1,482182,0,0,0,0,0,0,0,0,0,0
2,1,482182,18,0,0,0,0,0,0,0,0,0
1,1,482183,0,0,17,0,0,0,0,0,0,0
1,1,482184,13,13,13,13,13,13,13,13,13,13
1,1,482185,0,0,0,0,0,0,0,0,0,0
0,1,482186,0,0,0,0,0,0,0,0,0,0
1,1,482186,0,0,0,13,0,0,0,0,0,0
1,1,482187,20,20,20,20,20,20,20,20,20,20
1,1,482188,28,0,0,0,0,0,0,0,0,0
1,1,482189,0,0,0,0,0,0,0,0,0,0
0,1,482190,0,0,0,0,12,0,0,0,0,0
0,2,482190,0,17,0,0,20,17,0,0,0,22
1,1,482190,14,14,14,14,14,14,14,14,14,14
1,1,482191,0,0,0,0,0,7,0,6,0,11
1,1,482192,21,9,8,15,18,13,23,12,12,5
2,1,482192,0,3,0,5,0,0,8,0,8,10
1,1,482193,26,0,0,0,0,0,15,0,0,0
2,1,482193,0,0,0,0,0,0,0,0,0,0
1,1,482194,15,15,15,15,15,15,15,15,15,15
1,1,482195,18,18,18,18,18,18,18,18,18,18
2,1,482195,0,0,0,0,12,13,0,0,0,0
1,1,482196,6,20,14,0,13,9,0,21,0,16
1,1,482197,31,16,15,7,12,18,9,10,19,16
1,1,482198,0,0,0,5,0,15,22,0,21,17
1,1,482199,0,0,0,0,0,0,0,0,0,0
2,1,482199,0,0,0,0,0,0,0,0,0,0
1,1,482200,19,19,19,19,19,19,19,19,19,19
1,1,482201,0,0,0,0,0,0,0,0,0,0
2,1,482201,0,0,0,8,0,15,0,0,0,0
1,1,482202,0,0,0,13,0,0,0,0,0,0
1,1,482203,0,0,22,0,0,0,0,0,18,0
1,1,482204,0,0,8,0,0,0,19,22,0,0
0,1,482205,0,0,0,0,0,0,0,0,0,0
1,1,482205,0,0,0,0,4,0,0,15,0,0
1,1,482206,0,0,0,0,0,0,0,0,0,0
2,1,482206,0,0,0,0,0,0,0,0,0,0
1,1,482207,27,27,27,27,27,27,27,27,27,27
2,1,482207,0,0,0,0,0,0,0,0,0,0
3,1,482207,0,0,0,0,0,0,0,0,0,0
1,1,482208,18,46,7,28,12,25,18,23,23,26
1,1,482209,0,0,0,0,0,0,13,0,0,0
1,1,482210,0,0,0,0,0,0,0,0,0,0
2,1,482210,0,0,0,0,0,0,0,0,0,0
0,1,482211,0,0,29,0,9,0,21,10,2,0
1,1,482211,9,0,5,7,0,0,0,0,3,0
1,1,482212,0,0,20,31,16,0,0,0,0,0
1,1,482213,16,16,16,16,16,16,16,16,16,16
1,1,482214,0,0,0,0,0,0,0,0,0,0
2,1,482214,0,0,0,0,0,0,0,0,0,0
1,1,482215,6,6,6,6,6,6,6,6,6,6
2,1,482215,0,8,0,0,0,0,0,0,0,0
1,1,482216,13,7,6,8,8,14,19,4,0,16
1,1,482217,0,17,0,12,0,0,0,0,24,0
1,1,482218,0,0,0,0,0,0,0,0,0,0
1,1,482219,0,0,14,0,0,0,0,0,0,0
2,1,482219,0,0,0,0,0,0,0,0,0,0
0,1,482220,6,0,9,0,0,0,0,19,0,0
1,1,482220,0,0,0,0,0,0,0,0,0,0
1,1,482221,0,0,0,0,0,0,0,0,0,0
1,1,482222,27,27,27,27,27,27,27,27,27,27
1,1,482223,0,0,0,0,0,0,0,0,0,0
2,1,482223,0,0,0,0,0,0,24,0,0,17
3,1,482223,0,0,0,13,0,18,0,0,0,9
1,1,482224,0,0,0,0,0,0,0,0,0,0
2,1,482224,0,0,0,0,0,0,0,0,0,0
1,1,482225,0,0,0,0,0,0,0,0,0,0
2,1,482225,0,0,0,0,0,0,0,0,0,0
1,1,482226,0,0,0,0,0,0,0,0,0,0
2,1,482226,0,0,0,0,0,0,0,0,0,0
1,1,482227,0,0,0,0,0,0,0,0,13,0
2,1,482227,0,0,0,0,0,0,0,0,0,0
3,1,482227,0,0,0,0,0,0,0,0,0,0
1,1,482228,7,11,17,0,0,0,0,0,0,0
1,1,482229,0,0,0,0,0,0,0,0,0,0
1,1,482230,0,0,0,0,0,0,0,0,0,0
1,1,482231,0,13,4,10,0,0,0,25,0,0
2,1,482231,0,0,5,0,0,0,0,0,4,11
1,1,482232,0,0,0,0,0,0,0,0,0,0
2,1,482232,0,0,0,0,0,0,0,0,0,0
3,1,482232,0,0,0,0,0,0,0,0,0,0
1,1,482233,27,8,13,12,24,0,0,20,17,19
2,1,482233,0,0,0,0,0,0,0,0,0,0
1,1,482234,0,0,0,0,0,0,0,0,0,0
0,1,482235,0,0,22,0,40,10,0,0,36,0
1,1,482235,16,22,8,10,14,22,0,24,13,20
1,1,482236,18,18,18,18,18,18,18,18,18,18
1,1,482237,28,28,28,28,28,28,28,28,28,28
1,1,482238,41,11,20,30,40,14,21,12,14,0
1,1,482239,0,0,0,0,0,0,0,0,0,0
2,1,482239,0,0,0,0,0,0,0,0,0,0
1,1,482240,21,21,21,21,21,21,21,21,21,21
1,1,482241,0,6,0,17,0,9,0,0,0,5
2,1,482241,0,0,0,0,0,0,0,0,0,0
3,1,482241,0,0,0,0,0,0,0,10,0,0
1,1,482242,30,30,30,30,30,30,30,30,30,30
1,1,482243,0,0,0,24,0,0,0,0,0,0
0,1,482244,0,0,0,0,0,0,0,0,0,0
1,1,482244,0,0,0,0,0,0,0,0,0,0
0,1,482245,27,27,27,27,27,27,27,27,27,27
1,1,482245,0,0,0,0,0,0,0,0,0,0
1,1,482246,0,0,0,0,0,0,0,0,0,0
1,1,482247,0,0,0,0,0,0,0,0,0,0
2,1,482247,0,0,0,0,0,0,0,0,0,0
1,1,482248,0,0,0,33,15,17,0,0,33,19
0,1,482249,0,0,0,0,0,0,0,0,0,0
1,1,482249,0,0,0,0,2,0,0,0,16,0
1,1,482250,3,3,3,3,3,3,3,3,3,3
2,1,482250,24,24,24,24,24,24,24,24,24,24
1,1,482251,22,22,22,22,22,22,22,22,22,22
1,1,482252,0,0,0,0,0,0,0,0,0,0
1,1,482253,0,0,0,0,0,0,0,0,0,0
2,1,482253,0,0,0,0,0,0,0,0,0,0
1,1,482254,0,13,0,0,0,0,0,0,0,0
1,1,482255,0,0,0,0,0,0,10,0,0,0
2,1,482255,0,0,0,0,0,0,0,0,0,0
1,1,482256,0,0,0,0,0,0,0,0,0,0
2,1,482256,0,0,0,0,0,17,0,0,0,0
1,1,482257,20,20,20,20,20,20,20,20,20,20
1,1,482258,21,21,21,21,21,21,21,21,21,21
1,1,482259,0,0,0,0,0,0,0,0,0,0
2,1,482259,12,16,25,0,14,30,16,18,16,18
1,1,482260,0,0,0,0,0,0,0,0,0,0
2,1,482260,20,20,20,20,20,20,20,20,20,20
1,1,482261,8,14,0,0,19,0,0,0,6,0
1,1,482262,0,0,11,0,0,0,0,0,0,0
2,1,482262,0,21,0,0,0,0,0,0,0,5
1,1,482263,26,14,0,26,16,20,0,25,23,29
2,1,482263,0,0,0,0,0,0,15,0,0,0
1,1,482264,29,22,17,10,16,12,4,35,22,20
2,1,482264,9,0,0,17,0,18,0,20,0,0
1,1,482265,17,18,18,19,26,23,40,17,18,5
1,1,482266,22,22,22,22,22,22,22,22,22,22
2,1,482266,0,0,0,0,0,0,0,0,0,0
1,1,482267,18,0,0,8,0,8,0,0,0,0
1,1,482268,17,17,17,17,17,17,17,17,17,17
1,1,482269,0,0,0,0,0,0,0,0,0,18
1,1,482270,0,0,0,0,0,0,0,0,0,0
2,1,482270,29,29,29,29,29,29,29,29,29,29
1,1,482271,14,14,14,14,14,14,14,14,14,14
2,1,482271,16,7,15,0,7,11,19,0,7,23
1,1,482272,21,21,21,21,21,21,21,21,21,21
2,1,482272,0,0,0,0,0,0,0,0,0,0
1,1,482273,0,0,0,0,0,0,0,0,0,0
2,1,482273,15,0,0,18,0,0,0,0,0,11
1,1,482274,12,12,12,12,12,12,12,12,12,12
1,1,482275,15,15,15,15,15,15,15,15,15,15
1,1,482276,10,10,10,10,10,10,10,10,10,10
2,1,482276,20,20,20,20,20,20,20,20,20,20
3,1,482276,8,0,0,9,19,32,15,9,12,13
1,1,482277,20,8,11,10,8,15,10,9,20,13
1,1,482278,29,20,0,0,0,22,0,7,0,0
1,1,482279,8,23,0,0,0,10,0,0,0,6
2,1,482279,6,0,0,0,26,0,10,0,0,0
1,1,482280,15,15,15,15,15,15,15,15,15,15
0,1,482281,25,18,18,27,25,0,19,13,0,29