VEH_NO,PER_NO,ST_CASE,P1,P2,P3,P4,P5,P6,P7,P8,P9,P10
1,1,482281,13,7,15,0,6,0,0,23,9,24
1,1,482282,22,20,22,19,16,17,30,9,15,28
1,1,482283,0,0,0,0,0,21,0,0,14,0
1,1,482284,4,0,3,8,2,0,0,12,2,10
2,1,482284,0,0,0,0,0,7,14,0,0,0
1,1,482285,0,29,18,0,0,7,13,0,26,13
0,1,482286,23,20,0,10,0,0,26,0,23,7
1,1,482286,0,0,0,0,0,0,0,0,0,0
2,1,482286,15,8,0,16,19,0,0,11,0,5
3,1,482286,0,12,13,12,0,9,29,0,0,0
1,1,482287,0,0,0,0,0,0,0,0,0,0
2,1,482287,0,0,0,0,0,0,0,0,0,0
1,1,482288,19,23,32,14,24,7,28,14,28,31
1,1,482289,0,0,0,1,0,0,0,7,0,0
2,1,482289,0,0,0,0,0,0,0,0,0,0
1,1,482290,0,0,0,0,0,0,0,0,0,0
2,1,482290,15,16,0,16,0,0,0,0,0,19
1,1,482291,0,0,0,0,0,0,0,0,7,0
2,1,482291,0,0,0,0,0,0,0,0,0,0
1,1,482292,0,0,0,0,0,0,0,0,0,0
2,1,482292,0,0,0,13,0,0,0,0,0,0
1,1,482293,0,22,0,0,0,13,8,10,18,0
1,1,482294,0,0,11,0,0,0,0,0,0,0
2,1,482294,0,0,0,0,0,0,0,0,0,0
1,1,482295,15,0,0,0,0,0,0,0,0,0
2,1,482295,0,0,0,0,0,0,9,0,0,0
1,1,482296,0,0,0,0,0,0,0,0,0,0
2,1,482296,0,0,0,0,0,0,0,0,0,0
0,1,482297,0,0,0,0,0,0,0,0,0,0
1,1,482297,34,0,0,0,0,0,0,0,0,0
0,1,482298,0,56,0,0,8,5,21,0,0,13
1,1,482298,0,0,0,0,28,0,0,0,0,21
2,1,482298,0,0,0,0,0,19,0,0,0,0
0,1,482299,32,32,32,32,32,32,32,32,32,32
1,1,482299,0,0,0,14,10,0,5,0,26,0
2,1,482299,0,0,14,20,0,0,3,0,0,0
0,1,482300,3,3,3,3,3,3,3,3,3,3
1,1,482300,15,0,8,16,0,0,12,0,0,0
1,1,482301,0,0,0,0,0,0,0,0,0,0
2,1,482301,0,0,0,0,0,0,0,0,0,0
0,1,482302,0,0,0,0,0,0,15,0,0,0
1,1,482302,0,0,0,11,0,0,0,0,0,0
1,1,482303,18,18,18,18,18,18,18,18,18,18
1,1,482304,13,13,13,13,13,13,13,13,13,13
2,1,482304,0,0,0,0,0,0,8,0,0,0
1,1,482305,0,0,0,0,0,0,0,16,0,0
1,1,482306,0,0,15,6,0,0,0,0,0,0
2,1,482306,0,0,0,0,0,0,0,0,0,0
1,1,482307,12,0,18,24,11,17,0,0,7,12
1,1,482308,14,14,14,14,14,14,14,14,14,14
2,1,482308,8,0,0,0,0,7,16,9,0,14
2,1,482309,0,0,12,0,16,0,0,0,0,3
1,1,482310,13,13,13,13,13,13,13,13,13,13
1,1,482311,31,31,31,31,31,31,31,31,31,31
2,1,482311,0,17,15,0,22,0,0,13,9,6
1,1,482312,22,22,22,22,22,22,22,22,22,22
1,1,482313,0,0,0,0,0,0,0,0,0,0
1,1,482314,20,20,20,20,20,20,20,20,20,20
1,1,482315,29,29,29,29,29,29,29,29,29,29
1,1,482316,9,9,9,9,9,9,9,9,9,9
1,1,482317,18,19,11,24,27,28,23,18,17,5
0,1,482318,0,4,22,15,0,0,10,22,23,0
1,1,482318,0,0,6,0,0,0,0,0,0,15
1,1,482319,0,19,0,0,0,0,16,0,0,0
2,1,482319,0,0,0,0,0,0,0,0,0,0
1,1,482320,0,0,0,0,0,0,14,0,0,0
2,1,482320,0,0,0,0,0,0,0,0,0,0
1,1,482321,0,0,0,0,0,0,0,0,0,0
2,1,482321,15,0,33,7,20,15,14,15,21,8
1,1,482322,0,0,0,0,0,0,0,0,0,0
2,1,482322,0,0,0,0,0,0,0,0,0,0
1,1,482323,0,0,18,0,0,0,0,8,0,0
1,1,482324,23,0,0,0,0,0,20,0,0,0
2,1,482324,0,0,0,0,0,0,0,14,0,0
1,1,482325,0,0,0,0,0,21,0,0,2,28
0,1,482327,0,0,0,0,0,0,0,0,0,0
1,1,482327,0,0,0,0,0,0,0,0,26,0
1,1,482329,12,12,12,12,12,12,12,12,12,12
1,1,482330,23,14,0,13,20,6,19,0,0,10
1,1,482331,0,15,8,15,16,3,11,5,0,0
1,1,482332,37,37,37,37,37,37,37,37,37,37
1,1,482334,0,0,0,0,0,0,0,0,0,0
2,1,482334,1,1,1,1,1,1,1,1,1,1
1,1,482335,10,10,10,10,10,10,10,10,10,10
1,1,482336,0,0,0,0,0,0,0,0,0,0
1,1,482337,0,0,0,0,23,0,9,14,4,0
1,1,482338,0,0,0,0,0,0,0,0,0,0
1,1,482339,0,0,0,0,0,0,0,0,0,17
2,1,482339,0,0,0,0,0,0,0,0,0,0
1,1,482340,0,0,0,0,0,0,0,0,0,0
2,1,482340,0,0,0,0,0,0,0,0,0,0
1,1,482341,33,0,14,13,0,0,12,0,28,18
1,1,482342,0,5,0,10,22,11,0,0,14,12
2,1,482342,0,0,0,0,4,0,0,16,0,10
1,1,482343,0,0,0,12,9,17,0,30,0,0
1,1,482344,0,0,0,18,0,0,0,18,0,0
1,1,482345,0,0,0,0,0,0,0,0,0,0
1,1,482346,21,0,20,0,0,13,6,0,0,0
1,1,482347,0,0,0,0,0,0,0,0,0,0
2,1,482347,0,0,0,0,0,0,0,0,0,0
1,1,482348,0,0,0,0,0,0,0,0,0,0
2,1,482348,0,0,0,0,0,0,0,0,0,0
1,1,482349,0,0,0,13,0,0,0,0,0,21
1,1,482350,0,0,0,0,0,0,0,0,0,0
1,1,482351,0,0,0,0,0,0,0,0,0,0
2,1,482351,0,0,21,0,0,14,0,0,11,0
0,1,482352,7,7,7,7,7,7,7,7,7,7
1,1,482352,0,0,0,0,0,0,0,0,0,0
1,1,482353,0,0,0,0,0,0,0,0,0,0
1,1,482354,9,0,0,0,12,0,0,17,0,0
0,1,482355,0,0,0,0,13,0,0,11,0,0
1,1,482355,0,0,0,0,0,0,0,0,0,0
0,1,482356,0,0,0,0,0,0,0,0,0,0
1,1,482356,0,0,0,5,0,0,0,0,7,0
1,1,482357,16,18,17,21,27,0,7,9,0,0
2,1,482357,0,0,0,0,0,0,0,0,0,0
1,1,482358,0,0,0,0,0,0,0,0,0,0
2,1,482358,0,0,0,0,0,0,0,0,0,0
1,1,482359,17,17,17,17,17,17,17,17,17,17
1,1,482360,0,0,0,0,0,5,0,0,0,0
2,1,482360,0,0,0,0,0,0,7,0,0,0
1,1,482361,0,0,0,0,0,13,0,0,0,0
2,1,482361,0,0,0,0,0,0,0,0,0,0
1,1,482362,0,0,0,0,0,27,0,0,10,0
2,1,482362,0,0,0,0,0,0,0,0,0,0
1,1,482363,0,0,0,0,0,0,0,0,0,0
2,1,482363,0,0,0,0,0,0,0,0,0,0
0,1,482364,0,0,0,20,0,0,10,19,0,0
1,1,482364,10,0,0,0,0,0,0,0,0,0
1,1,482365,26,26,26,26,26,26,26,26,26,26
0,1,482366,0,15,10,25,26,15,20,32,0,0
1,1,482366,14,7,0,0,0,7,5,21,8,22
0,1,482367,12,12,12,12,12,12,12,12,12,12
1,1,482367,0,6,0,3,2,0,0,9,0,0
1,1,482368,0,0,11,0,0,0,19,0,0,0
1,1,482369,0,23,0,0,0,0,0,16,0,16
2,1,482369,0,0,0,0,0,0,0,19,0,0
0,1,482370,0,34,0,0,0,16,0,0,0,0
1,1,482370,3,0,0,0,13,0,0,0,0,0
2,1,482370,0,0,0,0,0,0,0,0,0,0
3,1,482370,0,0,0,0,0,0,0,0,0,0
0,1,482371,0,0,0,0,0,0,0,0,0,0
1,1,482371,3,20,12,10,10,14,2,6,0,5
1,1,482372,0,11,0,0,8,10,0,0,0,0
1,1,482373,0,0,0,0,0,0,0,0,0,24
2,1,482373,0,0,0,20,0,0,0,0,0,0
0,1,482374,0,0,0,0,0,0,0,0,0,0
1,1,482374,0,0,0,0,0,0,0,0,0,24
0,1,482375,9,9,9,9,9,9,9,9,9,9
1,1,482375,0,0,0,0,0,0,0,0,0,0
0,1,482376,0,0,0,0,0,0,0,0,0,0
0,2,482376,0,0,0,0,25,8,0,0,0,0
3,1,482376,0,0,0,0,0,0,0,0,0,0
1,1,482377,0,0,0,0,0,0,0,0,0,0
1,1,482378,11,11,11,11,11,11,11,11,11,11
1,1,482379,0,0,20,13,4,0,0,20,0,19
1,1,482380,19,19,19,19,19,19,19,19,19,19
1,1,482381,11,11,11,11,11,11,11,11,11,11
1,1,482382,9,0,13,14,19,21,0,39,13,28
1,1,482384,0,0,0,0,0,0,0,0,0,0
2,1,482384,0,0,0,0,0,0,0,0,0,0
1,1,482385,0,0,0,0,0,0,0,0,0,0
2,1,482385,28,0,0,0,0,0,0,0,0,0
1,1,482386,13,23,4,32,17,25,0,13,6,19
1,1,482387,0,0,0,0,0,0,0,0,0,0
1,1,482388,0,0,0,0,0,0,0,0,0,0
2,1,482388,0,0,0,0,10,0,20,0,0,0
0,1,482389,18,18,18,18,18,18,18,18,18,18
1,1,482389,0,0,0,0,0,0,0,0,0,0
1,1,482390,0,0,0,0,0,0,0,20,0,0
2,1,482390,0,0,0,0,0,0,0,0,0,0
1,1,482391,0,0,0,0,0,0,0,0,0,0
2,1,482391,9,0,0,0,0,0,0,0,0,0
1,1,482392,21,21,21,21,21,21,21,21,21,21
1,1,482393,0,0,0,0,0,0,0,0,0,0
2,1,482393,0,0,0,0,0,0,0,0,0,0
1,1,482394,0,0,0,0,0,0,0,0,0,0
1,1,482395,0,8,0,7,0,0,0,0,17,0
1,1,482396,0,0,0,0,0,0,0,0,0,0
2,1,482396,0,0,0,0,0,0,0,0,0,0
1,2,482397,0,0,0,0,0,0,0,0,0,0
1,1,482398,23,23,23,23,23,23,23,23,23,23
1,1,482399,9,0,14,10,21,22,0,18,0,0
1,1,482400,20,0,0,11,0,12,0,0,0,26
2,1,482400,0,0,0,0,0,0,0,0,0,0
1,1,482401,18,18,18,18,18,18,18,18,18,18
1,1,482402,0,16,9,13,8,0,0,0,13,0
0,1,482403,0,0,0,0,0,16,0,0,0,11
1,1,482403,7,0,13,4,7,26,14,0,14,13
1,1,482404,0,0,0,0,0,0,0,0,0,0
2,1,482404,0,0,0,0,0,0,0,0,0,0
1,1,482405,0,0,0,0,0,0,0,0,0,0
2,1,482405,0,0,0,0,0,0,0,0,0,0
0,1,482406,0,0,0,0,0,0,0,0,0,0
1,1,482406,0,0,0,0,0,0,0,0,0,0
2,1,482406,0,0,0,0,0,0,0,0,0,0
3,1,482406,7,0,3,0,12,7,6,0,0,6
4,1,482406,0,0,0,0,0,0,0,0,11,0
0,1,482407,0,0,0,0,0,0,0,0,0,0
1,1,482407,0,0,0,0,0,0,17,0,0,0
1,1,482408,0,16,0,0,19,0,0,14,0,12
2,1,482408,0,0,0,0,0,0,9,0,0,0
1,1,482409,0,0,0,0,0,21,0,0,5,0
1,1,482410,0,0,0,0,12,0,16,0,0,0
2,1,482410,0,0,0,0,0,0,0,0,0,0
0,1,482411,0,0,0,0,0,0,0,0,0,0
1,1,482411,0,0,0,0,0,0,0,7,0,0
1,1,482412,0,0,0,0,0,0,0,0,0,0
2,1,482412,0,0,0,0,0,0,0,0,26,0
1,1,482413,17,17,17,17,17,17,17,17,17,17
1,1,482414,0,15,0,4,7,19,0,0,0,0
1,1,482415,0,0,0,0,10,12,0,0,0,0
1,1,482416,0,0,0,0,0,0,0,0,0,0
2,1,482416,1,1,1,1,1,1,1,1,1,1
1,1,482417,7,0,0,17,0,0,0,0,0,0
1,1,482418,0,0,0,0,0,0,0,0,0,0
2,1,482418,0,0,0,0,0,0,0,0,0,0
1,1,482419,13,5,24,0,11,23,0,12,16,0
1,1,482420,11,10,21,23,22,14,23,18,8,30
1,1,482421,0,0,0,0,15,0,6,0,0,0
2,1,482421,0,0,0,0,0,0,11,0,0,11
1,1,482422,0,0,0,0,0,0,0,0,0,14
2,1,482422,0,0,0,0,0,0,0,0,0,0
1,1,482423,0,0,0,0,0,0,0,0,0,0
2,1,482423,22,8,0,12,0,0,0,0,0,7
1,1,482424,0,0,0,0,0,7,0,0,0,0
2,1,482424,0,0,4,0,0,7,0,0,0,0
1,1,482425,0,0,0,0,0,0,0,0,0,0
1,1,482426,5,0,15,11,12,7,0,27,34,9
2,1,482426,3,0,0,0,0,0,18,0,0,6
1,1,482427,0,0,0,0,11,0,0,0,0,0
2,1,482427,0,0,0,0,0,0,0,0,0,0
1,1,482428,0,0,0,0,0,0,0,0,0,0
1,1,482429,0,0,0,0,0,0,0,0,0,0
2,1,482429,0,0,0,0,0,0,0,0,0,0
0,1,482430,31,31,31,31,31,31,31,31,31,31
1,1,482430,0,0,0,0,0,0,19,0,0,0
1,1,482431,0,0,0,0,0,0,0,0,0,0
2,1,482431,0,0,0,0,0,0,0,0,0,0
3,1,482431,32,18,18,29,14,28,26,20,22,13
1,1,482432,18,18,18,18,18,18,18,18,18,18
1,1,482433,28,28,28,28,28,28,28,28,28,28
0,1,482434,0,0,0,0,0,0,0,0,0,0
1,1,482434,12,0,14,0,21,0,30,0,12,6
1,1,482435,12,19,20,24,10,17,10,19,17,17
1,1,482436,0,0,0,0,0,0,0,0,0,0
2,1,482436,25,25,25,25,25,25,25,25,25,25
1,1,482437,28,31,24,39,0,14,19,24,14,10
1,1,482438,9,9,9,9,9,9,9,9,9,9
1,1,482439,0,0,0,0,0,3,0,0,0,0
1,1,482440,0,0,0,0,0,0,0,0,0,21
1,1,482441,0,0,0,0,0,0,0,21,0,0
2,1,482441,0,0,0,0,0,0,0,0,0,9
1,1,482442,0,0,0,0,0,0,0,0,0,0
2,1,482442,0,0,0,16,0,0,0,0,0,0
1,1,482443,18,18,18,18,18,18,18,18,18,18
2,1,482443,2,2,2,2,2,2,2,2,2,2
1,1,482444,18,9,0,0,0,0,0,0,6,0
2,1,482444,37,30,0,15,12,15,17,28,0,0
1,1,482445,11,0,0,0,15,17,0,22,0,18
2,1,482445,0,0,0,0,0,0,0,0,0,0
1,1,482446,0,0,0,0,0,0,0,0,0,0
1,1,482447,0,0,0,0,0,0,0,0,0,0
2,1,482447,3,0,0,0,0,0,0,0,0,0
1,1,482448,10,0,0,0,6,32,0,0,0,0
0,1,482449,33,20,19,18,0,0,35,13,0,21
1,1,482449,0,0,0,0,0,0,0,0,0,0
1,1,482450,0,0,0,0,0,0,0,0,0,0
2,1,482450,0,0,19,0,16,0,0,0,0,0
0,1,482451,0,0,0,0,0,0,0,0,0,0
1,1,482451,19,12,28,19,17,15,7,17,15,14
0,1,482452,16,8,18,0,29,0,42,5,16,0
1,1,482452,15,18,0,10,0,26,12,7,0,0
1,1,482453,0,0,0,0,0,0,0,0,0,0
2,1,482453,0,0,0,0,0,0,0,0,0,0
1,1,482454,11,0,0,0,7,0,16,0,0,0
2,1,482454,0,0,0,0,0,0,0,0,0,0
1,1,482455,0,13,0,0,0,30,7,0,0,0
1,1,482456,0,0,0,0,0,0,0,0,0,0
1,1,482457,15,15,15,15,15,15,15,15,15,15
1,1,482458,8,0,4,6,0,0,0,13,0,8
2,1,482458,17,7,0,0,26,0,2,16,0,16
1,1,482459,0,0,0,0,0,0,0,0,0,0
0,1,482460,28,28,28,28,28,28,28,28,28,28
1,1,482460,0,0,6,0,0,0,0,0,0,0
1,1,482461,0,0,0,0,0,0,0,0,0,0
1,1,482462,22,22,22,22,22,22,22,22,22,22
1,1,482463,0,0,0,0,0,0,0,0,0,0
2,1,482463,0,0,0,0,0,0,0,0,0,0
1,1,482464,0,0,0,0,0,0,0,0,0,0
1,1,482465,11,13,0,0,0,0,0,0,0,0
0,1,482466,0,0,0,0,0,0,0,0,0,0
1,1,482466,0,14,0,12,0,0,0,11,0,8
1,1,482467,0,0,0,0,0,0,0,0,0,0
2,1,482467,0,0,0,0,0,0,0,0,0,0
3,1,482467,0,0,0,0,0,0,0,0,0,0
1,1,482468,0,0,0,0,0,18,0,0,0,0
2,1,482468,0,0,0,0,0,0,0,0,0,0
1,1,482469,13,13,13,13,13,13,13,13,13,13
1,1,482470,0,0,0,0,0,0,0,0,0,0
2,1,482470,0,0,0,0,0,0,0,0,0,0
3,1,482470,0,0,0,0,0,0,0,0,0,0
4,1,482470,0,0,0,0,5,0,0,0,0,0
0,1,482471,0,0,0,0,0,0,0,0,0,0
1,1,482471,0,0,0,0,0,0,0,0,0,0
1,1,482472,0,0,0,0,0,0,0,0,0,0
2,1,482472,0,0,0,0,0,0,0,0,0,0
1,1,482473,0,0,0,0,0,0,0,0,0,0
1,1,482474,16,0,27,23,10,0,13,0,0,0
1,1,482475,5,0,0,0,0,0,0,0,0,0
1,1,482476,42,42,42,42,42,42,42,42,42,42
1,1,482477,18,18,18,18,18,18,18,18,18,18
1,1,482478,0,0,0,0,0,0,0,0,0,0
1,1,482479,0,0,4,0,0,0,0,0,0,0
2,1,482479,0,0,0,3,0,0,0,0,0,15
3,1,482479,0,0,0,0,0,0,12,0,0,0
1,1,482480,19,0,0,16,0,0,0,5,9,0
1,1,482481,0,0,0,0,0,0,0,0,0,0
1,1,482482,14,14,14,14,14,14,14,14,14,14
1,1,482483,0,0,0,28,0,0,0,0,0,0
2,1,482483,0,0,0,0,0,0,0,0,0,0
1,1,482484,15,15,15,15,15,15,15,15,15,15
1,1,482485,0,0,0,0,0,0,0,0,0,0
2,1,482485,0,0,0,0,0,0,0,0,0,0
1,1,482486,0,0,0,0,0,0,0,0,0,0
2,1,482486,0,0,0,15,0,0,0,0,0,0
0,1,482487,0,0,0,0,0,0,0,0,0,0
1,1,482487,0,0,0,0,0,0,0,0,0,0
1,1,482488,11,0,18,14,21,8,31,9,17,19
1,1,482489,14,14,14,14,14,14,14,14,14,14
1,1,482490,0,0,0,0,0,0,0,0,0,0
2,1,482490,8,8,18,18,19,15,0,6,14,6
1,1,482491,0,0,28,0,29,0,0,0,28,0
1,1,482492,0,0,0,0,0,0,0,0,0,0
1,1,482493,0,0,0,15,0,0,0,0,0,7
1,1,482494,13,13,13,13,13,13,13,13,13,13
0,1,482495,26,26,26,26,26,26,26,26,26,26
1,1,482495,0,0,7,19,11,0,0,0,0,8
1,1,482496,0,0,0,15,0,0,0,0,0,0
1,1,482497,14,20,2,8,8,11,11,17,12,16
1,1,482498,20,20,20,20,20,20,20,20,20,20
1,1,482499,0,0,0,0,0,0,0,0,0,0
2,1,482499,0,0,0,0,0,0,0,0,0,0
1,1,482500,0,0,0,0,0,0,0,0,0,0
0,1,482501,0,0,0,0,0,0,0,0,0,0
1,1,482501,0,15,22,0,0,25,20,0,28,0
1,1,482502,24,24,24,24,24,24,24,24,24,24
1,1,482503,0,0,0,0,0,0,0,0,0,0
2,1,482503,0,0,0,0,0,0,0,0,0,0
1,1,482504,18,0,17,11,7,14,16,9,17,0
1,1,482505,0,0,0,0,0,0,0,0,0,0
1,1,482506,2,2,2,2,2,2,2,2,2,2
2,1,482506,0,0,0,0,0,0,0,0,0,9
1,1,482507,12,12,12,12,12,12,12,12,12,12
0,1,482508,0,0,0,20,16,0,19,0,0,0
1,1,482508,0,0,0,0,12,0,0,0,0,0
1,1,482509,0,0,0,0,0,0,0,0,0,0
1,1,482510,0,0,0,0,0,0,0,0,0,0
2,1,482510,0,0,0,0,12,0,0,0,0,0
1,1,482511,0,0,16,0,0,10,0,0,16,20
1,1,482512,0,0,0,0,0,0,0,0,0,0
1,1,482513,16,14,0,3,16,3,17,12,17,15
1,1,482514,0,0,0,0,0,0,0,0,0,0
1,1,482515,16,16,16,16,16,16,16,16,16,16
1,1,482516,20,20,20,20,20,20,20,20,20,20
1,1,482517,0,0,0,0,0,0,0,0,0,0
1,1,482518,0,0,0,0,0,0,0,0,0,0
2,1,482518,0,0,0,0,0,0,0,0,0,16
1,1,482519,0,11,0,0,0,0,16,0,0,0
1,1,482520,22,0,18,21,0,0,0,0,4,13
2,1,482520,0,0,0,0,0,0,0,0,0,0
1,1,482521,0,0,0,0,0,0,0,0,0,0
2,1,482521,0,24,0,0,0,0,0,0,0,0
1,1,482522,0,0,6,0,12,0,0,26,0,0
2,1,482522,0,0,0,0,0,0,0,0,0,0
1,1,482523,0,0,0,0,0,0,0,10,0,0
1,1,482524,0,0,0,0,0,0,0,0,0,0
1,1,482525,0,7,4,0,0,7,0,7,0,0
2,1,482525,8,0,0,23,0,0,0,0,0,0
1,1,482526,0,0,0,0,0,0,0,8,24,0
1,1,482527,7,6,14,15,10,26,9,15,11,14
1,1,482528,20,6,24,13,16,19,5,11,14,12
2,1,482528,10,10,10,10,10,10,10,10,10,10
1,1,482529,0,0,0,0,0,0,0,0,0,0
2,1,482529,0,0,0,0,0,0,0,0,0,0
1,1,482530,0,0,8,6,0,0,0,0,6,0
2,1,482530,0,0,0,0,0,0,0,0,0,0
1,1,482531,0,0,0,0,0,0,0,0,0,0
1,1,482532,28,28,28,28,28,28,28,28,28,28
0,1,482533,0,0,0,27,0,0,0,0,31,0
1,1,482533,0,7,0,0,0,15,0,0,0,0
0,1,482534,18,18,18,18,18,18,18,18,18,18
0,2,482534,18,18,18,18,18,18,18,18,18,18
1,1,482534,0,0,0,0,0,0,0,0,0,0
1,1,482535,0,0,0,9,0,0,0,22,22,0
1,1,482536,0,0,0,0,0,0,0,0,0,23
2,1,482536,15,15,15,15,15,15,15,15,15,15
1,1,482537,0,0,0,0,0,0,0,0,0,0
2,1,482537,0,0,0,0,0,0,0,0,0,0
1,1,482538,11,19,0,0,0,0,21,6,0,0
2,1,482538,0,0,12,0,0,0,3,0,0,0
0,1,482539,0,0,0,0,0,0,0,0,0,0
1,1,482539,0,0,0,0,0,0,0,0,0,12
2,1,482539,0,0,0,0,0,0,0,0,15,0
1,1,482540,0,0,0,0,0,0,0,0,0,0
1,1,482541,0,0,0,0,0,0,0,0,0,0
2,1,482541,0,0,0,0,0,0,0,0,0,0
1,1,482542,0,0,0,0,0,0,0,0,0,0
1,1,482543,21,24,12,16,20,11,23,14,29,12
1,1,482544,0,0,0,0,0,0,0,0,0,0
2,1,482544,0,0,0,0,0,0,36,0,14,0
1,1,482545,0,0,9,8,9,14,13,8,14,26
2,1,482545,0,0,0,0,0,0,0,0,0,0
1,1,482546,7,31,22,9,17,6,27,24,14,26
1,1,482547,27,32,19,25,28,7,14,18,9,33
1,1,482548,14,14,14,14,14,14,14,14,14,14
2,1,482548,10,10,10,10,10,10,10,10,10,10
1,1,482549,0,0,0,0,0,0,0,0,0,0
2,1,482549,0,0,0,0,0,0,0,0,0,9
1,1,482550,20,19,11,18,16,16,0,14,18,0
1,1,482551,0,0,0,0,0,0,0,0,0,0
1,1,482552,14,14,14,14,14,14,14,14,14,14
2,1,482553,0,29,0,0,0,13,18,22,16,0
1,1,482554,31,31,31,31,31,31,31,31,31,31
2,1,482554,0,0,0,0,0,0,0,0,0,0
1,1,482555,0,28,0,0,0,0,3,0,0,0
2,1,482555,0,0,0,0,0,0,0,0,0,0
1,1,482556,0,0,0,0,0,0,0,10,0,10
2,1,482556,21,21,21,21,21,21,21,21,21,21
1,1,482557,0,0,0,0,5,0,11,0,0,0
2,1,482557,15,25,3,24,11,22,8,25,18,23
1,1,482558,24,24,24,24,24,24,24,24,24,24
1,1,482559,0,0,21,0,23,24,0,12,0,8
2,1,482559,0,0,1,0,0,0,0,0,0,0
1,1,482560,0,0,0,0,7,26,0,0,15,19
1,1,482561,18,6,13,10,0,0,0,5,16,0
2,1,482561,0,6,4,4,9,20,4,0,7,8
1,1,482562,29,29,36,3,20,21,21,35,30,21
2,1,482562,0,0,0,0,0,0,0,0,0,0
1,1,482563,16,16,16,16,16,16,16,16,16,16
1,1,482564,0,0,8,0,0,0,0,0,11,7
1,1,482565,0,0,0,0,0,0,0,0,0,0
1,1,482566,0,0,0,0,0,0,0,0,0,0
2,1,482566,0,0,0,0,0,0,0,0,0,0
3,1,482566,0,0,0,0,0,0,0,0,0,0
4,1,482566,0,0,0,0,0,0,0,0,0,0
1,1,482567,0,0,0,0,0,0,0,0,0,0
2,1,482567,0,0,0,0,0,15,0,0,0,0
1,1,482568,0,0,0,0,0,0,0,0,0,0
2,1,482568,23,23,23,23,23,23,23,23,23,23
1,1,482569,0,0,0,0,12,0,0,0,0,11
2,1,482569,0,0,0,0,0,0,0,0,0,0
3,1,482569,0,0,0,0,0,0,0,0,0,0
4,1,482569,0,0,0,0,0,0,0,6,0,0
1,1,482570,0,0,0,27,0,0,0,0,0,0
2,1,482570,0,0,0,0,0,0,0,0,0,0
1,1,482571,0,0,0,0,0,2,0,7,12,0
1,1,482572,0,0,0,0,0,15,0,25,0,0
0,1,482573,0,0,0,0,0,0,0,0,0,0
1,1,482573,11,0,5,2,4,5,4,8,0,9
1,1,482574,9,9,9,9,9,9,9,9,9,9
2,1,482574,19,19,19,19,19,19,19,19,19,19
3,1,482574,0,0,15,0,0,0,0,10,0,0
1,1,482575,0,4,3,17,18,11,0,26,25,9
1,1,482576,16,16,16,16,16,16,16,16,16,16
1,1,482577,32,32,32,32,32,32,32,32,32,32
1,1,482578,0,0,0,0,0,0,0,0,0,0
2,1,482578,0,0,0,0,0,15,0,0,0,0
1,1,482579,0,0,0,0,0,0,0,0,0,0
2,1,482579,41,31,23,28,15,9,12,11,16,30
1,1,482580,6,0,0,0,0,6,0,0,0,0
2,1,482580,19,0,0,4,0,23,0,0,0,0
0,1,482581,21,18,0,0,0,0,0,0,26,0
1,1,482581,10,0,0,0,20,0,0,0,0,24
1,1,482582,0,9,0,0,0,0,0,0,0,6
2,1,482582,0,0,0,10,0,0,0,0,0,18
3,1,482582,0,0,7,0,0,0,0,0,0,0
1,1,482583,0,0,0,0,0,0,0,0,0,0
1,1,482584,0,0,0,0,0,0,0,0,16,19
2,1,482584,0,0,0,0,0,0,0,0,0,0
0,1,482585,0,0,0,0,0,0,0,0,0,0
1,1,482585,0,0,0,0,12,9,0,0,0,8
0,1,482586,0,0,0,0,0,7,0,0,13,0
1,1,482586,0,0,0,0,0,0,0,0,0,0
1,1,482587,0,0,0,16,13,19,0,18,11,0
1,1,482588,11,13,18,24,12,17,16,13,0,0
1,1,482589,0,20,0,0,0,0,0,0,0,12
1,1,482590,0,0,0,0,0,0,0,3,6,0
2,1,482590,0,0,15,0,0,0,0,11,7,0
0,1,482592,0,0,0,0,0,0,0,0,0,0
1,1,482592,0,0,0,0,0,0,0,0,0,0
1,1,482593,0,0,0,0,9,0,0,0,11,0
2,1,482593,6,10,0,7,0,2,0,10,0,0
3,1,482593,2,2,2,2,2,2,2,2,2,2
0,1,482594,0,0,0,0,0,0,0,0,0,0
1,1,482594,0,0,0,0,0,0,0,0,0,0
2,1,482594,0,0,0,0,0,0,0,0,0,0
1,1,482595,0,0,0,9,0,0,0,0,0,13
0,1,482596,0,0,0,0,0,0,0,0,0,0
1,1,482596,0,0,0,0,0,0,0,0,0,16
1,1,482597,25,25,25,25,25,25,25,25,25,25
1,1,482598,20,20,20,20,20,20,20,20,20,20
0,1,482599,0,0,0,0,0,0,0,0,0,0
1,1,482599,0,0,0,0,0,0,0,27,0,0
1,1,482600,26,26,26,26,26,26,26,26,26,26
1,1,482601,0,0,0,0,0,17,0,0,0,36
2,1,482601,9,0,0,0,0,0,0,0,0,0
1,1,482602,21,21,21,21,21,21,21,21,21,21