VEH_NO,PER_NO,ST_CASE,P1,P2,P3,P4,P5,P6,P7,P8,P9,P10
1,1,482603,0,0,0,0,0,13,0,0,0,5
2,1,482603,12,12,12,12,12,12,12,12,12,12
1,1,482604,30,28,23,12,31,17,16,22,3,34
1,1,482605,28,28,28,28,28,28,28,28,28,28
2,1,482605,6,0,15,12,14,0,13,0,20,0
1,1,482606,0,0,0,0,0,0,0,0,0,0
1,1,482607,0,0,0,0,0,0,0,0,0,0
2,1,482607,33,33,33,33,33,33,33,33,33,33
1,1,482608,22,22,22,22,22,22,22,22,22,22
1,1,482609,0,9,0,0,0,13,0,0,0,0
1,1,482610,0,0,0,0,0,0,0,0,0,0
2,1,482610,0,0,0,0,0,0,0,0,0,0
1,1,482611,0,0,21,0,13,0,0,0,0,0
1,1,482612,4,4,4,4,4,4,4,4,4,4
2,1,482612,6,6,6,6,6,6,6,6,6,6
1,1,482613,0,22,4,9,0,0,20,0,0,21
1,1,482614,0,0,0,0,0,0,0,0,0,0
2,1,482614,0,0,0,0,0,0,0,0,0,0
1,1,482615,0,0,0,0,0,10,14,16,0,19
1,1,482616,0,14,0,0,0,9,0,0,0,0
1,1,482617,0,0,0,0,0,0,0,0,0,0
2,1,482617,0,0,0,0,0,0,0,33,0,8
3,1,482617,0,0,0,0,0,0,0,0,0,0
4,1,482617,0,0,0,0,0,0,0,0,0,0
1,1,482618,18,17,16,0,32,15,19,15,31,12
1,1,482619,8,29,41,18,4,31,15,17,5,12
1,1,482620,0,0,0,0,0,0,0,0,0,0
1,1,482621,0,0,0,0,0,11,0,0,0,0
1,1,482622,14,14,14,14,14,14,14,14,14,14
1,1,482623,30,30,30,30,30,30,30,30,30,30
0,1,482624,0,22,30,15,40,0,0,0,0,0
1,1,482624,0,7,8,0,24,0,0,0,0,17
1,1,482625,0,0,0,0,10,0,12,0,0,0
2,1,482625,0,0,0,0,0,0,0,0,0,0
3,1,482625,5,0,9,0,0,14,15,0,0,0
1,1,482626,21,13,0,0,0,25,0,0,21,11
0,1,482627,0,41,0,0,0,16,0,0,0,22
1,1,482627,0,0,0,0,0,0,0,0,0,0
1,1,482628,0,0,0,0,0,0,0,0,0,0
1,1,482629,19,19,19,19,19,19,19,19,19,19
1,1,482630,28,28,28,28,28,28,28,28,28,28
1,1,482633,0,0,0,0,0,0,0,0,0,0
2,1,482633,0,0,0,0,0,0,0,0,0,0
1,1,482634,0,0,0,0,0,0,0,0,0,0
2,1,482634,0,0,0,0,0,0,0,0,0,0
1,1,482635,0,0,0,0,0,0,0,0,0,0
2,1,482635,0,0,0,0,0,0,0,0,0,0
1,1,482636,0,0,0,0,0,0,0,0,0,0
1,1,482637,19,0,0,0,0,0,0,0,0,0
2,1,482637,0,0,0,0,22,0,0,0,0,0
1,1,482638,0,0,0,0,0,0,0,0,31,0
1,1,482639,0,0,0,0,0,0,0,0,0,0
0,1,482640,12,15,24,23,27,21,12,9,22,15
1,1,482640,0,0,0,17,0,0,0,5,0,0
1,1,482641,0,0,0,0,0,0,0,0,0,0
2,1,482641,0,0,0,0,0,0,21,0,0,0
0,1,482642,16,0,26,14,0,0,0,0,0,9
1,1,482642,8,0,0,20,0,5,8,27,30,23
1,1,482643,7,7,7,7,7,7,7,7,7,7
2,1,482643,11,15,24,13,20,17,32,15,41,28
1,1,482644,17,31,14,15,0,0,0,0,0,10
1,1,482645,22,22,22,22,22,22,22,22,22,22
1,1,482646,0,0,0,0,0,0,5,0,0,0
1,1,482647,0,0,0,0,0,0,0,0,0,0
0,1,482648,13,13,13,13,13,13,13,13,13,13
1,1,482648,11,0,20,0,0,0,0,0,0,0
1,1,482649,26,11,0,33,0,12,0,19,12,0
1,1,482650,19,19,19,19,19,19,19,19,19,19
1,1,482651,0,0,0,0,0,0,0,0,0,0
1,1,482653,0,0,0,23,0,4,22,0,20,26
1,1,482654,12,12,12,12,12,12,12,12,12,12
1,1,482655,12,12,12,12,12,12,12,12,12,12
0,1,482656,0,0,0,8,0,0,26,16,0,0
0,2,482656,0,0,0,0,0,0,0,0,0,0
1,1,482656,0,0,0,0,0,0,0,0,0,4
1,1,482657,0,21,0,0,0,0,12,0,0,0
1,1,482658,0,0,0,0,0,21,0,0,0,0
1,1,482659,7,7,7,7,7,7,7,7,7,7
1,1,482660,37,10,0,0,0,34,16,13,8,28
2,1,482660,0,0,0,0,0,5,0,0,15,0
1,1,482661,0,16,20,11,0,12,13,29,0,15
0,1,482662,0,0,0,0,0,0,0,0,0,0
1,1,482662,0,0,0,0,0,0,0,0,0,0
1,1,482663,0,0,0,0,0,0,0,0,0,14
2,1,482663,3,6,17,5,0,16,3,2,48,0
0,1,482664,0,0,0,0,0,0,0,0,0,4
0,2,482664,0,0,0,18,0,0,0,35,0,0
1,1,482664,0,0,0,0,0,0,0,0,0,9
1,1,482665,17,0,23,0,0,0,0,0,0,0
2,1,482665,12,19,15,15,0,10,6,3,0,22
3,1,482665,17,0,0,8,0,0,0,0,0,0
0,1,482666,14,0,0,19,4,26,31,23,0,0
1,1,482666,7,0,0,0,17,0,36,0,0,0
2,1,482666,14,12,3,3,7,14,3,7,8,7
3,1,482666,0,0,0,0,0,0,0,0,0,23
0,1,482667,0,0,0,0,0,0,22,0,0,9
0,2,482667,0,25,24,41,21,0,26,30,0,0
0,3,482667,9,18,0,25,0,0,0,38,0,17
1,1,482667,0,0,0,11,0,0,0,0,0,0
1,1,482668,0,0,0,0,0,0,0,0,0,0
2,1,482668,0,0,0,0,0,0,0,0,0,0
1,1,482669,19,19,19,19,19,19,19,19,19,19
1,1,482670,0,7,0,0,0,0,0,0,0,0
2,1,482670,7,13,0,18,31,0,14,37,15,22
0,1,482671,13,13,13,13,13,13,13,13,13,13
1,1,482671,0,0,0,0,0,0,0,0,0,0
1,1,482672,0,9,26,0,16,0,0,0,0,0
1,1,482673,0,0,0,0,0,0,0,0,0,0
2,1,482673,0,0,0,0,0,0,0,0,0,0
1,1,482674,11,11,11,11,11,11,11,11,11,11
1,1,482675,0,0,0,0,0,0,11,0,0,0
0,1,482677,0,0,0,0,0,0,0,0,0,0
1,1,482677,0,0,0,0,0,0,0,6,0,0
0,1,482678,0,0,0,0,0,0,31,0,0,0
1,1,482678,0,0,0,0,0,0,9,0,0,0
2,1,482678,11,0,0,4,0,4,7,0,14,18
0,1,482679,0,15,0,28,9,0,0,19,0,0
2,1,482679,0,0,0,0,0,0,0,0,0,0
1,1,482680,24,24,24,24,24,24,24,24,24,24
1,1,482681,17,17,17,17,17,17,17,17,17,17
1,1,482682,0,0,0,0,0,0,0,0,0,0
2,1,482682,0,0,0,0,0,0,0,0,0,4
1,1,482683,0,6,23,33,29,0,8,0,6,18
1,1,482684,0,0,0,0,0,0,0,0,0,0
2,1,482684,0,0,0,0,0,0,0,0,0,0
1,1,482685,0,0,0,0,0,0,11,0,0,0
2,1,482685,0,0,0,0,6,0,0,0,0,0
1,1,482687,0,0,0,0,28,0,0,0,0,0
2,1,482687,0,0,0,0,0,0,0,0,0,0
1,1,482688,0,0,0,0,0,0,0,0,0,0
2,1,482688,8,14,0,0,0,0,0,0,0,0
1,1,482689,0,0,0,0,0,0,0,0,0,0
2,1,482689,0,0,0,0,0,0,0,0,0,0
3,1,482689,0,0,0,0,0,0,0,0,0,0
4,1,482689,0,0,0,0,0,0,0,0,0,0
1,1,482690,9,24,16,25,8,18,13,11,16,25
2,1,482690,0,0,0,0,0,0,0,0,0,0
1,1,482691,0,0,0,0,0,0,0,0,0,0
1,1,482692,23,23,23,23,23,23,23,23,23,23
1,1,482693,28,28,28,28,28,28,28,28,28,28
2,1,482693,0,13,0,0,17,0,33,0,20,13
1,1,482694,18,0,0,0,0,0,0,0,0,0
0,1,482695,0,0,0,0,0,0,0,0,0,0
0,2,482695,15,0,30,0,0,0,8,0,24,0
1,1,482695,0,0,20,0,15,0,0,26,0,13
1,1,482696,11,9,0,0,0,0,0,0,6,0
2,1,482696,0,0,0,0,0,0,0,0,0,0
0,1,482697,0,0,0,0,0,0,0,0,0,0
1,1,482697,0,0,8,0,0,0,0,0,12,0
1,1,482698,0,0,0,0,0,0,0,0,0,0
2,1,482698,0,0,0,0,0,0,0,0,0,0
3,1,482698,0,0,0,0,0,0,0,0,0,0
0,1,482699,0,0,0,0,0,0,0,0,0,0
1,1,482699,29,29,29,29,29,29,29,29,29,29
0,1,482700,0,0,0,0,0,0,0,0,0,0
1,1,482700,0,0,0,0,0,17,12,0,16,0
1,1,482701,15,15,15,15,15,15,15,15,15,15
2,1,482701,0,0,0,14,14,6,8,25,0,13
1,1,482702,0,0,0,0,0,0,0,0,0,0
2,1,482702,0,0,0,0,0,0,0,0,0,0
1,1,482703,9,9,9,9,9,9,9,9,9,9
1,1,482704,9,9,9,9,9,9,9,9,9,9
2,1,482704,0,0,0,0,0,0,0,0,0,0
1,1,482705,17,17,17,17,17,17,17,17,17,17
2,1,482705,0,0,0,0,0,0,0,0,0,0
0,1,482706,0,0,16,17,19,0,0,0,16,0
1,1,482706,0,0,0,0,0,0,0,0,0,0
2,1,482706,3,7,22,11,0,12,0,5,2,22
1,1,482707,12,12,12,12,12,12,12,12,12,12
1,1,482708,0,0,0,0,0,0,0,0,0,0
2,1,482708,0,0,24,0,4,0,0,0,0,0
1,1,482709,9,6,6,0,9,0,28,0,0,0
2,1,482709,28,28,28,28,28,28,28,28,28,28
1,1,482710,0,0,0,0,0,0,0,0,0,0
2,1,482710,0,7,0,5,0,23,0,0,0,3
1,1,482711,20,20,20,20,20,20,20,20,20,20
1,1,482712,24,24,24,24,24,24,24,24,24,24
1,1,482713,0,0,0,0,0,0,0,0,0,0
2,1,482713,0,0,0,0,0,0,0,0,0,0
1,1,482714,13,13,13,13,13,13,13,13,13,13
1,1,482715,0,0,0,0,0,0,0,0,0,0
2,1,482715,0,0,0,0,0,0,0,0,0,0
1,1,482716,16,16,16,16,16,16,16,16,16,16
1,1,482717,0,0,0,22,0,0,0,0,0,0
0,1,482718,19,19,19,19,19,19,19,19,19,19
1,1,482718,0,25,0,15,0,14,12,0,10,0
1,1,482719,0,14,25,13,16,21,23,33,0,0
1,1,482720,0,0,0,0,0,0,0,0,0,7
2,1,482720,21,21,21,21,21,21,21,21,21,21
1,1,482721,0,0,0,0,0,0,0,0,0,0
2,1,482721,0,0,0,0,0,0,0,0,0,0
1,1,482722,36,0,0,0,0,0,0,0,0,15
2,1,482722,0,0,0,0,0,0,0,0,0,0
1,1,482723,0,0,0,0,0,0,0,0,0,0
2,1,482723,0,0,0,0,0,0,0,0,0,0
1,1,482724,36,0,0,0,0,0,0,10,0,10
1,1,482725,0,0,0,0,0,0,0,0,0,0
2,1,482725,0,11,0,0,0,0,0,7,0,16
1,1,482726,0,0,0,0,0,2,0,0,0,0
1,1,482727,0,0,0,0,0,0,0,0,0,0
2,1,482727,0,0,0,0,0,0,0,12,0,0
1,1,482728,0,0,0,0,0,0,0,0,0,0
2,1,482728,0,0,0,0,20,0,0,0,0,0
1,1,482729,25,25,25,25,25,25,25,25,25,25
1,1,482730,27,27,27,27,27,27,27,27,27,27
1,1,482731,7,7,7,7,7,7,7,7,7,7
0,1,482732,10,10,10,10,10,10,10,10,10,10
1,1,482732,0,0,0,0,0,0,0,0,0,0
1,1,482733,0,0,13,0,0,0,0,0,0,0
1,1,482734,16,0,0,0,0,12,0,0,0,13
1,1,482735,20,0,8,8,0,0,23,0,0,0
1,1,482736,0,0,0,0,8,0,0,0,0,13
2,1,482736,9,11,12,4,9,0,0,21,0,25
1,1,482737,0,0,0,0,0,0,0,0,0,0
2,1,482737,0,0,0,0,0,0,0,0,0,0
3,1,482737,0,0,0,0,0,0,0,0,0,0
4,1,482737,0,0,0,0,0,0,0,0,0,0
5,1,482737,0,0,0,0,0,0,0,0,0,0
6,1,482737,0,0,0,0,0,0,0,0,0,0
7,1,482737,0,0,0,0,0,0,18,0,0,0
8,1,482737,0,0,0,0,0,0,0,0,0,0
1,1,482738,0,0,0,0,0,0,0,0,0,0
2,1,482738,0,0,0,0,0,0,0,0,0,0
1,1,482739,0,0,0,0,0,0,0,0,0,0
1,1,482740,0,0,0,0,0,0,0,0,0,0
2,1,482740,10,0,26,0,0,0,0,0,0,0
1,1,482741,0,0,0,0,0,0,0,0,0,0
2,1,482741,0,0,0,0,0,0,0,0,0,0
1,1,482742,0,16,20,0,22,12,0,0,0,8
1,1,482743,0,0,0,0,0,0,0,0,0,0
2,1,482743,0,0,0,0,0,0,0,0,0,0
1,1,482744,16,16,16,16,16,16,16,16,16,16
3,1,482744,9,12,0,11,17,0,0,3,0,3
4,1,482744,0,0,0,0,0,0,0,0,0,0
1,1,482745,10,10,10,10,10,10,10,10,10,10
1,1,482746,25,25,25,25,25,25,25,25,25,25
1,1,482747,0,0,0,0,0,0,0,6,30,0
2,1,482747,0,0,0,20,0,10,0,0,0,7
1,1,482748,17,5,15,14,19,23,33,8,18,23
2,1,482748,7,11,9,16,3,17,15,14,27,20
0,1,482749,9,0,0,0,0,0,0,0,0,0
1,1,482749,0,0,0,0,0,0,0,0,0,0
1,1,482750,24,24,24,24,24,24,24,24,24,24
1,1,482751,0,0,0,0,0,0,0,0,0,0
2,1,482751,0,0,0,0,20,0,0,0,8,0
1,1,482752,0,0,0,0,0,0,0,0,0,0
2,1,482752,0,0,0,0,0,0,0,0,0,0
1,1,482753,0,0,0,0,0,0,0,0,0,0
2,1,482753,0,0,0,0,0,0,0,0,0,21
0,1,482754,48,48,48,48,48,48,48,48,48,48
1,1,482754,0,0,0,0,0,0,0,0,0,3
1,1,482755,0,0,0,0,0,0,0,0,0,0
1,1,482756,8,0,8,0,0,0,19,14,14,0
0,1,482757,1,1,1,1,1,1,1,1,1,1
1,1,482757,0,0,0,0,0,0,0,0,0,0
0,1,482758,0,0,0,0,0,21,19,19,0,0
1,1,482758,0,0,0,0,0,0,0,0,0,0
1,1,482759,0,0,0,0,0,0,0,0,0,0
2,1,482759,0,0,0,0,0,0,0,13,0,0
3,1,482759,0,11,0,0,0,0,0,0,0,0
4,1,482759,0,0,0,0,0,0,0,0,0,0
1,1,482760,0,0,0,0,0,0,0,0,0,0
2,1,482760,15,15,15,15,15,15,15,15,15,15
1,1,482761,13,13,13,13,13,13,13,13,13,13
2,1,482761,0,0,0,0,20,18,0,0,0,0
1,1,482762,29,0,14,0,8,0,0,12,0,0
0,1,482763,0,0,0,0,0,0,0,0,0,0
1,1,482763,0,0,0,0,0,0,0,0,0,0
1,1,482764,0,0,0,0,0,0,0,0,0,0
1,1,482765,0,0,29,34,0,4,0,37,8,0
1,1,482766,17,11,34,33,35,41,26,17,29,22
1,1,482767,0,0,0,0,0,0,0,0,0,8
2,1,482767,0,0,0,0,0,0,0,0,0,0
1,1,482768,19,19,19,19,19,19,19,19,19,19
2,1,482768,0,0,0,0,0,0,0,0,0,0
1,1,482769,14,14,14,14,14,14,14,14,14,14
1,1,482770,0,0,0,9,0,0,0,0,0,0
2,1,482770,0,0,0,0,0,0,31,0,0,0
1,1,482771,13,13,13,13,13,13,13,13,13,13
0,1,482772,0,0,0,0,11,0,0,0,0,0
1,1,482772,3,12,10,0,16,11,7,12,11,6
1,1,482773,1,1,1,1,1,1,1,1,1,1
1,1,482774,0,0,0,0,0,0,0,0,0,0
2,1,482774,8,0,0,0,0,0,17,0,0,0
3,1,482774,0,19,17,9,0,12,0,14,12,9
0,1,482775,0,0,21,0,33,6,0,14,30,0
1,1,482775,0,0,0,0,0,0,0,0,0,0
1,1,482776,32,32,32,32,32,32,32,32,32,32
1,1,482777,0,0,0,0,0,0,0,0,0,0
2,1,482777,0,0,0,0,0,0,0,0,0,0
3,1,482777,0,0,0,0,0,0,0,0,0,0
1,1,482778,0,2,0,0,14,0,22,0,22,7
1,1,482779,0,0,0,0,0,0,0,0,0,0
2,1,482779,0,0,0,0,0,6,0,0,0,0
1,1,482780,19,0,0,0,18,0,0,12,0,0
1,1,482781,26,26,26,26,26,26,26,26,26,26
2,1,482781,7,5,0,0,0,0,0,10,19,17
1,1,482782,0,0,0,0,0,23,0,18,0,19
1,1,482783,0,0,2,0,0,0,19,12,0,16
2,1,482783,0,0,0,0,0,0,0,0,0,0
0,1,482784,0,0,0,21,0,0,0,0,0,0
0,2,482784,0,0,0,0,19,0,0,0,0,18
3,1,482784,0,0,0,0,0,0,0,0,0,0
4,1,482784,0,0,0,0,0,0,0,0,0,0
5,1,482784,0,0,0,0,0,0,0,0,0,0
6,1,482784,0,0,0,0,0,0,0,0,0,0
1,1,482785,17,0,0,0,0,8,0,0,0,0
2,1,482785,0,0,0,0,0,0,0,0,0,0
0,1,482786,18,18,18,18,18,18,18,18,18,18
1,1,482786,20,0,0,9,0,0,0,0,15,18
1,1,482787,13,13,13,13,13,13,13,13,13,13
1,1,482788,0,0,15,0,0,20,0,0,0,0
1,1,482789,0,0,0,0,0,0,0,0,10,0
2,1,482789,27,27,27,27,27,27,27,27,27,27
1,1,482790,22,22,22,22,22,22,22,22,22,22
2,1,482790,0,0,0,0,0,11,0,0,0,0
1,1,482791,37,37,37,37,37,37,37,37,37,37
1,1,482792,0,0,0,19,13,0,12,0,0,0
1,1,482793,26,16,0,28,13,10,8,18,10,9
2,1,482793,0,0,0,0,0,0,5,0,0,0
3,1,482793,13,0,10,6,7,22,0,0,0,0
1,1,482794,0,0,0,0,0,0,0,0,0,0
2,1,482794,15,0,0,0,0,0,0,0,0,0
3,1,482794,0,0,0,0,12,0,0,0,0,0
1,1,482795,0,0,0,0,9,18,0,11,0,0
2,1,482795,11,11,11,11,11,11,11,11,11,11
3,1,482795,0,0,0,0,0,0,0,0,0,0
1,1,482796,0,0,0,0,0,0,0,0,0,0
2,1,482796,0,0,0,0,0,0,0,0,0,0
1,1,482797,19,19,19,19,19,19,19,19,19,19
2,1,482797,0,0,0,0,0,0,0,0,0,0
1,1,482798,0,0,0,0,0,0,0,0,0,7
2,1,482798,6,6,6,6,6,6,6,6,6,6
1,1,482799,0,20,0,0,0,0,0,18,0,0
2,1,482799,0,13,0,0,0,0,18,0,0,0
1,1,482800,0,0,0,0,0,0,0,0,0,0
2,1,482800,0,0,0,0,0,0,0,0,0,0
1,1,482801,0,0,25,0,0,0,0,0,0,0
2,1,482801,0,0,0,0,0,0,0,0,0,0
1,1,482802,13,4,0,0,0,16,23,14,13,0
1,1,482803,0,0,0,8,0,0,0,0,0,0
2,1,482803,0,0,0,0,0,0,0,0,0,0
0,1,482804,29,0,0,0,0,0,9,0,0,5
1,1,482804,0,0,0,0,0,0,0,0,0,0
1,1,482805,0,0,0,0,0,0,0,0,0,0
2,1,482805,0,0,0,0,0,0,0,0,0,0
1,1,482806,0,0,0,0,0,0,0,0,0,5
2,1,482806,0,0,0,0,0,0,0,0,0,0
1,1,482807,0,0,0,0,0,0,12,11,0,26
2,1,482807,0,0,0,0,0,0,0,0,0,0
1,1,482808,6,22,26,8,18,20,14,25,15,0
1,1,482809,0,0,0,0,0,0,0,0,0,0
2,1,482809,0,0,0,0,0,0,0,0,0,0
1,1,482810,14,14,14,14,14,14,14,14,14,14
0,1,482811,20,20,20,20,20,20,20,20,20,20
1,1,482811,0,0,0,16,0,0,0,0,0,0
1,1,482812,21,21,21,21,21,21,21,21,21,21
1,1,482813,0,0,0,0,0,0,0,0,0,0
1,1,482814,18,18,18,18,18,18,18,18,18,18
1,1,482815,0,0,0,0,0,12,0,0,0,0
2,1,482815,0,0,0,0,0,0,0,0,0,0
0,1,482816,0,26,33,9,0,8,12,0,0,14
1,1,482816,25,13,8,6,14,0,22,21,22,22
0,1,482817,0,0,0,0,0,0,0,0,0,0
1,1,482817,0,0,0,0,0,0,0,0,0,0
1,1,482818,0,0,0,0,0,0,0,0,0,0
2,1,482818,0,0,0,0,0,0,0,0,0,0
1,1,482819,77,77,77,77,77,77,77,77,77,77
2,1,482819,0,0,0,11,25,18,0,0,8,0
1,1,482820,0,0,0,0,0,0,0,0,0,0
1,1,482821,32,31,21,17,10,32,16,33,24,7
2,1,482821,0,0,0,0,0,0,0,0,0,0
1,1,482822,13,13,13,13,13,13,13,13,13,13
2,1,482822,0,0,0,18,0,0,0,0,0,0
0,1,482823,2,2,2,2,2,2,2,2,2,2
1,1,482823,7,7,7,7,7,7,7,7,7,7
1,1,482824,0,7,0,0,0,16,0,0,0,0
2,1,482824,10,0,0,19,0,20,0,0,0,0
0,1,482825,33,33,33,33,33,33,33,33,33,33
1,1,482825,0,0,0,0,0,0,0,18,0,3
1,1,482826,0,0,0,0,0,0,0,0,0,0
2,1,482826,0,0,0,23,8,0,0,0,0,0
3,1,482826,0,0,0,0,0,0,0,0,0,0
0,1,482827,14,23,27,7,20,10,0,0,21,0
1,1,482827,0,0,0,0,0,0,0,0,0,0
1,1,482828,15,15,15,15,15,15,15,15,15,15
2,1,482828,0,0,0,0,0,0,0,0,0,0
1,1,482829,0,0,0,0,0,0,0,0,0,0
1,1,482830,0,0,0,0,0,0,0,0,0,0
2,1,482830,0,0,0,0,0,0,0,0,0,0
3,1,482830,0,0,0,0,0,0,0,0,0,0
1,1,482831,24,24,24,24,24,24,24,24,24,24
2,1,482831,7,15,20,7,0,0,0,15,5,0
1,1,482832,0,0,0,0,0,0,0,0,0,0
2,1,482832,0,0,0,0,0,0,0,0,0,0
1,1,482833,0,0,0,0,0,0,0,0,0,0
2,1,482833,0,0,0,0,4,0,0,0,0,0
3,1,482833,0,0,0,0,0,0,0,0,0,0
1,1,482834,23,23,23,23,23,23,23,23,23,23
0,1,482835,0,0,0,0,0,0,0,0,0,0
1,1,482835,0,0,7,0,0,0,0,0,0,0
1,1,482836,0,0,0,0,0,0,0,0,0,0
0,1,482837,0,0,0,0,0,0,0,0,0,0
1,1,482837,0,0,0,0,0,0,0,0,0,0
0,1,482838,0,0,0,4,0,0,38,0,0,44
1,1,482838,6,0,0,3,9,8,0,0,4,0
1,1,482839,0,8,0,0,9,16,0,0,0,0
2,1,482839,0,0,0,0,0,0,0,0,0,0
1,1,482840,0,0,0,0,0,0,0,0,0,0
2,1,482840,0,0,0,0,0,0,0,0,0,0
0,1,482841,0,0,0,0,0,0,0,0,0,0
1,1,482841,0,0,0,0,0,0,0,0,0,0
1,1,482842,18,18,18,18,18,18,18,18,18,18
1,1,482843,30,15,0,24,11,21,0,20,14,16
1,1,482844,0,0,0,15,0,0,0,0,5,21
1,1,482845,26,0,0,14,0,26,14,0,26,14
1,1,482846,0,0,0,0,26,16,19,0,5,0
2,1,482846,11,0,0,0,0,0,0,23,0,15
1,1,482847,11,35,11,13,12,8,8,20,20,7
2,1,482847,0,0,0,0,0,11,0,0,0,0
1,1,482848,24,24,24,24,24,24,24,24,24,24
2,1,482848,8,8,8,8,8,8,8,8,8,8
1,1,482849,0,0,0,0,0,0,0,0,0,0
1,1,482850,31,31,31,31,31,31,31,31,31,31
0,1,482851,24,24,24,24,24,24,24,24,24,24
1,1,482851,0,0,0,0,0,0,0,0,0,0
1,1,482852,0,0,0,0,0,0,0,0,0,2
2,1,482852,0,0,0,0,0,0,0,0,0,0
1,1,482854,8,0,0,0,0,24,19,17,0,22
2,1,482854,0,5,9,12,0,0,11,2,2,0
1,1,482855,0,0,0,24,22,0,0,10,0,0
0,1,482856,0,0,0,0,0,0,0,0,0,0
1,1,482856,19,0,0,15,0,0,0,0,0,0
1,1,482857,0,0,0,13,28,0,0,0,0,0
2,1,482857,0,0,0,0,0,0,0,0,0,0
3,1,482857,0,0,0,0,17,8,16,0,0,0
1,1,482858,0,0,0,0,0,0,0,0,0,0
2,1,482858,17,17,17,17,17,17,17,17,17,17
0,1,482859,4,4,4,4,4,4,4,4,4,4
1,1,482859,0,10,0,0,0,20,0,25,10,0
1,1,482860,0,0,0,0,0,0,0,0,0,0
2,1,482860,0,0,0,0,10,0,23,0,0,5
1,1,482861,12,15,9,12,10,13,22,13,5,9
2,1,482861,0,0,0,0,0,0,0,0,0,0
3,1,482861,0,0,0,0,0,0,0,0,0,0
4,1,482861,0,0,0,0,5,0,5,0,15,17
5,1,482861,0,0,11,0,10,0,0,0,0,0
1,1,482862,0,0,0,0,0,0,0,0,0,0
2,1,482862,0,0,0,0,0,0,0,17,0,0
1,1,482863,0,0,0,0,0,0,0,0,0,0
2,1,482863,0,0,0,0,5,0,0,20,0,0
1,1,482864,0,0,16,0,0,0,0,0,0,0
1,1,482865,0,0,0,0,0,0,0,0,0,0
2,1,482865,0,0,0,0,0,0,7,0,0,0
1,1,482866,0,0,0,0,0,0,0,0,0,0
2,1,482866,0,0,0,0,0,0,0,0,0,0
1,1,482867,0,0,0,0,0,0,0,0,0,0
2,1,482867,0,0,0,0,2,0,0,0,0,0
0,1,482868,0,10,12,7,8,0,0,0,0,0
1,1,482868,0,0,0,0,0,0,0,11,7,6
2,1,482868,9,7,7,8,10,3,3,5,9,3
0,1,482869,0,0,0,0,0,0,0,0,0,0
1,1,482869,0,0,0,0,0,0,0,0,0,0
1,1,482870,7,0,0,0,0,0,23,19,0,0
1,1,482871,0,0,0,0,0,0,0,0,0,0
0,1,482872,0,0,0,0,0,0,0,0,0,0
1,1,482872,0,0,18,0,0,0,0,0,0,0
1,1,482873,0,11,20,18,15,0,13,0,0,0
1,1,482874,13,0,6,29,12,17,23,0,18,0
1,1,482875,18,18,18,18,18,18,18,18,18,18
0,1,482876,0,0,0,0,0,0,0,0,0,0
0,2,482876,0,0,0,0,0,0,0,0,0,0
1,1,482876,0,0,0,0,0,0,0,0,0,0
1,1,482877,0,0,0,0,0,0,0,0,0,0
1,1,482878,0,0,0,0,0,0,0,0,0,0
1,1,482879,25,10,11,13,5,15,15,17,36,15
2,1,482879,0,0,0,0,0,0,0,0,0,0
0,1,482880,0,0,0,0,0,0,0,0,0,9
1,1,482880,0,0,0,0,0,0,0,0,0,0
1,1,482881,0,0,0,0,0,0,0,0,0,0
2,1,482881,0,0,0,0,0,0,0,7,0,0
1,1,482882,0,0,0,0,0,0,23,0,0,0
0,1,482883,19,19,19,19,19,19,19,19,19,19
1,1,482883,0,0,0,0,0,0,0,0,0,0
0,1,482884,0,0,0,0,0,0,0,0,0,0
1,1,482884,0,0,0,4,0,0,0,0,0,0
2,1,482884,0,0,0,0,0,0,0,0,0,0
1,1,482885,27,27,27,27,27,27,27,27,27,27
1,1,482886,0,0,0,0,0,0,0,0,0,0
2,1,482886,0,0,0,0,0,0,0,0,0,0
1,1,482887,0,0,0,0,0,0,0,0,0,0
2,1,482887,0,0,0,0,0,0,0,0,0,0
3,1,482887,0,0,10,0,0,0,0,0,0,0
1,1,482888,12,0,4,15,20,0,4,0,0,11
2,1,482888,0,0,0,0,0,0,0,0,0,0
1,1,482889,0,0,0,0,0,0,0,0,0,0
2,1,482889,0,0,0,0,0,0,0,0,0,0
1,1,482890,0,0,0,0,0,0,0,0,0,0
2,1,482890,0,27,0,0,11,0,0,8,0,5
1,1,482891,0,0,0,0,0,11,0,10,0,0
2,1,482891,25,25,25,25,25,25,25,25,25,25
1,1,482892,6,8,0,0,8,0,30,21,19,21
1,1,482893,20,16,0,0,12,12,23,23,0,20
1,1,482894,15,15,15,15,15,15,15,15,15,15
2,1,482894,0,0,0,0,0,0,0,0,0,0
0,1,482895,0,18,0,0,0,0,0,0,0,0