VEH_NO,PER_NO,ST_CASE,P1,P2,P3,P4,P5,P6,P7,P8,P9,P10
1,1,490022,0,0,0,0,0,0,0,0,0,0
1,1,490023,0,0,0,0,0,0,0,0,0,0
1,1,490024,0,0,0,0,0,0,0,0,0,0
2,1,490024,0,0,0,0,0,0,0,0,0,0
1,1,490025,0,0,0,0,0,0,0,0,0,0
2,1,490025,0,0,26,0,0,0,0,0,0,0
1,1,490026,0,0,0,0,0,0,0,0,0,0
1,1,490027,0,0,0,0,0,0,0,0,0,0
1,1,490028,0,0,0,0,0,0,0,0,0,0
2,1,490028,0,0,0,0,0,0,0,0,0,0
1,1,490029,0,0,0,0,0,16,0,0,0,0
2,1,490029,0,0,0,0,0,0,11,0,0,0
1,1,490030,0,0,0,0,0,0,0,0,0,0
1,1,490031,0,0,0,13,0,0,0,30,0,0
1,1,490032,0,0,0,0,0,0,0,0,0,0
2,1,490032,0,0,0,0,0,0,0,0,0,0
3,1,490032,0,0,0,0,0,0,0,0,0,0
4,1,490032,0,0,0,0,0,0,0,0,0,0
1,1,490033,0,0,0,0,0,0,0,0,0,0
2,1,490033,0,0,0,0,0,0,0,0,0,0
1,1,490034,22,22,22,22,22,22,22,22,22,22
1,1,490035,0,0,0,16,16,0,0,0,0,10
1,1,490036,0,0,0,0,0,0,0,0,0,0
1,1,490037,13,13,13,13,13,13,13,13,13,13
1,1,490038,0,0,0,0,0,0,0,0,0,0
2,1,490038,3,0,0,12,0,0,0,0,0,0
1,1,490039,0,0,0,0,0,0,0,0,0,0
1,1,490040,0,0,0,0,0,0,0,0,0,0
1,1,490041,0,0,0,0,0,0,0,0,0,0
2,1,490041,0,0,0,0,0,0,0,0,0,0
1,1,490042,0,0,0,0,0,0,0,0,0,0
2,1,490042,0,0,0,0,0,0,0,0,0,0
0,1,490043,0,0,0,0,0,0,0,0,0,0
1,1,490043,0,0,0,0,0,0,0,0,0,0
1,1,490044,0,0,0,0,0,0,0,0,0,0
1,1,490045,0,0,0,0,0,0,0,0,0,0
2,1,490045,0,0,0,0,0,0,0,0,0,0
1,1,490046,0,0,0,0,0,0,0,0,0,0
2,1,490046,6,5,0,0,0,0,0,0,0,0
1,1,490047,0,0,0,0,0,0,0,0,0,0
1,1,490048,0,0,0,0,0,0,0,0,0,0
2,1,490048,0,0,0,0,0,0,0,0,0,0
1,1,490049,0,0,0,0,0,0,0,0,0,0
1,1,490050,0,0,0,0,0,0,0,0,0,0
0,1,490051,0,0,0,0,0,0,0,0,0,0
1,1,490051,0,0,0,0,0,0,0,0,0,0
1,1,490052,0,0,0,0,0,0,0,0,0,0
1,1,490053,0,0,0,0,0,0,0,0,0,0
2,1,490053,0,0,0,0,0,0,0,0,0,0
1,1,490054,22,22,22,22,22,22,22,22,22,22
1,1,490055,7,7,7,7,7,7,7,7,7,7
1,1,490056,0,0,0,0,0,0,0,0,0,0
0,1,490057,17,0,0,0,0,0,0,0,0,16
1,1,490057,0,0,0,0,0,0,0,0,0,0
2,1,490057,0,0,0,0,0,0,0,0,0,0
0,1,490058,0,8,0,27,0,0,0,29,18,14
1,1,490058,0,0,0,0,0,0,0,0,15,0
0,1,490059,0,0,0,0,9,0,15,0,23,16
1,1,490059,0,0,0,0,0,0,0,0,0,0
1,1,490060,9,0,24,0,0,24,0,0,0,0
1,1,490061,0,0,0,0,0,0,0,0,0,3
2,1,490061,0,0,0,0,0,0,0,0,0,0
1,1,490062,0,0,0,0,0,0,18,0,0,0
2,1,490062,0,0,0,0,0,0,0,0,0,0
1,1,490063,0,0,0,0,0,0,0,0,0,0
1,1,490064,7,0,10,10,0,13,0,0,0,0
1,1,490065,0,0,0,0,0,0,0,0,0,0
2,1,490065,0,0,0,0,0,0,0,0,0,21
0,1,490066,0,0,0,0,0,0,0,0,0,0
1,1,490066,0,0,0,0,0,0,0,0,0,0
1,1,490067,22,22,22,22,22,22,22,22,22,22
2,1,490067,0,0,0,0,0,0,0,0,0,0
1,1,490068,22,22,22,22,22,22,22,22,22,22
1,1,490069,24,24,24,24,24,24,24,24,24,24
2,1,490069,0,0,0,0,6,0,0,0,0,0
1,1,490070,0,0,0,0,0,0,0,0,0,0
2,1,490070,0,0,0,0,0,0,0,9,0,0
1,1,490071,0,0,31,0,0,14,0,0,0,0
1,1,490072,0,0,0,0,0,0,0,9,0,0
1,1,490073,0,0,0,0,0,0,0,0,0,0
2,1,490073,0,0,0,0,0,0,0,0,0,0
1,1,490074,0,0,0,0,0,0,0,0,0,0
0,1,490075,0,0,0,0,0,0,0,0,0,21
1,1,490075,0,0,0,0,0,0,0,0,0,0
2,1,490075,0,0,0,0,0,0,0,20,0,0
0,1,490076,0,0,0,0,0,0,0,0,0,0
0,2,490076,0,15,0,0,0,0,0,0,0,0
1,1,490076,0,0,0,0,0,0,0,0,0,0
1,1,490077,0,0,0,0,0,0,0,0,0,0
2,1,490077,0,0,0,0,0,0,0,12,0,0
1,1,490078,0,0,0,0,0,0,0,0,0,0
2,1,490078,0,0,0,0,0,0,0,0,0,0
1,1,490079,0,0,0,0,0,0,0,0,0,0
2,1,490079,0,0,0,0,0,0,0,0,0,0
1,1,490080,0,0,0,0,0,0,0,0,0,0
2,1,490080,0,0,0,0,0,11,0,0,0,0
3,1,490080,0,0,0,0,0,0,0,0,0,0
1,1,490081,0,4,0,0,0,0,0,0,0,0
2,1,490081,0,0,0,0,0,0,0,0,0,0
1,1,490082,16,16,16,16,16,16,16,16,16,16
1,1,490083,9,9,9,9,9,9,9,9,9,9
1,1,490084,7,7,7,7,7,7,7,7,7,7
1,1,490085,0,0,0,0,0,0,0,0,0,0
0,1,490086,0,0,0,13,0,0,0,0,0,0
1,1,490086,0,0,0,0,0,0,0,0,0,0
0,1,490087,0,0,0,0,0,0,0,0,0,0
1,1,490087,0,0,0,0,0,0,0,0,0,0
1,1,490088,0,0,0,0,0,0,0,0,0,0
2,1,490088,0,0,0,0,0,0,0,0,0,0
1,1,490089,0,0,0,0,0,0,0,0,0,0
2,1,490089,0,0,0,0,0,0,0,0,0,0
1,1,490090,29,29,29,29,29,29,29,29,29,29
0,1,490091,0,0,8,20,0,20,0,0,0,0
1,1,490091,0,0,0,0,0,0,23,0,0,28
2,1,490091,3,3,0,0,0,0,0,0,0,22
1,1,490092,0,0,0,0,0,0,0,0,0,0
1,1,490093,0,0,0,0,0,0,0,0,0,0
1,1,490094,0,0,0,0,0,0,0,3,0,0
1,1,490095,0,0,0,0,0,0,0,0,0,0
2,1,490095,0,0,0,0,0,0,0,0,0,0
1,1,490096,14,14,14,14,14,14,14,14,14,14
2,1,490096,12,0,0,0,0,0,0,0,0,0
1,1,490097,0,0,0,0,0,0,0,0,0,0
2,1,490097,0,0,0,9,0,0,0,0,0,0
1,1,490098,0,0,0,0,0,0,0,7,0,0
1,1,490099,0,0,0,17,0,0,0,0,0,0
1,1,490100,21,21,21,21,21,21,21,21,21,21
1,1,490101,0,0,0,0,0,0,0,0,0,0
2,1,490101,0,0,0,0,0,0,0,0,0,0
1,1,490102,0,0,0,0,0,0,0,0,0,0
1,1,490103,0,0,0,0,0,0,0,0,0,0
2,1,490103,0,0,0,0,0,0,0,0,0,0
1,1,490104,23,8,0,0,0,0,0,0,0,0
1,1,490105,0,0,0,0,0,0,0,30,0,0
2,1,490105,0,0,0,0,0,0,0,0,0,0
1,1,490106,0,0,0,0,0,0,0,0,0,0
2,1,490106,0,0,0,0,0,0,0,0,0,0
1,1,490107,5,5,5,5,5,5,5,5,5,5
1,1,490108,7,7,7,7,7,7,7,7,7,7
1,1,490109,0,0,0,0,0,0,0,0,0,0
2,1,490109,0,6,0,0,0,7,0,4,0,0
3,1,490109,0,0,0,17,0,0,0,0,0,0
1,1,490110,0,2,18,0,0,0,0,0,21,14
1,1,490111,0,0,0,0,0,0,0,0,0,0
1,1,490112,0,0,0,0,0,0,0,0,0,0
1,1,490113,0,0,0,0,17,0,0,0,0,0
1,1,490114,17,17,17,17,17,17,17,17,17,17
2,1,490114,0,0,0,0,0,0,0,0,0,0
1,1,490115,0,3,0,9,0,0,0,0,0,0
1,1,490116,0,0,0,0,0,0,0,0,0,0
2,1,490116,17,0,0,0,0,0,0,0,0,0
1,1,490117,0,0,0,0,0,0,0,0,0,0
1,1,490118,0,0,0,0,0,0,0,0,0,0
1,1,490119,0,0,0,0,0,0,0,0,0,0
2,1,490119,0,0,0,0,0,0,0,0,0,0
1,1,490120,0,0,0,0,0,0,0,0,0,0
2,1,490120,0,0,0,0,0,0,0,0,0,0
1,1,490121,18,18,18,18,18,18,18,18,18,18
2,1,490121,0,0,0,0,0,0,0,0,0,0
3,1,490121,0,0,0,0,0,0,0,0,0,0
1,1,490122,14,14,14,14,14,14,14,14,14,14
1,1,490123,0,0,0,0,0,0,0,0,0,0
2,1,490123,0,0,0,0,0,0,0,0,0,0
3,1,490123,0,0,0,0,0,0,0,0,0,0
1,1,490124,0,0,0,0,0,0,0,0,0,0
2,1,490124,0,0,0,0,0,0,0,0,0,0
1,1,490125,0,0,0,0,0,0,0,0,20,0
1,1,490126,0,0,0,0,0,0,0,0,0,0
2,1,490126,0,0,0,0,0,0,0,0,0,0
1,1,490127,0,0,0,0,0,0,0,0,0,0
2,1,490127,0,0,0,0,0,0,0,0,0,0
1,1,490128,0,0,0,0,0,0,0,0,0,0
2,1,490128,0,0,0,0,0,0,0,0,0,0
1,1,490129,0,0,0,0,0,0,0,0,0,0
2,1,490129,0,0,0,0,0,0,0,0,0,0
0,1,490130,0,0,0,0,0,0,0,0,0,0
1,1,490130,0,0,0,0,0,0,0,0,0,0
1,1,490131,12,0,0,0,0,0,0,0,0,0
2,1,490131,0,0,0,0,0,0,0,0,0,0
1,1,490132,0,0,0,0,0,0,0,0,0,0
1,1,490133,0,0,0,0,0,0,0,0,0,0
0,1,490134,0,0,0,0,0,0,0,0,0,0
1,1,490134,0,0,0,0,0,0,0,0,0,0
1,1,490135,0,0,0,0,0,0,0,0,0,0
1,1,490136,13,13,13,13,13,13,13,13,13,13
1,1,490137,0,0,0,0,0,0,0,0,0,0
2,1,490137,0,0,0,0,0,0,0,0,0,0
1,1,490138,0,0,0,0,0,0,0,0,0,0
2,1,490138,0,0,0,0,0,0,0,0,0,0
1,1,490139,0,21,0,18,0,0,0,0,0,0
1,1,490140,12,12,12,12,12,12,12,12,12,12
1,1,490141,0,0,0,0,0,0,0,0,0,0
1,1,490142,0,0,0,0,0,0,0,0,0,0
2,1,490142,0,0,0,0,0,0,0,0,0,0
3,1,490142,0,0,0,0,0,0,0,0,0,0
1,1,490143,21,21,21,21,21,21,21,21,21,21
1,1,490144,0,0,0,0,0,0,0,0,0,0
1,1,490145,0,0,0,0,0,0,0,0,0,0
2,1,490145,0,0,0,0,0,0,0,0,0,0
1,1,490146,21,43,22,19,0,20,22,14,28,14
1,1,490147,0,0,0,0,0,0,0,0,0,0
2,1,490147,0,0,0,0,0,0,0,0,0,0
0,1,490148,0,0,0,0,0,0,0,0,0,0
1,1,490148,0,0,0,0,0,0,0,0,0,0
1,1,490149,0,0,0,0,0,0,0,0,0,0
1,1,490150,0,0,0,0,0,0,0,0,0,0
2,1,490150,0,0,0,0,0,0,0,0,0,0
1,1,490151,0,0,0,0,0,0,0,0,0,0
1,1,490152,0,0,13,0,0,0,0,0,0,0
2,1,490152,0,0,0,0,0,0,0,0,0,0
1,1,490153,0,0,0,0,0,0,0,0,0,0
1,1,490154,0,0,0,0,0,0,0,0,0,0
2,1,490154,0,0,0,0,0,0,0,0,0,0
1,1,490155,27,27,27,27,27,27,27,27,27,27
1,1,490156,0,0,0,0,0,0,0,0,0,0
1,1,490157,0,0,0,0,0,0,0,0,0,0
1,1,490158,9,9,9,9,9,9,9,9,9,9
1,1,490159,14,14,14,14,14,14,14,14,14,14
1,1,490160,0,0,0,0,0,0,0,0,0,0
1,1,490161,0,0,0,0,0,0,0,0,0,0
2,1,490161,0,0,0,0,0,0,0,0,0,0
3,1,490161,0,0,0,0,0,0,0,0,0,0
1,1,490162,14,0,13,0,0,0,0,0,0,0
1,1,490163,0,0,0,0,0,0,9,0,0,0
2,1,490163,0,0,0,0,0,0,0,0,0,0
1,1,490164,0,0,0,0,0,0,0,0,0,0
1,1,490165,0,0,0,0,0,0,0,0,0,0
1,1,490166,0,0,0,0,0,0,0,0,0,10
2,1,490166,0,0,0,0,0,0,0,0,0,0
0,1,490167,0,0,0,0,0,0,0,0,0,0
1,1,490167,0,0,0,0,0,0,0,0,0,0
1,1,490168,13,0,14,0,0,3,0,0,0,0
1,1,490169,0,0,0,0,0,0,0,0,0,0
1,1,490170,0,0,0,0,0,0,0,5,0,0
1,1,490171,0,0,0,0,0,0,0,0,0,0
1,1,490172,12,12,12,12,12,12,12,12,12,12
1,1,490173,0,0,0,0,0,0,0,0,0,0
1,1,490174,0,0,0,0,0,0,0,0,0,0
0,1,490175,18,18,18,18,18,18,18,18,18,18
1,1,490175,0,0,0,0,0,0,0,0,0,0
1,1,490176,20,20,20,20,20,20,20,20,20,20
2,1,490176,0,0,0,0,0,0,0,0,0,0
1,1,490177,0,0,0,8,0,0,17,0,0,0
2,1,490177,0,0,0,0,0,0,0,0,0,0
1,1,490178,0,0,0,0,0,0,0,0,0,0
1,1,490179,0,0,0,0,0,0,0,0,0,0
2,1,490179,0,0,0,0,0,0,0,0,0,0
1,1,490180,0,0,0,0,0,0,0,0,0,0
2,1,490180,0,0,0,0,0,0,0,0,0,0
0,1,490181,0,0,0,0,0,0,0,0,0,0
1,1,490181,0,0,0,0,0,0,0,0,0,0
1,1,490182,0,0,0,0,0,0,0,0,0,0
1,1,490183,13,13,13,13,13,13,13,13,13,13
1,1,490184,17,17,17,17,17,17,17,17,17,17
1,1,490185,17,17,17,17,17,17,17,17,17,17
1,1,490186,0,0,0,0,0,0,0,2,0,5
1,1,490187,0,0,0,0,0,0,0,0,0,0
2,1,490187,0,0,21,0,0,0,0,0,0,12
0,1,490188,0,0,0,0,0,0,0,0,0,0
1,1,490188,36,36,36,36,36,36,36,36,36,36
1,1,490189,0,0,0,0,0,0,0,0,0,0
2,1,490189,0,0,0,0,0,0,0,0,0,0
1,1,490190,4,4,4,4,4,4,4,4,4,4
1,1,490191,0,0,0,0,0,0,0,0,0,0
2,1,490191,0,0,9,0,0,0,0,0,0,0
1,1,490192,0,0,0,0,0,0,0,0,0,0
0,1,490193,0,23,0,0,0,0,17,0,10,0
1,1,490193,0,0,0,0,0,0,0,0,0,0
1,1,490194,0,0,0,0,0,0,0,0,0,0
2,1,490194,0,0,0,0,0,0,0,0,0,0
1,1,490195,11,0,0,0,0,0,12,0,0,0
1,1,490196,0,0,0,0,0,0,0,0,0,0
1,1,490197,0,0,0,0,0,0,0,0,0,0
2,1,490197,0,0,0,0,0,0,0,0,0,0
1,1,490200,0,0,0,0,0,0,0,0,0,0
1,1,490201,13,13,13,13,13,13,13,13,13,13
1,1,490202,9,9,9,9,9,9,9,9,9,9
1,1,490203,16,16,16,16,16,16,16,16,16,16
1,1,490204,0,0,0,0,0,0,0,0,0,0
0,1,490205,0,17,0,0,0,0,0,0,0,0
1,1,490205,0,0,0,0,0,0,0,0,0,0
1,1,490206,0,0,0,0,0,0,0,0,0,0
1,1,490207,9,9,9,9,9,9,9,9,9,9
1,1,490208,19,19,19,19,19,19,19,19,19,19
0,1,490209,0,0,0,0,0,0,0,18,25,23
1,1,490209,0,0,0,0,0,0,0,0,0,0
1,1,490210,0,0,0,0,0,0,0,0,0,0
2,1,490210,0,0,9,0,0,0,0,0,0,0
1,1,490211,0,0,0,0,0,0,0,0,0,0
2,1,490211,0,0,0,0,0,0,0,0,0,0
3,1,490211,0,0,0,0,0,0,0,0,0,0
4,1,490211,0,0,0,0,0,0,0,0,0,0
5,1,490211,0,0,0,0,0,0,0,0,0,0
6,1,490211,0,0,0,0,0,0,0,0,0,0
1,1,490212,0,0,0,10,0,0,0,0,0,0
2,1,490212,0,0,0,0,0,0,0,0,0,0
1,1,490213,0,0,0,0,0,0,0,19,0,0
2,1,490213,0,0,0,0,0,0,0,0,0,0
1,1,490214,0,0,8,12,0,0,0,0,0,8
1,1,490215,0,0,0,0,0,0,0,0,0,0
2,1,490215,0,0,0,0,0,0,0,0,0,0
1,1,490216,0,0,0,0,0,0,0,0,0,0
2,1,490216,0,0,0,0,0,0,0,0,0,0
0,1,490217,0,0,0,0,0,0,0,0,0,12
1,1,490217,0,0,7,0,0,0,5,0,6,0
1,1,490218,8,0,0,0,0,0,0,0,9,0
2,1,490218,0,0,0,0,0,0,0,0,0,0
1,1,490219,0,0,0,0,0,0,0,0,0,0
1,1,490220,0,0,0,0,0,21,0,0,0,0
2,1,490220,0,0,0,0,0,0,0,0,0,0
1,1,490221,4,4,4,4,4,4,4,4,4,4
1,1,490222,12,12,12,12,12,12,12,12,12,12
1,1,490223,0,0,17,0,18,6,0,0,0,0
1,1,490224,20,20,20,20,20,20,20,20,20,20
1,1,490225,0,0,0,0,0,0,0,0,0,0
1,1,490226,0,0,0,0,0,0,0,0,0,0
2,1,490226,0,0,0,0,0,0,0,0,0,0
1,1,490227,0,0,0,0,0,0,0,0,0,0
1,1,490228,0,0,0,0,0,0,0,0,0,0
2,1,490228,0,0,0,0,0,0,0,0,0,0
3,1,490228,0,0,0,0,0,0,0,0,0,0
1,1,490229,29,29,29,29,29,29,29,29,29,29
2,1,490229,0,0,0,0,0,21,0,0,0,0
1,1,490230,0,0,0,0,4,0,0,0,0,0
2,1,490230,0,0,0,0,0,0,0,0,0,8
0,1,490231,0,0,0,9,0,0,0,0,0,0
1,1,490231,0,0,0,0,0,0,0,0,0,0
1,1,490232,18,0,0,0,0,14,15,0,13,0
2,1,490232,0,0,0,0,0,0,0,0,0,0
0,1,490233,0,0,0,0,0,0,0,0,0,0
1,1,490233,0,0,0,0,0,0,0,0,0,0
0,1,490234,0,13,0,0,0,0,0,0,0,0
1,1,490234,12,0,0,0,0,0,0,0,0,0
0,1,490235,0,0,0,0,0,0,0,0,0,0
1,1,490235,0,0,0,0,0,0,0,0,0,0
1,1,490236,0,0,0,0,0,0,0,0,0,0
1,1,490237,0,0,0,0,0,0,0,0,0,0
1,1,490238,0,0,0,0,0,0,0,0,0,0
2,1,490238,0,0,0,0,0,0,0,0,0,0
0,1,490239,0,0,0,0,0,0,0,0,0,0
1,1,490239,0,0,0,0,0,0,0,0,0,0
0,1,490240,13,13,13,13,13,13,13,13,13,13
1,1,490240,0,0,0,0,0,0,0,0,0,0
0,1,490241,0,0,0,0,0,0,0,0,0,0
1,1,490241,0,0,0,0,0,0,0,0,0,0
0,1,490242,19,0,0,0,14,6,0,0,0,0
1,1,490242,0,0,0,0,0,0,0,0,0,0
1,1,490243,0,0,0,0,0,0,0,0,0,0
0,1,490244,0,0,0,0,0,22,0,0,0,7
1,1,490244,0,0,0,0,0,0,0,0,0,0
1,1,490245,7,0,0,0,0,0,0,0,0,0
1,1,490246,0,0,0,0,0,0,0,0,0,0
2,1,490246,0,0,0,0,0,0,0,0,0,0
1,1,490247,0,0,0,0,0,0,0,0,0,0
2,1,490247,0,0,0,0,0,0,0,0,0,0
1,1,490248,0,0,0,0,0,0,0,0,0,0
2,1,490248,0,0,0,0,0,0,0,0,0,0
1,1,490249,0,0,0,0,0,0,0,0,0,0
1,1,490250,0,0,0,0,0,0,0,0,0,0
1,1,490251,0,0,0,0,0,11,0,0,0,8
1,1,490252,0,0,0,0,0,0,0,0,0,7
1,1,490253,0,16,0,0,0,0,0,0,0,0
2,1,490253,0,0,0,0,0,0,0,0,0,0
1,1,490254,0,0,0,0,0,0,0,0,0,0
1,1,490255,0,15,0,0,0,0,0,0,0,0
2,1,490255,0,0,0,0,0,0,0,0,0,0
0,1,490256,0,0,0,0,0,0,0,0,0,23
1,1,490256,0,0,0,0,0,0,0,0,0,0
1,1,490257,0,0,0,0,0,0,0,0,0,0
2,1,490257,0,0,0,0,0,0,0,4,0,0
1,1,490258,0,0,0,0,0,10,0,0,0,23
1,1,490259,17,17,17,17,17,17,17,17,17,17
1,1,490260,0,0,0,0,0,0,0,0,0,0
1,1,500001,0,0,0,0,0,0,0,0,0,0
2,1,500001,0,0,0,0,0,0,0,0,0,0
1,1,500002,0,0,0,0,0,0,0,0,0,0
1,1,500003,0,0,0,0,0,0,0,0,0,0
2,1,500003,0,0,0,0,0,0,0,0,0,0
1,1,500004,0,0,0,0,0,0,0,0,0,0
1,1,500005,0,0,0,0,0,0,0,0,0,0
2,1,500005,0,0,0,0,0,0,0,0,0,0
1,1,500006,0,0,0,0,0,0,0,0,0,0
2,1,500006,0,0,0,0,0,0,0,0,0,0
1,1,500007,0,0,0,0,0,0,0,0,0,0
1,1,500008,0,0,0,0,0,0,0,0,0,0
2,1,500008,0,0,0,0,0,0,0,0,0,0
1,1,500009,0,0,0,0,0,0,0,0,0,0
2,1,500009,0,0,0,0,0,0,0,0,0,0
0,1,500010,10,10,10,10,10,10,10,10,10,10
1,1,500010,4,7,9,0,9,20,10,19,17,32
1,1,500011,0,0,0,0,0,0,0,0,0,0
2,1,500011,9,9,9,9,9,9,9,9,9,9
1,1,500012,0,0,0,0,0,0,0,0,0,0
2,1,500012,0,0,0,0,0,0,0,0,0,0
1,1,500013,21,21,21,21,21,21,21,21,21,21
1,1,500014,14,14,14,14,14,14,14,14,14,14
1,1,500015,0,0,0,0,0,0,0,0,0,0
2,1,500015,0,0,0,0,0,0,0,0,0,0
1,1,500016,0,0,0,0,0,0,0,0,0,0
2,1,500016,0,0,0,0,0,0,0,0,0,0
1,1,500017,36,36,36,36,36,36,36,36,36,36
2,1,500017,12,0,0,0,0,0,0,0,0,0
1,1,500018,0,0,0,0,0,0,0,0,0,0
2,1,500018,0,0,0,0,0,0,0,0,0,0
1,1,500019,21,21,21,21,21,21,21,21,21,21
1,1,500020,0,0,0,0,0,0,0,0,0,0
1,1,500021,19,19,19,19,19,19,19,19,19,19
1,1,500022,0,0,0,0,0,0,0,0,0,0
1,1,500023,12,12,12,12,12,12,12,12,12,12
1,2,500024,13,10,0,0,0,0,14,0,0,0
1,1,500025,0,0,0,0,0,0,0,0,0,0
1,1,500027,0,0,5,0,12,32,0,0,22,0
1,1,500028,0,0,0,0,0,0,0,0,0,0
1,1,500029,0,0,0,0,0,0,0,0,0,0
1,1,500030,0,0,0,0,0,0,0,0,0,0
2,1,500030,0,0,0,0,0,0,0,0,0,0
1,1,500031,6,6,6,6,6,6,6,6,6,6
0,1,500032,0,0,0,0,0,0,0,0,0,0
1,1,500032,4,15,0,0,0,0,0,0,0,0
1,1,500033,12,12,12,12,12,12,12,12,12,12
1,1,500034,9,9,9,9,9,9,9,9,9,9
1,1,500035,11,11,11,11,11,11,11,11,11,11
1,1,500036,18,18,18,18,18,18,18,18,18,18
1,1,500037,0,0,0,0,0,0,0,0,0,0
1,1,500038,8,8,8,8,8,8,8,8,8,8
1,1,500039,0,0,0,0,0,0,0,0,0,0
2,1,500039,3,3,3,3,3,3,3,3,3,3
1,1,500040,25,25,25,25,25,25,25,25,25,25
1,1,500041,0,0,0,0,0,0,0,0,0,0
1,1,500042,8,8,8,8,8,8,8,8,8,8
2,1,500042,0,0,0,0,0,0,0,0,0,0
1,1,500043,11,11,11,11,11,11,11,11,11,11
1,1,500044,8,8,8,8,8,8,8,8,8,8
1,1,500045,0,0,0,0,0,0,0,0,0,0
2,1,500045,0,0,0,0,0,0,0,0,0,0
1,1,500046,1,1,1,1,1,1,1,1,1,1
2,1,500046,0,0,0,0,0,0,0,0,0,0
1,1,500047,10,10,10,10,10,10,10,10,10,10
1,1,500048,0,0,0,0,0,0,0,17,0,0
1,1,500049,0,0,0,0,0,0,0,0,0,0
2,1,500049,0,0,0,0,0,0,0,0,0,0
1,1,500050,0,0,0,0,0,0,0,0,0,0
2,1,500050,0,0,0,0,0,5,0,0,0,0
1,1,500051,5,5,5,5,5,5,5,5,5,5
2,1,500051,12,12,12,12,12,12,12,12,12,12
1,1,500052,0,0,0,0,0,0,0,0,0,0
1,1,500053,16,16,16,16,16,16,16,16,16,16
1,1,500054,0,0,0,0,0,0,0,0,0,0
1,1,500055,15,15,15,15,15,15,15,15,15,15
2,1,500055,0,0,0,0,0,0,0,0,0,0
1,1,500056,0,0,0,0,0,0,0,0,0,0
1,1,500057,0,0,0,0,0,0,0,0,0,0
1,1,500058,0,0,0,0,0,0,0,0,0,0
2,1,500058,0,0,0,0,0,0,0,0,0,0
1,1,500059,0,0,0,0,0,0,0,0,0,0
2,1,500059,0,0,0,0,0,0,0,0,0,0
0,1,500060,25,25,25,25,25,25,25,25,25,25
1,1,500060,0,0,0,0,0,0,0,0,0,0
1,1,500061,0,0,0,0,0,0,0,0,0,0
2,1,500061,0,0,0,0,0,0,0,0,0,0
0,1,500062,10,10,10,10,10,10,10,10,10,10
1,1,500062,0,0,0,0,0,0,0,0,0,0
1,1,500063,0,0,0,0,0,0,0,0,0,0
0,1,510001,21,21,21,21,21,21,21,21,21,21
1,1,510001,0,0,0,0,0,0,0,9,0,0
1,1,510002,12,12,12,12,12,12,12,12,12,12
1,1,510003,0,0,0,0,0,0,0,0,0,0
1,1,510004,15,15,15,15,15,15,15,15,15,15
2,1,510004,12,12,12,12,12,12,12,12,12,12
1,1,510005,0,0,0,0,0,0,0,0,0,0
1,1,510006,0,0,0,0,0,0,0,0,0,0
2,1,510006,0,0,0,0,0,0,0,0,0,0
1,1,510007,0,0,0,0,0,0,0,0,0,0
2,1,510007,0,0,0,0,0,0,0,0,0,0
0,1,510008,0,0,0,0,0,0,0,0,0,0
1,1,510008,0,0,0,0,0,0,0,0,0,0
1,1,510009,0,0,0,0,0,0,0,0,0,0
1,2,510010,0,0,0,0,0,0,0,0,0,0
2,1,510010,14,14,14,14,14,14,14,14,14,14
1,1,510011,0,0,0,0,0,0,0,0,0,0
1,1,510012,0,0,0,0,0,0,0,0,0,0
1,1,510013,18,18,18,18,18,18,18,18,18,18
1,1,510014,0,0,0,0,0,0,0,0,0,0
2,1,510014,0,0,0,0,0,0,0,0,0,0
1,1,510015,0,0,0,0,0,0,11,0,0,0
2,1,510015,0,0,0,0,0,0,0,0,0,0
1,1,510016,0,0,0,0,0,0,0,0,0,0
1,1,510017,1,1,1,1,1,1,1,1,1,1
1,1,510018,0,0,0,0,0,0,0,0,0,0
2,1,510018,0,0,0,0,0,0,0,0,0,0
1,1,510019,0,0,0,0,0,0,0,0,0,0
2,1,510019,0,0,0,0,0,0,0,0,0,0
1,1,510020,0,0,0,0,0,0,0,0,0,0
2,1,510020,0,0,0,0,0,0,0,0,0,0
1,1,510021,0,0,0,0,0,0,0,0,0,0
1,1,510022,23,23,23,23,23,23,23,23,23,23
1,1,510023,15,15,15,15,15,15,15,15,15,15
1,1,510024,0,0,0,0,0,0,0,0,0,0
1,1,510025,8,0,0,0,0,12,0,0,0,0
2,1,510025,0,0,0,12,0,0,7,13,0,0
1,1,510026,16,16,16,16,16,16,16,16,16,16
0,1,510027,0,0,0,0,0,0,0,0,0,0
1,1,510027,0,0,0,0,0,0,0,3,0,0
1,1,510028,0,0,0,0,0,0,0,0,0,0
2,1,510028,0,0,0,0,0,0,0,0,0,0
1,1,510029,0,0,0,0,0,0,0,0,0,0
1,1,510030,0,0,10,0,0,0,0,20,0,0
2,1,510030,0,0,0,0,0,0,0,0,0,0
1,1,510031,0,0,0,0,0,0,0,0,0,0
1,1,510032,12,12,12,12,12,12,12,12,12,12
2,1,510032,7,18,23,11,11,0,7,20,12,11
1,1,510033,31,31,31,31,31,31,31,31,31,31
2,1,510033,33,33,33,33,33,33,33,33,33,33
1,1,510034,12,12,12,12,12,12,12,12,12,12
1,1,510035,17,17,17,17,17,17,17,17,17,17
0,1,510036,0,0,0,0,0,0,0,0,0,0
1,1,510036,0,0,0,0,0,0,0,0,0,0
1,1,510037,0,0,0,0,0,0,0,0,0,0
1,1,510038,0,0,0,0,0,0,0,0,0,0
2,1,510038,0,0,0,0,0,0,0,0,0,0
3,1,510038,0,0,0,0,0,0,0,0,0,0
4,1,510038,0,0,0,5,0,0,0,0,0,0
1,1,510039,0,17,0,24,18,20,9,34,12,15