VEH_NO,PER_NO,ST_CASE,P1,P2,P3,P4,P5,P6,P7,P8,P9,P10
1,1,510371,0,0,0,0,0,0,0,0,0,0
2,1,510371,0,0,0,0,0,0,0,0,0,0
0,1,510372,7,7,7,7,7,7,7,7,7,7
1,1,510372,12,16,20,6,3,8,14,26,13,16
1,1,510373,0,0,0,0,0,0,0,0,0,0
2,1,510373,0,0,0,0,0,0,0,0,0,0
1,1,510374,0,0,0,0,0,0,0,0,0,0
1,1,510375,11,11,11,11,11,11,11,11,11,11
1,1,510376,8,8,8,8,8,8,8,8,8,8
2,1,510376,18,18,18,18,18,18,18,18,18,18
1,1,510377,8,8,8,8,8,8,8,8,8,8
2,1,510377,0,0,0,0,0,0,0,0,0,0
1,1,510378,0,0,0,0,0,0,0,0,17,0
2,1,510378,9,0,0,0,0,0,0,0,0,0
3,1,510378,0,0,0,0,0,0,0,0,0,0
4,1,510378,0,0,0,0,17,0,0,0,0,0
1,1,510379,0,0,25,8,0,0,0,0,0,0
2,1,510379,0,0,0,0,0,0,0,0,0,0
1,1,510380,15,19,0,24,9,11,0,17,23,7
2,1,510380,0,0,0,0,0,0,0,0,0,0
1,1,510381,7,7,7,7,7,7,7,7,7,7
1,1,510382,14,14,14,14,14,14,14,14,14,14
1,1,510383,10,10,10,10,10,10,10,10,10,10
1,1,510384,24,24,24,24,24,24,24,24,24,24
2,1,510384,0,0,0,0,0,0,0,0,0,0
1,1,510385,22,22,22,22,22,22,22,22,22,22
1,1,510386,0,0,0,0,0,0,0,0,0,0
2,1,510386,0,0,0,0,0,0,0,0,0,0
3,1,510386,0,0,0,0,0,0,0,0,0,0
1,1,510387,0,0,0,0,0,0,0,0,16,0
1,1,510388,15,15,15,15,15,15,15,15,15,15
2,1,510388,9,17,13,5,25,22,14,19,7,9
1,1,510389,0,7,28,0,0,16,0,4,0,10
2,1,510389,0,0,0,0,0,0,0,0,0,0
1,1,510390,0,0,0,0,0,0,0,0,0,0
1,1,510391,0,0,0,0,0,0,0,0,0,0
1,1,510392,27,27,27,27,27,27,27,27,27,27
1,1,510393,0,0,0,12,0,0,0,0,0,0
1,1,510394,0,0,0,0,0,0,0,0,0,0
2,1,510394,0,0,0,0,0,0,0,0,0,0
3,1,510394,0,0,0,0,0,0,0,0,0,0
1,1,510395,16,28,10,24,10,15,4,7,14,17
0,1,510396,0,0,0,0,0,0,0,0,0,0
1,1,510396,0,0,0,0,0,0,10,0,0,0
1,1,510397,0,0,0,0,0,0,0,15,0,0
2,1,510397,0,0,0,0,0,0,0,0,0,0
1,1,510398,0,0,10,0,0,0,0,0,0,0
1,1,510399,11,11,11,11,11,11,11,11,11,11
1,1,510400,0,0,0,0,0,0,0,0,0,0
1,1,510401,0,0,0,0,0,0,0,0,0,0
1,1,510402,0,0,0,0,0,0,3,0,0,0
1,1,510403,0,0,0,0,0,0,0,0,0,0
1,2,510404,0,0,0,0,0,0,0,0,0,0
1,1,510405,0,0,0,0,21,0,0,18,0,0
0,1,510406,0,0,0,0,0,15,23,14,7,0
1,1,510406,9,0,0,0,11,0,10,0,0,0
1,1,510407,12,0,8,7,8,20,11,11,9,0
1,1,510408,0,0,0,0,0,0,0,0,0,0
1,1,510409,0,0,0,0,0,0,0,0,0,0
2,1,510409,0,0,0,0,0,0,0,0,0,0
1,1,510410,36,36,36,36,36,36,36,36,36,36
1,1,510411,0,0,0,0,0,0,0,0,0,0
1,1,510412,0,0,0,18,0,0,0,0,0,0
2,1,510412,0,0,0,0,0,0,0,0,0,0
1,1,510413,0,0,0,0,0,0,0,0,0,0
2,1,510413,0,0,0,0,0,0,0,0,0,0
1,1,510414,0,0,0,0,0,0,0,0,0,0
2,1,510414,0,0,0,0,0,0,0,0,0,0
3,1,510414,0,0,0,0,0,0,0,0,0,0
4,1,510414,0,0,0,0,0,0,0,0,0,0
0,1,510415,0,0,0,0,0,0,0,0,0,0
1,1,510415,15,14,12,17,13,9,7,11,14,16
1,1,510416,21,21,21,21,21,21,21,21,21,21
1,1,510417,5,5,5,5,5,5,5,5,5,5
2,1,510417,0,0,0,0,0,0,0,0,0,0
1,1,510418,0,0,0,0,0,0,0,0,0,0
1,1,510419,0,0,0,0,0,0,0,0,0,0
2,1,510419,0,0,0,0,0,0,0,0,0,0
3,1,510419,0,0,0,0,0,0,0,0,0,0
1,1,510420,0,9,0,24,0,0,0,0,5,0
1,1,510421,0,0,0,0,0,0,0,0,0,0
1,1,510422,0,0,0,0,0,0,0,0,0,0
1,1,510423,0,0,0,0,0,0,0,0,0,0
1,1,510424,0,0,0,0,0,0,0,0,0,0
2,1,510424,0,0,0,0,0,0,0,0,0,0
3,1,510424,0,0,0,0,0,0,0,0,0,0
1,1,510425,0,0,0,0,0,0,0,0,0,0
2,1,510425,0,0,0,2,3,0,0,0,0,0
3,1,510425,0,0,0,0,0,0,0,0,0,0
0,1,510426,0,0,0,0,0,0,0,0,0,0
1,1,510426,5,0,0,0,0,0,0,0,7,0
1,1,510427,0,0,0,0,0,0,0,0,0,0
1,1,510428,0,0,0,0,0,0,0,0,0,0
2,1,510428,0,0,0,0,0,0,0,0,0,0
1,1,510429,0,0,0,0,0,0,0,0,0,0
2,1,510429,0,0,0,0,0,0,0,0,0,0
1,1,510430,1,1,1,1,1,1,1,1,1,1
1,1,510431,44,20,9,16,9,19,24,9,11,14
1,1,510432,21,21,21,21,21,21,21,21,21,21
1,1,510433,0,0,0,0,9,0,0,0,0,0
1,1,510434,0,0,10,22,16,0,6,0,0,18
2,1,510434,0,0,0,0,0,0,0,0,0,0
1,1,510435,0,0,0,13,0,0,0,0,0,0
1,1,510436,0,0,0,0,0,0,0,0,0,0
1,1,510437,0,0,0,0,0,0,0,0,0,0
2,1,510437,0,0,0,0,0,0,0,0,0,0
1,1,510438,0,0,0,0,0,0,0,0,0,0
1,1,510439,21,21,21,21,21,21,21,21,21,21
1,1,510440,15,15,15,15,15,15,15,15,15,15
1,1,510441,0,0,0,0,0,0,0,0,0,0
2,1,510441,0,0,0,0,0,0,0,0,0,0
3,1,510441,0,0,0,0,0,0,0,0,0,0
1,1,510442,0,0,0,0,0,5,12,0,17,0
2,1,510442,1,1,1,1,1,1,1,1,1,1
1,1,510443,0,0,0,0,0,0,0,0,0,0
1,1,510444,0,0,0,0,0,0,0,0,0,0
2,1,510444,0,0,0,0,0,0,0,0,0,0
1,1,510445,0,0,0,0,0,0,0,0,0,0
1,1,510446,19,19,19,19,19,19,19,19,19,19
1,1,510447,0,0,0,0,0,0,0,0,0,0
1,1,510448,0,0,0,0,0,0,0,0,0,0
2,1,510448,0,0,0,0,0,0,0,0,0,0
1,1,510449,12,12,12,12,12,12,12,12,12,12
1,1,510450,0,0,0,0,0,0,0,0,0,0
1,1,510451,16,16,16,16,16,16,16,16,16,16
1,1,510452,0,0,0,0,0,0,0,0,0,0
2,1,510452,0,0,0,0,0,0,0,0,0,0
1,1,510453,0,0,0,0,0,0,17,0,0,0
1,1,510454,0,9,0,0,0,0,0,0,0,0
1,1,510455,0,0,0,0,0,0,0,0,0,0
1,1,510456,10,10,10,10,10,10,10,10,10,10
2,1,510456,0,0,0,0,0,0,0,0,0,0
1,1,510457,0,0,0,0,0,0,0,0,0,0
2,1,510457,0,4,0,0,0,0,0,0,0,0
1,1,510458,23,23,23,23,23,23,23,23,23,23
1,1,510459,24,24,24,24,24,24,24,24,24,24
1,1,510460,0,0,0,0,0,20,14,0,0,0
2,1,510460,0,0,0,0,0,0,0,0,0,0
1,1,510461,0,0,0,0,0,0,0,0,0,0
1,1,510462,0,0,0,0,0,0,0,0,0,0
1,1,510463,0,0,0,0,0,0,0,0,0,0
1,1,510464,0,0,0,0,0,0,0,0,0,0
1,1,510465,0,0,0,0,0,0,0,9,0,0
2,1,510465,0,0,0,9,0,0,0,0,0,0
1,1,510466,0,0,0,13,12,0,27,0,44,13
1,1,510467,0,0,0,0,0,0,0,0,0,0
1,1,510468,0,0,0,0,0,0,0,0,0,0
2,1,510468,0,0,7,0,0,0,0,0,0,0
1,1,510469,0,10,8,12,24,0,0,0,0,0
1,1,510470,24,24,24,24,24,24,24,24,24,24
1,1,510471,5,0,0,0,0,0,0,0,0,0
2,1,510471,0,0,0,0,0,0,0,0,0,0
1,1,510472,0,0,0,0,0,0,0,0,0,0
2,1,510472,0,0,0,0,0,0,0,0,0,0
0,1,510473,0,11,8,26,0,10,0,0,22,30
1,1,510473,0,0,0,0,0,0,0,0,0,0
2,1,510473,0,0,0,0,0,0,0,0,0,0
1,1,510474,16,16,16,16,16,16,16,16,16,16
2,1,510474,0,0,0,0,0,7,0,0,0,0
1,1,510475,0,0,9,3,0,6,0,27,0,0
1,1,510476,10,10,10,10,10,10,10,10,10,10
1,1,510477,11,0,27,0,0,0,0,0,14,0
1,1,510478,0,0,0,0,15,0,0,0,0,0
1,1,510479,1,1,1,1,1,1,1,1,1,1
1,1,510480,0,0,0,0,0,0,0,0,0,0
1,1,510481,0,0,0,0,0,0,0,0,0,0
0,1,510482,30,30,30,30,30,30,30,30,30,30
1,1,510482,0,0,0,0,0,0,0,0,0,0
1,1,510483,2,2,2,2,2,2,2,2,2,2
1,1,510484,0,0,0,0,0,0,0,0,0,0
1,1,510485,1,1,1,1,1,1,1,1,1,1
1,1,510486,0,0,0,0,0,3,0,0,0,0
1,1,510487,0,0,0,0,24,18,0,0,14,0
1,1,510488,0,0,0,0,0,0,0,0,0,0
1,1,510489,14,14,14,14,14,14,14,14,14,14
2,1,510489,0,0,0,0,0,0,0,0,0,0
3,1,510489,0,0,0,0,0,0,0,0,0,0
1,1,510490,0,0,0,0,0,0,0,0,0,0
1,1,510491,0,0,0,0,0,0,0,0,0,0
1,1,510492,46,46,46,46,46,46,46,46,46,46
1,1,510493,11,11,11,11,11,11,11,11,11,11
1,1,510494,0,0,0,0,0,0,0,0,0,0
1,1,510495,0,0,0,0,17,0,12,0,0,0
2,1,510495,12,12,12,12,12,12,12,12,12,12
1,1,510496,0,0,0,0,0,0,0,0,0,0
2,1,510496,0,0,0,0,0,0,0,0,0,0
1,1,510497,0,0,0,0,0,0,0,0,0,0
1,1,510498,0,0,0,0,0,0,0,0,0,0
1,1,510499,30,30,30,30,30,30,30,30,30,30
1,1,510500,17,27,11,12,8,11,15,23,29,16
1,1,510501,1,1,1,1,1,1,1,1,1,1
0,1,510502,32,32,32,32,32,32,32,32,32,32
1,1,510502,0,0,0,0,0,0,0,0,0,0
1,1,510503,0,0,0,0,0,0,0,0,0,0
2,1,510503,0,0,0,0,0,0,0,0,0,0
1,1,510504,0,0,0,0,0,0,0,0,17,0
1,1,510505,24,24,24,24,24,24,24,24,24,24
1,1,510506,0,0,0,0,0,0,0,0,0,0
2,1,510506,0,0,0,0,0,0,0,0,0,0
1,1,510507,0,0,0,0,0,0,0,0,0,0
2,1,510507,0,0,0,0,0,0,0,0,7,0
1,1,510508,0,0,0,0,0,0,0,0,0,0
2,1,510508,0,0,0,0,0,0,0,0,0,0
3,1,510508,0,0,0,0,0,0,0,0,0,0
1,1,510509,0,0,0,0,0,0,0,0,0,0
2,1,510509,0,0,0,0,0,0,0,0,0,0
1,1,510510,0,0,0,0,0,0,0,0,0,0
2,1,510510,0,0,0,0,0,0,0,0,0,0
1,1,510511,0,0,0,0,0,0,0,0,0,0
2,1,510511,0,0,0,0,0,0,0,0,0,0
3,1,510511,0,0,0,0,0,0,0,0,0,0
1,1,510512,0,0,0,0,0,0,0,0,0,0
2,1,510512,0,0,0,0,0,0,0,0,0,0
1,1,510513,24,24,24,24,24,24,24,24,24,24
1,1,510514,0,0,0,0,0,0,0,0,0,0
2,1,510514,0,0,0,0,0,0,0,0,0,3
1,1,510515,0,17,0,0,0,0,9,0,0,0
2,1,510515,0,0,0,0,0,0,0,0,0,0
1,1,510516,17,17,17,17,17,17,17,17,17,17
1,1,510517,0,0,0,0,0,0,0,0,3,0
2,1,510517,0,0,0,0,0,0,0,0,0,0
1,1,510518,0,0,0,0,0,0,0,0,0,0
1,1,510519,0,0,0,0,0,0,0,0,0,0
1,1,510520,28,28,28,28,28,28,28,28,28,28
1,1,510521,13,13,13,13,13,13,13,13,13,13
2,1,510521,0,0,0,0,0,0,0,0,0,0
1,1,510522,0,0,0,0,0,0,0,0,0,0
1,1,510523,0,0,0,0,0,0,0,0,0,0
1,1,510524,0,0,0,0,0,0,0,0,0,0
2,1,510524,0,0,0,0,0,0,0,0,0,0
1,1,510525,12,0,0,0,0,0,0,9,0,0
1,1,510526,0,0,23,0,20,24,20,42,14,0
1,1,510527,0,0,0,0,0,0,0,0,0,0
2,1,510527,0,0,0,0,0,0,0,0,0,0
1,1,510528,10,10,10,10,10,10,10,10,10,10
2,1,510528,0,0,0,0,0,0,0,0,0,0
1,1,510529,0,0,0,0,0,0,0,0,0,0
1,1,510530,0,0,0,0,0,0,0,0,0,0
2,1,510530,0,0,0,0,0,0,0,0,0,0
1,1,510531,0,0,0,0,0,0,0,5,0,0
2,1,510531,0,0,0,0,0,0,0,0,0,0
1,1,510532,0,13,0,13,15,0,20,0,0,0
1,1,510533,1,1,1,1,1,1,1,1,1,1
1,1,510534,16,9,21,14,6,0,27,12,0,6
1,1,510535,18,14,16,7,13,7,11,7,10,11
1,1,510536,0,0,0,0,0,0,0,0,0,0
2,1,510536,0,0,0,0,0,0,0,0,0,0
1,1,510537,0,0,0,0,0,0,0,0,0,0
1,1,510538,0,0,0,0,0,0,0,0,0,0
2,1,510538,0,0,0,0,0,0,0,0,0,0
1,1,510539,14,14,14,14,14,14,14,14,14,14
1,1,510540,0,0,0,0,0,0,0,0,0,0
1,1,510541,7,20,16,11,22,0,3,10,12,6
2,1,510541,14,16,0,15,9,2,0,0,9,0
3,1,510541,0,0,0,0,0,0,0,0,0,0
4,1,510541,0,0,0,0,0,0,0,0,0,0
5,1,510541,0,0,0,0,0,0,0,0,0,0
6,1,510541,0,0,0,0,0,0,0,0,0,11
0,1,510543,9,9,9,9,9,9,9,9,9,9
1,1,510543,0,5,11,19,14,3,9,0,14,11
1,1,510544,0,0,0,0,0,0,0,0,0,0
1,1,510545,1,1,1,1,1,1,1,1,1,1
2,1,510545,0,17,0,0,0,0,0,0,8,12
1,1,510546,28,28,28,28,28,28,28,28,28,28
1,1,510547,0,0,0,0,0,0,0,0,0,0
2,1,510547,0,0,0,0,0,0,0,0,0,0
1,1,510548,45,45,45,45,45,45,45,45,45,45
2,1,510548,0,0,0,0,0,0,0,0,0,0
1,1,510549,0,0,7,5,0,0,0,0,0,0
1,1,510550,0,0,0,0,0,0,0,0,0,0
1,1,510551,20,20,20,20,20,20,20,20,20,20
1,1,510552,0,0,0,0,0,11,0,0,0,0
1,1,510553,0,0,0,0,0,0,0,0,0,0
1,1,510554,24,0,4,0,13,0,36,0,0,15
1,1,510555,26,26,26,26,26,26,26,26,26,26
0,1,510556,0,0,0,0,0,0,0,0,0,0
1,1,510556,0,0,0,0,10,0,0,0,0,0
1,1,510557,0,0,0,0,0,8,0,0,14,0
1,1,510558,0,0,0,0,0,0,0,0,0,0
1,1,510559,1,1,1,1,1,1,1,1,1,1
2,1,510559,0,0,0,0,0,0,0,0,0,0
1,1,510560,0,10,0,0,0,0,0,0,0,0
1,1,510561,0,0,7,0,0,0,0,0,0,0
2,1,510561,0,0,0,0,0,0,0,0,0,0
3,1,510561,0,0,0,0,0,0,0,0,0,0
1,1,510562,31,31,31,31,31,31,31,31,31,31
1,1,510563,16,16,16,16,16,16,16,16,16,16
2,1,510563,14,0,0,0,0,0,0,0,0,0
0,1,510564,0,0,0,0,0,0,0,0,0,0
1,1,510564,0,6,0,0,0,0,7,0,0,0
1,1,510565,0,4,13,13,0,0,0,19,0,8
1,1,510566,0,9,15,0,0,0,0,10,0,0
1,1,510567,5,5,5,5,5,5,5,5,5,5
1,1,510568,0,0,0,0,0,0,0,0,0,0
2,1,510568,0,0,0,0,0,0,0,0,0,0
0,1,510569,7,7,7,7,7,7,7,7,7,7
1,1,510569,12,15,0,0,0,0,0,0,0,0
1,1,510570,0,0,0,0,0,0,0,0,0,0
1,1,510571,0,0,0,0,29,0,0,0,0,0
2,1,510571,0,0,0,0,0,0,14,0,0,0
1,1,510572,17,17,17,17,17,17,17,17,17,17
1,1,510573,13,13,13,13,13,13,13,13,13,13
0,1,510574,0,0,0,0,0,0,0,0,0,0
1,1,510574,0,0,0,0,0,0,0,0,0,0
1,1,510575,0,0,0,0,0,0,0,0,0,0
1,1,510576,11,11,11,11,11,11,11,11,11,11
1,1,510577,0,0,0,0,0,0,0,0,0,0
1,1,510578,0,0,0,0,0,0,0,0,0,0
2,1,510578,0,0,0,0,0,0,0,0,0,0
1,1,510579,22,0,18,24,18,27,25,0,0,16
1,1,510580,36,28,5,0,0,0,0,0,0,20
1,1,510581,0,0,0,0,0,0,0,0,0,0
2,1,510581,0,0,0,0,0,0,0,0,0,0
1,1,510582,0,0,0,0,0,0,0,0,0,0
2,1,510582,0,0,0,0,0,0,0,0,0,0
3,1,510582,0,0,0,0,0,0,0,0,0,0
4,1,510582,0,0,0,0,0,0,0,0,0,0
1,1,510583,0,0,0,0,0,0,0,0,0,0
1,1,510584,0,0,0,0,0,0,0,0,0,0
1,1,510585,0,0,0,0,0,0,0,0,0,0
1,1,510586,29,29,29,29,29,29,29,29,29,29
1,1,510587,0,0,0,0,0,0,0,14,0,0
1,1,510588,0,0,0,0,0,0,0,0,0,0
2,1,510588,0,0,0,0,0,0,0,0,0,0
3,1,510588,0,0,0,0,0,0,0,0,0,0
1,1,510589,8,8,8,8,8,8,8,8,8,8
1,1,510590,6,6,6,6,6,6,6,6,6,6
2,1,510590,8,8,8,8,8,8,8,8,8,8
1,1,510591,17,17,17,17,17,17,17,17,17,17
1,1,510592,0,0,0,0,9,0,0,0,8,0
1,1,510593,0,0,0,0,0,0,0,0,0,0
1,1,510594,0,0,15,0,0,20,0,0,0,0
2,1,510594,0,0,0,0,0,0,0,0,0,0
3,1,510594,0,0,0,0,0,12,0,0,0,0
1,1,510595,0,0,0,0,0,0,0,0,0,0
2,1,510595,0,0,0,0,0,0,0,0,0,0
1,1,510596,17,17,17,17,17,17,17,17,17,17
2,1,510596,0,0,0,0,0,0,0,0,0,0
3,1,510596,0,0,0,0,0,0,0,0,0,0
0,1,510597,0,0,0,0,0,0,0,0,0,0
1,1,510597,0,0,0,0,0,0,0,0,0,0
1,1,510598,8,8,8,8,8,8,8,8,8,8
1,1,510599,0,0,0,0,0,0,0,0,0,0
1,1,510600,0,0,0,0,0,0,0,0,0,0
1,1,510601,36,36,36,36,36,36,36,36,36,36
1,1,510602,7,0,9,12,0,0,10,6,0,20
1,1,510603,18,0,10,22,0,0,0,6,6,0
2,1,510603,13,13,13,13,13,13,13,13,13,13
1,1,510604,0,0,0,0,0,0,0,0,0,0
1,1,510605,21,21,21,21,21,21,21,21,21,21
1,1,510606,0,0,0,0,0,0,0,0,0,0
2,1,510606,0,0,0,0,0,0,0,0,0,0
1,1,510607,13,13,13,13,13,13,13,13,13,13
1,1,510608,0,0,0,0,0,0,0,0,0,0
1,1,510609,0,0,0,0,0,0,0,0,0,0
1,1,510610,25,25,25,25,25,25,25,25,25,25
1,1,510611,0,0,0,5,0,0,0,0,0,0
2,1,510611,0,11,0,0,0,0,0,0,0,0
1,1,510612,5,5,5,5,5,5,5,5,5,5
0,1,510613,0,20,0,0,22,23,0,33,0,0
1,1,510613,0,0,0,0,0,0,0,0,0,0
1,1,510614,0,0,0,0,0,0,0,0,0,0
2,1,510614,0,0,0,0,0,0,0,0,0,0
1,1,510615,8,8,8,8,8,8,8,8,8,8
0,1,510616,35,35,35,35,35,35,35,35,35,35
1,1,510616,0,0,0,0,0,0,0,0,0,0
1,1,510617,20,20,20,20,20,20,20,20,20,20
1,1,510618,9,0,0,0,0,0,0,0,18,0
1,1,510619,0,0,0,0,0,0,0,0,0,0
1,1,510620,0,6,0,0,0,0,9,0,0,0
2,1,510620,0,0,0,0,0,0,0,0,0,0
1,1,510621,22,22,22,22,22,22,22,22,22,22
1,1,510622,0,0,0,0,0,0,0,0,0,0
2,1,510622,0,0,0,0,0,0,0,0,0,0
3,1,510622,0,0,0,0,0,0,0,0,0,0
4,1,510622,0,0,0,0,0,0,0,0,0,0
5,1,510622,0,0,0,0,0,0,0,0,0,0
1,1,510623,24,24,24,24,24,24,24,24,24,24
1,1,510624,3,3,3,3,3,3,3,3,3,3
2,1,510624,0,0,0,0,0,0,0,0,0,0
3,1,510624,0,0,0,0,0,0,0,0,0,0
1,1,510625,0,0,0,0,0,0,0,0,0,0
2,1,510625,0,0,0,0,0,0,0,0,0,0
1,1,510626,0,0,0,0,0,0,0,0,0,0
1,1,510627,16,28,27,22,19,13,23,21,18,18
1,1,510628,11,11,11,11,11,11,11,11,11,11
1,1,510629,7,7,7,7,7,7,7,7,7,7
1,1,510630,10,10,10,10,10,10,10,10,10,10
1,1,510631,13,13,13,13,13,13,13,13,13,13
1,1,510632,0,0,0,0,0,0,0,0,0,0
2,1,510632,0,0,0,0,0,0,0,0,0,12
1,1,510633,0,0,0,0,0,0,0,0,0,0
1,1,510634,20,20,20,20,20,20,20,20,20,20
1,1,510635,0,0,0,0,0,0,0,0,0,0
2,1,510635,0,0,0,0,0,0,0,0,0,0
1,1,510636,14,14,14,14,14,14,14,14,14,14
1,1,510637,0,0,0,0,0,0,0,0,0,0
2,1,510637,0,0,0,0,0,0,0,0,0,0
1,1,510638,0,0,0,0,0,0,0,0,0,0
0,1,510639,0,0,10,26,0,0,31,0,16,32
1,1,510639,0,0,0,0,0,0,0,0,0,0
1,1,510640,0,0,0,0,0,0,0,0,0,0
1,1,510641,27,27,27,27,27,27,27,27,27,27
1,1,510642,29,29,29,29,29,29,29,29,29,29
2,1,510642,0,0,0,7,0,0,0,0,0,0
1,1,510643,0,0,0,0,0,0,0,0,0,0
1,1,510644,20,20,20,20,20,20,20,20,20,20
1,1,510645,17,0,12,18,18,0,0,17,23,13
1,1,510646,22,22,22,22,22,22,22,22,22,22
1,1,510647,0,0,0,19,7,25,22,0,6,13
1,1,510648,59,59,59,59,59,59,59,59,59,59
1,1,510649,0,0,0,0,0,0,0,0,0,0
1,1,510650,0,0,0,0,0,0,0,0,0,0
1,1,510651,28,28,28,28,28,28,28,28,28,28
1,1,510652,0,0,0,0,0,0,0,0,0,0
1,1,510653,0,0,0,0,0,0,0,0,0,0
2,1,510653,0,0,0,0,0,0,0,0,0,0
1,1,510654,0,0,0,0,0,0,0,0,0,0
2,1,510654,0,0,0,0,0,0,0,13,0,0
1,1,510655,0,0,0,0,0,0,0,0,0,0
2,1,510655,0,0,0,0,0,0,0,0,0,0
1,1,510656,0,0,0,0,0,0,0,0,0,0
1,1,510657,0,0,0,0,0,0,0,0,0,22
2,1,510657,0,0,0,0,0,0,0,0,0,0
1,1,510658,0,25,0,5,13,0,0,0,0,0
1,1,510659,15,15,15,15,15,15,15,15,15,15
1,1,510660,0,0,0,0,0,0,0,0,0,0
2,1,510660,0,0,0,0,0,0,11,0,0,0
1,1,510661,2,2,2,2,2,2,2,2,2,2
2,1,510661,0,0,0,0,0,0,0,0,0,0
1,1,510662,0,9,0,20,0,0,0,12,16,24
1,1,510663,0,11,0,0,0,13,0,24,0,0
2,1,510663,0,0,0,0,0,0,0,0,0,0
1,1,510664,0,0,0,0,0,0,0,0,0,0
2,1,510664,0,0,0,0,8,0,0,0,0,0
1,1,510665,0,0,0,0,0,0,0,0,0,0
1,1,510666,0,0,10,0,0,0,0,0,0,0
1,1,510667,0,0,0,0,30,0,0,0,0,0
1,1,510668,0,0,0,0,0,0,0,0,0,0
2,1,510668,0,0,0,0,0,0,0,0,0,0
1,1,510669,0,0,0,0,0,0,0,0,0,0
1,1,510670,11,0,0,0,3,0,23,0,0,21
2,1,510670,0,0,0,0,0,0,0,0,0,0
0,1,510671,0,0,0,0,0,10,0,0,0,0
1,1,510671,0,0,0,0,0,0,0,0,0,0
1,1,510672,0,0,22,5,0,12,30,0,10,17
1,1,510673,0,0,0,0,0,0,0,0,0,0
2,1,510673,0,0,0,0,0,0,0,0,0,0
1,1,510674,0,0,0,0,0,0,0,0,0,0
1,1,510675,0,0,0,5,0,0,0,0,0,0
2,1,510675,0,0,0,0,0,0,0,0,0,0
1,1,510676,0,0,0,0,0,0,0,0,0,0
2,1,510676,0,0,0,0,0,0,0,0,0,0
1,1,510677,0,0,0,0,0,0,0,0,0,0
2,1,510677,5,0,0,0,0,0,0,0,0,0
1,1,510678,24,24,24,24,24,24,24,24,24,24
1,1,510679,0,0,0,0,0,0,0,0,0,0
2,1,510679,0,0,0,0,0,0,0,0,0,0
1,1,510680,25,25,25,25,25,25,25,25,25,25
1,1,510681,0,0,0,0,0,0,0,0,0,0
2,1,510681,4,13,3,14,6,0,0,0,0,0
1,1,510682,25,25,25,25,25,25,25,25,25,25
1,1,510683,14,14,14,14,14,14,14,14,14,14
1,1,510684,0,0,0,0,0,0,0,0,0,0
1,1,510685,0,0,0,14,0,0,0,0,0,0
1,1,510686,0,2,0,0,0,0,0,0,0,0
2,1,510686,0,0,0,0,0,0,0,0,0,0
0,1,510687,0,0,0,0,0,1,0,0,0,22
1,1,510687,0,0,0,0,0,0,0,0,0,0
1,1,510688,0,0,0,0,0,0,0,0,0,0
2,1,510688,0,0,0,0,0,0,0,0,0,0
1,1,510689,0,0,0,0,0,0,0,13,0,0
2,1,510689,0,0,0,0,0,0,0,0,0,0
0,1,510690,17,0,28,22,21,15,5,13,21,27
1,1,510690,0,10,0,9,0,0,0,0,0,15
1,1,510691,0,0,0,0,0,0,0,0,0,0
2,1,510691,0,0,0,0,0,9,15,0,0,0
1,1,510692,0,0,0,0,0,0,0,0,0,0
2,1,510692,0,0,4,0,0,0,0,0,10,14
1,1,510693,9,9,9,9,9,9,9,9,9,9
2,1,510693,1,1,1,1,1,1,1,1,1,1
1,1,510694,0,0,0,0,0,6,0,0,6,0
2,1,510694,20,0,0,0,0,0,0,10,0,0
1,1,510695,0,0,0,0,0,10,0,18,0,0
1,1,510696,0,0,0,0,0,0,0,0,0,0
2,1,510696,0,0,0,0,0,0,0,0,0,0
1,1,510697,0,0,0,0,0,0,0,0,0,0
2,1,510697,0,14,0,0,0,0,0,0,0,0
1,1,510699,16,0,0,0,0,9,0,0,5,21
1,1,510700,1,1,1,1,1,1,1,1,1,1
1,1,510701,23,23,23,23,23,23,23,23,23,23
2,1,510701,0,0,0,0,0,0,0,0,0,0
1,1,510702,7,7,7,7,7,7,7,7,7,7
0,1,510703,24,24,24,24,24,24,24,24,24,24
1,1,510703,11,18,0,0,0,18,0,0,15,8
1,1,510704,0,0,0,0,0,0,0,0,0,0
1,1,510705,18,18,18,18,18,18,18,18,18,18
1,1,510706,17,17,17,17,17,17,17,17,17,17
1,1,510707,11,11,11,11,11,11,11,11,11,11
0,1,510708,0,0,0,0,20,0,3,12,0,0
1,1,510708,0,0,0,0,0,0,0,0,0,0
2,1,510708,0,0,0,20,14,0,0,0,0,0
1,1,510709,13,13,13,13,13,13,13,13,13,13
2,1,510709,0,0,0,0,0,0,0,0,0,0
1,1,510710,0,0,0,0,0,0,0,0,0,0
2,1,510710,0,0,0,0,0,0,0,0,0,0
1,1,510711,0,0,0,0,0,0,0,20,0,0
2,1,510711,0,0,0,0,0,0,0,0,0,0
1,1,510712,0,0,0,0,0,0,0,0,0,0
2,1,510712,0,0,8,0,0,0,0,0,0,0
1,1,510713,0,0,0,0,0,0,0,0,0,0
1,1,510714,0,0,0,0,0,0,0,0,0,0
1,1,510715,0,0,0,0,0,0,0,0,0,0