VEH_NO,PER_NO,ST_CASE,P1,P2,P3,P4,P5,P6,P7,P8,P9,P10
1,1,510716,0,0,0,0,0,0,0,0,0,0
1,1,510717,0,4,0,0,11,0,0,0,0,0
1,1,510718,0,0,0,0,0,0,0,0,6,0
2,1,510718,0,0,0,0,0,0,0,0,0,0
0,1,510719,0,0,0,0,0,0,0,0,0,0
1,1,510719,0,0,0,0,0,0,0,0,0,0
0,1,510720,30,30,30,30,30,30,30,30,30,30
1,1,510720,5,0,16,0,22,12,0,0,0,6
1,1,510721,0,0,0,0,0,0,0,0,0,0
2,1,510721,0,0,0,0,0,0,0,0,0,0
1,1,510722,0,0,7,13,0,0,0,0,0,11
1,1,510723,3,3,3,3,3,3,3,3,3,3
1,1,510724,16,16,16,16,16,16,16,16,16,16
1,1,510725,0,0,0,0,0,0,0,0,0,0
1,1,510726,0,0,0,0,0,0,0,0,0,8
1,1,510727,0,0,0,0,0,0,0,0,0,0
1,1,510728,0,0,0,0,0,0,0,0,0,0
1,1,510729,0,0,0,0,0,0,0,0,0,0
2,1,510729,0,0,0,0,12,0,0,0,0,0
1,1,510730,12,0,0,0,0,13,0,0,19,13
1,1,510731,0,0,0,0,0,0,0,0,0,0
2,1,510731,0,0,0,0,0,0,0,0,0,0
1,1,510732,20,0,17,9,16,10,11,25,4,10
1,1,510733,18,0,0,5,0,0,0,0,0,0
0,1,510734,0,0,0,0,0,0,0,0,0,0
0,2,510734,0,0,0,0,0,0,0,0,0,0
1,1,510734,0,0,0,0,0,0,0,0,0,0
0,1,510735,23,23,23,23,23,23,23,23,23,23
1,1,510735,0,0,0,0,0,0,0,0,0,0
1,1,510736,21,22,13,17,26,34,8,14,28,12
2,1,510736,0,0,0,0,0,20,0,11,11,0
1,1,510737,4,4,4,4,4,4,4,4,4,4
1,1,510738,8,8,8,8,8,8,8,8,8,8
1,1,510739,0,0,0,0,0,0,0,0,0,0
2,1,510739,0,0,0,0,0,12,0,0,0,0
1,1,510740,0,9,10,0,0,0,0,0,0,0
1,1,510741,20,20,20,20,20,20,20,20,20,20
2,1,510741,0,0,0,0,0,0,0,0,0,0
1,1,510742,0,0,0,0,0,0,0,0,0,0
2,1,510742,0,0,0,0,0,0,0,0,0,0
1,1,510743,0,0,0,0,0,0,0,0,0,0
1,1,510744,18,18,18,18,18,18,18,18,18,18
1,1,510745,15,15,15,15,15,15,15,15,15,15
1,1,510746,16,3,14,18,3,0,34,15,16,20
1,1,510747,16,16,16,16,16,16,16,16,16,16
2,1,510747,0,0,0,0,0,0,0,0,0,0
1,1,510748,0,0,0,0,0,0,0,0,0,0
2,1,510748,0,0,4,0,0,0,0,0,0,9
1,1,510749,21,21,21,21,21,21,21,21,21,21
1,1,510750,0,0,0,0,0,0,0,0,0,0
2,1,510750,14,14,14,14,14,14,14,14,14,14
1,1,510751,0,0,0,0,0,0,15,0,0,0
2,1,510751,0,0,0,0,0,0,0,0,0,0
1,1,510752,0,0,0,0,0,0,0,0,19,0
1,1,510753,0,0,0,0,0,0,0,0,0,0
1,1,510754,7,7,7,7,7,7,7,7,7,7
1,1,510755,0,0,0,0,0,0,0,0,0,0
2,1,510755,0,0,0,0,0,0,0,0,0,0
1,1,510756,9,9,9,9,9,9,9,9,9,9
1,1,510757,0,0,0,0,0,0,0,0,0,0
2,1,510757,0,0,0,0,0,0,0,0,0,0
0,1,510758,0,0,0,0,0,0,0,0,0,0
1,1,510758,0,0,0,8,0,16,0,0,16,0
0,1,510759,3,3,3,3,3,3,3,3,3,3
1,1,510759,5,5,5,5,5,5,5,5,5,5
1,1,510760,0,0,0,0,0,0,0,0,0,0
0,1,510761,39,39,39,39,39,39,39,39,39,39
1,1,510761,0,0,0,0,0,0,0,0,0,0
1,1,510762,0,0,0,0,0,0,0,0,0,0
2,1,510762,0,0,0,0,0,0,0,0,0,0
1,1,510763,36,36,36,36,36,36,36,36,36,36
2,1,510763,11,14,30,41,16,8,0,0,15,0
1,1,510764,0,0,14,7,0,0,0,8,0,0
1,1,510765,15,15,15,15,15,15,15,15,15,15
0,1,510766,31,18,11,25,8,27,25,18,14,14
1,1,510766,0,13,0,0,9,0,0,0,0,0
1,1,510767,0,0,0,0,0,0,0,0,0,0
1,1,510768,23,23,23,23,23,23,23,23,23,23
1,1,510769,0,0,0,0,0,0,0,0,0,0
2,1,510769,0,0,0,0,0,0,0,0,0,0
3,1,510769,0,0,0,0,0,0,0,0,0,0
1,1,510770,20,20,20,20,20,20,20,20,20,20
1,1,510771,21,18,17,9,26,26,25,31,12,23
0,1,510772,0,0,0,0,0,0,0,0,22,0
1,1,510772,0,0,0,0,0,0,0,0,0,0
0,1,510773,34,34,34,34,34,34,34,34,34,34
1,1,510773,0,22,0,0,0,20,22,0,0,0
0,1,510774,9,0,0,0,0,0,0,0,0,0
1,1,510774,0,0,0,0,0,0,0,20,12,0
1,1,510775,0,0,0,0,0,5,0,0,0,8
2,1,510775,0,0,0,0,0,0,0,0,0,0
1,1,510776,6,6,6,6,6,6,6,6,6,6
1,1,510777,1,1,1,1,1,1,1,1,1,1
1,1,510778,0,0,0,0,0,0,0,0,0,0
2,1,510778,0,0,5,0,0,0,6,0,0,0
1,1,510779,0,0,0,0,0,0,0,0,0,0
0,1,510780,28,17,0,7,20,20,33,32,19,11
1,1,510780,14,14,0,0,7,4,0,0,4,0
1,1,510781,11,11,11,11,11,11,11,11,11,11
2,1,510781,0,0,0,0,0,0,0,0,0,0
1,1,510782,24,24,24,24,24,24,24,24,24,24
2,1,510782,0,0,0,0,0,0,0,0,0,0
0,1,510783,0,0,0,0,0,5,0,0,0,0
1,1,510783,0,0,0,5,0,0,18,0,0,0
1,1,510784,0,0,0,4,0,0,6,0,0,0
1,1,510785,0,0,0,0,0,0,0,0,0,0
1,1,510786,13,17,2,0,0,17,36,0,14,0
2,1,510786,0,0,0,0,0,0,0,0,0,0
1,1,510787,2,2,2,2,2,2,2,2,2,2
1,1,510788,0,0,0,0,0,0,0,0,0,0
0,1,510789,0,0,0,0,0,0,0,0,0,0
1,1,510789,0,0,0,0,0,0,0,0,0,0
1,1,510790,0,0,0,0,0,0,0,0,0,0
2,1,510790,0,0,0,0,0,0,0,0,0,0
1,1,510791,0,0,0,0,0,0,0,0,0,0
1,1,510792,0,0,0,0,0,0,0,0,0,0
1,1,510793,0,0,0,0,9,0,0,0,0,0
2,1,510793,0,0,0,0,0,0,0,0,0,0
1,1,510794,1,1,1,1,1,1,1,1,1,1
2,1,510794,1,1,1,1,1,1,1,1,1,1
1,1,510795,0,0,4,0,0,0,0,0,0,0
2,1,510795,0,0,0,0,0,0,0,0,0,0
3,1,510795,0,0,0,0,0,0,0,0,0,0
1,1,510796,0,0,0,0,0,0,0,0,0,0
2,1,510796,0,0,0,0,1,0,0,0,0,0
1,1,510797,34,34,34,34,34,34,34,34,34,34
2,1,510797,0,0,0,0,0,0,0,0,0,18
0,1,510798,24,24,24,24,24,24,24,24,24,24
1,1,510798,0,7,17,17,10,28,19,11,17,14
1,1,510799,0,0,0,0,10,0,0,0,0,0
1,1,510800,6,6,6,6,6,6,6,6,6,6
2,1,510800,0,0,0,6,0,0,0,0,0,0
1,1,510801,0,0,0,0,0,0,0,0,0,0
1,1,510802,20,20,20,20,20,20,20,20,20,20
1,1,510803,16,29,0,0,14,25,32,24,12,0
1,1,510804,44,44,44,44,44,44,44,44,44,44
0,1,510805,0,0,0,0,3,0,10,13,0,0
1,1,510806,0,0,0,0,0,0,0,0,0,0
2,1,510806,0,0,0,0,0,0,0,0,0,0
3,1,510806,0,0,0,0,0,6,0,0,0,0
1,1,510807,37,37,37,37,37,37,37,37,37,37
1,1,510808,15,15,15,15,15,15,15,15,15,15
0,1,510809,19,19,19,19,19,19,19,19,19,19
1,1,510809,0,0,0,0,0,0,0,0,0,0
1,1,510810,0,0,0,0,0,0,0,0,0,0
2,1,510810,0,0,0,0,0,0,0,0,0,0
0,1,510811,0,0,0,0,0,0,0,0,0,0
1,1,510811,0,0,0,8,0,0,0,0,0,0
1,1,510812,17,17,17,17,17,17,17,17,17,17
1,1,510813,0,0,0,0,0,0,0,0,0,0
2,1,510813,0,0,0,0,0,0,0,0,0,0
3,1,510813,0,0,0,0,0,0,0,6,0,0
4,1,510813,0,0,0,0,0,0,0,0,0,0
1,1,510814,0,0,0,0,0,0,0,0,0,0
2,1,510814,0,0,0,0,0,0,0,0,0,0
1,1,510815,0,0,0,0,0,0,0,0,0,0
2,1,510815,0,0,0,0,0,0,0,0,0,0
3,1,510815,0,0,0,0,0,0,0,0,0,0
1,1,510816,0,0,0,0,0,0,0,0,0,0
1,1,510817,0,0,18,0,0,0,0,0,0,0
1,1,510818,1,1,1,1,1,1,1,1,1,1
1,1,510819,0,0,0,0,0,8,9,0,16,0
2,1,510819,0,0,0,0,0,0,0,0,0,0
1,1,510820,0,0,0,0,0,0,0,0,0,0
1,1,510821,0,0,0,0,0,0,0,0,0,0
2,1,510821,0,0,0,0,0,0,3,0,0,0
1,1,510822,24,12,0,40,16,23,21,9,13,18
1,1,510823,0,0,0,0,0,0,0,0,0,0
2,1,510823,0,0,0,0,0,0,0,0,0,0
1,1,510824,0,0,0,0,0,0,0,0,0,0
1,1,510825,0,0,0,0,0,0,0,0,0,5
2,1,510825,0,0,0,3,10,13,0,0,14,0
1,1,510826,0,0,0,0,0,0,0,0,0,0
1,1,510827,0,0,0,0,0,0,0,0,0,0
2,1,510827,0,0,0,0,0,0,0,0,0,0
1,1,510828,0,0,0,0,0,0,0,0,0,10
2,1,510828,0,0,0,0,0,0,0,0,0,0
1,1,510829,0,0,0,0,0,0,0,0,0,0
1,1,510830,26,26,26,26,26,26,26,26,26,26
2,1,510830,0,0,0,0,0,0,10,15,0,0
1,1,510831,0,0,0,0,0,0,0,0,0,0
1,1,510832,0,0,0,0,0,0,0,0,0,9
2,1,510832,0,0,0,0,7,0,0,0,0,0
1,1,510833,0,0,0,0,0,0,0,0,0,0
2,1,510833,0,0,0,0,0,0,0,0,0,0
1,1,510834,0,0,0,0,0,0,0,0,0,0
1,1,510835,0,0,0,0,0,0,0,0,0,0
1,1,510836,0,0,0,0,0,0,0,0,0,0
2,1,510836,0,0,0,0,0,0,0,0,0,0
0,1,510837,0,0,0,0,0,0,0,0,0,0
1,1,510837,11,0,17,10,7,0,0,0,17,0
1,1,510838,0,0,0,0,0,0,0,0,0,0
2,1,510838,0,0,0,0,0,0,0,0,0,0
0,1,510839,4,4,4,4,4,4,4,4,4,4
0,2,510839,0,0,0,0,0,0,0,0,0,0
1,1,510839,0,0,0,0,0,0,0,0,0,0
0,1,510840,0,0,15,37,0,0,10,0,0,0
1,1,510840,14,0,0,7,0,0,0,0,18,8
1,1,510842,0,0,0,0,0,0,0,0,0,0
2,1,510842,0,0,0,0,0,0,0,0,0,0
1,1,510843,26,26,26,26,26,26,26,26,26,26
2,1,510843,29,29,29,29,29,29,29,29,29,29
1,1,510844,0,0,0,0,0,0,0,0,0,0
2,1,510844,0,0,0,0,0,0,0,0,0,6
0,1,510845,0,0,0,0,0,0,0,0,0,0
1,1,510845,0,0,0,0,0,0,0,0,0,0
1,1,510846,0,0,0,0,0,0,0,0,0,0
2,1,510846,2,0,15,6,14,4,0,5,11,6
1,1,510847,28,21,17,0,0,25,21,0,0,0
2,1,510847,0,0,0,0,0,0,0,0,0,0
1,1,510848,0,0,0,0,0,0,0,0,0,0
1,1,510849,0,0,12,0,0,0,0,0,0,8
2,1,510849,0,0,0,0,0,0,0,8,20,0
1,1,510850,0,0,24,22,0,0,0,17,0,9
2,1,510850,0,0,0,0,0,0,0,0,0,0
0,1,510851,0,0,0,0,30,0,0,24,0,0
1,1,510851,0,0,11,0,0,0,0,0,0,0
1,1,510852,6,0,0,0,0,0,0,12,0,0
1,1,510853,0,0,0,0,0,0,0,0,0,0
2,1,510853,0,0,0,0,0,0,0,0,0,0
1,1,510854,0,0,0,0,0,0,0,0,0,0
2,1,510854,0,0,0,0,0,0,0,0,0,0
1,1,510855,0,0,19,12,0,15,0,12,7,20
1,1,510856,0,0,0,0,0,0,0,0,0,0
1,1,510857,19,19,19,19,19,19,19,19,19,19
0,1,510858,16,0,13,14,18,11,17,12,16,0
1,1,510858,0,0,15,0,0,0,0,0,0,0
1,1,510859,0,0,0,0,0,0,0,0,0,0
1,1,510860,0,0,0,0,0,0,0,0,0,0
2,1,510860,0,0,0,0,0,0,0,0,0,0
1,1,510861,1,1,1,1,1,1,1,1,1,1
2,1,510861,0,0,0,0,0,0,0,0,0,0
1,1,510862,0,0,0,0,0,0,0,0,0,0
1,1,510863,0,0,0,0,0,0,0,0,0,6
2,1,510863,0,0,0,0,0,0,0,0,0,0
1,1,510864,0,0,0,0,0,0,0,0,9,0
1,1,510865,26,26,26,26,26,26,26,26,26,26
1,1,510866,0,0,0,0,0,0,0,0,0,18
2,1,510866,0,0,0,0,0,0,0,0,0,0
3,1,510866,0,0,0,0,0,0,0,0,0,0
1,1,510867,27,32,18,19,14,7,14,24,15,19
1,1,510868,0,0,0,0,0,0,0,0,0,0
1,1,510869,0,0,21,21,0,9,0,11,0,0
1,1,510870,0,0,0,0,0,13,0,0,0,0
1,1,510871,0,0,0,0,0,0,0,0,0,0
2,1,510871,0,0,0,0,0,0,0,11,0,0
1,1,510872,0,0,0,0,0,0,0,0,0,0
1,1,510873,18,0,0,0,0,0,0,0,0,0
1,1,510874,0,0,0,0,0,0,0,0,0,0
2,1,510874,0,0,0,0,0,0,0,0,0,0
1,1,510875,0,0,0,0,0,0,0,0,0,0
1,1,510876,22,22,22,22,22,22,22,22,22,22
2,1,510876,0,0,0,0,0,0,0,0,0,0
1,1,510877,0,0,0,0,0,0,0,0,0,0
1,1,510878,0,0,0,0,0,0,0,0,0,0
1,1,510879,0,0,0,0,0,0,0,0,0,0
2,1,510879,0,0,0,0,0,0,0,0,0,0
0,1,510880,24,24,24,24,24,24,24,24,24,24
1,1,510880,0,0,0,0,0,0,0,0,14,0
1,1,510881,4,0,25,0,0,0,0,0,0,0
2,1,510881,0,0,0,0,6,0,0,0,0,0
1,1,510882,0,0,0,0,0,0,0,0,0,0
2,1,510882,0,0,0,0,0,0,0,0,0,0
1,1,510883,0,0,0,0,0,0,0,0,0,0
1,1,510884,24,24,24,24,24,24,24,24,24,24
1,1,510885,7,7,7,7,7,7,7,7,7,7
0,1,510886,0,0,0,0,0,0,0,0,0,0
1,1,510886,0,0,0,0,0,0,0,0,0,0
1,1,510887,0,0,0,0,0,0,0,0,0,0
2,1,510887,0,0,0,0,0,0,0,0,0,0
1,1,510888,0,0,0,0,0,0,0,0,0,0
1,1,510889,9,9,9,9,9,9,9,9,9,9
1,1,510890,0,0,0,0,0,0,0,0,0,0
1,1,510891,17,17,17,17,17,17,17,17,17,17
1,1,510892,0,0,0,0,0,0,0,0,0,0
2,1,510892,0,0,0,0,0,0,8,0,0,0
1,1,510893,0,0,0,0,0,0,0,0,0,0
2,1,510893,0,0,0,0,0,0,0,0,0,0
1,1,510894,0,0,0,0,0,0,0,0,0,0
1,1,510895,16,16,16,16,16,16,16,16,16,16
1,1,510896,21,0,0,31,0,0,0,0,0,0
1,1,510897,0,0,0,0,0,0,0,0,0,0
1,1,510898,0,0,0,0,0,0,0,0,0,0
2,1,510898,0,0,0,0,0,0,0,0,0,0
1,1,510899,19,20,8,0,0,20,39,27,20,20
1,1,510900,0,0,0,0,0,0,0,0,0,0
1,1,510901,19,19,19,19,19,19,19,19,19,19
2,1,510901,0,0,0,7,13,13,11,15,15,0
1,1,510902,0,0,0,0,0,0,0,0,0,0
1,1,510903,0,0,0,24,34,22,0,8,0,14
2,1,510903,0,14,0,8,0,0,0,0,7,0
1,1,510904,0,0,0,0,0,0,0,0,0,0
0,1,510905,30,13,22,18,20,57,31,15,22,57
1,1,510905,0,0,0,0,0,0,0,0,0,0
0,1,510906,0,0,0,0,0,0,0,0,0,0
1,1,510906,12,2,0,0,0,0,0,0,0,0
1,1,510907,0,0,0,0,0,0,0,0,0,0
2,1,510907,0,0,0,0,0,0,0,0,0,0
1,1,510908,0,0,0,0,0,0,0,0,0,0
2,1,510908,0,0,0,0,0,0,0,0,0,0
1,1,510909,6,13,3,15,22,12,7,11,27,2
1,1,510910,19,28,29,25,0,19,0,0,13,2
0,1,510911,26,26,26,26,26,26,26,26,26,26
1,1,510911,0,0,0,0,0,0,0,4,0,0
1,1,510912,24,24,24,24,24,24,24,24,24,24
2,1,510912,0,0,0,0,0,0,0,0,0,0
1,1,510913,0,0,0,17,0,0,0,0,0,0
2,1,510913,0,12,7,9,24,15,0,0,16,10
0,1,510914,17,0,0,0,0,14,0,0,0,5
1,1,510914,0,0,0,0,0,0,0,0,0,0
1,1,510915,14,0,29,0,0,0,21,0,15,0
1,1,510916,0,0,0,0,0,0,0,0,0,13
0,1,510917,0,0,0,0,0,0,0,17,0,0
1,1,510917,0,0,0,0,0,0,0,0,0,0
1,1,510918,15,15,15,15,15,15,15,15,15,15
1,1,510919,0,0,0,14,0,0,0,0,0,0
2,1,510919,0,0,0,0,0,0,0,0,0,0
1,1,510920,0,0,0,0,0,0,0,0,0,0
1,1,510921,0,0,0,0,0,0,0,0,0,0
2,1,510921,15,9,2,15,26,6,15,4,0,15
1,1,510922,0,0,10,7,0,0,0,13,13,0
1,1,510923,0,0,0,0,0,0,11,0,0,0
1,1,510924,0,0,0,0,5,0,0,0,0,0
1,1,510925,0,0,0,0,0,0,0,0,0,0
1,1,510926,0,0,0,0,0,0,0,0,0,0
1,1,510927,26,26,26,26,26,26,26,26,26,26
1,1,510928,0,0,0,0,0,0,0,0,0,0
2,1,510928,0,0,0,0,0,0,0,0,0,0
3,1,510928,0,0,0,0,0,0,0,0,0,0
4,1,510928,0,0,0,0,0,0,0,0,0,0
1,1,510929,9,9,9,9,9,9,9,9,9,9
0,1,510930,15,15,15,15,15,15,15,15,15,15
1,1,510930,0,0,0,0,0,0,0,0,0,0
1,1,510931,32,32,32,32,32,32,32,32,32,32
1,1,510932,10,5,5,30,9,8,7,5,20,0
1,1,510933,0,0,0,0,0,0,0,0,0,0
1,1,510934,0,0,0,0,0,0,0,0,0,0
1,1,510935,0,0,0,0,0,0,0,0,0,0
2,1,510935,25,25,25,25,25,25,25,25,25,25
1,1,510936,0,0,0,0,0,0,0,0,0,0
1,1,510937,49,0,20,0,0,0,18,5,14,0
2,1,510937,0,0,0,0,0,0,0,0,0,0
0,1,510938,0,0,0,0,0,0,0,0,0,0
1,1,510938,0,0,0,0,0,0,0,0,0,0
1,1,510939,0,16,11,0,15,15,0,3,12,0
1,1,510940,15,15,15,15,15,15,15,15,15,15
1,1,510941,0,0,0,0,0,0,0,0,0,0
2,1,510941,0,0,0,0,0,0,0,0,0,0
0,1,510942,29,29,29,29,29,29,29,29,29,29
1,1,510942,0,0,0,0,0,0,0,0,16,0
0,1,510943,1,1,1,1,1,1,1,1,1,1
1,1,510943,15,15,15,15,15,15,15,15,15,15
1,1,510944,24,24,24,24,24,24,24,24,24,24
1,1,510945,0,0,0,0,0,0,0,0,0,0
2,1,510945,0,0,0,0,0,0,0,0,0,0
1,1,530001,0,0,0,0,0,0,0,0,0,0
1,1,530002,0,0,0,0,0,0,0,0,0,0
0,1,530003,0,0,0,0,0,0,0,0,15,0
1,1,530003,0,0,0,0,0,0,0,0,0,0
1,1,530004,0,0,0,0,0,0,0,0,0,0
1,1,530005,0,0,0,0,0,0,0,0,0,0
2,1,530005,0,0,0,0,0,0,0,0,0,0
1,1,530006,0,0,0,0,0,0,0,0,0,0
2,1,530006,0,0,0,0,0,0,0,0,0,0
3,1,530006,0,0,0,0,0,0,0,0,0,0
1,1,530007,0,0,0,0,0,0,0,0,0,0
1,1,530008,9,9,9,9,9,9,9,9,9,9
1,1,530009,0,0,0,9,0,0,0,0,0,0
1,1,530010,0,0,0,0,0,0,0,0,0,0
2,1,530010,0,0,0,0,0,0,0,0,0,0
0,1,530011,0,0,0,0,0,0,0,0,0,0
1,1,530011,0,0,0,0,0,0,0,0,0,0
1,1,530012,0,0,0,0,0,0,0,0,0,0
1,1,530013,0,0,0,0,0,0,0,0,0,0
0,1,530014,0,0,0,0,0,0,0,0,0,0
1,1,530014,0,0,0,0,0,0,0,0,0,0
1,1,530015,0,0,0,0,0,0,0,0,0,0
1,1,530017,0,0,0,0,0,0,0,0,0,0
2,1,530017,0,0,0,0,0,0,0,0,0,0
0,1,530018,0,0,0,0,0,0,0,0,0,0
1,1,530018,0,0,0,0,0,0,0,14,0,0
1,1,530019,0,0,0,0,0,0,0,0,0,0
2,1,530019,0,0,0,0,0,0,0,0,0,0
1,1,530021,0,0,0,0,0,0,0,0,0,0
2,1,530021,0,0,0,0,0,0,0,0,0,0
1,1,530022,17,17,17,17,17,17,17,17,17,17
2,1,530022,0,20,0,0,0,0,0,0,0,16
1,1,530023,13,13,13,13,13,13,13,13,13,13
1,1,530024,0,0,0,0,0,0,0,0,0,0
1,1,530025,0,0,0,0,0,0,0,0,0,0
2,1,530025,0,0,0,0,0,0,0,0,0,0
1,1,530026,29,29,29,29,29,29,29,29,29,29
1,1,530027,21,21,21,21,21,21,21,21,21,21
1,1,530028,0,0,0,0,0,0,0,0,0,0
2,1,530028,0,0,0,0,0,0,0,0,0,0
0,1,530029,0,0,0,0,0,0,0,0,0,0
1,1,530029,0,0,0,0,0,0,0,0,0,0
1,1,530030,0,0,0,0,0,0,0,0,0,0
1,1,530031,0,0,0,0,0,0,0,0,0,0
2,1,530031,0,0,0,0,0,0,0,0,0,0
1,1,530032,18,18,18,18,18,18,18,18,18,18
2,1,530032,0,0,0,7,0,0,8,0,0,0
1,1,530033,0,0,0,0,0,0,0,0,0,0
2,1,530033,0,0,0,0,0,0,0,0,0,0
1,1,530034,28,28,28,28,28,28,28,28,28,28
2,1,530034,0,0,0,0,0,0,0,0,0,0
3,1,530034,0,0,0,0,0,0,0,0,0,0
1,1,530035,0,0,0,0,0,0,0,0,0,0
1,1,530036,6,6,6,6,6,6,6,6,6,6
0,1,530037,33,33,33,33,33,33,33,33,33,33
1,1,530037,0,0,11,0,0,0,0,0,0,0
0,1,530038,0,0,0,0,0,0,0,0,0,0
1,1,530038,0,0,0,0,0,0,0,0,0,0
1,1,530039,0,0,0,0,0,0,0,0,0,0
1,1,530040,0,0,0,0,11,10,0,4,0,0
1,1,530041,0,0,0,0,0,0,0,0,0,0
2,1,530041,0,0,0,0,0,0,0,0,0,0
3,1,530041,0,0,0,0,0,0,15,0,0,0
1,1,530042,0,0,0,8,0,0,5,0,0,0
2,1,530042,0,0,0,0,0,0,0,0,0,0
1,1,530043,8,8,8,8,8,8,8,8,8,8
2,1,530043,7,7,7,7,7,7,7,7,7,7
1,1,530044,0,0,0,0,0,0,0,0,0,0
2,1,530044,0,0,0,0,0,0,0,0,0,0
1,1,530045,15,15,15,15,15,15,15,15,15,15
1,1,530046,17,17,17,17,17,17,17,17,17,17
0,1,530047,0,0,0,0,0,0,0,0,0,0
1,1,530047,0,0,0,0,0,0,0,0,0,0
1,1,530048,0,0,0,0,0,0,0,0,0,0
1,1,530049,3,3,3,3,3,3,3,3,3,3
2,1,530049,11,11,11,11,11,11,11,11,11,11
1,1,530050,0,0,0,0,0,0,0,0,0,0
1,1,530051,0,0,0,0,0,0,0,0,0,0
1,1,530052,0,0,0,0,0,0,0,0,0,0
1,1,530053,0,0,0,0,0,0,0,0,0,0
2,1,530053,0,0,0,0,0,8,0,0,0,0
1,1,530054,20,20,20,20,20,20,20,20,20,20
0,1,530055,0,0,0,0,0,0,0,0,0,0
1,1,530055,0,0,0,0,0,0,0,0,0,0
1,1,530056,0,0,0,0,0,0,0,0,0,0
1,1,530057,0,0,0,0,0,0,0,0,0,0
0,1,530058,0,0,0,0,0,0,0,0,0,0
1,1,530058,15,0,0,0,0,0,0,0,16,0
1,1,530059,0,0,0,0,0,0,0,0,0,0
2,1,530059,0,0,0,0,0,0,0,0,0,0
1,1,530060,23,23,5,13,14,10,8,23,16,7
0,1,530061,0,0,0,0,0,0,0,0,0,0
1,1,530061,0,0,0,0,0,18,0,0,0,0
1,1,530062,0,0,0,0,0,0,0,0,0,0
2,1,530062,0,0,0,0,0,0,0,0,0,0
1,1,530063,0,0,0,0,0,0,0,0,0,0
2,1,530063,0,0,0,0,0,0,0,0,0,0
1,1,530064,0,0,0,0,0,0,0,0,0,0
2,1,530064,0,0,0,0,0,0,0,0,0,0
0,1,530065,0,0,0,0,0,0,0,0,0,0
1,1,530065,0,0,0,0,9,0,0,0,9,0
1,1,530066,7,7,7,7,7,7,7,7,7,7
2,1,530066,0,0,0,0,0,0,0,0,0,0
1,1,530067,0,0,0,0,0,0,0,0,4,0
2,1,530067,0,0,0,0,0,0,0,0,0,0
3,1,530067,0,0,0,0,0,0,0,0,0,0
0,1,530068,19,19,19,19,19,19,19,19,19,19
1,1,530068,0,0,0,0,0,0,0,0,0,0
1,1,530069,0,0,0,0,0,0,0,0,0,0
1,1,530070,0,0,0,0,0,0,0,0,0,0
1,1,530071,0,0,0,0,0,0,0,0,0,0
2,1,530071,0,0,0,0,0,0,0,0,0,0
3,1,530071,0,0,0,0,0,0,0,0,0,0
1,1,530072,0,0,0,0,0,0,0,0,0,0
2,1,530072,0,0,0,0,0,0,0,0,0,0
1,1,530073,28,28,28,28,28,28,28,28,28,28
1,1,530074,4,4,4,4,4,4,4,4,4,4
1,1,530075,23,23,23,23,23,23,23,23,23,23
0,1,530076,17,17,17,17,17,17,17,17,17,17
1,1,530076,0,0,0,0,0,0,0,0,0,0
1,1,530077,0,0,0,0,0,0,0,0,0,0
2,1,530077,0,0,0,0,3,0,0,0,0,0
1,1,530078,0,0,0,0,0,0,0,0,0,0
1,1,530079,23,23,23,23,23,23,23,23,23,23
1,1,530080,0,0,0,0,0,0,0,0,0,0
2,1,530080,14,14,14,14,14,14,14,14,14,14
1,1,530081,0,0,0,0,0,0,0,0,0,0
2,1,530081,0,0,0,0,0,0,0,0,0,0
1,1,530082,27,27,27,27,27,27,27,27,27,27
2,1,530082,0,0,0,0,0,0,0,0,0,0
1,1,530083,19,11,13,0,6,13,15,20,0,0
2,1,530083,0,0,0,0,0,0,0,0,0,0
1,1,530084,0,0,0,0,0,0,0,0,0,0
2,1,530084,0,0,0,0,0,0,0,0,0,0
1,1,530085,15,15,15,15,15,15,15,15,15,15
1,1,530086,0,0,0,0,0,0,0,0,0,0
2,1,530086,0,0,0,0,0,0,0,0,0,0
1,1,530087,32,32,32,32,32,32,32,32,32,32
2,1,530087,0,0,0,0,0,0,0,0,0,0
3,1,530087,0,0,0,0,0,0,0,0,0,0
1,1,530088,0,0,0,0,0,0,0,0,0,0
2,1,530088,0,0,0,0,0,0,0,0,0,0
1,1,530089,30,30,30,30,30,30,30,30,30,30
2,1,530089,0,0,0,0,0,0,0,0,0,0
1,1,530090,0,0,0,0,0,0,0,0,0,0
1,1,530091,0,0,0,0,0,0,0,0,0,0
2,1,530091,0,0,0,0,0,0,0,0,0,0
3,1,530091,0,0,0,0,0,0,0,0,0,0
4,1,530091,0,0,0,0,0,0,0,0,0,0
1,1,530092,0,0,0,0,0,0,0,0,0,0
1,1,530093,0,0,0,0,0,0,0,0,0,0
2,1,530093,0,0,0,0,0,0,0,0,0,0
3,1,530093,0,0,0,0,0,0,0,0,0,0
0,1,530094,0,0,0,0,0,0,0,0,0,0
1,1,530094,0,0,0,0,0,0,0,0,0,0
1,1,530095,0,0,0,0,0,0,0,0,0,0
2,1,530095,0,0,0,0,0,0,0,0,0,0
1,1,530096,0,0,0,0,0,0,0,0,0,0
2,1,530096,0,0,0,0,0,0,0,0,0,0
1,1,530097,23,23,23,23,23,23,23,23,23,23
1,1,530098,0,0,0,0,0,0,0,0,0,0
1,1,530099,0,0,37,0,0,0,0,0,16,0