VEH_NO,PER_NO,ST_CASE,P1,P2,P3,P4,P5,P6,P7,P8,P9,P10
2,1,530099,0,0,0,0,0,0,0,0,0,0
1,1,530100,11,11,11,11,11,11,11,11,11,11
2,1,530100,0,0,0,0,0,0,0,0,0,0
1,1,530101,0,0,0,0,0,0,0,0,0,0
1,1,530102,0,0,0,0,0,0,0,0,0,0
1,1,530103,26,26,26,26,26,26,26,26,26,26
2,1,530103,0,0,8,0,0,0,0,0,0,0
1,1,530104,14,14,14,14,14,14,14,14,14,14
1,1,530105,25,25,25,25,25,25,25,25,25,25
2,1,530105,7,7,7,7,7,7,7,7,7,7
1,1,530106,0,0,0,0,0,0,0,0,0,0
2,1,530106,0,0,0,0,0,0,0,0,0,0
1,1,530107,4,4,4,4,4,4,4,4,4,4
1,1,530108,0,0,0,0,0,0,0,0,0,0
1,1,530110,0,0,0,0,0,0,0,0,0,0
1,1,530111,7,7,7,7,7,7,7,7,7,7
2,1,530111,0,0,0,0,0,0,24,0,0,0
1,1,530112,0,0,0,0,0,0,0,0,0,0
1,1,530113,0,0,0,0,0,0,0,0,0,0
2,1,530113,0,0,0,0,0,0,0,0,0,0
1,1,530115,0,0,0,15,0,0,0,0,0,0
2,1,530115,0,0,0,0,0,0,0,0,0,0
0,1,530116,0,0,0,0,0,0,0,0,0,0
1,1,530116,0,0,0,0,12,0,0,0,0,0
1,1,530117,0,0,0,0,0,0,0,0,0,0
1,1,530118,0,0,0,0,0,0,0,0,0,0
2,1,530118,0,0,0,0,0,0,0,0,0,0
1,1,530119,9,9,9,9,9,9,9,9,9,9
1,1,530120,0,0,0,0,0,0,0,0,0,0
2,1,530120,0,0,0,0,0,0,0,0,0,0
1,1,530121,13,13,13,13,13,13,13,13,13,13
1,1,530122,12,12,12,12,12,12,12,12,12,12
1,1,530123,0,0,0,0,0,0,0,0,0,0
1,1,530124,0,0,0,0,0,0,0,0,0,0
2,1,530124,0,0,0,0,0,0,0,0,0,0
1,1,530125,0,0,0,0,0,0,0,0,0,0
1,1,530126,0,0,0,0,0,0,0,0,0,0
2,1,530126,0,0,0,0,0,0,0,0,0,0
1,1,530127,0,0,0,0,0,0,0,0,0,0
0,1,530128,0,0,0,0,0,0,0,0,0,0
1,1,530128,0,0,0,0,0,0,0,0,0,0
0,1,530129,0,0,0,0,0,0,0,0,0,0
1,1,530129,0,0,0,0,0,0,0,0,0,0
0,1,530130,0,0,0,0,0,0,0,0,0,0
1,1,530130,0,0,0,0,0,0,0,0,0,0
1,1,530131,30,30,30,30,30,30,30,30,30,30
1,1,530132,7,7,7,7,7,7,7,7,7,7
2,1,530132,0,0,0,0,0,0,0,0,0,0
1,1,530133,0,0,0,0,0,0,0,0,0,0
2,1,530133,0,0,0,0,0,0,0,0,0,0
1,1,530134,15,15,15,15,15,15,15,15,15,15
1,1,530136,18,18,18,18,18,18,18,18,18,18
2,1,530136,0,0,0,0,0,0,0,0,0,0
1,1,530137,10,10,10,10,10,10,10,10,10,10
1,1,530138,0,0,0,0,0,0,0,0,0,0
2,1,530138,20,20,20,20,20,20,20,20,20,20
0,1,530139,0,0,0,0,0,0,0,0,0,0
1,1,530139,0,0,0,0,0,0,0,0,0,0
1,1,530140,16,16,16,16,16,16,16,16,16,16
1,1,530141,0,0,0,0,0,0,0,0,0,0
1,1,530142,0,0,0,0,0,0,0,0,0,0
2,1,530142,0,0,0,0,0,0,0,0,0,0
1,1,530143,0,0,0,0,0,0,0,0,0,0
1,1,530144,0,0,0,0,0,0,0,0,0,0
2,1,530144,0,0,0,0,0,0,0,0,0,0
3,1,530144,0,0,0,0,0,0,0,0,0,0
1,1,530146,0,0,0,0,0,0,0,0,0,0
2,1,530146,0,0,0,0,0,0,0,0,0,0
0,1,530147,0,0,0,0,0,0,0,0,0,0
1,1,530147,0,0,0,0,0,0,0,0,0,0
1,1,530148,0,0,0,0,0,0,0,0,0,0
1,1,530149,10,10,10,10,10,10,10,10,10,10
1,1,530150,0,0,0,0,0,0,0,0,0,0
2,1,530150,0,0,0,0,0,0,0,0,0,0
1,1,530151,14,14,14,14,14,14,14,14,14,14
2,1,530151,0,0,0,0,0,13,0,0,0,0
1,1,530152,14,14,14,14,14,14,14,14,14,14
1,1,530153,24,24,24,24,24,24,24,24,24,24
2,1,530153,0,0,0,0,0,0,0,0,0,0
1,1,530154,0,0,0,0,0,0,0,0,0,0
2,1,530154,0,0,0,0,0,0,0,0,0,0
1,1,530155,0,0,0,0,0,0,0,0,0,0
1,1,530156,25,25,25,25,25,25,25,25,25,25
1,1,530157,16,16,16,16,16,16,16,16,16,16
0,1,530158,0,0,0,0,0,0,0,0,0,0
1,1,530158,0,0,0,0,0,0,0,12,0,0
1,1,530159,0,0,0,0,0,0,0,0,0,0
1,1,530160,0,0,0,0,0,0,0,0,0,2
2,1,530160,0,0,0,0,0,0,0,0,0,0
1,1,530161,0,0,0,0,0,0,0,0,0,0
2,1,530161,0,0,0,0,0,0,0,0,0,0
3,1,530161,0,0,0,0,0,0,0,0,0,0
1,1,530163,6,0,0,0,0,0,0,0,0,0
2,1,530163,6,6,6,6,6,6,6,6,6,6
1,1,530164,18,18,18,18,18,18,18,18,18,18
1,1,530165,0,0,0,0,0,0,0,0,0,0
2,1,530165,0,0,0,0,0,0,0,0,0,0
1,1,530166,0,0,18,0,0,0,0,0,0,0
1,1,530167,22,22,22,22,22,22,22,22,22,22
2,1,530167,0,0,0,0,0,0,0,0,0,0
3,1,530167,0,0,0,0,0,0,0,6,0,0
1,1,530168,0,0,0,0,0,0,0,0,0,0
2,1,530168,0,0,0,0,0,0,0,0,0,0
1,1,530169,20,20,20,20,20,20,20,20,20,20
2,1,530169,0,0,0,0,0,0,0,0,0,0
1,1,530170,27,27,27,27,27,27,27,27,27,27
2,1,530170,0,0,0,0,0,0,0,0,0,0
1,1,530171,9,9,9,9,9,9,9,9,9,9
1,1,530172,0,10,0,0,0,0,0,0,0,0
1,1,530173,20,20,20,20,20,20,20,20,20,20
0,1,530174,0,0,0,0,0,0,0,0,0,0
1,1,530174,0,0,0,0,0,0,0,0,0,0
1,1,530175,0,0,0,0,0,0,0,0,0,0
1,1,530176,26,26,26,26,26,26,26,26,26,26
2,1,530176,0,0,0,0,0,0,0,0,0,0
1,1,530177,20,20,20,20,20,20,20,20,20,20
0,1,530178,0,0,0,0,0,0,0,0,0,0
1,1,530178,0,0,0,0,0,0,0,0,0,0
1,1,530179,0,0,0,0,0,0,0,0,0,0
1,1,530180,0,0,0,0,0,0,0,0,0,0
1,1,530181,19,19,19,19,19,19,19,19,19,19
1,1,530182,27,27,27,27,27,27,27,27,27,27
0,1,530183,0,0,0,0,0,0,0,0,0,0
1,1,530183,0,0,0,0,0,0,13,10,0,0
1,1,530184,0,0,0,0,0,0,0,0,0,9
1,1,530185,15,15,15,15,15,15,15,15,15,15
2,1,530185,0,0,0,0,0,0,0,0,0,0
3,1,530185,0,0,0,0,0,0,0,0,0,0
4,1,530185,7,13,0,0,0,0,0,0,0,0
5,1,530185,0,0,0,0,0,0,0,0,0,0
1,1,530186,0,0,0,0,0,0,0,0,0,0
2,1,530186,0,0,0,0,0,0,0,0,0,0
1,1,530187,0,0,0,0,0,0,0,0,0,0
2,1,530187,0,0,0,0,0,0,0,0,0,0
1,1,530188,0,0,0,0,0,0,0,0,0,0
1,1,530189,0,0,0,0,0,0,0,5,0,0
2,1,530189,0,0,0,0,0,0,0,0,0,0
1,1,530190,0,0,0,0,0,0,0,0,0,0
1,1,530191,0,0,0,0,0,0,0,0,0,0
2,1,530191,0,0,0,0,0,0,0,0,0,0
1,1,530192,0,0,0,0,0,0,0,0,0,0
2,1,530192,0,0,0,0,0,0,0,0,0,0
1,1,530193,20,20,20,20,20,20,20,20,20,20
1,1,530194,0,0,0,0,0,0,0,0,0,0
2,1,530194,0,0,0,0,0,0,0,0,0,0
1,1,530195,0,0,0,0,0,0,0,0,0,0
2,1,530195,0,0,0,0,0,0,0,0,0,0
1,1,530196,0,0,0,0,0,0,0,0,0,0
0,1,530197,0,0,0,0,0,0,0,0,0,0
1,1,530197,0,0,0,0,0,0,0,0,0,0
1,1,530198,0,0,0,0,0,0,0,0,0,0
2,1,530198,0,0,0,0,0,0,0,0,0,0
3,1,530198,0,0,0,0,0,0,0,0,0,0
1,1,530199,0,0,0,17,0,0,0,0,0,0
1,1,530200,0,0,0,0,0,0,0,0,0,0
2,1,530200,0,0,0,0,0,0,0,0,0,0
1,1,530201,0,0,0,0,0,0,0,0,0,0
0,1,530202,6,6,6,6,6,6,6,6,6,6
1,1,530202,0,9,35,3,0,0,6,0,19,2
1,1,530203,0,0,0,0,0,0,0,0,0,0
2,1,530203,0,0,0,0,0,0,0,7,0,0
1,1,530204,20,0,0,0,0,0,0,0,0,0
2,1,530204,0,0,0,0,0,0,0,0,0,0
3,1,530204,0,0,0,0,0,0,0,0,0,0
1,1,530205,0,0,0,0,0,0,0,0,0,0
1,1,530206,23,23,23,23,23,23,23,23,23,23
2,1,530206,0,0,0,0,0,0,0,0,0,0
1,1,530207,9,9,9,9,9,9,9,9,9,9
2,1,530207,0,27,0,0,0,0,0,0,6,0
1,1,530208,0,0,0,0,0,0,0,0,0,0
2,1,530208,0,0,0,0,0,0,0,0,0,0
0,1,530209,0,0,0,0,0,0,0,0,0,0
1,1,530209,0,0,0,0,0,0,0,0,0,0
1,1,530210,6,6,6,6,6,6,6,6,6,6
2,1,530210,0,0,0,0,0,0,0,0,0,0
1,1,530211,0,0,0,0,0,0,0,0,0,0
2,1,530211,0,0,0,0,0,0,0,0,0,0
3,1,530211,0,0,0,0,0,0,0,0,0,0
1,1,530212,17,17,17,17,17,17,17,17,17,17
2,1,530212,0,0,0,0,0,0,0,0,0,0
1,1,530213,0,0,0,0,0,0,0,0,0,0
2,1,530213,0,0,0,0,0,0,0,0,0,0
1,1,530214,12,12,12,12,12,12,12,12,12,12
1,1,530215,0,0,0,0,0,0,0,0,0,0
2,1,530215,0,0,0,0,0,0,0,0,0,0
1,1,530216,18,18,18,18,18,18,18,18,18,18
2,1,530216,0,0,0,0,0,0,6,0,0,0
1,1,530217,0,0,0,0,0,0,0,0,0,0
1,1,530218,32,32,32,32,32,32,32,32,32,32
2,1,530218,0,0,0,0,0,0,0,0,0,0
1,1,530219,0,0,0,0,0,0,0,0,0,0
1,1,530220,0,0,0,0,0,0,0,0,0,0
2,1,530220,0,0,0,0,0,0,0,0,0,0
1,1,530221,10,10,10,10,10,10,10,10,10,10
1,1,530222,12,12,12,12,12,12,12,12,12,12
1,1,530223,21,21,21,21,21,21,21,21,21,21
2,1,530223,0,0,0,0,0,0,0,0,2,0
1,1,530224,0,0,0,0,0,0,0,0,0,0
1,1,530225,11,11,11,11,11,11,11,11,11,11
1,1,530226,0,0,0,0,0,0,0,0,0,0
2,1,530226,0,0,0,0,0,0,0,0,0,0
1,1,530227,0,0,0,0,0,0,0,0,0,0
1,1,530228,0,0,0,0,0,0,0,0,0,0
1,1,530229,0,0,0,0,0,0,0,0,0,0
2,1,530229,9,0,0,0,0,0,0,0,0,0
3,1,530229,0,0,0,0,0,0,0,0,0,0
1,1,530230,0,0,0,0,0,0,0,0,0,0
2,1,530230,0,0,0,0,0,0,0,0,0,0
3,1,530230,0,0,0,0,0,0,0,0,0,0
1,1,530231,0,0,0,0,0,0,0,0,0,0
2,1,530231,0,0,0,0,0,0,0,5,0,0
1,1,530232,35,35,35,35,35,35,35,35,35,35
1,1,530233,21,21,21,21,21,21,21,21,21,21
1,1,530234,0,0,0,0,0,0,0,0,0,0
1,1,530235,16,16,16,16,16,16,16,16,16,16
1,1,530236,0,0,0,0,0,0,0,0,0,0
2,1,530236,0,0,0,0,0,0,0,0,0,0
3,1,530236,0,0,0,0,0,0,0,0,0,0
1,1,530237,0,0,0,0,0,0,0,0,0,0
2,1,530237,0,0,0,0,0,0,0,0,0,0
3,1,530237,0,0,0,0,0,0,0,0,0,0
1,1,530238,4,4,4,4,4,4,4,4,4,4
1,1,530239,25,25,25,25,25,25,25,25,25,25
2,1,530239,0,0,0,0,0,0,0,0,0,0
0,1,530240,0,0,0,0,0,0,0,0,0,0
1,1,530240,0,0,0,0,0,0,11,0,0,0
0,1,530241,0,0,0,0,0,0,0,0,0,0
0,2,530241,21,7,0,0,23,22,20,35,0,25
1,1,530241,20,20,20,20,20,20,20,20,20,20
2,1,530241,0,0,0,0,0,0,0,0,0,0
1,1,530242,0,0,0,0,0,0,0,0,0,0
1,1,530243,0,0,0,0,0,0,0,0,0,0
2,1,530243,0,0,0,0,0,0,0,0,0,0
0,1,530244,0,0,0,0,0,0,0,0,0,0
1,1,530244,0,0,0,0,17,0,0,0,0,0
1,1,530245,0,0,0,0,0,0,0,0,0,0
2,1,530245,0,0,0,0,0,0,0,0,0,0
1,1,530246,0,0,0,0,0,0,0,0,0,0
2,1,530246,0,0,0,0,0,0,0,0,0,0
1,1,530247,11,11,11,11,11,11,11,11,11,11
2,1,530247,0,0,0,0,0,0,0,0,0,0
1,1,530248,0,0,0,0,0,0,0,0,0,0
2,1,530248,0,0,0,0,0,0,0,0,0,0
1,1,530249,38,38,38,38,38,38,38,38,38,38
1,1,530250,11,11,11,11,11,11,11,11,11,11
1,1,530251,0,0,0,0,0,0,0,0,0,0
2,1,530251,0,0,0,0,0,0,0,0,0,0
0,1,530252,0,0,0,0,0,0,0,0,0,0
1,1,530252,0,0,0,0,0,0,0,0,0,0
1,1,530253,0,0,0,0,0,0,0,0,0,0
2,1,530253,0,0,0,0,0,0,0,0,0,0
3,1,530253,0,0,0,0,0,0,0,0,0,0
0,1,530254,0,0,0,0,0,0,0,0,0,0
1,1,530254,0,0,0,0,0,0,0,0,0,0
1,1,530255,0,0,0,0,0,0,0,0,0,0
2,1,530255,0,0,0,0,0,0,0,0,0,0
0,1,530256,0,0,0,0,0,0,0,0,0,0
1,1,530256,0,0,0,0,0,0,0,0,0,0
1,1,530257,0,0,0,0,0,0,0,0,0,0
2,1,530257,0,0,0,0,0,0,0,0,0,0
1,1,530258,0,0,0,0,0,0,0,0,22,0
1,1,530259,20,20,20,20,20,20,20,20,20,20
1,1,530260,7,7,7,7,7,7,7,7,7,7
1,1,530261,30,30,30,30,30,30,30,30,30,30
2,1,530261,2,2,2,2,2,2,2,2,2,2
0,1,530262,0,0,0,0,0,0,0,0,0,0
1,1,530263,24,24,24,24,24,24,24,24,24,24
1,1,530264,23,23,23,23,23,23,23,23,23,23
1,1,530265,31,31,31,31,31,31,31,31,31,31
1,1,530266,9,9,9,9,9,9,9,9,9,9
0,1,530267,0,0,0,0,0,0,0,0,0,0
0,2,530267,0,0,0,0,26,0,0,0,0,0
0,3,530267,0,14,21,0,0,0,7,0,0,0
0,4,530267,14,0,0,0,10,0,0,9,0,0
0,5,530267,0,30,0,16,0,0,0,0,0,0
0,6,530267,0,0,0,0,0,0,0,0,0,0
0,7,530267,0,0,0,18,0,0,0,0,0,0
1,1,530267,0,0,0,0,0,0,0,0,0,0
2,1,530267,0,0,0,0,0,0,0,0,0,0
1,1,530268,9,9,9,9,9,9,9,9,9,9
1,1,530269,3,3,3,3,3,3,3,3,3,3
1,1,530270,8,8,8,8,8,8,8,8,8,8
1,1,530271,9,9,9,9,9,9,9,9,9,9
1,1,530272,18,18,18,18,18,18,18,18,18,18
0,1,530273,0,0,12,0,6,0,0,0,0,0
1,1,530273,0,0,0,0,0,0,0,0,0,0
1,1,530274,0,0,0,0,0,0,0,0,0,0
1,1,530275,0,0,0,0,0,0,0,0,0,0
1,1,530276,0,0,0,0,0,0,0,0,0,0
1,1,530277,0,0,0,0,0,0,0,0,0,0
0,1,530278,0,0,0,0,0,0,0,0,0,0
1,1,530278,0,0,0,0,0,0,0,0,0,0
1,1,530279,0,0,0,0,0,0,0,0,0,0
1,1,530280,8,8,8,8,8,8,8,8,8,8
0,1,530281,0,0,0,0,0,0,0,0,0,0
1,1,530281,9,9,9,9,9,9,9,9,9,9
1,1,530282,0,0,0,0,0,0,0,0,0,0
2,1,530282,0,0,0,0,0,0,0,0,0,0
1,1,530283,0,0,0,0,0,0,0,0,0,0
1,1,530284,0,0,0,0,0,0,0,0,0,0
2,1,530284,0,0,0,0,0,0,0,0,0,0
1,1,530285,0,0,0,0,0,0,0,0,0,0
2,1,530285,0,0,0,0,0,9,0,0,0,0
3,1,530285,0,0,0,0,0,0,0,0,0,0
4,1,530285,0,0,0,10,0,0,0,0,0,0
1,1,530286,0,0,0,0,0,0,0,0,0,0
2,1,530286,0,0,0,0,0,0,0,0,0,0
3,1,530286,0,0,0,0,0,0,0,0,0,0
4,1,530286,0,0,0,0,0,0,0,0,0,0
1,1,530287,13,13,13,13,13,13,13,13,13,13
2,1,530287,0,0,0,0,0,0,0,0,0,0
1,1,530288,0,0,0,0,0,0,0,0,0,0
1,1,530289,0,0,0,0,0,0,0,0,0,0
2,1,530289,0,0,0,0,0,0,0,0,0,0
1,1,530290,8,8,8,8,8,8,8,8,8,8
0,1,530291,0,0,0,0,0,0,0,0,0,0
1,1,530291,0,0,5,0,0,0,0,0,0,0
1,1,530292,6,0,0,0,0,0,0,13,0,6
1,1,530293,22,22,22,22,22,22,22,22,22,22
2,1,530293,0,0,0,0,0,0,0,0,0,0
1,1,530294,0,0,0,0,0,0,0,0,0,0
2,1,530294,0,0,0,0,0,0,0,0,0,0
1,1,530295,23,23,23,23,23,23,23,23,23,23
1,1,530296,17,17,17,17,17,17,17,17,17,17
1,1,530297,11,11,11,11,11,11,11,11,11,11
1,1,530298,0,0,0,0,0,0,0,0,0,0
1,1,530299,0,0,0,0,0,0,0,0,0,0
2,1,530299,0,0,0,0,0,0,0,0,0,0
1,1,530300,0,0,0,0,0,0,0,0,0,0
2,1,530300,0,0,0,0,0,0,0,0,0,0
1,1,530301,0,0,0,0,0,0,0,0,0,0
2,1,530301,0,0,0,0,0,0,0,0,0,0
1,1,530302,2,2,2,2,2,2,2,2,2,2
2,1,530302,0,0,0,0,0,0,0,0,0,0
1,1,530303,0,0,16,0,0,25,0,0,0,11
0,1,530304,8,0,0,0,0,9,0,26,0,16
1,1,530304,0,14,13,12,18,3,13,12,13,26
1,1,530305,9,9,9,9,9,9,9,9,9,9
1,1,530306,0,0,0,0,0,0,0,0,0,0
1,1,530307,6,6,6,6,6,6,6,6,6,6
1,1,530308,22,22,22,22,22,22,22,22,22,22
2,1,530308,0,0,0,0,0,0,0,0,0,0
1,1,530309,3,3,3,3,3,3,3,3,3,3
2,1,530309,0,0,0,0,0,0,0,0,0,0
1,1,530310,0,0,0,0,0,0,0,0,0,0
2,1,530310,0,0,0,0,0,0,0,0,0,0
1,1,530311,0,0,0,0,0,0,0,0,0,0
2,1,530311,0,0,0,0,0,0,0,0,0,0
1,1,530312,0,0,0,0,0,0,0,0,0,0
2,1,530312,7,7,7,7,7,7,7,7,7,7
3,1,530312,0,0,0,0,0,0,0,0,0,0
1,1,530313,0,0,0,0,0,0,0,0,0,0
2,1,530313,0,0,0,0,0,0,0,0,0,0
3,1,530313,0,0,0,0,0,0,0,0,0,0
1,1,530314,0,0,0,0,0,0,0,0,0,0
1,1,530315,0,0,0,0,0,0,0,0,0,0
2,1,530315,0,0,0,0,0,0,0,0,0,0
1,1,530316,0,0,0,0,0,0,0,0,0,0
2,1,530316,0,0,0,0,0,0,0,0,0,0
3,1,530316,0,0,0,0,0,0,0,0,0,0
0,1,530317,0,0,0,0,0,0,0,0,0,0
1,1,530317,0,0,0,0,0,0,0,0,0,28
1,1,530318,19,19,19,19,19,19,19,19,19,19
1,1,530319,0,0,0,0,0,0,0,0,0,0
0,1,530320,0,0,0,0,0,0,0,0,0,0
3,1,530320,0,0,0,0,0,0,0,0,0,0
1,1,530321,7,7,7,7,7,7,7,7,7,7
2,1,530321,0,0,0,0,0,0,0,0,0,0
3,1,530321,0,0,0,0,0,0,0,10,0,4
1,1,530322,0,0,0,0,0,0,0,0,0,0
1,1,530323,0,0,0,0,0,0,0,0,0,0
2,1,530323,0,0,0,0,0,0,0,0,0,0
1,1,530324,12,12,12,12,12,12,12,12,12,12
1,1,530325,21,21,21,21,21,21,21,21,21,21
2,1,530325,0,0,0,5,0,0,0,0,13,0
1,1,530326,10,10,10,10,10,10,10,10,10,10
2,1,530326,0,5,7,0,7,6,7,7,0,0
1,1,530327,0,0,0,0,0,0,0,0,0,0
2,1,530327,0,0,0,0,0,0,0,0,0,0
1,1,530328,0,0,0,0,0,0,0,0,0,0
0,1,530329,11,11,11,11,11,11,11,11,11,11
1,1,530329,0,0,0,0,0,8,0,0,0,0
1,1,530331,0,0,0,0,0,0,0,0,0,0
1,1,530332,16,16,16,16,16,16,16,16,16,16
1,1,530333,0,0,0,0,0,0,0,0,0,0
1,1,530334,0,0,0,0,0,0,0,0,0,0
1,1,530335,0,0,0,0,0,0,0,0,0,0
1,1,530336,0,0,0,0,0,0,0,0,0,0
1,1,530337,10,10,10,10,10,10,10,10,10,10
1,1,530338,0,0,0,0,0,0,0,0,0,0
2,1,530338,0,0,0,0,0,0,0,0,0,0
1,1,530339,10,10,10,10,10,10,10,10,10,10
1,1,530340,0,0,0,0,0,0,0,0,0,0
0,1,530341,23,23,23,23,23,23,23,23,23,23
1,1,530341,0,0,13,0,0,0,6,28,0,25
1,1,530342,0,0,0,0,0,0,0,0,0,0
2,1,530342,0,0,0,0,0,0,0,0,0,0
1,1,530343,0,0,0,0,0,0,0,0,0,0
2,1,530343,10,10,10,10,10,10,10,10,10,10
1,1,530344,0,0,0,0,0,0,0,0,0,0
2,1,530344,0,0,0,0,0,0,0,0,0,0
1,1,530345,0,0,0,0,0,0,0,0,0,0
2,1,530345,0,0,0,0,0,0,0,0,0,0
1,1,530346,0,0,0,0,0,0,0,0,0,0
1,1,530347,0,0,0,0,0,0,0,0,0,0
1,1,530348,0,0,0,0,0,0,0,0,0,0
2,1,530348,0,0,0,0,0,0,0,0,0,0
3,1,530348,0,0,0,0,0,0,0,0,0,0
1,1,530349,0,0,0,0,0,0,0,0,0,0
2,1,530349,0,0,0,8,0,0,0,0,0,0
1,1,530350,6,6,6,6,6,6,6,6,6,6
1,1,530351,36,36,36,36,36,36,36,36,36,36
2,1,530351,0,0,0,0,0,0,0,0,0,0
1,1,530352,0,0,0,0,0,0,0,0,0,0
2,1,530352,0,0,0,0,0,0,26,0,0,0
1,1,530353,0,0,0,0,0,0,0,0,0,0
1,1,530354,0,0,0,0,0,0,0,0,0,0
2,1,530354,0,0,0,0,0,0,0,0,61,0
3,1,530354,0,0,0,21,0,11,0,0,0,0
1,1,530355,0,0,0,0,0,0,0,0,0,0
2,1,530355,9,9,9,9,9,9,9,9,9,9
1,1,530356,19,19,19,19,19,19,19,19,19,19
1,1,530357,0,0,0,0,0,0,0,0,0,0
2,1,530357,0,3,0,0,0,0,0,0,0,0
1,1,530358,0,0,0,11,0,0,0,0,0,0
1,1,530359,0,0,0,0,0,0,0,0,0,0
2,1,530359,0,0,0,0,0,0,0,0,0,0
1,1,530360,31,31,31,31,31,31,31,31,31,31
0,1,530361,0,0,0,0,0,0,0,0,0,0
1,1,530361,0,0,0,0,11,3,0,0,0,0
1,1,530362,56,56,56,56,56,56,56,56,56,56
1,1,530363,3,3,3,3,3,3,3,3,3,3
0,1,530364,0,0,0,0,0,0,0,0,0,0
1,1,530364,0,0,0,0,0,0,0,0,0,0
1,1,530365,0,0,0,0,0,0,0,0,0,0
1,1,530366,16,16,16,16,16,16,16,16,16,16
1,1,530367,17,17,17,17,17,17,17,17,17,17
1,1,530368,21,21,21,21,21,21,21,21,21,21
1,1,530369,0,0,0,0,0,0,0,0,0,0
1,1,530370,0,0,0,0,0,0,0,0,0,0
0,1,530371,0,0,0,0,0,0,0,0,0,0
1,1,530371,0,0,0,0,0,0,0,0,0,0
1,1,530372,0,0,0,0,0,0,0,0,0,0
1,1,530374,26,26,26,26,26,26,26,26,26,26
1,1,530375,0,0,0,0,0,0,0,0,0,0
1,1,530376,20,20,20,20,20,20,20,20,20,20
1,1,530377,0,0,0,0,0,0,0,0,0,0
2,1,530377,0,0,0,0,0,0,0,0,0,0
3,1,530377,0,0,0,0,0,0,0,0,0,0
1,1,530378,6,6,6,6,6,6,6,6,6,6
2,1,530378,0,0,0,0,0,0,0,0,0,0
0,1,530379,0,0,0,0,0,0,0,0,0,0
0,2,530379,12,0,0,21,0,0,0,0,0,0
1,1,530379,0,0,0,0,0,0,0,0,0,0
1,1,530380,0,0,0,0,0,0,0,0,0,0
2,1,530380,22,22,22,22,22,22,22,22,22,22
0,1,530381,1,1,1,1,1,1,1,1,1,1
1,1,530381,1,1,1,1,1,1,1,1,1,1
1,1,530382,0,0,0,0,0,0,0,0,0,0
2,1,530382,0,0,0,0,0,0,0,0,0,0
1,1,530383,21,21,21,21,21,21,21,21,21,21
2,1,530383,0,0,0,0,0,0,0,0,0,0
1,1,530384,0,0,0,0,0,0,0,0,0,0
2,1,530384,19,19,19,19,19,19,19,19,19,19
0,1,530385,21,21,21,21,21,21,21,21,21,21
1,1,530385,0,0,8,0,0,0,0,0,0,0
1,1,530386,0,0,0,0,0,0,0,0,0,0
2,1,530386,0,0,0,0,0,0,0,0,0,0
3,1,530386,0,0,0,0,0,0,0,0,0,0
4,1,530386,0,0,0,0,0,0,0,0,0,0
1,1,530387,13,13,13,13,13,13,13,13,13,13
1,1,530388,0,0,0,0,0,0,0,0,0,0
2,1,530388,0,0,0,0,0,0,0,0,0,0
1,1,530389,0,0,0,0,0,0,0,0,0,0
2,1,530389,0,0,0,0,0,0,0,0,0,0
1,1,530390,21,21,21,21,21,21,21,21,21,21
2,1,530390,0,0,0,0,0,0,0,0,0,0
1,1,530391,25,25,25,25,25,25,25,25,25,25
1,1,530392,25,25,25,25,25,25,25,25,25,25
1,1,530393,0,0,0,0,0,0,0,0,0,0
2,1,530393,0,4,9,0,15,0,0,0,0,0
1,1,530394,0,0,0,0,0,0,0,0,0,0
2,1,530394,0,0,0,0,0,0,0,0,0,0
1,1,530395,7,7,7,7,7,7,7,7,7,7
1,1,530396,0,0,0,0,0,0,0,0,0,0
2,1,530396,7,7,7,7,7,7,7,7,7,7
0,1,530397,4,4,4,4,4,4,4,4,4,4
1,1,530397,0,0,0,0,0,0,3,0,0,20
1,1,530399,0,0,0,0,0,0,0,0,0,0
2,1,530399,0,0,0,0,0,0,0,0,0,0
1,1,530400,14,14,14,14,14,14,14,14,14,14
1,1,530401,11,11,11,11,11,11,11,11,11,11
1,1,530402,0,0,0,0,0,0,0,0,0,0
2,1,530402,0,0,0,0,0,0,0,4,0,0
1,1,530403,0,0,0,0,0,7,0,0,16,0
1,1,530404,9,9,9,9,9,9,9,9,9,9
2,1,530404,0,0,0,0,0,0,0,0,0,0
1,1,530405,0,0,0,0,0,0,0,0,0,0
2,1,530405,0,0,0,0,0,0,0,0,0,0
3,1,530405,0,0,0,0,0,0,0,0,0,0
1,1,530406,18,18,18,18,18,18,18,18,18,18
1,1,530407,10,10,10,10,10,10,10,10,10,10
1,1,530408,25,25,25,25,25,25,25,25,25,25
2,1,530408,12,10,16,0,0,7,16,0,16,14
1,1,530409,0,0,0,0,0,0,0,0,0,0
2,1,530409,0,0,0,0,0,6,0,0,0,0
1,1,530410,0,0,0,0,0,0,0,0,0,0
1,1,530411,0,0,0,0,0,0,0,0,0,0
1,1,530412,11,11,11,11,11,11,11,11,11,11
2,1,530412,0,0,0,0,0,0,0,0,0,0
1,1,530413,16,16,16,16,16,16,16,16,16,16
1,1,530414,21,21,21,21,21,21,21,21,21,21
1,1,530415,22,22,22,22,22,22,22,22,22,22
0,1,530416,3,3,3,3,3,3,3,3,3,3
1,1,530416,0,0,0,0,0,0,0,0,0,0