VEH_NO,PER_NO,ST_CASE,P1,P2,P3,P4,P5,P6,P7,P8,P9,P10
1,1,540228,0,0,0,0,0,0,0,0,0,0
1,1,540229,0,0,0,0,0,0,0,0,0,0
1,1,540230,0,0,0,0,0,0,0,0,0,0
1,1,540231,0,0,0,0,0,0,0,0,0,0
1,1,540232,19,19,19,19,19,19,19,19,19,19
1,1,540233,6,6,6,6,6,6,6,6,6,6
1,1,540234,3,3,3,3,3,3,3,3,3,3
2,1,540234,0,0,0,0,0,0,0,0,0,0
3,1,540234,0,0,0,0,0,0,0,0,0,0
1,1,540235,11,11,11,11,11,11,11,11,11,11
0,1,540236,44,11,16,16,40,19,7,7,24,23
1,1,540236,0,0,0,0,0,0,0,0,0,0
1,1,540237,19,19,19,19,19,19,19,19,19,19
1,1,540238,21,21,21,21,21,21,21,21,21,21
1,1,540239,0,0,0,0,0,0,0,0,0,0
2,1,540239,0,0,0,0,0,0,0,0,0,0
1,1,540240,0,0,0,0,0,0,0,0,0,0
1,1,540241,21,21,21,21,21,21,21,21,21,21
1,1,540242,0,0,0,0,0,0,0,0,0,0
2,1,540242,0,0,0,0,0,0,0,0,0,0
3,1,540242,0,0,10,0,0,0,0,0,0,0
1,1,540243,0,0,0,0,0,0,0,0,0,0
2,1,540243,0,0,0,0,0,0,0,0,0,0
3,1,540243,0,0,0,0,0,0,0,0,0,0
1,1,540244,0,0,0,0,0,0,0,0,0,0
2,1,540244,0,0,0,0,0,0,0,0,0,0
1,1,540245,0,0,0,0,0,0,0,0,0,0
2,1,540245,3,3,3,3,3,3,3,3,3,3
3,1,540245,0,0,0,14,0,0,0,0,0,0
1,1,540246,0,0,0,0,0,0,0,0,0,0
2,1,540246,20,20,20,20,20,20,20,20,20,20
1,1,540247,0,0,0,0,0,0,0,0,0,0
2,1,540247,3,3,3,3,3,3,3,3,3,3
1,1,540248,0,0,0,0,0,0,0,0,0,0
2,1,540248,0,0,0,0,0,0,0,0,0,0
1,1,540250,0,9,0,0,6,0,0,0,0,0
1,1,540251,0,0,0,0,0,0,0,0,0,0
0,1,540252,0,0,0,0,0,0,0,0,0,0
1,1,540252,0,0,0,0,0,0,0,0,0,0
2,1,540253,0,0,0,0,0,0,0,0,0,0
1,1,540254,0,0,0,0,0,0,0,0,0,0
1,1,540255,0,0,0,0,0,0,0,0,0,0
1,1,540256,0,0,0,0,0,0,0,0,0,0
1,1,540257,9,8,0,0,0,0,13,0,0,17
1,1,540258,0,0,0,0,0,0,0,0,0,0
1,1,540259,13,13,13,13,13,13,13,13,13,13
1,1,540260,0,0,0,0,0,0,0,0,0,0
1,1,540261,0,0,0,0,0,0,0,0,0,0
1,1,540262,0,0,0,0,0,0,0,0,0,0
2,1,540262,0,0,0,0,0,0,0,0,0,0
1,1,540263,21,21,21,21,21,21,21,21,21,21
1,1,540264,0,0,0,0,0,0,0,0,0,0
2,1,540264,24,24,24,24,24,24,24,24,24,24
1,1,540265,0,0,0,0,0,0,0,0,0,0
2,1,540265,0,0,0,0,0,0,0,0,0,0
1,1,540267,0,0,0,0,0,0,0,0,0,0
1,1,540268,0,0,0,0,0,0,0,0,0,0
1,1,540269,0,0,0,0,0,0,0,0,0,0
2,1,540269,0,9,0,0,0,0,0,0,0,0
1,1,540270,3,23,9,40,18,24,17,30,13,10
1,1,540271,0,0,0,0,0,0,0,0,0,0
2,1,540271,0,0,0,0,0,0,0,0,0,0
1,1,540272,14,14,14,14,14,14,14,14,14,14
2,1,540272,0,0,0,0,0,0,0,0,0,0
0,1,540273,0,0,0,4,0,20,25,14,0,0
1,1,540273,0,0,15,0,0,0,0,0,0,0
1,1,540274,0,0,10,12,0,28,0,0,8,13
1,1,540276,24,21,21,20,26,17,13,27,21,22
1,1,540277,0,0,0,0,0,0,17,0,0,0
1,1,540278,14,14,14,14,14,14,14,14,14,14
1,1,540279,0,0,0,0,0,0,0,0,0,0
2,1,540279,0,0,0,0,0,0,0,0,0,0
1,1,540280,0,0,0,0,0,0,0,0,0,0
1,1,540281,20,20,20,20,20,20,20,20,20,20
0,1,540283,22,22,22,22,22,22,22,22,22,22
1,1,540283,0,0,0,0,7,0,0,0,0,11
1,1,540284,0,0,0,0,0,0,0,0,0,0
1,1,540285,21,21,21,21,21,21,21,21,21,21
0,1,540286,0,0,0,0,0,0,0,0,0,0
1,1,540286,0,0,0,0,0,0,0,0,0,0
1,1,540287,0,0,0,0,0,0,0,0,0,0
2,1,540287,0,0,0,0,0,0,0,0,0,0
1,1,540288,26,26,26,26,26,26,26,26,26,26
2,1,540288,0,0,0,0,0,0,0,0,0,0
1,1,540289,19,19,19,19,19,19,19,19,19,19
1,1,540290,15,15,15,15,15,15,15,15,15,15
1,1,540291,17,17,17,17,17,17,17,17,17,17
1,1,540292,8,8,8,8,8,8,8,8,8,8
1,1,540293,0,0,0,0,3,0,0,0,0,0
1,1,540295,0,0,0,0,0,0,0,0,0,0
1,1,540296,20,20,20,20,20,20,20,20,20,20
1,1,540297,0,0,0,0,0,0,0,0,0,0
2,1,540297,6,6,6,6,6,6,6,6,6,6
1,1,540298,0,0,0,0,0,0,0,0,0,0
1,1,540299,18,8,12,39,27,8,18,31,10,16
1,1,540300,0,0,0,0,0,0,0,0,0,0
1,1,540301,0,0,0,0,0,0,0,0,0,0
1,1,540302,16,16,16,16,16,16,16,16,16,16
2,1,540302,0,0,0,0,0,0,0,0,0,0
1,1,540303,14,14,14,14,14,14,14,14,14,14
0,1,540304,12,0,0,0,0,0,6,6,0,7
1,1,540304,0,0,0,0,0,0,0,0,0,0
1,1,540305,0,0,0,0,0,0,0,0,0,0
2,1,540305,0,0,0,0,0,14,0,0,0,0
3,1,540305,0,0,0,0,0,0,0,0,0,0
4,1,540305,0,0,0,0,0,0,0,0,0,0
1,1,540306,6,6,6,6,6,6,6,6,6,6
1,1,540307,0,0,0,0,0,0,0,0,0,0
1,1,540308,14,14,14,14,14,14,14,14,14,14
1,1,540309,23,3,0,0,0,0,0,20,0,11
1,1,540310,4,4,4,4,4,4,4,4,4,4
1,1,540311,0,0,0,0,0,0,0,0,0,0
2,1,540311,0,0,0,0,0,0,0,0,0,0
3,1,540311,0,0,0,0,0,0,0,0,0,0
0,1,540312,0,0,0,0,0,0,0,0,0,0
0,2,540312,0,0,0,0,0,0,0,0,0,0
1,1,540312,0,0,5,5,0,0,0,0,0,3
1,1,540313,26,26,26,26,26,26,26,26,26,26
0,1,540314,0,0,0,0,0,0,0,0,0,0
1,1,540314,0,0,0,0,0,0,0,0,0,0
1,1,540315,0,0,0,0,0,0,8,0,0,0
2,1,540315,0,0,0,0,0,0,0,0,0,0
1,1,540316,16,16,16,16,16,16,16,16,16,16
1,1,540317,0,0,0,0,0,0,0,0,0,0
1,1,540318,8,8,8,8,8,8,8,8,8,8
1,1,540319,0,0,0,16,0,0,0,0,5,0
1,1,540320,0,0,0,0,0,0,0,0,0,0
2,1,540320,0,0,0,0,0,0,0,0,0,0
1,1,540321,0,0,0,0,0,0,0,0,0,0
1,1,540322,0,0,0,0,0,0,0,0,0,0
1,1,540323,0,0,0,0,0,0,0,0,0,0
1,1,540324,0,0,0,0,0,0,0,0,0,0
2,1,540324,0,0,0,0,0,0,0,0,0,0
1,1,540325,0,0,0,0,0,0,0,0,0,0
1,1,540326,11,11,11,11,11,11,11,11,11,11
1,1,540327,0,0,0,0,0,0,0,0,0,0
1,1,540328,16,0,0,0,0,0,0,0,0,0
2,1,540328,0,0,0,0,0,0,0,0,0,0
1,1,540329,19,19,19,19,19,19,19,19,19,19
1,1,540330,0,0,0,0,0,0,0,0,0,0
2,1,540330,0,0,0,0,0,0,0,0,0,0
3,1,540330,0,0,0,0,0,0,0,0,0,0
1,1,540331,0,0,0,0,0,0,0,0,0,0
1,1,540332,0,0,0,0,0,0,0,0,0,0
2,1,540332,0,0,0,0,0,0,0,0,0,0
0,1,540333,0,0,0,0,0,0,0,0,0,0
1,1,540333,0,0,0,0,0,0,0,0,0,0
1,1,540334,0,0,0,0,0,0,0,0,0,0
2,1,540334,0,0,0,0,0,0,0,0,0,0
1,1,540335,0,0,0,0,0,0,0,0,0,0
1,1,540336,0,0,0,0,0,0,0,0,0,0
2,1,540336,0,0,0,0,0,0,0,0,0,0
1,1,540337,0,0,0,0,0,0,0,0,0,0
2,1,540337,0,0,6,0,0,0,0,0,0,0
1,1,540338,0,7,0,0,0,0,0,0,0,0
2,1,540338,13,13,13,13,13,13,13,13,13,13
1,1,540339,0,0,9,0,0,0,0,19,0,0
1,1,540340,0,0,0,0,0,0,0,0,0,0
1,1,540341,26,26,26,26,26,26,26,26,26,26
0,1,540342,15,15,15,15,15,15,15,15,15,15
1,1,540342,0,0,0,0,0,0,0,0,0,0
1,1,540343,5,5,5,5,5,5,5,5,5,5
0,1,540344,0,0,0,0,0,0,0,0,0,0
1,1,540344,0,0,0,0,0,0,0,0,0,0
1,1,540345,0,0,0,0,0,0,0,0,0,0
2,1,540345,0,0,0,0,0,0,0,0,0,0
1,1,540346,0,0,0,0,8,0,0,0,0,0
1,1,540347,0,0,0,0,0,0,9,0,0,0
2,1,540347,0,0,0,0,0,0,0,0,0,0
1,1,540348,0,0,0,0,0,0,0,0,0,0
2,1,540348,18,18,18,18,18,18,18,18,18,18
1,1,540349,0,0,0,0,0,0,0,0,0,0
1,1,540350,0,0,0,0,0,0,0,0,0,0
1,1,540351,0,0,0,0,0,0,0,18,0,0
1,1,540352,0,0,0,0,0,0,0,0,0,0
2,1,540352,0,0,0,0,0,0,0,0,0,0
3,1,540352,0,0,0,0,0,0,0,0,0,0
1,1,540353,0,0,0,0,0,0,0,0,0,0
2,1,540353,0,0,0,0,0,0,0,0,0,0
1,1,540354,8,8,8,8,8,8,8,8,8,8
1,1,540355,0,0,0,0,0,0,0,0,0,0
2,1,540355,0,0,0,0,0,0,0,0,0,0
1,1,540356,0,0,0,0,0,0,0,0,0,0
2,1,540356,0,0,0,0,0,0,0,0,0,0
1,1,540357,0,0,0,0,0,0,0,0,0,0
2,1,540357,0,0,0,0,0,0,0,0,0,0
1,1,540358,0,0,0,0,0,0,0,12,0,0
2,1,540358,0,0,0,0,0,0,0,0,0,0
1,1,540359,0,0,0,0,0,0,0,0,0,0
1,1,540360,0,0,0,0,0,0,0,0,0,19
1,1,540361,0,30,19,0,0,25,0,0,0,0
1,1,540362,0,0,0,0,0,0,0,0,0,0
1,1,540363,0,0,0,0,0,0,0,0,0,0
2,1,540363,0,0,0,0,0,0,0,0,0,0
1,1,540364,0,0,0,0,0,0,0,0,0,0
1,1,540365,0,0,0,0,0,0,0,0,0,0
2,1,540365,0,0,0,0,0,0,0,0,0,0
1,1,540366,0,0,0,0,0,0,0,0,0,0
2,1,540366,0,0,0,0,0,0,0,0,0,0
3,1,540366,0,0,0,0,0,0,0,0,0,0
1,1,540367,0,0,0,0,0,0,0,0,0,0
1,1,540368,0,0,0,0,0,0,0,0,0,0
1,1,540369,23,23,23,23,23,23,23,23,23,23
1,1,540370,10,10,10,10,10,10,10,10,10,10
1,1,540371,0,0,0,0,0,0,0,0,0,0
2,1,540371,0,0,0,0,0,0,0,0,0,0
1,1,540372,0,0,0,0,0,0,0,0,0,0
1,1,540373,0,0,0,0,0,0,0,0,0,0
2,1,540373,0,0,0,0,0,0,0,0,0,0
1,1,540374,0,0,0,0,0,0,0,0,0,0
2,1,540374,0,0,0,0,0,0,0,0,0,0
1,1,540375,0,0,0,0,0,0,0,0,0,0
1,1,540376,0,0,0,0,0,0,0,0,0,0
1,1,540377,0,0,0,0,0,0,0,0,0,0
2,1,540377,0,0,0,0,0,0,0,0,0,0
1,1,540378,0,0,0,0,0,0,0,0,0,0
2,1,540378,0,0,0,0,0,0,0,0,0,0
1,1,540379,23,23,23,23,23,23,23,23,23,23
2,1,540379,0,0,0,0,0,0,0,0,0,0
3,1,540379,0,0,0,0,0,0,0,0,0,0
1,1,540380,4,19,9,9,10,22,11,18,20,12
1,1,540381,0,0,0,0,0,0,0,0,0,0
1,1,540382,30,30,30,30,30,30,30,30,30,30
1,1,540383,15,11,16,13,14,18,12,26,0,16
1,1,540384,0,0,0,0,0,0,0,0,0,0
2,1,540384,0,0,0,0,0,0,0,0,0,0
1,1,540385,8,8,8,8,8,8,8,8,8,8
1,1,540386,21,21,21,21,21,21,21,21,21,21
1,1,540387,23,23,23,23,23,23,23,23,23,23
1,1,540388,12,12,12,12,12,12,12,12,12,12
1,1,540389,0,0,4,0,0,0,0,8,12,0
0,1,540390,4,4,4,4,4,4,4,4,4,4
1,1,540390,4,4,4,4,4,4,4,4,4,4
2,1,540390,0,0,0,0,0,0,0,0,0,0
1,1,540391,0,0,0,0,0,0,0,0,0,0
2,1,540391,0,0,0,0,0,0,0,0,0,0
1,1,540392,0,0,0,0,0,0,0,0,0,0
1,1,540393,26,26,26,26,26,26,26,26,26,26
1,1,540394,0,0,0,0,0,0,0,0,0,0
0,1,540395,0,0,0,0,0,0,0,0,0,0
1,1,540395,0,0,0,0,0,0,0,0,0,0
0,1,540396,25,25,25,25,25,25,25,25,25,25
1,1,540396,18,0,3,0,0,3,0,20,13,0
1,1,540397,0,0,0,0,0,0,0,0,0,0
2,1,540397,0,0,0,0,0,0,0,0,0,0
1,1,540398,18,18,18,18,18,18,18,18,18,18
1,1,540399,0,0,0,0,0,0,0,0,0,0
1,1,540400,0,8,0,0,0,0,0,0,0,0
1,1,540401,5,0,14,0,0,0,0,4,0,0
1,1,540402,0,0,0,0,0,0,0,0,0,0
2,1,540402,0,0,0,0,0,0,0,0,0,0
1,1,540403,0,0,0,0,0,0,0,0,0,0
0,1,540404,0,0,0,0,0,0,0,0,0,0
1,1,540404,0,0,0,0,0,17,0,0,0,0
2,1,540404,0,0,0,0,0,0,0,0,0,0
3,1,540404,0,0,0,0,0,0,0,0,0,0
1,1,540405,20,20,20,20,20,20,20,20,20,20
1,1,540406,23,23,23,23,23,23,23,23,23,23
1,1,540407,18,18,18,18,18,18,18,18,18,18
1,1,540408,0,0,0,0,0,0,0,0,0,0
1,1,550001,15,15,15,15,15,15,15,15,15,15
1,1,550002,0,0,0,0,6,0,0,0,0,0
2,1,550002,0,0,12,0,0,0,0,0,0,0
1,1,550003,0,0,0,0,0,0,0,0,0,0
1,1,550004,19,19,19,19,19,19,19,19,19,19
1,1,550005,0,0,0,0,0,0,0,0,0,0
2,1,550005,0,0,0,0,0,0,0,0,0,0
1,1,550006,0,0,0,0,0,0,0,0,0,0
2,1,550006,0,0,0,0,0,0,0,0,0,0
1,1,550007,30,30,30,30,30,30,30,30,30,30
1,1,550008,0,0,0,0,0,0,0,0,0,0
2,1,550008,0,0,0,0,0,0,0,0,0,0
1,1,550009,0,0,0,0,0,0,0,0,0,0
1,1,550010,45,45,45,45,45,45,45,45,45,45
2,1,550010,0,0,0,0,0,0,0,0,0,0
1,1,550011,31,31,31,31,31,31,31,31,31,31
1,1,550013,0,0,0,0,0,0,0,0,0,0
1,1,550014,29,29,29,29,29,29,29,29,29,29
1,1,550015,13,13,13,13,13,13,13,13,13,13
2,1,550015,0,0,0,0,0,0,0,0,0,0
1,1,550016,26,26,26,26,26,26,26,26,26,26
1,1,550017,0,0,0,0,0,0,0,0,0,0
2,1,550017,0,0,0,0,0,0,0,0,0,0
1,1,550018,0,0,0,0,0,0,0,0,0,0
2,1,550018,0,0,0,0,0,0,0,0,0,0
0,1,550019,0,0,0,0,0,0,0,0,0,0
1,1,550019,0,0,0,0,0,0,0,0,0,0
1,1,550020,0,0,0,0,0,0,0,0,0,0
0,1,550021,0,0,0,0,0,0,0,0,0,0
1,1,550021,0,0,0,0,0,0,0,0,0,0
1,1,550022,0,0,0,0,0,0,0,0,0,0
2,1,550022,0,0,0,0,0,0,0,0,0,0
1,1,550023,0,0,0,0,0,0,0,14,0,0
2,1,550023,0,0,0,0,0,0,0,0,0,0
1,1,550024,0,0,0,0,0,0,0,0,0,0
1,1,550025,0,0,0,0,0,0,0,0,0,0
1,1,550026,16,16,16,16,16,16,16,16,16,16
1,1,550027,25,25,25,25,25,25,25,25,25,25
1,1,550028,22,22,22,22,22,22,22,22,22,22
1,1,550029,13,13,13,13,13,13,13,13,13,13
2,1,550029,0,0,0,0,0,0,0,0,0,0
3,1,550029,0,0,0,8,12,0,0,0,0,10
4,1,550029,0,0,0,7,0,0,0,0,0,0
1,1,550030,7,7,7,7,7,7,7,7,7,7
1,1,550031,0,0,4,0,0,0,0,0,0,0
2,1,550031,0,0,0,0,17,0,0,0,0,0
1,1,550032,20,20,20,20,20,20,20,20,20,20
1,1,550033,0,0,3,12,0,0,0,0,0,0
1,1,550034,9,9,9,9,9,9,9,9,9,9
1,1,550035,18,18,18,18,18,18,18,18,18,18
0,1,550036,0,0,0,0,0,0,0,0,0,0
1,1,550036,0,0,0,0,0,0,0,0,0,0
1,1,550037,0,0,0,0,0,0,0,0,0,0
2,1,550037,0,0,0,0,0,0,0,0,0,0
1,1,550038,0,0,0,0,0,0,0,0,0,0
2,1,550038,0,0,0,0,0,0,0,0,0,0
1,1,550039,0,0,0,0,0,0,0,0,0,0
2,1,550039,0,0,0,0,0,0,0,0,0,0
1,1,550040,0,0,0,0,0,0,0,0,0,15
2,1,550040,0,0,0,0,0,0,0,0,0,0
1,1,550041,0,0,0,0,0,0,0,0,0,0
2,1,550041,0,0,0,0,0,0,0,0,0,0
1,1,550042,10,10,10,10,10,10,10,10,10,10
1,1,550043,24,0,39,0,0,0,0,0,7,0
2,1,550043,0,0,0,0,0,0,0,0,0,0
1,1,550044,0,0,0,0,0,0,0,0,0,0
2,1,550044,0,0,0,0,0,0,0,0,0,0
1,1,550045,0,0,0,0,0,0,0,0,0,0
1,1,550046,0,0,0,0,0,0,0,0,0,0
2,1,550046,0,0,0,0,0,0,0,0,0,0
1,1,550047,0,0,0,0,0,0,0,0,0,0
2,1,550047,0,0,0,0,0,0,0,0,0,0
1,1,550048,9,9,9,9,9,9,9,9,9,9
1,1,550049,12,12,12,12,12,12,12,12,12,12
1,1,550050,0,0,0,0,0,0,0,0,0,0
2,1,550050,1,1,1,1,1,1,1,1,1,1
0,1,550051,0,0,0,0,0,0,0,0,0,31
1,1,550051,0,0,0,0,0,0,0,0,0,0
1,1,550052,15,15,15,15,15,15,15,15,15,15
1,1,550053,0,0,0,0,0,23,29,0,0,23
1,1,550054,10,10,10,10,10,10,10,10,10,10
0,1,550055,0,0,0,0,0,0,0,0,0,0
1,1,550055,5,5,5,5,5,5,5,5,5,5
0,1,550056,22,22,22,22,22,22,22,22,22,22
1,1,550056,0,0,0,0,0,0,0,0,0,0
0,1,550057,0,0,0,0,0,0,0,0,0,0
1,1,550057,0,0,0,0,0,0,0,0,6,0
1,1,550058,24,24,24,24,24,24,24,24,24,24
2,1,550058,0,0,0,0,0,0,0,0,0,0
3,1,550058,0,0,0,0,0,0,0,0,0,0
1,1,550059,25,25,25,25,25,25,25,25,25,25
1,1,550060,27,27,27,27,27,27,27,27,27,27
2,1,550060,14,0,0,0,0,0,0,3,0,0
1,1,550061,0,0,0,0,0,0,0,0,0,0
2,1,550061,0,0,0,0,0,0,0,0,0,0
3,1,550061,0,0,0,0,0,0,0,0,0,0
1,1,550062,0,0,0,0,0,0,0,0,0,0
2,1,550062,0,0,0,0,0,0,0,0,0,0
1,1,550063,22,22,22,22,22,22,22,22,22,22
1,1,550064,28,28,28,28,28,28,28,28,28,28
1,1,550065,13,13,13,13,13,13,13,13,13,13
1,1,550066,28,28,28,28,28,28,28,28,28,28
0,1,550067,38,38,38,38,38,38,38,38,38,38
1,1,550067,0,0,0,0,0,0,0,0,0,0
1,1,550068,0,0,0,0,0,0,0,0,0,0
2,1,550068,0,0,0,0,0,0,0,0,0,0
1,1,550069,0,0,0,0,0,0,0,0,0,0
2,1,550069,26,26,26,26,26,26,26,26,26,26
1,1,550070,12,12,12,12,12,12,12,12,12,12
1,1,550071,17,17,17,17,17,17,17,17,17,17
1,1,550072,0,0,0,0,0,0,0,0,0,0
1,1,550073,0,0,0,0,0,0,0,0,0,0
1,1,550074,3,3,3,3,3,3,3,3,3,3
0,1,550075,17,17,17,17,17,17,17,17,17,17
1,1,550075,0,0,0,0,0,0,0,0,0,22
2,1,550075,0,0,0,0,0,0,0,0,0,0
1,1,550076,0,0,0,0,0,0,0,0,0,0
1,1,550077,0,0,0,0,0,0,0,0,0,0
1,1,550078,0,0,0,0,0,0,0,0,0,0
2,1,550078,0,0,0,0,0,0,0,0,0,0
1,1,550079,0,0,0,0,0,0,0,0,0,0
2,1,550079,4,0,0,0,0,0,0,0,0,0
3,1,550079,0,0,0,0,0,0,0,0,0,0
1,1,550080,0,0,0,0,0,0,0,0,0,0
1,1,550081,0,0,0,0,0,0,0,0,0,0
2,1,550081,0,0,0,0,0,0,0,0,0,0
1,1,550082,0,0,0,0,0,0,0,0,0,0
2,1,550082,0,0,0,0,0,0,0,0,0,1
1,1,550083,0,0,0,0,0,0,0,0,0,0
2,1,550083,0,0,0,0,0,0,0,0,0,0
1,1,550084,0,0,0,0,0,0,0,0,0,0
2,1,550084,0,0,0,0,0,0,0,0,0,0
1,1,550085,0,0,0,0,0,0,0,0,0,0
2,1,550085,0,0,0,0,0,0,0,0,0,0
1,1,550086,0,0,0,0,0,0,0,0,0,0
2,1,550086,0,0,0,0,0,0,0,0,0,0
1,1,550087,14,14,14,14,14,14,14,14,14,14
2,1,550087,0,0,0,0,0,0,0,0,0,16
1,1,550088,0,0,0,0,0,0,0,0,0,0
2,1,550088,5,12,4,0,7,12,0,2,9,4
1,1,550089,0,0,0,0,0,0,0,0,0,0
2,1,550089,0,0,0,0,0,0,0,0,0,0
1,1,550090,0,0,0,0,0,0,10,20,0,10
2,1,550090,27,0,0,0,0,0,0,0,26,0
1,1,550091,0,0,0,0,0,0,0,0,0,0
2,1,550091,0,0,0,0,0,0,0,0,0,0
1,1,550092,0,0,0,0,0,0,0,0,0,0
2,1,550092,0,0,0,0,0,0,0,0,0,0
1,1,550093,0,0,0,0,0,0,0,0,0,0
2,1,550093,0,0,0,0,0,0,0,0,0,0
1,1,550094,13,13,13,13,13,13,13,13,13,13
1,1,550095,0,0,0,0,0,0,0,0,0,0
2,1,550095,6,6,6,6,6,6,6,6,6,6
0,1,550096,9,9,9,9,9,9,9,9,9,9
1,1,550096,18,18,18,18,18,18,18,18,18,18
1,1,550097,38,38,38,38,38,38,38,38,38,38
1,1,550098,25,25,25,25,25,25,25,25,25,25
1,1,550099,0,0,0,0,0,0,0,0,0,0
2,1,550099,0,0,0,0,0,0,0,0,0,0
1,1,550100,0,0,0,0,0,0,0,0,0,0
2,1,550100,0,0,0,0,0,0,0,0,0,0
1,1,550101,19,19,19,19,19,19,19,19,19,19
1,1,550102,34,34,34,34,34,34,34,34,34,34
2,1,550102,0,0,0,0,0,0,0,0,0,0
3,1,550102,0,0,0,0,0,0,0,0,0,0
1,1,550103,0,0,0,0,0,0,0,0,0,0
2,1,550103,0,0,0,0,0,0,0,0,0,0
1,1,550104,0,0,0,0,0,0,0,0,0,0
2,1,550104,0,0,0,0,0,0,0,0,0,0
1,1,550105,5,5,5,5,5,5,5,5,5,5
2,1,550105,0,0,0,0,0,0,0,0,0,0
1,1,550106,7,7,7,7,7,7,7,7,7,7
1,1,550107,0,0,0,0,0,11,10,9,0,5
1,1,550108,18,18,18,18,18,18,18,18,18,18
1,1,550109,12,12,12,12,12,12,12,12,12,12
1,1,550110,26,26,26,26,26,26,26,26,26,26
2,1,550110,0,0,0,0,0,0,0,0,0,0
1,1,550111,0,0,0,0,0,0,0,0,0,0
2,1,550111,0,0,0,0,0,0,0,0,0,0
1,1,550112,30,30,30,30,30,30,30,30,30,30
0,1,550113,0,0,0,0,0,0,0,0,0,0
1,1,550113,0,0,0,0,0,0,0,0,0,0
1,1,550114,17,17,17,17,17,17,17,17,17,17
1,1,550115,0,0,0,0,0,0,0,0,0,0
2,1,550115,0,0,0,0,0,0,0,0,0,0
3,1,550115,0,0,0,0,0,0,0,0,0,0
1,1,550116,0,0,0,0,0,0,0,0,0,0
2,1,550116,0,0,0,0,0,0,0,0,0,0
1,1,550117,9,9,9,9,9,9,9,9,9,9
1,1,550118,13,13,13,13,13,13,13,13,13,13
1,1,550119,22,22,22,22,22,22,22,22,22,22
1,1,550120,0,0,0,0,0,0,0,0,0,0
2,1,550120,0,0,0,0,0,0,0,0,0,0
1,1,550121,24,24,24,24,24,24,24,24,24,24
1,1,550122,0,0,0,0,0,0,0,0,0,0
2,1,550122,0,0,0,0,0,0,0,0,0,0
1,1,550123,10,10,10,10,10,10,10,10,10,10
2,1,550123,0,0,0,0,0,0,0,0,0,0
1,1,550124,21,21,21,21,21,21,21,21,21,21
1,1,550125,0,0,0,0,0,0,0,10,0,0
1,1,550126,17,17,17,17,17,17,17,17,17,17
0,1,550127,13,0,17,0,14,22,0,0,19,0
1,1,550127,0,0,0,0,0,0,0,0,0,0
1,1,550128,0,15,0,0,0,0,0,0,8,0
1,1,550129,0,0,0,0,0,0,0,0,0,0
2,1,550129,0,0,42,0,0,0,0,0,0,0
1,1,550130,0,0,0,0,0,0,0,15,0,0
1,1,550131,0,0,0,0,0,0,0,0,0,0
0,1,550132,0,0,0,0,0,0,0,0,0,0
1,1,550132,2,2,2,2,2,2,2,2,2,2
1,1,550133,13,13,13,13,13,13,13,13,13,13
1,3,550134,0,24,0,0,0,23,18,0,0,0
1,1,550135,0,0,0,0,0,0,0,0,0,0
1,1,550136,0,0,0,0,0,0,0,0,0,0
2,1,550136,0,0,0,0,0,0,0,0,0,0
1,1,550137,16,16,16,16,16,16,16,16,16,16
2,1,550137,7,7,7,7,7,7,7,7,7,7
1,1,550138,18,18,18,18,18,18,18,18,18,18
2,1,550138,0,0,0,0,0,0,0,0,0,0
0,1,550139,0,0,0,0,0,0,0,0,0,0
1,1,550139,0,0,0,0,0,0,0,0,0,0
1,1,550140,7,7,7,7,7,7,7,7,7,7
1,1,550141,0,0,0,0,0,0,0,0,0,0
2,1,550141,0,0,0,0,0,0,0,0,0,0
1,1,550142,0,0,0,0,0,0,0,0,0,0
1,1,550143,0,0,0,0,0,0,0,0,0,0
2,1,550143,0,0,0,0,0,0,0,0,0,0
3,1,550143,0,0,0,0,0,0,0,0,0,0
1,1,550144,0,0,0,0,0,0,0,0,0,0
2,1,550144,0,0,0,0,0,0,0,0,0,0
1,1,550145,20,20,20,20,20,20,20,20,20,20
1,1,550146,19,0,0,9,0,20,0,0,23,27
1,1,550147,9,9,9,9,9,9,9,9,9,9
0,1,550148,0,0,0,0,0,0,0,0,0,0
1,1,550148,1,1,1,1,1,1,1,1,1,1
1,1,550149,27,27,27,27,27,27,27,27,27,27
1,1,550150,0,0,0,0,0,0,0,0,0,0
1,1,550151,0,0,0,0,0,0,0,0,0,0
2,1,550151,0,0,0,0,0,0,0,0,0,0
1,1,550152,7,7,7,7,7,7,7,7,7,7
2,1,550152,24,24,24,24,24,24,24,24,24,24
3,1,550152,0,0,0,6,2,0,0,0,0,8
4,1,550152,19,19,19,19,19,19,19,19,19,19
1,1,550153,0,0,0,0,0,0,0,0,0,0
0,1,550154,0,0,0,0,0,0,0,0,0,0
1,1,550154,11,0,0,0,0,13,0,5,18,0
1,1,550155,0,25,0,0,9,17,0,19,0,8
1,1,550156,24,24,24,24,24,24,24,24,24,24
1,1,550157,21,21,21,21,21,21,21,21,21,21
2,1,550157,0,0,0,0,0,0,0,0,0,0
1,1,550158,29,29,29,29,29,29,29,29,29,29