VEH_NO,PER_NO,ST_CASE,P1,P2,P3,P4,P5,P6,P7,P8,P9,P10
1,1,550478,0,0,0,0,0,0,0,0,0,0
2,1,550478,0,0,0,0,0,0,0,0,0,0
1,1,550479,23,23,23,23,23,23,23,23,23,23
1,1,550480,0,0,0,0,0,0,0,0,0,0
2,1,550480,0,0,0,0,0,0,0,0,0,0
1,1,550481,3,3,3,3,3,3,3,3,3,3
2,1,550481,0,0,0,0,0,0,0,0,0,0
1,1,550482,5,5,5,5,5,5,5,5,5,5
2,1,550482,0,0,0,0,0,0,0,0,0,0
0,1,550483,0,0,0,0,0,0,0,0,0,0
1,1,550483,0,0,0,0,0,0,0,0,0,0
1,1,550484,0,0,0,0,0,0,0,0,0,0
2,1,550484,0,0,0,0,0,0,0,0,0,0
1,1,550485,24,24,24,24,24,24,24,24,24,24
1,1,550486,0,0,0,0,0,0,0,0,5,16
1,1,550487,0,0,12,0,0,11,13,11,19,0
2,1,550487,11,11,11,11,11,11,11,11,11,11
1,1,550488,15,15,15,15,15,15,15,15,15,15
1,1,550489,0,0,0,0,0,0,0,0,0,0
2,1,550489,0,0,0,0,0,0,0,0,0,0
1,1,550490,19,19,19,19,19,19,19,19,19,19
1,1,550491,16,16,16,16,16,16,16,16,16,16
2,1,550491,0,0,0,0,0,0,0,0,0,0
0,1,550492,0,0,0,0,0,0,0,0,0,0
1,1,550492,0,0,0,0,0,0,0,0,0,0
1,1,550493,0,0,0,0,0,0,0,0,0,0
2,1,550493,0,0,0,0,0,0,0,0,0,0
1,1,550494,0,0,0,0,0,0,16,0,30,14
1,1,550495,20,20,20,20,20,20,20,20,20,20
0,1,550496,0,0,0,0,0,0,0,0,0,0
0,2,550496,0,0,0,0,0,0,0,0,0,0
1,1,550496,10,10,10,10,10,10,10,10,10,10
1,1,550497,5,5,5,5,5,5,5,5,5,5
1,1,550498,13,0,0,0,0,0,0,0,0,0
2,1,550498,0,0,0,0,0,0,6,0,0,0
3,1,550498,0,0,0,0,0,0,0,0,0,0
1,1,550499,0,0,0,0,0,0,0,0,0,0
2,1,550499,0,0,0,0,0,0,0,0,0,0
1,1,550500,25,25,25,25,25,25,25,25,25,25
1,1,550501,0,0,0,0,0,0,0,0,0,0
2,1,550501,26,26,26,26,26,26,26,26,26,26
1,1,550502,0,0,0,0,0,0,0,0,0,0
2,1,550502,0,0,0,17,0,0,0,0,0,0
0,1,550503,0,0,0,0,0,0,0,0,0,0
1,1,550503,0,0,0,0,0,0,0,0,0,0
1,1,550504,0,0,0,0,0,0,0,0,0,0
1,1,550505,0,0,0,0,0,0,0,0,0,0
1,1,550506,0,0,0,0,0,0,0,0,0,0
1,1,550507,0,0,0,0,0,0,0,0,0,0
2,1,550507,0,0,0,0,0,0,0,0,0,0
1,1,550508,21,21,21,21,21,21,21,21,21,21
2,1,550508,0,0,0,0,0,0,0,0,0,0
1,1,550509,0,0,0,0,0,0,0,0,0,0
1,1,550510,0,0,0,0,0,0,0,0,0,0
2,1,550510,0,0,0,0,0,0,0,0,0,0
1,1,550511,0,0,0,0,0,0,0,0,0,0
1,1,550512,0,0,0,0,0,0,0,0,0,0
1,1,550513,0,0,0,0,0,0,0,0,0,0
2,1,550513,0,0,0,0,0,0,0,0,0,0
1,1,550514,6,6,6,6,6,6,6,6,6,6
1,1,550515,0,0,0,0,0,0,0,0,0,0
2,1,550515,0,0,0,0,0,0,0,0,0,0
3,1,550515,0,0,0,0,0,0,0,0,0,0
1,1,550516,25,25,25,25,25,25,25,25,25,25
2,1,550516,0,0,0,0,0,0,0,0,0,0
1,1,550517,27,27,27,27,27,27,27,27,27,27
2,1,550517,19,15,10,13,8,4,6,7,10,10
1,1,550518,26,26,26,26,26,26,26,26,26,26
2,1,550518,0,0,0,0,0,0,0,0,0,0
1,1,550519,28,28,28,28,28,28,28,28,28,28
2,1,550519,0,0,0,0,0,0,0,0,0,0
0,1,550520,0,0,0,0,0,0,0,0,0,0
1,1,550520,0,0,0,0,0,0,0,0,0,0
1,1,550521,0,0,0,0,0,0,0,0,0,0
2,1,550521,0,0,0,4,0,0,22,0,0,0
1,1,550522,25,25,25,25,25,25,25,25,25,25
1,1,550523,0,0,0,0,0,0,0,0,0,0
2,1,550523,0,0,0,0,0,0,0,0,0,0
1,1,550524,19,19,19,19,19,19,19,19,19,19
1,1,550525,0,0,0,0,0,0,0,0,0,0
2,1,550525,0,0,0,0,0,0,0,0,0,0
1,1,550526,24,24,24,24,24,24,24,24,24,24
1,1,550527,0,0,0,0,3,0,0,0,0,0
2,1,550527,0,0,0,0,0,0,0,0,0,0
1,1,550528,0,0,0,0,0,0,0,0,0,0
1,1,550529,0,0,0,0,0,0,0,0,0,0
2,1,550529,0,0,0,0,0,0,0,0,0,0
1,1,550530,6,6,6,6,6,6,6,6,6,6
0,1,550531,11,11,11,11,11,11,11,11,11,11
1,1,550531,0,0,0,0,0,0,0,0,0,0
1,1,550532,0,0,0,0,9,0,0,0,0,0
2,1,550532,0,0,0,0,0,0,0,0,0,0
1,1,550533,8,8,8,8,8,8,8,8,8,8
1,1,550534,0,0,9,0,0,0,4,0,6,0
2,1,550534,0,0,0,0,0,0,0,0,0,0
3,1,550534,0,0,0,0,0,0,0,0,0,0
1,1,550535,1,1,1,1,1,1,1,1,1,1
1,1,550536,8,8,8,8,8,8,8,8,8,8
2,1,550536,0,0,5,0,0,0,0,0,11,0
1,1,550537,6,0,0,10,0,0,0,9,3,0
0,1,550538,0,0,0,0,0,0,0,0,0,0
0,2,550538,0,0,0,0,0,0,0,0,0,0
1,1,550538,0,0,0,0,0,0,0,0,0,0
1,1,550539,0,0,0,0,0,0,0,0,0,0
2,1,550539,0,0,0,0,0,0,0,0,0,0
1,1,550540,0,0,0,0,0,0,0,0,0,0
2,1,550540,0,0,0,0,0,0,0,0,0,0
1,1,550541,0,0,0,0,0,0,0,0,0,0
2,1,550541,0,0,0,0,0,0,0,0,0,0
1,1,550542,17,17,17,17,17,17,17,17,17,17
1,1,550543,15,15,15,15,15,15,15,15,15,15
0,1,550544,17,17,17,17,17,17,17,17,17,17
0,2,550544,22,8,16,15,24,41,11,7,7,23
1,1,550544,19,19,19,19,19,19,19,19,19,19
0,1,550545,19,19,19,19,19,19,19,19,19,19
1,1,550545,0,0,0,0,0,0,0,0,0,0
1,1,550546,17,17,17,17,17,17,17,17,17,17
1,1,550547,23,23,23,23,23,23,23,23,23,23
1,1,550548,16,16,16,16,16,16,16,16,16,16
1,1,550549,13,13,13,13,13,13,13,13,13,13
1,1,550550,27,27,27,27,27,27,27,27,27,27
2,1,550550,0,0,5,0,0,0,0,0,0,6
1,1,550551,0,0,0,0,0,0,0,0,0,0
2,1,550551,0,0,0,0,0,0,0,0,0,0
3,1,550551,0,0,0,0,0,0,0,0,0,0
1,1,550552,17,17,17,17,17,17,17,17,17,17
1,1,550553,0,0,0,0,0,0,0,0,0,0
2,1,550553,0,0,0,0,0,0,0,0,0,0
1,1,550554,23,23,23,23,23,23,23,23,23,23
1,1,550555,0,0,0,0,0,0,0,0,0,0
2,1,550555,0,0,0,0,0,0,0,0,0,0
1,1,550556,0,0,0,0,0,0,0,0,0,0
2,1,550556,0,0,0,0,0,0,0,0,0,0
1,1,550557,24,24,24,24,24,24,24,24,24,24
2,1,550557,0,0,0,0,0,0,0,0,0,0
1,1,550558,0,0,0,0,0,0,0,0,0,0
1,1,550559,0,0,0,0,0,14,0,0,0,0
2,1,550559,0,0,3,0,0,0,0,0,0,0
1,1,550560,21,21,21,21,21,21,21,21,21,21
1,1,550561,23,23,23,23,23,23,23,23,23,23
1,1,550562,0,0,0,0,0,0,0,0,0,0
2,1,550562,0,0,0,0,0,0,0,0,0,0
1,1,550563,0,0,0,0,0,0,0,0,0,0
2,1,550563,0,0,0,0,0,0,0,0,0,0
1,1,550564,0,0,0,0,0,0,0,0,0,0
1,1,550566,0,0,0,0,0,0,0,0,0,0
1,1,550567,21,21,21,21,21,21,21,21,21,21
1,1,550568,19,19,19,19,19,19,19,19,19,19
1,1,550569,26,26,26,26,26,26,26,26,26,26
1,1,550570,0,0,0,0,0,0,0,0,0,0
2,1,550570,0,0,0,0,0,0,0,0,0,0
1,1,550571,0,0,0,0,0,0,0,0,0,0
2,1,550571,0,0,0,0,0,0,0,0,0,0
1,1,550572,0,0,0,0,0,0,0,0,0,0
2,1,550572,0,0,0,0,0,0,0,0,0,0
1,1,550573,0,0,0,0,0,0,0,0,0,0
2,1,550573,0,0,0,0,0,0,0,0,0,0
1,1,550574,0,0,0,0,0,0,0,0,0,0
2,1,550574,17,17,17,17,17,17,17,17,17,17
1,1,550575,0,0,0,0,0,0,0,0,0,0
2,1,550575,0,0,0,0,0,0,0,0,0,0
0,1,550576,0,0,0,0,0,0,0,0,0,0
1,1,550576,0,0,0,0,0,0,0,0,0,0
1,1,550577,0,0,0,0,0,0,0,0,0,0
2,1,550577,0,0,0,0,0,0,21,0,0,0
1,1,550578,0,0,0,7,0,0,0,0,0,0
1,1,550579,0,0,0,0,0,0,0,0,0,0
2,1,550579,0,0,0,0,0,0,0,0,0,0
1,1,550580,0,0,0,0,0,0,0,0,0,14
2,1,550580,28,28,28,28,28,28,28,28,28,28
1,1,550581,0,0,0,0,0,0,0,0,0,0
1,1,550582,0,0,0,0,0,30,0,0,0,0
1,1,550583,0,0,0,0,0,0,0,0,0,0
2,1,550583,0,0,0,0,0,0,0,0,0,0
0,1,550584,0,0,0,0,0,0,0,0,0,0
1,1,550584,0,0,0,0,0,0,0,0,0,0
1,1,550585,16,16,16,16,16,16,16,16,16,16
1,1,550586,0,0,0,0,0,0,0,0,0,0
2,1,550586,0,0,0,0,0,0,0,0,0,0
3,1,550586,0,0,0,0,0,0,0,0,0,0
4,1,550586,0,0,0,0,0,0,0,0,0,0
1,1,550587,24,24,24,24,24,24,24,24,24,24
1,1,550588,17,17,17,17,17,17,17,17,17,17
1,1,550589,0,12,0,0,0,0,0,0,0,0
1,1,550590,0,0,0,0,0,0,0,0,0,0
1,1,550591,0,0,0,0,0,0,0,0,0,0
2,1,550591,6,6,6,6,6,6,6,6,6,6
1,1,550592,9,9,9,9,9,9,9,9,9,9
1,1,550593,16,16,16,16,16,16,16,16,16,16
1,1,550594,21,21,21,21,21,21,21,21,21,21
1,1,550595,0,0,0,0,0,0,0,0,0,0
1,1,550596,10,10,10,10,10,10,10,10,10,10
1,1,550597,0,0,0,0,0,0,0,0,0,0
2,1,550597,0,8,0,11,0,0,0,0,0,0
1,1,550598,21,21,21,21,21,21,21,21,21,21
1,1,550599,12,12,12,12,12,12,12,12,12,12
2,1,550599,0,0,0,0,0,0,0,0,0,0
1,1,550600,0,0,0,0,0,0,0,0,0,0
1,1,550601,0,0,0,0,0,0,0,0,0,0
2,1,550601,0,0,0,0,0,0,0,0,0,0
3,1,550601,0,0,0,0,0,0,17,0,0,0
4,1,550601,0,0,0,0,0,0,0,0,0,0
1,1,550602,0,0,0,0,0,0,0,0,0,0
2,1,550602,0,0,0,0,0,0,0,0,0,0
1,1,550603,30,30,30,30,30,30,30,30,30,30
1,1,550604,14,14,14,14,14,14,14,14,14,14
1,1,550605,17,17,17,17,17,17,17,17,17,17
1,1,550606,21,21,21,21,21,21,21,21,21,21
1,1,550607,1,1,1,1,1,1,1,1,1,1
2,1,550607,10,10,10,10,10,10,10,10,10,10
1,1,550608,0,0,0,0,0,0,0,0,0,0
1,1,550609,0,0,0,0,0,0,0,0,0,0
2,1,550609,0,0,0,0,0,0,0,0,0,0
1,1,550610,0,0,0,0,0,0,0,0,0,0
2,1,550610,0,0,0,0,0,0,0,0,0,0
1,1,550611,0,0,15,0,0,14,0,0,0,0
2,1,550611,0,0,0,0,0,0,0,0,0,0
1,1,550612,32,32,32,32,32,32,32,32,32,32
1,1,550613,18,18,18,18,18,18,18,18,18,18
1,1,550614,0,0,0,0,0,0,0,0,0,0
1,1,550615,22,22,22,22,22,22,22,22,22,22
1,1,550616,0,0,0,0,0,0,0,0,0,0
1,1,550617,17,17,17,17,17,17,17,17,17,17
1,1,550618,0,0,0,0,0,0,0,0,0,0
2,1,550618,0,0,0,0,0,0,0,0,0,0
1,1,550619,0,0,0,0,0,0,0,0,0,0
2,1,550619,0,13,52,13,13,16,6,10,0,0
1,1,550620,16,16,16,16,16,16,16,16,16,16
2,1,550620,0,0,0,0,0,0,0,0,0,0
1,1,550621,0,0,6,0,11,0,0,0,0,0
2,1,550621,0,0,0,0,0,0,0,0,0,0
3,1,550621,0,0,0,0,0,0,0,0,0,0
1,1,550622,22,22,22,22,22,22,22,22,22,22
1,1,550623,11,11,11,11,11,11,11,11,11,11
1,1,550624,13,13,13,13,13,13,13,13,13,13
0,1,550625,0,0,0,0,0,0,0,0,0,0
1,1,550625,0,0,0,0,0,0,0,0,0,0
1,1,550626,20,20,20,20,20,20,20,20,20,20
1,1,550627,0,0,0,12,0,19,0,0,15,23
1,1,550628,0,0,0,0,0,0,0,0,0,0
2,1,550628,7,7,7,7,7,7,7,7,7,7
1,1,550629,0,0,0,0,0,0,0,0,0,0
1,1,550630,0,0,0,0,0,0,0,0,0,0
2,1,550630,0,0,0,0,0,0,0,0,0,0
1,1,550631,0,0,0,0,0,0,0,0,0,0
2,1,550631,0,0,0,0,0,0,0,0,0,0
1,1,550632,0,0,0,0,0,0,0,0,0,0
2,1,550632,0,0,0,0,0,0,0,0,0,0
0,1,550633,0,0,0,0,0,0,0,0,0,0
3,1,550633,11,11,11,11,11,11,11,11,11,11
1,1,550634,0,0,0,0,0,0,0,0,0,0
2,1,550634,0,0,0,0,0,0,0,0,0,0
1,1,550635,24,24,24,24,24,24,24,24,24,24
1,1,550636,0,0,0,0,0,0,0,0,0,0
1,1,550637,12,12,12,12,12,12,12,12,12,12
0,1,550638,0,0,0,0,0,0,0,0,0,0
1,1,550638,0,0,0,0,0,0,0,0,0,0
1,1,550639,0,0,0,0,0,0,0,0,0,0
2,1,550639,0,0,0,0,0,0,0,0,0,0
1,1,550640,3,3,3,3,3,3,3,3,3,3
2,1,550640,0,0,0,0,0,0,13,0,0,0
0,1,550641,0,0,0,0,0,0,0,0,0,0
1,1,550641,0,0,0,0,0,0,0,0,0,0
1,1,550642,0,0,0,0,0,0,0,0,0,0
2,1,550642,0,0,0,0,0,0,0,0,0,0
1,1,550643,0,0,0,0,0,0,0,0,0,0
1,1,550644,0,0,0,0,0,0,0,0,0,0
2,1,550644,0,0,0,0,0,0,0,0,0,0
1,1,550645,0,0,0,0,0,0,0,0,0,0
2,1,550645,0,0,0,0,0,0,0,0,0,0
3,1,550645,0,0,0,0,0,0,0,0,0,0
1,1,550646,0,0,0,0,0,0,13,0,0,0
2,1,550646,0,0,0,0,0,0,0,0,0,0
3,1,550646,0,0,0,0,0,0,0,0,0,0
1,1,550647,0,0,0,0,0,0,0,0,0,0
2,1,550647,0,0,0,0,0,0,0,0,0,0
1,1,550648,0,0,0,0,0,0,0,0,0,0
2,1,550648,0,0,0,0,0,0,0,0,0,0
3,1,550648,0,0,0,0,0,0,0,0,0,0
1,1,550649,0,0,0,0,0,0,0,0,0,0
4,1,550649,0,0,0,0,0,0,0,0,0,0
1,1,550650,5,5,5,5,5,5,5,5,5,5
2,1,550650,19,19,19,19,19,19,19,19,19,19
3,1,550650,0,0,0,0,0,0,0,0,0,0
0,1,550651,0,0,0,0,0,0,0,0,0,0
0,2,550651,0,0,0,0,0,0,0,0,0,0
1,1,550651,14,21,23,20,27,22,11,25,25,23
1,1,550652,0,0,0,0,0,0,0,0,0,0
2,1,550652,0,0,0,0,0,0,0,0,0,0
1,1,550653,0,0,0,0,0,0,0,0,0,0
2,1,550653,0,0,0,0,0,0,0,0,0,0
1,1,550654,0,0,0,0,0,0,0,0,0,0
2,1,550654,0,0,0,0,0,0,0,0,0,0
0,1,550655,0,0,0,0,0,0,0,0,0,0
1,1,550655,0,0,0,0,0,8,0,0,0,0
1,1,550656,0,0,0,0,0,0,0,0,0,0
2,1,550656,1,1,1,1,1,1,1,1,1,1
1,1,550657,0,0,0,0,0,0,0,0,0,0
2,1,550657,0,0,0,0,0,0,0,0,0,0
3,1,550657,0,0,0,0,0,0,0,0,0,0
1,1,550658,0,0,0,0,0,0,0,0,0,0
2,1,550658,0,0,0,0,0,0,0,0,0,0
3,1,550658,0,0,0,0,0,0,0,0,0,0
1,1,550659,4,4,4,4,4,4,4,4,4,4
1,1,550660,18,18,18,18,18,18,18,18,18,18
1,1,550661,25,25,25,25,25,25,25,25,25,25
1,1,550662,0,0,0,0,0,0,0,0,0,0
1,1,550663,28,28,28,28,28,28,28,28,28,28
1,1,550664,11,14,31,20,22,12,18,18,3,16
1,1,550665,0,0,0,11,0,9,0,0,0,0
1,1,550666,25,25,25,25,25,25,25,25,25,25
1,1,550667,0,0,0,0,0,0,0,0,13,0
1,1,550668,0,0,0,0,0,0,0,0,0,0
1,1,550669,29,29,29,29,29,29,29,29,29,29
1,1,550670,22,22,22,22,22,22,22,22,22,22
1,1,550671,0,0,0,0,0,0,0,0,0,0
1,1,550672,18,18,18,18,18,18,18,18,18,18
1,1,550673,17,17,17,17,17,17,17,17,17,17
1,1,550674,0,0,0,0,0,0,0,0,0,0
0,1,550676,1,1,1,1,1,1,1,1,1,1
0,2,550676,9,0,0,0,0,0,0,0,0,0
1,1,550676,0,0,0,0,0,0,0,0,0,0
1,1,550677,15,15,15,15,15,15,15,15,15,15
0,1,550678,0,0,0,0,0,0,0,0,0,0
1,1,550678,0,0,0,0,0,0,0,0,0,0
0,1,550679,0,0,0,0,0,0,0,0,0,0
1,1,550679,0,0,0,0,0,0,0,0,0,0
1,1,560001,23,23,23,23,23,23,23,23,23,23
1,1,560002,0,0,0,0,0,0,0,0,0,0
1,1,560003,18,18,18,18,18,18,18,18,18,18
1,1,560004,0,0,0,0,0,0,0,0,0,0
2,1,560004,0,0,0,0,0,0,0,0,0,0
1,1,560005,0,0,0,0,0,0,0,0,0,0
2,1,560005,0,0,0,0,0,0,0,0,0,0
1,1,560006,0,0,0,0,0,0,0,0,0,0
1,1,560007,0,0,0,0,0,0,0,0,0,0
2,1,560007,0,0,0,0,0,0,0,0,0,0
0,1,560008,28,28,28,28,28,28,28,28,28,28
1,1,560008,0,4,0,0,0,0,0,9,0,0
1,1,560009,0,0,0,0,0,0,0,0,0,18
1,1,560010,0,0,0,0,0,0,0,0,0,0
2,1,560010,0,0,0,0,0,0,0,0,0,0
1,1,560011,29,29,29,29,29,29,29,29,29,29
2,1,560011,0,0,0,0,0,0,0,0,0,0
1,1,560012,0,0,0,0,0,0,0,0,0,0
2,1,560012,0,0,0,0,0,0,0,0,0,0
0,1,560013,0,0,0,5,0,0,0,0,0,0
1,1,560013,0,0,0,0,0,0,0,0,0,0
1,1,560014,0,0,0,0,0,0,0,0,0,0
1,1,560015,0,0,0,0,0,0,0,0,0,0
1,1,560016,0,0,0,0,0,0,0,0,0,0
1,1,560017,23,23,23,23,23,23,23,23,23,23
1,1,560018,0,0,0,0,0,0,0,0,0,0
1,1,560019,0,0,0,0,0,0,0,0,0,0
1,1,560020,0,0,0,0,0,0,0,0,0,0
1,1,560021,13,13,13,13,13,13,13,13,13,13
2,1,560021,0,0,0,0,0,0,0,0,0,0
1,1,560022,0,0,0,0,0,0,0,0,0,0
1,1,560023,0,0,0,0,0,0,0,0,0,0
1,1,560024,16,16,16,16,16,16,16,16,16,16
1,1,560025,19,19,19,19,19,19,19,19,19,19
1,1,560026,0,0,0,9,22,0,0,0,0,0
1,1,560027,10,10,10,10,10,10,10,10,10,10
1,1,560028,18,18,18,18,18,18,18,18,18,18
1,1,560029,0,0,0,0,0,0,0,0,0,0
1,1,560030,0,0,0,0,0,0,0,0,0,0
1,1,560031,0,0,0,0,0,0,0,0,0,0
1,1,560032,0,0,0,0,0,19,0,0,2,0
1,1,560033,0,0,0,0,0,0,0,0,0,0
1,1,560034,0,0,0,0,0,0,0,0,0,0
1,1,560035,0,0,0,0,0,0,0,0,0,0
1,1,560036,0,0,0,0,0,0,0,0,0,0
1,1,560037,12,12,12,12,12,12,12,12,12,12
1,1,560038,0,0,0,0,0,0,0,0,0,0
1,1,560039,23,23,23,23,23,23,23,23,23,23
1,1,560040,0,0,0,0,0,0,0,0,0,0
2,1,560040,0,0,0,0,0,0,0,0,0,0
1,1,560041,0,0,0,0,0,0,0,0,0,0
1,1,560042,12,15,10,18,17,13,22,18,17,9
1,1,560043,0,0,0,0,0,0,0,0,0,0
2,1,560043,0,0,0,0,0,0,0,0,0,0
1,1,560044,14,14,14,14,14,14,14,14,14,14
1,1,560045,0,0,0,0,0,0,0,0,0,0
2,1,560045,0,0,0,0,0,0,0,0,0,0
1,1,560046,0,0,0,0,0,0,0,0,0,0
1,1,560047,12,0,0,0,0,0,0,0,0,0
1,1,560048,0,0,17,20,0,17,0,0,0,13
1,1,560049,0,0,0,0,0,0,0,0,0,0
2,1,560049,0,0,0,0,0,0,0,0,0,0
3,1,560049,0,0,0,0,0,0,0,0,0,0
1,1,560050,20,20,20,20,20,20,20,20,20,20
1,1,560051,0,0,0,0,0,0,0,0,0,0
1,1,560052,19,19,19,19,19,19,19,19,19,19
1,1,560053,0,0,0,0,0,0,0,0,0,0
2,1,560053,25,25,25,25,25,25,25,25,25,25
1,1,560054,0,0,0,0,0,0,0,0,0,0
1,1,560055,0,0,0,0,0,0,0,13,0,0
1,1,560056,0,0,0,0,0,0,0,0,0,0
2,1,560056,0,0,0,0,0,0,0,0,0,0
1,1,560057,3,0,0,0,0,0,0,0,0,0
1,1,560058,0,0,0,0,0,0,0,0,0,0
2,1,560058,6,0,0,0,0,27,0,10,8,17
1,1,560059,11,11,11,11,11,11,11,11,11,11
1,1,560060,0,0,0,0,0,0,0,0,0,0
1,1,560061,27,27,27,27,27,27,27,27,27,27
1,1,560062,30,30,30,30,30,30,30,30,30,30
1,1,560063,23,23,23,23,23,23,23,23,23,23
0,1,560064,30,30,30,30,30,30,30,30,30,30
1,1,560064,0,0,0,0,0,0,0,0,0,0
1,1,560065,15,15,15,15,15,15,15,15,15,15
1,1,560066,0,0,0,0,0,0,0,0,0,0
1,1,560067,0,0,0,0,0,0,0,0,0,0
1,1,560068,21,21,21,21,21,21,21,21,21,21
1,1,560069,0,0,0,0,0,0,0,0,0,0
1,1,560070,16,16,16,16,16,16,16,16,16,16
1,1,560071,0,0,0,0,0,0,0,0,0,0
2,1,560071,0,0,0,0,0,0,0,0,0,0
3,1,560071,0,0,0,0,0,0,0,0,0,0
1,1,560072,19,14,10,15,28,23,17,22,13,18
1,1,560073,0,0,0,0,0,0,0,0,0,0
1,1,560074,0,0,0,0,0,0,0,0,0,0
1,1,560075,0,0,0,0,0,0,0,16,0,5
1,1,560076,20,20,20,20,20,20,20,20,20,20
1,1,560077,0,0,0,0,0,0,0,0,0,0
2,1,560077,6,0,0,0,0,0,0,0,6,0
1,1,560078,0,0,0,0,0,0,0,0,0,0
1,1,560079,0,0,0,0,0,0,0,0,0,0
1,1,560080,0,0,0,0,0,0,0,0,0,0
1,1,560081,0,0,0,0,0,0,0,0,0,0
1,1,560082,29,29,29,29,29,29,29,29,29,29
1,1,560083,0,18,0,22,0,0,0,0,0,0
1,1,560084,0,0,0,0,0,0,0,0,0,0
2,1,560084,15,0,0,0,0,0,0,0,6,0
1,1,560085,0,0,0,0,0,0,0,0,0,0
2,1,560085,0,0,0,0,0,0,0,0,0,0
1,1,560086,2,2,2,2,2,2,2,2,2,2
1,1,560087,0,0,0,0,0,0,0,0,0,0
1,1,560088,8,8,8,8,8,8,8,8,8,8
1,1,560089,21,21,21,21,21,21,21,21,21,21
1,1,560090,0,0,0,0,0,0,23,0,5,0
2,1,560090,0,0,0,10,0,0,0,0,0,0
1,1,560091,3,3,3,3,3,3,3,3,3,3
1,1,560092,11,11,11,11,11,11,11,11,11,11
2,1,560092,0,0,0,0,0,0,0,0,0,0
1,1,560093,1,1,1,1,1,1,1,1,1,1
1,1,560094,0,0,0,0,0,0,0,0,0,0
2,1,560094,0,0,0,0,0,0,0,0,0,0
1,1,560095,38,42,18,8,3,13,15,10,18,16
1,1,560096,0,0,0,0,0,0,0,0,0,0
1,1,560097,28,28,28,28,28,28,28,28,28,28
1,1,560098,8,8,8,8,8,8,8,8,8,8
1,1,560099,27,27,27,27,27,27,27,27,27,27
1,1,560100,11,11,11,11,11,11,11,11,11,11
2,1,560100,0,0,0,0,0,0,0,0,0,0
1,1,560101,0,0,0,0,0,0,0,0,0,0
1,1,560102,0,0,0,0,0,0,0,0,0,0
2,1,560102,0,0,0,0,0,0,0,0,0,0
1,1,560103,29,29,29,29,29,29,29,29,29,29
1,1,560104,0,0,0,0,0,0,0,0,0,0
1,1,560105,0,0,4,0,12,0,0,0,0,0
2,1,560105,0,0,0,0,0,0,0,0,0,0
1,1,560106,0,0,0,0,0,0,0,0,0,0
2,1,560106,0,0,0,0,0,0,0,0,0,0
1,1,560107,0,0,0,0,0,0,0,0,0,0
1,1,560108,0,0,0,0,0,0,0,0,0,0
1,1,560109,0,0,0,0,0,0,0,0,0,0
1,1,560110,0,0,0,0,0,0,0,0,0,0
2,1,560110,0,0,0,0,0,0,0,0,0,0
1,1,560111,25,25,25,25,25,25,25,25,25,25
1,1,560112,0,0,0,0,0,0,0,0,0,0
1,1,560113,0,24,0,0,6,0,0,0,24,0
1,1,560114,11,11,11,11,11,11,11,11,11,11
1,1,560115,30,30,30,30,30,30,30,30,30,30
1,1,560116,24,24,24,24,24,24,24,24,24,24
1,1,560117,1,1,1,1,1,1,1,1,1,1
2,1,560117,0,0,0,0,0,0,0,0,0,0
1,1,560118,0,0,0,0,0,0,0,0,0,0
1,1,560119,0,0,0,0,0,0,0,0,0,0
1,1,560120,16,16,16,16,16,16,16,16,16,16
1,1,560121,0,0,0,0,0,0,0,0,0,0
2,1,560121,0,0,0,0,0,0,0,0,0,0
1,1,560122,16,16,16,16,16,16,16,16,16,16
1,1,560123,23,23,23,23,23,23,23,23,23,23
1,1,560124,19,19,19,19,19,19,19,19,19,19
1,1,560125,0,0,0,0,0,0,0,0,0,0
1,1,560126,0,0,0,0,0,0,0,0,0,0
1,1,560127,0,0,0,0,0,0,0,0,0,0
2,1,560127,0,0,0,0,0,0,0,0,0,0
3,1,560127,0,0,0,0,0,0,0,0,0,0
1,1,560128,0,0,0,0,0,0,0,0,0,0
2,1,560128,0,0,0,0,0,0,0,0,0,0
1,1,560129,0,0,0,0,0,0,0,0,0,0
2,1,560129,0,0,0,0,0,0,0,0,0,0
1,1,560130,15,0,0,0,0,0,0,0,0,0
2,1,560130,0,0,0,0,0,0,0,0,0,0
1,1,560131,0,0,0,0,0,0,0,0,0,0
2,1,560131,0,0,0,0,0,0,0,0,0,0
3,1,560131,0,0,0,0,0,0,0,0,0,0
4,1,560131,0,0,0,0,0,0,0,0,0,0
5,1,560131,0,0,0,0,0,0,0,0,0,0
1,1,560132,0,0,9,0,19,26,8,10,23,26
1,1,560133,0,0,0,0,0,0,0,0,0,0
2,1,560133,0,0,0,0,0,0,0,0,0,0
1,1,560134,0,0,0,0,0,0,0,0,0,0
1,1,560135,10,16,7,15,14,11,5,7,6,16
1,1,560136,0,0,0,0,0,0,0,0,0,0
1,1,560137,0,0,0,0,0,0,0,0,0,0