VEH_NO,PER_NO,ST_CASE,P1,P2,P3,P4,P5,P6,P7,P8,P9,P10
1,1,60001,10,10,10,10,10,10,10,10,10,10
2,1,60001,9,0,0,0,0,0,0,5,0,0
0,1,60002,41,41,41,41,41,41,41,41,41,41
1,1,60002,17,0,13,8,0,12,18,11,0,3
0,1,60003,5,5,5,5,5,5,5,5,5,5
1,1,60003,15,0,0,14,17,0,0,28,17,14
1,1,60004,26,26,26,26,26,26,26,26,26,26
1,1,60005,0,0,0,0,0,0,0,0,0,0
2,1,60005,0,0,0,0,0,0,0,0,10,0
0,1,60006,0,0,0,0,0,0,0,0,0,0
1,1,60006,0,0,0,0,0,0,0,0,0,0
2,1,60006,0,0,0,0,0,0,0,0,0,0
1,1,60007,0,0,0,0,0,0,0,0,0,0
1,1,60008,0,0,0,0,0,0,0,0,0,0
1,1,60009,0,0,0,0,0,0,0,0,0,0
2,1,60009,0,0,0,0,0,0,0,0,0,0
3,1,60009,0,9,0,0,0,0,0,0,0,0
4,1,60009,0,0,0,0,0,0,0,0,0,0
1,1,60010,5,5,5,5,5,5,5,5,5,5
0,1,60011,0,0,0,0,0,0,0,0,0,0
1,1,60012,10,10,10,10,10,10,10,10,10,10
1,1,60013,25,25,25,25,25,25,25,25,25,25
2,1,60013,0,0,0,0,0,0,0,0,0,0
1,1,60014,18,18,18,18,18,18,18,18,18,18
1,1,60015,0,0,0,0,0,0,0,0,0,0
1,1,60016,1,1,1,1,1,1,1,1,1,1
1,1,60017,24,24,24,24,24,24,24,24,24,24
1,1,60018,8,0,0,0,0,0,0,0,0,0
1,1,60019,0,0,0,0,0,0,0,0,0,0
1,1,60020,11,11,11,11,11,11,11,11,11,11
2,1,60020,0,0,0,0,0,35,0,0,0,0
1,1,60021,0,0,0,0,0,0,0,0,0,0
2,1,60021,0,0,0,0,0,0,0,0,0,0
3,1,60021,0,0,0,0,0,0,0,0,0,0
1,1,60022,1,1,1,1,1,1,1,1,1,1
1,1,60023,14,14,14,14,14,14,14,14,14,14
1,1,60024,13,13,13,13,13,13,13,13,13,13
1,1,60025,10,10,10,10,10,10,10,10,10,10
2,1,60025,0,0,0,0,0,0,9,0,7,0
1,1,60026,0,0,0,8,0,0,0,0,0,0
1,1,60027,0,0,8,0,0,0,0,0,0,0
1,1,60028,0,0,0,0,0,0,0,0,0,0
1,1,60029,0,0,0,0,0,0,0,0,0,0
1,1,60030,0,0,0,0,0,0,0,0,0,11
2,1,60030,0,0,0,0,0,0,0,0,0,0
1,1,60031,14,14,14,14,14,14,14,14,14,14
0,1,60032,21,21,21,21,21,21,21,21,21,21
1,1,60032,0,0,0,0,0,0,0,0,0,13
1,1,60033,0,0,0,0,0,0,0,0,0,0
1,1,60034,0,0,0,0,0,0,0,0,0,0
1,1,60035,24,24,24,24,24,24,24,24,24,24
1,1,60036,0,0,0,0,0,0,0,0,0,0
2,1,60036,0,0,0,0,0,0,0,0,0,0
1,1,60037,0,0,0,0,0,0,0,0,0,0
2,1,60037,0,0,0,4,0,0,0,0,0,0
0,1,60038,0,0,0,0,0,0,0,0,0,0
1,1,60038,0,0,0,0,0,0,0,0,0,6
1,1,60039,0,0,0,0,0,0,0,0,0,0
1,1,60040,0,0,0,0,0,0,0,0,0,0
2,1,60040,0,0,0,0,0,0,0,0,0,0
1,1,60041,0,0,0,0,0,0,0,17,0,0
1,1,60042,0,0,0,0,0,0,0,0,0,0
1,1,60043,0,0,0,0,0,0,0,0,0,0
1,1,60044,0,0,0,0,0,0,0,0,0,0
2,1,60044,0,0,0,0,0,0,0,0,0,0
1,1,60045,29,20,18,18,31,23,8,26,8,10
1,1,60046,15,15,15,15,15,15,15,15,15,15
1,1,60047,12,12,12,12,12,12,12,12,12,12
1,1,60048,0,0,0,0,0,0,0,0,0,0
1,1,60049,0,0,0,0,0,0,0,0,0,0
2,1,60049,0,0,0,0,0,0,0,0,0,0
0,1,60050,0,0,0,0,0,0,0,0,0,0
1,1,60050,0,0,0,0,0,0,0,0,0,0
0,1,60051,0,0,0,0,0,0,0,0,0,0
1,1,60051,0,0,0,0,0,0,0,0,0,0
0,1,60052,0,0,0,0,0,0,0,0,0,0
1,1,60052,0,0,0,0,0,0,0,0,0,0
1,1,60053,0,0,0,0,0,0,0,0,0,0
2,1,60053,0,0,0,0,0,0,0,0,0,0
1,1,60054,0,0,0,0,0,0,0,0,0,0
1,1,60055,0,0,0,0,0,0,0,0,0,0
0,1,60056,0,0,0,0,0,0,0,0,0,0
1,1,60056,0,0,0,0,0,0,0,0,0,0
1,1,60057,0,0,0,0,6,0,0,0,3,0
1,1,60058,5,3,37,29,32,23,18,21,0,6
1,1,60059,28,28,28,28,28,28,28,28,28,28
1,1,60060,20,20,20,20,20,20,20,20,20,20
1,1,60061,0,0,0,0,0,0,0,0,0,0
0,1,60062,0,0,0,0,0,0,0,0,0,0
1,1,60062,0,20,0,0,0,19,0,0,0,10
1,1,60063,13,13,13,13,13,13,13,13,13,13
1,1,60064,0,0,0,0,0,0,0,0,0,0
1,1,60065,5,5,5,5,5,5,5,5,5,5
1,1,60066,0,7,0,0,0,0,0,0,0,0
2,1,60066,0,0,0,0,0,0,0,0,0,0
0,1,60067,16,16,16,16,16,16,16,16,16,16
1,1,60067,0,0,0,10,0,0,0,0,0,0
1,1,60068,0,0,0,0,0,0,0,0,0,0
2,1,60068,0,0,0,0,0,0,0,0,0,0
1,1,60069,0,0,0,0,0,0,0,0,0,0
2,1,60069,0,0,0,0,0,0,0,0,0,0
1,1,60070,0,0,0,0,0,0,0,0,0,0
1,1,60071,0,0,0,0,0,0,0,0,0,0
2,1,60071,0,0,0,0,0,0,0,0,0,0
1,1,60072,29,29,29,29,29,29,29,29,29,29
1,1,60073,0,0,0,0,0,0,0,0,0,0
1,1,60074,0,0,0,0,0,0,0,0,0,0
0,1,60075,0,0,0,0,0,0,0,0,0,0
1,1,60075,5,3,0,3,0,15,0,16,4,0
1,1,60076,0,0,0,0,0,0,0,0,0,0
1,1,60077,0,0,0,0,0,0,0,0,0,0
1,1,60078,0,0,0,0,0,0,0,0,0,0
2,1,60078,0,0,0,0,0,0,0,0,0,0
0,1,60079,0,0,0,0,0,0,0,0,0,0
1,1,60079,0,0,0,0,0,0,0,0,0,0
1,1,60080,0,0,0,0,0,0,0,0,0,0
1,1,60081,13,13,13,13,13,13,13,13,13,13
1,1,60082,18,18,18,18,18,18,18,18,18,18
1,1,60083,0,0,0,0,0,0,0,0,0,0
1,1,60084,7,7,7,7,7,7,7,7,7,7
1,1,60085,0,0,0,0,0,0,0,0,0,0
2,1,60085,0,0,0,0,0,0,0,0,0,0
1,1,60086,0,0,0,0,0,0,0,0,0,0
1,1,60087,13,13,13,13,13,13,13,13,13,13
1,1,60088,1,1,1,1,1,1,1,1,1,1
1,1,60090,0,0,0,0,0,0,0,0,0,0
2,1,60090,0,0,0,0,0,0,0,0,0,0
3,1,60090,0,0,0,0,0,0,0,0,0,0
1,1,60091,0,0,0,0,0,0,0,0,0,0
2,1,60091,0,0,0,0,0,0,0,0,0,0
3,1,60091,0,0,0,0,0,0,0,0,0,0
0,1,60092,10,10,10,10,10,10,10,10,10,10
1,1,60092,0,0,0,0,0,0,0,0,0,0
1,1,60093,7,7,7,7,7,7,7,7,7,7
0,1,60094,0,10,0,25,0,0,20,0,0,0
1,1,60094,0,0,0,0,0,0,0,0,0,0
1,1,60095,0,0,0,0,0,0,0,0,0,0
2,1,60095,0,0,0,0,0,0,0,0,0,0
1,1,60096,0,0,0,0,0,0,0,0,0,0
2,1,60096,0,0,0,0,0,0,0,0,0,0
1,1,60097,0,0,0,0,0,0,0,0,0,0
2,1,60097,0,0,0,0,0,0,0,0,0,0
3,1,60097,0,0,0,0,0,0,0,0,0,0
4,1,60097,0,0,0,0,0,0,0,0,0,0
1,1,60098,28,28,28,28,28,28,28,28,28,28
1,1,60099,0,0,0,0,0,0,0,0,0,0
2,1,60099,0,0,0,0,0,0,0,0,0,0
3,1,60099,0,0,0,0,0,0,0,0,0,0
1,1,60100,0,0,0,0,0,0,0,0,0,0
2,1,60100,0,0,0,0,0,0,0,0,0,0
3,1,60100,0,0,0,0,0,0,0,0,0,0
1,1,60101,0,0,0,0,0,0,0,0,0,0
2,1,60101,10,10,10,10,10,10,10,10,10,10
1,1,60102,16,16,16,16,16,16,16,16,16,16
2,1,60102,1,1,1,1,1,1,1,1,1,1
0,1,60103,0,0,0,0,0,0,0,0,0,0
1,1,60103,0,0,0,9,0,0,0,0,0,0
0,1,60104,0,0,0,0,0,0,0,0,0,0
1,1,60104,0,0,0,0,0,0,0,0,0,0
1,1,60105,21,21,21,21,21,21,21,21,21,21
0,1,60106,0,0,0,0,0,0,0,0,0,0
1,1,60106,0,0,0,0,0,0,0,0,0,0
1,1,60107,18,12,15,17,0,11,12,14,15,16
1,1,60108,17,17,17,17,17,17,17,17,17,17
1,1,60109,0,0,0,0,0,0,0,0,0,0
2,1,60109,0,0,0,0,0,0,0,0,0,0
3,1,60109,0,0,0,0,0,0,0,0,0,0
1,1,60110,12,12,12,12,12,12,12,12,12,12
2,1,60110,0,0,0,0,0,0,0,0,0,0
3,1,60110,0,0,6,0,0,0,0,0,0,0
4,1,60110,0,0,0,0,0,0,0,0,0,0
1,1,60111,0,0,0,0,0,7,0,0,0,3
1,1,60112,0,0,0,0,0,0,0,0,0,0
2,1,60112,0,0,0,0,0,0,0,0,0,0
3,1,60112,0,0,0,0,0,0,0,0,0,0
1,1,60113,0,0,0,0,0,0,0,0,0,0
2,1,60113,0,0,0,0,0,0,0,0,0,0
3,1,60113,0,0,0,0,0,0,0,0,0,4
1,1,60114,15,15,15,15,15,15,15,15,15,15
1,1,60115,0,0,0,0,0,0,0,0,0,0
2,1,60115,0,0,8,0,0,0,0,0,0,0
0,1,60116,0,0,0,0,0,0,0,0,0,0
1,1,60116,0,0,0,0,0,0,0,0,0,0
1,1,60117,0,0,0,0,0,0,0,0,0,0
2,1,60117,0,0,0,0,0,0,0,0,0,0
1,1,60118,30,30,30,30,30,30,30,30,30,30
2,1,60118,0,0,0,0,0,0,0,0,4,0
1,1,60119,0,0,0,0,0,0,0,0,0,0
2,1,60119,0,0,0,0,0,0,0,0,0,0
1,1,60120,0,0,0,0,0,0,0,0,0,0
1,1,60121,0,0,0,0,0,0,0,0,0,0
2,1,60121,0,0,0,0,0,0,0,0,0,0
3,1,60121,0,0,0,0,0,0,0,0,0,0
1,1,60122,0,0,0,0,0,0,0,0,0,0
2,1,60122,0,0,0,0,0,0,0,0,0,0
3,1,60122,0,0,0,0,0,0,0,0,0,0
1,1,60123,0,0,0,0,0,0,0,0,0,0
2,1,60123,0,0,0,0,0,0,0,0,0,0
1,1,60124,0,0,0,0,0,0,0,0,0,0
2,1,60124,0,0,0,0,0,0,0,0,0,0
3,1,60124,0,0,0,0,0,0,0,0,0,0
1,1,60125,0,0,0,0,0,0,0,0,0,0
0,1,60126,22,22,22,22,22,22,22,22,22,22
1,1,60126,0,0,0,0,0,0,0,0,0,0
0,1,60127,4,4,4,4,4,4,4,4,4,4
1,1,60127,8,7,0,11,17,15,11,9,0,5
2,1,60127,0,0,0,6,0,0,0,0,0,0
0,1,60128,0,0,0,0,0,0,0,0,0,0
1,1,60128,1,1,1,1,1,1,1,1,1,1
0,1,60129,31,31,31,31,31,31,31,31,31,31
1,1,60129,0,0,0,0,0,0,0,0,0,0
1,1,60130,0,0,0,0,0,0,0,0,0,0
0,1,60131,0,0,0,0,0,0,0,0,0,0
1,1,60131,0,0,0,0,0,0,0,0,0,0
0,1,60132,0,0,0,0,0,0,0,0,0,0
1,1,60132,0,0,0,0,0,12,0,9,0,0
1,1,60133,11,11,11,11,11,11,11,11,11,11
1,1,60134,0,0,0,0,0,0,0,0,0,0
1,1,60135,1,1,1,1,1,1,1,1,1,1
2,1,60135,0,0,0,0,0,0,0,0,0,0
1,1,60136,0,0,0,0,0,0,3,0,0,0
2,1,60136,3,3,3,3,3,3,3,3,3,3
1,1,60137,0,0,0,0,0,0,0,0,0,0
2,1,60137,0,0,3,0,0,0,0,0,0,0
1,1,60138,11,11,11,11,11,11,11,11,11,11
2,1,60138,0,0,5,0,0,0,0,0,0,0
1,1,60139,0,0,0,7,0,0,0,0,0,0
1,1,60140,0,0,0,0,0,0,0,0,0,0
2,1,60140,0,0,0,0,0,0,0,0,0,0
3,1,60140,0,0,0,0,0,0,0,0,0,0
1,1,60141,0,0,0,0,0,0,0,0,0,0
0,1,60142,0,0,0,0,0,0,0,0,0,0
1,1,60142,0,0,0,0,0,0,0,15,0,0
0,1,60143,0,0,0,20,0,0,0,0,0,0
1,1,60143,0,8,0,0,0,0,0,0,0,0
1,1,60144,0,0,0,0,0,0,0,0,0,0
2,1,60144,5,5,5,5,5,5,5,5,5,5
0,1,60145,0,0,0,0,0,0,0,0,0,0
1,1,60145,0,0,0,0,0,0,5,0,0,23
1,1,60146,0,0,0,0,0,7,0,19,0,0
2,1,60146,0,0,0,0,0,0,0,0,0,0
0,1,60147,35,35,35,35,35,35,35,35,35,35
1,1,60147,0,0,0,0,0,0,0,0,0,0
1,1,60148,0,0,0,0,0,0,0,0,0,0
0,1,60149,0,0,10,0,0,0,0,0,0,0
0,2,60149,0,0,0,0,0,0,0,0,0,0
1,1,60149,0,0,0,0,0,0,0,0,0,0
1,1,60150,22,22,22,22,22,22,22,22,22,22
2,1,60150,0,0,0,0,0,0,0,0,0,0
1,1,60151,3,3,3,3,3,3,3,3,3,3
1,1,60152,0,0,15,0,0,0,0,0,0,0
1,1,60153,0,0,0,0,0,0,0,0,0,0
1,1,60154,0,0,0,0,0,0,0,0,0,0
2,1,60154,0,0,0,0,0,0,0,0,0,0
1,1,60155,0,0,0,0,0,0,0,0,0,0
1,1,60156,0,0,0,0,0,0,0,0,0,0
1,1,60157,0,0,0,0,0,0,0,0,0,0
1,1,60158,0,0,0,0,0,0,0,0,0,24
1,1,60159,0,0,5,0,0,0,0,0,0,0
2,1,60159,0,0,14,0,0,0,0,0,0,11
3,1,60159,0,0,0,0,7,0,0,4,0,0
1,1,60160,0,0,0,0,0,0,0,0,0,0
0,1,60161,26,26,26,26,26,26,26,26,26,26
1,1,60161,11,10,20,2,19,6,12,7,18,3
1,1,60162,16,16,16,16,16,16,16,16,16,16
2,1,60162,0,0,0,0,0,0,0,0,0,0
0,1,60163,0,0,0,0,0,0,0,0,0,0
1,1,60163,0,0,0,0,0,0,0,0,0,0
1,1,60164,14,14,14,14,14,14,14,14,14,14
1,1,60165,10,10,10,10,10,10,10,10,10,10
1,1,60166,0,0,0,0,0,0,0,0,0,0
0,1,60167,14,0,0,0,0,0,0,0,0,0
1,1,60167,20,20,20,20,20,20,20,20,20,20
2,1,60167,0,0,0,0,0,0,0,0,10,0
1,1,60168,0,0,0,0,0,0,0,0,0,0
2,1,60168,0,0,0,0,0,0,0,0,0,0
0,1,60169,0,0,0,0,0,0,0,0,0,0
1,1,60169,0,0,0,0,0,0,0,0,0,0
1,1,60170,0,0,0,0,0,0,0,0,0,0
2,1,60170,0,0,0,0,0,0,0,0,0,0
1,1,60171,20,20,20,20,20,20,20,20,20,20
2,1,60171,0,0,0,0,0,0,0,0,0,0
0,1,60172,0,0,0,0,0,0,0,0,0,0
1,1,60172,0,31,0,0,4,0,6,14,16,4
1,1,60173,0,0,0,0,0,0,0,0,0,0
2,1,60173,0,0,0,0,0,0,0,0,0,0
1,1,60174,0,0,0,0,0,0,0,0,0,0
2,1,60174,0,0,0,0,0,0,0,0,0,0
1,1,60175,0,0,0,0,0,0,0,0,0,0
2,1,60175,0,0,0,0,0,0,0,0,0,0
1,1,60176,0,0,0,0,0,0,0,0,0,0
1,1,60177,0,0,0,0,0,0,0,0,0,0
1,1,60178,0,0,0,0,0,0,0,0,0,0
1,1,60179,23,23,23,23,23,23,23,23,23,23
1,1,60180,17,17,17,17,17,17,17,17,17,17
0,1,60181,0,0,0,0,0,0,0,0,0,0
1,1,60181,4,4,4,4,4,4,4,4,4,4
0,1,60182,14,14,14,14,14,14,14,14,14,14
1,1,60182,0,0,0,0,0,0,0,0,0,0
1,1,60183,0,0,0,0,0,0,0,0,0,0
1,1,60184,0,0,0,0,0,0,0,0,0,0
2,1,60184,0,0,0,0,0,0,0,0,0,10
1,1,60185,22,22,22,22,22,22,22,22,22,22
1,1,60186,0,0,0,0,0,0,0,0,0,0
1,1,60187,11,11,11,11,11,11,11,11,11,11
1,1,60188,0,0,0,0,0,0,0,0,0,0
2,1,60188,0,0,0,0,0,0,0,0,0,0
1,1,60189,0,0,0,0,0,0,0,0,0,0
1,1,60190,0,0,0,0,0,0,0,3,0,0
1,1,60191,0,0,0,0,0,0,0,0,0,0
0,1,60192,0,0,0,0,0,0,0,0,0,0
1,1,60192,0,0,0,0,0,0,0,0,0,0
2,1,60192,0,0,0,0,0,0,0,0,0,0
1,1,60193,22,22,22,22,22,22,22,22,22,22
1,1,60194,16,16,16,16,16,16,16,16,16,16
1,1,60195,0,0,0,0,0,0,0,0,0,0
0,1,60196,0,0,16,0,0,0,0,0,0,0
1,1,60196,0,0,0,0,0,0,0,0,0,0
1,1,60197,19,19,19,19,19,19,19,19,19,19
1,1,60198,16,16,16,16,16,16,16,16,16,16
0,1,60199,0,0,0,0,0,0,0,0,0,0
1,1,60199,0,0,0,0,0,0,0,0,0,0
1,1,60200,0,0,0,0,0,0,0,0,0,0
2,1,60200,0,0,0,0,0,0,0,0,0,0
1,1,60201,0,0,0,0,0,0,0,0,0,0
1,1,60202,15,14,20,37,26,21,15,14,10,5
0,1,60203,0,0,0,0,0,0,0,0,0,0
1,1,60203,20,20,20,20,20,20,20,20,20,20
1,1,60204,0,0,0,0,0,0,0,0,0,0
2,1,60204,0,0,0,0,0,0,0,0,0,0
0,1,60205,0,0,0,0,0,0,0,0,0,0
1,1,60205,0,0,0,0,0,0,19,28,0,8
1,1,60206,0,0,0,0,0,0,0,0,0,0
1,1,60207,0,0,0,0,0,0,0,0,0,0
1,1,60208,0,0,0,0,0,0,0,0,0,0
1,1,60209,9,9,9,9,9,9,9,9,9,9
2,1,60209,0,0,0,0,7,0,0,0,0,0
0,1,60210,0,0,0,0,0,0,0,0,0,0
1,1,60210,0,0,0,0,0,0,0,0,0,0
1,1,60211,0,0,0,0,0,0,0,0,0,0
2,1,60211,0,0,0,0,0,0,0,0,0,0
1,1,60212,0,0,0,0,0,0,0,0,0,0
2,1,60212,0,0,0,0,0,0,0,0,0,0
1,1,60213,0,0,0,0,0,0,0,0,0,0
0,1,60214,6,6,6,6,6,6,6,6,6,6
1,1,60214,0,0,0,0,0,0,0,0,0,0
1,1,60215,18,18,18,18,18,18,18,18,18,18
1,1,60216,49,49,49,49,49,49,49,49,49,49
0,1,60217,0,0,0,0,0,0,0,0,0,0
1,1,60217,16,16,0,2,0,0,15,16,0,0
1,1,60218,20,20,20,20,20,20,20,20,20,20
1,1,60219,0,0,0,0,0,0,0,0,0,0
2,1,60219,0,0,0,0,0,0,0,0,0,0
1,1,60220,20,20,20,20,20,20,20,20,20,20
2,1,60220,0,0,0,0,0,0,0,0,0,0
1,1,60221,0,0,0,0,0,0,0,0,0,0
1,1,60222,0,0,0,0,0,0,0,0,0,0
0,1,60223,0,0,0,0,0,0,0,0,0,0
1,1,60223,0,0,0,0,0,0,0,0,0,0
1,1,60224,0,0,0,0,0,0,0,0,0,0
2,1,60224,0,0,0,0,0,0,0,0,0,0
1,1,60225,15,15,15,15,15,15,15,15,15,15
1,1,60226,12,12,12,12,12,12,12,12,12,12
2,1,60226,0,0,0,0,0,0,0,12,0,0
1,1,60227,0,0,0,0,0,0,0,0,0,0
2,1,60227,0,0,0,0,0,0,0,0,0,0
1,1,60228,0,0,0,0,0,0,0,0,0,0
2,1,60228,0,0,0,0,0,0,0,0,0,0
0,1,60229,0,0,0,0,0,0,0,0,0,0
1,1,60229,0,0,0,0,17,0,0,0,0,0
0,1,60230,18,18,18,18,18,18,18,18,18,18
1,1,60230,1,1,1,1,1,1,1,1,1,1
0,1,60231,0,0,0,0,0,0,0,0,0,0
1,1,60231,0,0,0,0,0,0,0,0,0,12
2,1,60231,0,0,0,0,0,0,0,0,0,0
1,1,60232,11,0,0,0,11,0,33,0,9,13
1,1,60233,0,0,0,0,0,0,0,0,0,0
0,1,60234,7,7,7,7,7,7,7,7,7,7
1,1,60234,0,0,0,0,0,0,0,0,0,0
1,1,60235,0,0,0,0,0,0,0,0,0,0
0,1,60236,0,0,0,0,0,0,0,0,0,0
1,1,60236,0,0,0,0,0,0,0,0,0,0
1,1,60237,0,0,0,0,0,0,0,0,0,0
2,1,60237,0,0,0,0,21,0,0,0,0,0
3,1,60237,0,0,0,0,0,0,0,0,0,0
1,1,60238,12,12,12,12,12,12,12,12,12,12
2,1,60238,0,0,0,0,0,0,0,0,0,0
0,1,60239,20,20,20,20,20,20,20,20,20,20
1,1,60239,0,0,0,0,0,0,0,0,0,0
1,1,60240,0,0,0,0,0,0,0,0,0,0
1,1,60241,0,0,0,0,0,0,0,0,0,0
1,1,60242,2,2,2,2,2,2,2,2,2,2
2,1,60242,0,0,0,0,3,0,0,0,0,0
1,1,60243,22,22,22,22,22,22,22,22,22,22
2,1,60243,0,0,0,0,0,0,0,0,0,0
1,1,60244,0,0,0,0,0,0,0,0,0,0
1,1,60245,42,30,24,17,23,12,39,33,4,16
1,1,60246,11,11,11,11,11,11,11,11,11,11
1,1,60247,20,20,20,20,20,20,20,20,20,20
1,1,60248,7,7,7,7,7,7,7,7,7,7
2,1,60248,0,0,0,0,0,0,0,0,8,0
1,1,60249,18,18,18,18,18,18,18,18,18,18
2,1,60249,0,0,0,0,0,0,0,0,0,0
0,1,60250,23,23,23,23,23,23,23,23,23,23
1,1,60250,0,0,0,0,0,0,0,0,0,0
1,1,60251,3,3,3,3,3,3,3,3,3,3
1,1,60252,0,0,0,0,0,0,0,0,0,0
2,1,60252,0,0,0,0,0,0,0,0,0,0
0,1,60253,0,0,0,0,0,0,0,0,0,0
1,1,60253,0,0,0,0,0,0,0,0,0,0
1,1,60254,13,13,13,13,13,13,13,13,13,13
1,1,60255,0,0,0,0,0,0,0,0,0,0
1,1,60256,0,0,0,0,0,0,0,0,0,0
1,1,60257,18,18,18,18,18,18,18,18,18,18
1,1,60258,22,22,22,22,22,22,22,22,22,22
1,1,60259,0,0,0,0,0,0,0,0,0,0
2,1,60259,0,0,0,0,0,0,0,0,0,0
1,1,60260,9,9,9,9,9,9,9,9,9,9
2,1,60260,0,0,0,0,0,0,0,0,0,0
1,1,60261,0,0,0,0,0,0,0,0,0,0
1,1,60262,15,15,15,15,15,15,15,15,15,15
2,1,60262,0,0,0,0,0,0,0,0,0,0
1,1,60263,24,24,24,24,24,24,24,24,24,24
2,1,60263,0,0,0,0,0,0,0,0,0,0
1,1,60264,0,0,0,0,0,0,0,0,0,0
1,1,60265,0,0,0,0,0,0,0,0,0,0
2,1,60265,25,25,25,25,25,25,25,25,25,25
1,1,60266,0,0,0,0,2,18,0,0,0,0
2,1,60266,0,0,0,0,0,0,0,0,0,0
1,1,60267,0,0,0,0,0,0,0,0,0,0
2,1,60267,0,0,0,0,0,0,0,0,0,0
1,1,60268,0,0,0,0,0,0,0,0,0,0
2,1,60268,0,0,0,0,0,0,0,0,0,0
1,1,60269,0,0,0,0,0,0,0,0,0,0
0,1,60270,20,20,20,20,20,20,20,20,20,20
1,1,60270,0,0,0,0,0,0,0,0,0,0
1,1,60271,0,0,0,0,0,0,0,0,0,0
2,1,60271,0,0,0,0,0,0,0,0,0,0
1,1,60272,0,0,0,0,0,0,0,0,0,0
2,1,60272,0,0,0,0,0,0,0,0,0,0
1,1,60273,0,0,0,0,0,0,0,0,0,0
0,1,60274,0,0,0,0,0,0,0,0,0,0
1,1,60274,0,0,0,0,0,0,0,12,0,0
1,1,60275,0,0,0,0,0,0,0,0,0,0
1,1,60276,20,20,20,20,20,20,20,20,20,20
2,1,60276,0,0,0,0,0,0,0,0,0,0
1,1,60277,0,0,0,0,0,0,0,0,0,0
1,1,60278,4,0,3,11,0,33,0,5,10,0
2,1,60278,0,0,0,0,0,0,0,0,0,0
3,1,60278,0,0,0,0,0,0,0,0,0,0
1,1,60279,15,13,16,22,33,22,16,5,12,12
1,1,60280,17,17,17,17,17,17,17,17,17,17
2,1,60280,17,17,17,17,17,17,17,17,17,17
1,1,60281,26,15,17,9,18,24,30,18,18,13
2,1,60281,0,0,0,0,0,0,0,0,0,0
0,1,60282,0,0,0,0,0,0,0,0,0,0
0,2,60282,0,0,0,0,0,16,0,0,0,0
1,1,60282,3,3,3,3,3,3,3,3,3,3
1,1,60283,0,0,0,0,0,0,0,0,0,0
2,1,60283,0,0,0,0,0,0,0,0,0,0
1,1,60284,0,0,0,0,0,0,0,0,0,0
1,1,60285,0,0,0,0,0,0,0,0,0,0
1,1,60286,25,25,25,25,25,25,25,25,25,25
1,1,60287,0,0,0,0,0,0,0,0,0,0
1,1,60288,0,0,0,0,0,0,0,0,0,0
1,1,60289,0,0,0,31,0,16,0,0,0,0
1,1,60290,0,0,0,0,0,0,0,0,0,0
1,1,60291,0,0,0,0,0,0,0,0,0,0
2,1,60291,0,0,0,0,0,0,0,0,0,0
1,1,60292,4,4,4,4,4,4,4,4,4,4
2,1,60292,0,18,0,0,0,0,0,0,0,0
1,1,60293,0,0,0,0,0,0,0,0,0,0
2,1,60293,0,0,0,0,0,0,0,0,0,0
3,1,60293,0,0,0,0,0,0,0,0,0,0
0,1,60294,0,0,0,0,0,0,0,0,0,0
1,1,60294,11,2,2,0,9,3,4,5,17,4
2,1,60294,4,5,0,2,10,4,19,10,0,7
3,1,60294,4,9,5,5,2,4,12,14,9,5
1,1,60295,0,0,0,0,0,0,0,0,0,0
2,1,60295,0,0,9,0,0,0,0,0,0,0
3,1,60295,0,0,0,20,0,0,0,0,0,15
0,1,60296,0,0,0,0,0,0,0,0,0,0
1,1,60296,0,0,0,0,0,0,0,0,0,0
0,1,60297,0,0,0,0,0,0,0,0,0,0
0,2,60297,0,0,0,0,0,0,0,0,0,0
1,1,60297,0,20,0,0,0,0,0,0,0,0
1,1,60298,11,11,11,11,11,11,11,11,11,11
2,1,60298,0,0,0,0,0,0,0,0,0,0
3,1,60298,0,0,0,0,0,0,0,0,0,0
1,1,60299,20,20,20,20,20,20,20,20,20,20
2,1,60299,0,0,0,0,0,0,0,0,0,0
1,1,60300,21,21,21,21,21,21,21,21,21,21
2,1,60300,0,0,0,0,0,0,0,0,0,0
1,1,60301,0,0,0,0,0,0,0,0,0,0
2,1,60301,0,0,0,0,0,0,0,0,0,0
1,1,60302,0,0,0,0,0,0,0,0,0,0
2,1,60302,2,2,2,2,2,2,2,2,2,2
1,1,60303,0,0,0,0,0,0,0,0,0,0
2,1,60303,0,0,0,0,0,0,0,0,0,10
1,1,60304,9,9,9,9,9,9,9,9,9,9
2,1,60304,0,0,0,0,0,0,0,0,0,0
1,1,60305,21,21,21,21,21,21,21,21,21,21
2,1,60305,0,0,0,0,0,0,0,0,0,0
1,1,60306,22,22,22,22,22,22,22,22,22,22
2,1,60306,0,0,0,0,0,0,0,0,0,0
1,1,60307,12,12,12,12,12,12,12,12,12,12
1,1,60308,0,0,0,0,0,0,0,0,0,0
2,1,60308,0,0,0,0,0,0,0,0,0,0
1,1,60309,13,13,13,13,13,13,13,13,13,13
2,1,60309,0,0,0,0,0,0,0,0,0,0
1,1,60310,0,0,0,8,0,0,19,0,12,0
2,1,60310,0,0,0,0,0,0,0,0,0,0
0,1,60311,0,0,0,0,0,0,0,0,0,0
1,1,60311,0,0,0,0,0,0,0,0,0,0
1,1,60312,0,0,0,0,0,0,0,0,0,0
1,1,60313,21,21,21,21,21,21,21,21,21,21
1,1,60314,12,12,12,12,12,12,12,12,12,12
1,1,60315,0,0,0,0,0,0,0,0,0,0
0,1,60316,18,18,18,18,18,18,18,18,18,18
1,1,60316,0,0,0,0,0,0,0,0,0,0
1,1,60317,0,0,0,0,0,0,0,0,0,0
2,1,60317,0,0,0,0,0,0,0,0,0,0
1,1,60318,0,0,0,0,0,0,0,0,0,0
1,1,60319,0,0,0,0,0,0,11,0,0,0
1,1,60320,0,0,0,0,0,0,0,0,0,0
1,1,60321,15,15,15,15,15,15,15,15,15,15
2,1,60321,0,0,0,0,0,0,0,0,0,0
1,1,60322,0,0,0,0,0,0,0,0,0,0
2,1,60322,0,0,0,0,0,0,0,9,0,0
1,1,60323,30,30,30,30,30,30,30,30,30,30