VEH_NO,PER_NO,ST_CASE,P1,P2,P3,P4,P5,P6,P7,P8,P9,P10
2,1,60323,0,0,0,0,0,0,0,0,0,0
1,1,60324,0,0,0,0,0,0,0,0,0,0
2,1,60324,0,0,0,0,0,0,0,0,0,0
0,1,60325,0,0,0,0,0,0,0,0,0,0
1,1,60325,1,1,1,1,1,1,1,1,1,1
1,1,60326,0,0,0,0,0,0,0,0,0,0
2,1,60326,0,0,0,0,0,0,0,0,0,0
0,1,60327,0,0,0,0,0,0,0,0,0,0
1,1,60327,0,0,0,6,0,0,0,0,0,0
1,1,60328,21,21,21,21,21,21,21,21,21,21
0,1,60329,0,0,0,0,0,0,0,0,0,0
1,1,60329,0,0,0,0,0,14,7,0,0,0
2,1,60329,0,0,3,10,2,6,2,2,13,4
1,1,60330,0,0,0,0,0,0,0,0,0,0
1,1,60331,0,0,0,0,0,0,0,0,0,0
2,1,60331,0,0,0,0,0,0,0,0,0,0
1,1,60332,0,0,0,0,0,0,0,0,0,0
2,1,60332,0,0,0,0,0,0,0,0,0,0
1,1,60333,0,0,0,0,0,0,0,0,0,0
2,1,60333,0,0,0,0,5,3,0,0,0,0
1,1,60334,0,0,0,0,0,0,0,0,0,0
1,1,60335,19,19,19,19,19,19,19,19,19,19
1,1,60336,0,0,0,0,0,0,0,0,0,0
1,1,60337,24,24,24,24,24,24,24,24,24,24
0,1,60338,0,0,0,0,0,0,0,0,0,0
1,1,60339,0,0,0,0,0,0,0,0,0,0
2,1,60339,0,0,0,0,0,0,0,0,0,0
1,1,60340,24,24,24,24,24,24,24,24,24,24
1,1,60341,0,0,0,0,0,0,0,0,0,0
0,1,60342,7,7,7,7,7,7,7,7,7,7
1,1,60342,17,17,17,17,17,17,17,17,17,17
0,1,60343,0,0,0,0,0,0,0,0,0,0
1,1,60343,0,0,0,0,0,0,0,0,0,0
1,1,60344,0,0,0,0,0,0,0,0,0,0
2,1,60344,0,0,0,0,0,0,0,0,0,0
1,1,60345,18,18,18,18,18,18,18,18,18,18
2,1,60345,0,0,0,0,0,0,0,0,0,0
1,1,60346,0,0,0,0,0,0,0,0,0,0
0,1,60347,0,0,0,0,0,0,0,0,0,0
1,1,60347,0,0,0,0,0,0,0,0,0,0
0,1,60348,0,0,0,0,0,0,0,0,0,0
1,1,60348,0,0,0,0,0,0,0,0,0,0
1,1,60349,0,0,0,0,0,0,0,0,0,0
0,1,60350,27,27,27,27,27,27,27,27,27,27
1,1,60350,0,0,9,0,0,0,0,0,0,0
1,1,60351,28,28,28,28,28,28,28,28,28,28
2,1,60351,0,0,0,10,0,0,0,0,0,0
3,1,60351,0,0,0,0,0,0,0,0,0,0
1,1,60352,10,10,10,10,10,10,10,10,10,10
1,1,60353,0,0,0,0,0,0,0,0,0,0
2,1,60353,0,0,0,0,0,0,0,0,0,0
1,1,60354,0,0,0,0,0,0,0,0,0,0
0,1,60355,0,0,0,0,0,0,0,0,0,0
1,1,60355,0,0,0,0,0,0,0,0,0,0
1,1,60356,0,0,0,0,0,0,0,0,0,0
2,1,60356,0,0,0,0,0,0,0,0,0,0
0,1,60357,41,0,24,15,27,0,30,21,26,0
1,1,60357,0,0,0,0,0,0,0,0,0,0
1,1,60358,20,20,20,20,20,20,20,20,20,20
1,1,60359,15,15,15,15,15,15,15,15,15,15
1,1,60360,0,0,0,0,0,0,0,0,0,0
2,1,60360,0,0,0,0,0,0,0,0,0,0
1,1,60361,0,0,0,0,0,0,0,0,0,0
2,1,60361,0,0,0,0,0,0,0,0,0,0
3,1,60361,0,0,0,0,0,0,0,0,0,0
1,1,60362,0,0,0,0,0,0,0,0,0,0
1,1,60363,21,21,21,21,21,21,21,21,21,21
1,1,60364,0,0,0,0,0,0,0,0,0,0
1,1,60365,0,0,0,0,0,0,0,13,0,0
2,1,60365,0,0,0,0,0,0,0,0,0,0
0,1,60366,0,0,0,0,0,0,0,0,0,0
1,1,60366,0,0,0,0,0,0,0,0,0,0
1,1,60367,0,0,0,0,0,0,0,0,0,0
2,1,60367,0,0,0,0,0,0,0,0,0,0
1,1,60368,0,0,0,0,0,0,0,0,0,0
1,1,60369,2,2,2,2,2,2,2,2,2,2
2,1,60369,0,0,0,0,0,0,0,0,0,0
1,1,60370,0,0,0,0,0,0,0,0,0,0
0,1,60371,21,21,21,21,21,21,21,21,21,21
1,1,60371,0,0,0,0,0,0,0,0,0,0
1,1,60372,22,22,22,22,22,22,22,22,22,22
0,1,60373,0,0,0,0,0,0,0,0,0,0
1,1,60373,0,0,0,0,0,0,0,0,0,0
1,1,60374,0,0,0,0,0,0,0,0,0,0
1,1,60375,0,0,0,0,0,0,0,0,0,0
1,1,60376,24,24,24,24,24,24,24,24,24,24
1,1,60377,7,7,7,7,7,7,7,7,7,7
0,1,60378,12,12,12,12,12,12,12,12,12,12
1,1,60378,19,0,16,10,0,19,4,0,0,0
1,1,60379,14,14,14,14,14,14,14,14,14,14
2,1,60379,0,0,0,0,0,0,0,0,0,0
0,1,60380,27,27,27,27,27,27,27,27,27,27
1,1,60381,16,16,16,16,16,16,16,16,16,16
2,1,60381,0,0,0,0,0,0,0,0,0,0
1,1,60382,0,0,0,0,0,0,0,0,0,0
2,1,60382,0,0,0,0,0,0,0,0,0,0
1,1,60383,0,0,0,0,0,0,0,0,0,0
2,1,60383,0,0,0,0,0,0,0,0,0,0
1,1,60384,19,19,19,19,19,19,19,19,19,19
2,1,60384,0,0,0,0,3,0,0,0,0,0
3,1,60384,0,0,0,0,0,0,0,0,0,0
1,1,60385,0,0,0,0,0,0,0,0,0,0
2,1,60385,0,0,0,0,0,0,0,0,0,0
1,1,60386,0,0,0,0,0,0,0,0,0,0
0,1,60387,26,26,0,17,13,0,0,0,0,17
0,2,60387,0,36,21,28,25,0,0,2,0,10
1,1,60387,0,0,0,0,11,0,0,4,0,0
1,1,60388,0,0,0,0,0,0,0,0,0,0
2,1,60388,0,0,0,0,0,0,0,0,0,0
1,1,60389,23,23,23,23,23,23,23,23,23,23
2,1,60389,0,0,0,0,0,0,0,0,0,0
1,1,60390,20,20,20,20,20,20,20,20,20,20
2,1,60390,0,0,0,0,0,0,0,0,0,0
3,1,60390,0,0,0,0,0,0,0,0,0,0
4,1,60390,0,0,0,0,0,0,0,0,0,0
5,1,60390,0,0,0,0,0,0,0,0,0,0
1,1,60391,0,0,11,0,0,0,0,0,0,0
0,1,60392,35,29,17,0,0,46,22,22,39,14
1,1,60392,11,0,0,4,0,10,9,26,7,19
1,1,60393,19,19,19,19,19,19,19,19,19,19
1,1,60394,0,0,0,0,0,0,0,0,0,0
2,1,60394,0,0,0,0,0,0,0,0,0,0
1,1,60395,0,0,0,0,0,0,0,0,0,0
2,1,60395,0,0,0,0,0,0,0,0,0,0
1,1,60396,26,26,26,26,26,26,26,26,26,26
2,1,60396,0,0,0,0,0,0,0,0,0,0
1,1,60397,10,10,10,10,10,10,10,10,10,10
2,1,60397,0,0,0,0,0,0,0,0,0,0
1,1,60398,0,0,0,0,0,0,0,0,0,0
1,1,60399,0,0,0,11,0,0,0,15,12,0
1,1,60400,0,0,0,0,0,0,0,0,0,0
1,1,60401,0,0,0,0,0,0,0,0,0,0
2,1,60401,0,0,0,0,0,0,0,0,0,0
0,1,60402,0,0,0,0,0,0,2,0,0,0
0,2,60402,0,0,0,0,0,0,0,0,0,0
1,1,60402,0,0,0,0,0,0,0,0,0,0
1,1,60403,0,0,0,0,0,0,0,0,0,0
1,1,60404,0,0,0,0,0,0,0,0,0,0
0,1,60405,18,18,18,18,18,18,18,18,18,18
1,1,60405,13,17,6,2,0,25,0,14,5,15
0,1,60406,0,0,0,0,0,0,0,0,0,0
1,1,60406,0,4,0,0,0,0,0,6,8,0
0,1,60407,14,14,14,14,14,14,14,14,14,14
1,1,60407,0,0,0,0,0,0,0,0,0,0
1,1,60408,0,0,0,0,0,0,0,0,0,0
1,1,60409,4,4,4,4,4,4,4,4,4,4
1,1,60410,0,0,10,0,0,0,0,0,0,6
2,1,60410,0,0,0,0,0,0,0,0,0,0
1,1,60411,0,0,0,0,0,0,0,0,0,0
0,1,60412,14,14,14,14,14,14,14,14,14,14
1,1,60412,0,0,0,3,0,0,5,0,0,0
1,1,60413,0,0,0,0,0,0,0,0,0,0
2,1,60413,0,0,0,0,0,0,0,0,0,0
3,1,60413,0,0,0,0,0,0,0,0,0,0
4,1,60413,0,0,0,0,0,0,0,0,0,0
5,1,60413,0,0,0,0,0,0,0,0,0,0
1,1,60414,1,1,1,1,1,1,1,1,1,1
2,1,60414,0,6,0,0,0,0,0,0,0,0
0,1,60415,11,11,11,11,11,11,11,11,11,11
1,1,60415,6,12,0,6,0,24,4,0,4,16
0,1,60416,0,0,0,0,0,0,0,0,0,0
1,1,60416,0,0,0,0,0,0,0,0,0,0
1,1,60417,7,7,7,7,7,7,7,7,7,7
2,1,60417,0,0,0,0,0,0,0,0,0,0
0,1,60418,3,3,3,3,3,3,3,3,3,3
1,1,60418,0,0,0,0,0,0,0,0,0,0
2,1,60418,0,0,0,0,0,0,0,0,0,0
1,1,60419,0,0,0,0,0,0,0,0,0,0
2,1,60419,0,0,0,0,0,0,0,0,0,0
1,1,60420,0,0,0,18,0,0,0,9,0,0
2,1,60420,0,0,0,0,0,0,0,0,0,0
1,1,60421,0,0,0,0,0,0,0,0,0,0
1,1,60422,38,38,38,38,38,38,38,38,38,38
1,1,60423,23,23,23,23,23,23,23,23,23,23
1,1,60424,19,19,19,19,19,19,19,19,19,19
1,1,60425,0,0,0,0,0,0,0,0,0,0
2,1,60425,0,0,0,0,0,0,0,0,0,0
1,1,60426,0,0,0,0,0,0,0,0,0,0
2,1,60426,0,0,0,0,0,0,0,0,0,0
1,1,60427,0,0,0,0,0,0,0,0,0,0
2,1,60427,0,0,0,0,0,0,0,0,0,0
1,1,60428,0,0,0,0,0,0,0,0,0,0
2,1,60428,0,0,0,0,0,0,0,0,0,0
3,1,60428,0,0,0,0,0,0,0,0,0,0
1,1,60429,0,0,0,0,0,0,0,0,0,0
2,1,60429,0,0,0,0,0,0,0,0,0,0
1,1,60430,0,0,0,0,0,10,0,0,0,0
2,1,60430,11,11,11,11,11,11,11,11,11,11
1,1,60431,0,0,0,0,0,0,0,0,0,0
1,1,60432,0,0,0,0,0,0,0,0,0,0
2,1,60432,9,0,0,0,0,0,0,0,0,0
0,1,60433,0,0,0,0,0,0,0,0,0,0
1,1,60433,0,0,0,0,0,0,0,0,0,0
1,1,60434,0,0,0,0,0,0,0,0,0,0
1,1,60435,0,0,0,0,0,0,0,0,0,0
1,1,60436,0,0,0,0,0,0,0,0,0,0
1,1,60437,0,0,0,0,0,0,0,0,0,0
2,1,60437,0,0,0,0,0,0,0,0,0,0
1,1,60438,0,0,0,0,0,0,0,0,0,0
2,1,60438,0,0,0,0,0,0,0,0,0,0
1,1,60439,0,0,0,0,0,0,0,0,0,0
2,1,60439,0,0,0,0,0,0,0,0,0,0
1,1,60440,0,0,0,0,0,0,0,0,0,0
2,1,60440,0,0,0,0,0,0,0,0,0,0
0,1,60441,17,17,17,17,17,17,17,17,17,17
1,1,60441,0,0,0,0,0,0,0,0,0,0
0,1,60442,0,0,0,0,0,0,0,0,0,0
0,2,60442,4,4,4,4,4,4,4,4,4,4
1,1,60442,0,0,0,0,0,0,0,0,0,0
1,1,60443,0,0,0,0,0,0,0,0,0,0
2,1,60443,0,0,0,0,0,0,0,0,0,0
1,1,60444,13,13,13,13,13,13,13,13,13,13
2,1,60444,0,0,0,0,0,0,0,0,0,0
1,1,60445,0,0,0,0,0,0,0,0,0,0
2,1,60445,0,0,0,0,0,0,0,0,0,0
1,1,60446,0,0,0,0,0,0,0,0,0,0
2,1,60446,0,0,0,0,0,0,0,0,10,0
0,1,60447,21,40,0,19,15,12,7,14,17,20
1,1,60447,0,0,0,0,0,0,0,0,0,0
1,1,60448,0,0,0,0,0,0,0,0,0,0
2,1,60448,0,0,0,0,0,0,0,0,0,0
3,1,60448,0,0,0,0,0,0,0,0,0,0
4,1,60448,0,0,0,0,0,0,0,0,0,0
5,1,60448,0,0,0,0,0,0,0,0,0,0
1,1,60449,0,0,0,0,0,0,0,0,0,0
2,1,60449,0,0,0,0,0,0,0,0,0,0
1,1,60450,16,16,16,16,16,16,16,16,16,16
2,1,60450,15,0,41,0,0,0,0,7,0,0
1,1,60451,10,10,10,10,10,10,10,10,10,10
1,1,60452,20,20,20,20,20,20,20,20,20,20
0,1,60453,0,0,0,0,0,0,0,0,0,0
1,1,60453,5,0,7,5,0,0,5,0,14,0
1,1,60454,15,15,15,15,15,15,15,15,15,15
0,1,60455,0,0,0,0,0,0,0,0,0,0
1,1,60455,4,4,4,4,4,4,4,4,4,4
1,1,60456,25,37,17,16,20,18,17,28,20,5
1,1,60457,0,0,0,0,0,0,0,0,0,0
2,1,60457,0,0,0,0,0,0,0,0,0,0
1,1,60458,0,0,0,0,0,0,0,0,0,0
1,1,60459,0,0,0,0,16,15,0,0,0,13
2,1,60459,0,0,0,0,0,0,0,0,0,0
1,1,60460,0,0,0,0,0,0,0,0,0,0
2,1,60460,7,7,7,7,7,7,7,7,7,7
1,1,60461,0,0,0,0,0,0,0,0,0,0
1,1,60462,7,7,7,7,7,7,7,7,7,7
2,1,60462,0,0,0,0,0,0,0,0,0,0
3,1,60462,0,0,0,0,20,0,0,0,0,0
4,1,60462,0,0,0,0,0,0,0,0,0,0
1,1,60463,9,9,9,9,9,9,9,9,9,9
0,1,60464,0,0,0,15,20,0,14,0,0,31
0,2,60464,5,0,0,0,0,0,0,0,0,0
0,3,60464,0,0,12,12,0,0,0,0,0,0
0,4,60464,0,18,6,37,21,26,22,0,0,17
1,1,60464,8,8,8,8,8,8,8,8,8,8
1,1,60465,0,0,0,10,0,0,0,0,0,4
0,1,60466,0,0,0,0,0,0,0,0,0,0
1,1,60466,0,9,0,0,0,0,0,0,0,0
1,1,60467,0,0,0,3,0,0,0,0,0,0
3,1,60467,0,0,0,0,0,0,0,0,0,0
1,1,60468,8,8,8,8,8,8,8,8,8,8
1,1,60469,0,0,12,0,0,0,0,0,0,18
2,1,60469,0,0,0,0,0,0,0,0,0,0
1,1,60470,0,16,10,6,12,7,17,10,0,17
2,1,60470,0,0,0,0,0,0,0,0,0,0
0,1,60471,0,0,0,0,0,0,0,0,0,0
1,1,60471,0,0,0,0,0,0,0,0,0,0
0,1,60472,0,0,0,0,0,0,0,0,0,0
1,1,60472,0,0,0,0,0,0,0,0,0,0
1,1,60473,0,0,0,0,0,0,0,0,0,0
1,1,60474,8,0,0,0,0,0,0,0,0,0
1,1,60475,22,17,0,10,12,0,0,6,0,0
1,1,60476,0,0,0,0,0,0,0,0,0,0
1,1,60477,0,0,0,0,0,0,0,0,0,0
2,1,60477,0,0,0,0,0,0,0,0,0,0
1,1,60478,29,29,29,29,29,29,29,29,29,29
1,1,60479,2,2,2,2,2,2,2,2,2,2
2,1,60479,10,10,10,10,10,10,10,10,10,10
0,1,60480,0,0,0,0,0,0,0,0,0,0
1,1,60480,0,12,0,0,6,0,6,0,0,2
1,1,60481,25,25,25,25,25,25,25,25,25,25
1,1,60482,0,0,0,0,0,0,0,0,0,0
2,1,60482,0,0,0,0,0,0,0,0,0,0
1,1,60483,0,0,0,0,0,0,0,0,0,0
2,1,60483,0,0,0,0,0,0,0,0,0,0
0,1,60484,0,0,0,0,0,0,0,0,8,0
1,1,60484,0,0,0,0,0,0,0,0,0,0
1,1,60485,0,0,0,0,0,0,0,0,0,0
1,1,60486,0,0,0,0,0,0,0,0,0,0
0,1,60487,0,0,0,0,0,0,0,0,0,0
1,1,60487,0,0,0,0,0,0,0,0,0,0
1,1,60488,0,0,0,0,0,0,0,0,0,0
2,1,60488,0,0,0,0,0,0,0,0,0,0
1,1,60489,0,0,0,0,0,0,4,0,0,0
2,1,60489,0,0,0,0,0,0,0,0,0,0
0,1,60490,0,0,0,0,0,0,0,0,0,0
1,1,60490,0,0,0,0,0,0,0,0,0,0
0,1,60491,41,41,41,41,41,41,41,41,41,41
1,1,60491,0,0,0,0,0,0,0,0,0,0
1,1,60492,0,0,0,0,0,0,0,0,0,0
0,1,60493,0,0,0,0,0,0,0,0,0,0
1,1,60493,0,0,0,0,0,0,0,0,0,0
1,1,60494,16,16,16,16,16,16,16,16,16,16
2,1,60494,0,0,0,0,0,0,0,0,0,0
1,1,60495,0,0,0,0,0,0,0,0,0,0
2,1,60495,0,0,0,0,0,0,0,0,0,0
1,1,60496,0,0,0,0,0,0,0,0,0,0
1,1,60497,0,0,0,0,0,0,0,0,0,0
0,1,60498,0,0,0,0,0,0,0,0,0,0
1,1,60498,0,0,0,14,0,0,0,0,0,0
1,1,60499,0,0,0,0,0,0,0,0,0,0
1,1,60500,3,3,3,3,3,3,3,3,3,3
2,1,60500,0,0,0,0,0,0,0,0,0,0
0,1,60501,0,0,0,0,0,0,0,0,0,0
1,1,60501,0,0,10,10,8,21,4,0,15,0
0,1,60502,0,0,0,0,0,0,0,0,0,0
1,1,60502,0,0,0,0,0,0,0,0,0,0
1,1,60503,0,0,0,0,0,0,0,0,0,0
1,1,60504,19,19,19,19,19,19,19,19,19,19
1,1,60505,0,0,0,0,0,0,0,0,0,0
1,1,60506,12,12,12,12,12,12,12,12,12,12
0,1,60507,0,0,0,0,0,0,0,0,0,0
1,1,60507,0,0,0,0,0,0,0,0,0,0
1,1,60508,24,18,13,17,24,10,10,31,24,15
2,1,60508,22,22,22,22,22,22,22,22,22,22
1,1,60509,0,0,0,0,0,0,0,0,0,0
2,1,60509,0,0,0,0,0,0,0,0,0,0
0,1,60510,0,0,0,0,0,0,0,0,0,0
1,1,60510,0,0,0,0,0,0,0,0,0,0
0,1,60511,31,31,31,31,31,31,31,31,31,31
1,1,60511,0,0,0,8,0,0,11,0,0,0
0,1,60512,0,0,0,0,0,0,0,0,0,0
1,1,60512,0,0,0,0,0,0,0,0,0,0
1,1,60513,0,0,0,0,0,0,0,0,0,0
1,1,60514,5,5,5,5,5,5,5,5,5,5
0,1,60515,0,0,0,13,0,0,0,0,0,0
1,1,60515,0,0,0,0,0,0,0,0,0,0
1,1,60516,0,0,0,0,0,0,0,0,0,0
1,1,60517,30,30,30,30,30,30,30,30,30,30
0,1,60518,17,17,17,17,17,17,17,17,17,17
1,1,60518,13,7,7,10,14,19,14,8,24,9
1,1,60519,0,0,0,0,0,0,0,0,0,0
1,1,60520,0,0,0,0,0,0,0,0,0,0
2,1,60520,0,0,0,0,0,0,0,0,0,0
1,1,60521,0,0,0,0,0,0,0,0,0,0
2,1,60521,0,0,0,0,0,0,0,0,0,0
1,1,60522,0,0,0,0,0,0,0,0,0,0
2,1,60522,0,0,0,0,0,0,0,0,0,0
1,1,60523,0,0,0,0,0,0,0,0,0,0
2,1,60523,0,0,0,0,0,0,0,0,0,0
0,1,60524,0,0,0,0,0,0,0,0,0,0
1,1,60524,5,0,0,0,0,0,0,0,0,0
1,1,60525,0,0,0,0,0,0,0,0,0,0
1,1,60526,0,0,0,0,0,0,0,0,0,0
1,1,60527,6,6,6,6,6,6,6,6,6,6
1,1,60528,0,0,0,0,0,0,0,0,0,0
2,1,60528,0,0,0,0,0,0,0,0,0,0
0,1,60529,28,28,28,28,28,28,28,28,28,28
1,1,60529,0,0,0,0,0,0,0,0,0,0
1,1,60530,0,0,0,11,0,8,0,0,0,0
1,1,60531,0,0,0,0,0,0,0,0,0,0
1,1,60532,0,0,0,0,0,0,0,0,0,0
2,1,60532,0,0,0,0,0,0,0,0,0,0
3,1,60532,0,0,0,0,0,0,0,0,0,0
1,1,60533,0,0,0,0,0,0,0,0,0,0
2,1,60533,0,0,0,0,0,0,0,0,0,0
1,1,60534,0,0,0,0,0,0,0,0,0,0
2,1,60534,0,4,0,0,0,0,0,0,0,0
1,1,60535,0,0,0,0,0,0,0,0,0,0
0,1,60536,0,0,0,0,0,0,0,0,0,0
1,1,60536,0,0,0,0,0,0,0,0,0,0
0,1,60537,28,27,16,35,24,13,31,21,21,41
1,1,60537,0,0,0,0,0,0,0,0,0,0
1,1,60539,2,2,2,2,2,2,2,2,2,2
2,1,60539,0,0,0,0,0,0,0,0,0,0
1,1,60540,0,0,0,0,0,0,0,0,0,0
0,1,60541,20,22,26,4,5,8,27,20,19,20
1,1,60541,0,15,0,15,0,11,7,0,17,0
0,1,60542,0,0,0,0,0,0,0,0,0,0
1,1,60542,0,0,0,0,0,0,0,0,0,0
1,1,60543,18,18,18,18,18,18,18,18,18,18
0,1,60544,0,33,13,0,0,29,12,23,29,22
0,2,60544,0,0,0,14,0,0,0,21,0,0
1,1,60544,25,25,25,25,25,25,25,25,25,25
0,1,60545,0,0,0,0,0,0,0,0,0,0
1,1,60545,0,0,0,0,0,0,0,0,0,0
1,1,60546,0,0,0,0,0,0,0,0,0,0
1,1,60547,0,0,0,0,0,0,0,0,0,0
1,1,60548,8,8,8,8,8,8,8,8,8,8
2,1,60548,0,0,0,0,0,0,0,0,0,0
1,1,60549,2,2,2,2,2,2,2,2,2,2
0,1,60550,0,0,0,0,0,0,0,0,0,0
1,1,60550,0,0,0,0,0,0,0,0,0,0
1,1,60551,0,0,0,0,0,0,0,0,0,0
2,1,60551,0,0,0,13,0,0,0,0,0,0
1,1,60552,1,1,1,1,1,1,1,1,1,1
2,1,60552,0,0,0,0,0,0,9,0,0,0
0,1,60553,22,22,22,22,22,22,22,22,22,22
1,1,60553,0,0,0,0,0,0,0,0,0,0
2,1,60553,0,6,0,0,0,0,0,0,0,0
1,1,60554,0,0,0,0,0,0,0,0,0,0
2,1,60554,0,0,0,0,0,0,0,0,0,0
1,1,60555,0,0,0,0,0,0,0,0,0,0
1,1,60556,0,0,0,0,0,0,0,0,0,0
1,1,60557,0,0,0,0,0,0,0,0,0,0
2,1,60557,0,0,0,0,0,0,0,0,0,0
0,1,60558,0,0,0,0,0,0,0,0,0,0
1,1,60558,0,0,0,0,0,0,0,0,0,0
1,1,60559,29,29,29,29,29,29,29,29,29,29
1,1,60560,12,12,12,12,12,12,12,12,12,12
1,1,60561,0,0,0,0,0,0,0,0,9,0
2,1,60561,0,0,0,0,0,0,0,0,0,0
0,1,60562,0,0,0,0,0,0,0,0,0,0
1,1,60562,0,6,0,0,0,0,0,0,0,0
1,1,60563,0,0,0,0,0,0,0,0,0,16
1,1,60564,0,0,0,0,0,0,0,0,0,0
0,1,60565,0,0,4,0,0,6,0,0,0,0
1,1,60565,0,0,0,0,0,0,0,0,0,0
1,1,60566,0,0,0,0,0,0,0,0,0,0
0,1,60567,0,0,0,0,0,0,0,0,0,0
1,1,60567,0,0,0,0,0,0,0,0,0,0
1,1,60568,0,0,0,0,0,0,0,0,0,5
2,1,60568,15,0,0,0,0,0,0,0,0,0
1,1,60569,0,0,0,0,0,0,0,0,0,0
1,1,60570,0,0,0,0,0,0,0,0,0,0
1,1,60571,22,22,22,22,22,22,22,22,22,22
2,1,60571,0,0,2,0,0,13,0,0,0,0
3,1,60571,0,0,1,0,0,0,0,0,0,0
1,1,60572,0,0,0,0,0,0,0,0,0,0
2,1,60572,0,0,0,0,0,0,0,0,0,0
1,1,60573,0,0,0,0,0,0,0,0,0,0
2,1,60573,0,0,0,0,0,0,0,0,0,0
3,1,60573,0,0,0,0,0,0,0,0,0,0
4,1,60573,0,0,0,0,0,0,0,0,0,0
1,1,60574,10,10,10,10,10,10,10,10,10,10
2,1,60574,0,0,0,0,0,0,0,0,0,0
1,1,60575,0,0,0,0,0,0,0,0,0,0
2,1,60575,0,0,0,0,0,0,0,0,0,0
1,1,60576,20,20,20,20,20,20,20,20,20,20
1,1,60577,0,0,0,0,0,0,0,0,0,11
2,1,60577,0,0,0,0,0,0,0,0,0,0
1,1,60578,12,12,12,12,12,12,12,12,12,12
2,1,60578,0,0,0,0,0,0,0,0,0,0
3,1,60578,0,0,0,0,0,0,0,0,0,0
1,1,60579,17,17,17,17,17,17,17,17,17,17
1,1,60580,17,17,17,17,17,17,17,17,17,17
2,1,60580,0,0,0,0,0,0,0,0,0,0
3,1,60580,0,0,0,0,0,0,0,0,0,0
1,1,60581,0,0,0,0,0,0,16,0,0,0
2,1,60581,0,0,0,0,0,0,0,0,0,0
3,1,60581,0,13,0,0,0,0,0,0,0,0
1,1,60582,0,0,0,0,0,0,0,0,0,0
2,1,60582,0,0,0,0,0,0,0,0,0,0
1,1,60583,20,20,20,20,20,20,20,20,20,20
2,1,60583,0,0,0,0,0,0,0,0,0,0
0,1,60584,0,0,0,0,0,0,0,0,0,0
1,1,60584,15,0,0,12,0,0,0,0,0,24
1,1,60585,0,0,0,0,0,0,0,0,0,0
0,1,60586,0,0,15,0,0,0,0,0,0,0
1,1,60586,0,0,0,0,0,0,0,0,0,0
2,1,60586,0,0,0,0,0,0,0,0,0,0
3,1,60586,0,0,0,0,0,0,0,0,0,0
1,1,60587,0,0,0,0,0,0,0,0,0,0
1,1,60588,0,0,0,0,0,0,0,0,0,0
1,1,60589,0,0,0,0,0,0,0,0,0,0
2,1,60589,0,0,0,0,0,0,0,0,0,0
1,1,60590,0,0,0,0,0,0,0,0,0,0
2,1,60590,0,0,0,0,0,0,0,0,0,0
3,1,60590,0,0,0,0,0,0,0,0,0,0
1,1,60591,0,0,0,0,0,0,0,0,0,0
1,1,60592,21,21,21,21,21,21,21,21,21,21
1,1,60593,20,20,20,20,20,20,20,20,20,20
1,1,60594,0,0,0,0,0,0,0,0,0,0
1,1,60595,0,0,12,0,0,0,0,0,0,0
1,1,60596,0,0,0,0,0,0,0,0,0,0
2,1,60596,0,0,0,0,0,0,0,0,0,0
1,1,60597,16,16,16,16,16,16,16,16,16,16
2,1,60597,0,0,0,0,0,0,0,0,0,0
3,1,60597,0,0,0,0,0,0,0,0,0,0
1,1,60598,0,0,0,0,0,0,0,0,0,0
2,1,60598,0,0,0,0,0,0,0,0,0,0
3,1,60598,0,0,0,0,0,0,0,0,0,0
1,1,60599,19,19,19,19,19,19,19,19,19,19
2,1,60599,0,3,0,0,0,0,18,0,0,0
1,1,60600,0,0,0,0,0,12,0,0,0,0
1,1,60601,0,0,0,0,0,0,0,0,0,0
2,1,60601,0,0,0,0,0,0,0,0,0,0
1,1,60602,0,0,0,0,0,9,0,0,0,12
2,1,60602,0,0,0,0,0,0,0,0,0,0
3,1,60602,0,0,0,0,0,0,0,0,0,0
0,1,60603,0,0,0,0,0,0,0,0,0,0
0,2,60603,0,0,0,0,0,0,0,0,0,0
1,1,60603,0,0,0,0,0,0,0,0,0,0
4,1,60603,0,0,16,0,0,0,0,0,11,0
1,1,60604,0,0,0,0,0,0,0,0,0,0
2,1,60604,0,0,0,0,0,0,0,0,0,0
1,1,60605,0,0,0,0,0,0,0,0,0,0
2,1,60605,0,0,0,0,0,0,0,0,0,0
0,1,60606,37,37,37,37,37,37,37,37,37,37
1,1,60606,0,0,0,0,0,0,0,0,0,0
1,1,60607,19,19,19,19,19,19,19,19,19,19
2,1,60607,0,0,0,0,0,0,0,0,0,0
1,1,60608,0,0,0,0,0,0,0,0,0,0
1,1,60609,0,0,0,0,0,0,0,0,0,0
2,1,60609,0,0,0,0,0,0,0,0,0,0
1,1,60610,0,0,0,0,0,0,0,0,0,0
1,1,60611,10,10,10,10,10,10,10,10,10,10
1,1,60612,0,0,0,0,0,0,0,0,0,0
1,1,60613,0,0,0,0,0,0,0,0,0,0
1,1,60614,0,0,0,0,0,0,0,0,0,0
1,1,60615,4,4,4,4,4,4,4,4,4,4
2,1,60615,0,0,0,0,0,0,0,0,0,0
1,1,60616,0,0,0,0,0,0,0,0,0,0
2,1,60616,0,0,0,0,0,0,0,0,0,0
3,1,60616,0,0,0,0,14,4,0,0,0,0
0,1,60617,12,12,12,12,12,12,12,12,12,12
1,1,60617,0,0,0,0,0,0,0,0,0,0
3,1,60617,4,13,0,2,3,12,18,13,8,19
1,1,60618,9,9,9,9,9,9,9,9,9,9
0,1,60619,8,8,8,8,8,8,8,8,8,8
1,1,60619,0,0,0,6,0,0,0,0,0,0
1,1,60620,0,0,0,0,0,0,0,0,0,0
0,1,60621,2,2,2,2,2,2,2,2,2,2
1,1,60621,0,0,0,0,0,0,0,0,0,0
1,1,60622,0,0,0,0,0,0,19,0,0,0
1,1,60623,3,3,3,3,3,3,3,3,3,3
2,1,60623,0,0,0,0,0,0,0,0,0,0
3,1,60623,8,8,0,0,0,0,0,0,0,0
1,1,60624,14,14,14,14,14,14,14,14,14,14
2,1,60624,0,0,0,0,0,0,0,0,5,0
1,1,60625,0,0,0,0,0,0,0,0,0,0
0,1,60626,0,0,0,0,0,0,0,0,0,0
0,2,60626,0,0,0,0,0,0,0,0,0,0
1,1,60626,0,0,0,0,0,0,0,0,0,0
1,1,60627,0,0,0,0,0,0,0,0,0,0