VEH_NO,PER_NO,ST_CASE,P1,P2,P3,P4,P5,P6,P7,P8,P9,P10
2,1,60627,0,0,0,0,0,0,0,0,0,0
0,1,60628,0,0,0,0,0,0,0,0,0,0
1,1,60628,0,7,13,0,7,0,0,6,13,8
1,1,60629,0,0,0,0,0,0,0,0,0,0
1,1,60630,19,19,19,19,19,19,19,19,19,19
1,1,60631,0,5,0,0,0,0,0,0,0,0
1,1,60632,0,0,0,0,0,0,0,0,0,0
2,1,60632,0,0,0,0,0,0,0,0,0,0
1,1,60633,17,17,17,17,17,17,17,17,17,17
1,1,60634,16,16,16,16,16,16,16,16,16,16
1,1,60635,0,0,0,0,0,0,0,0,0,0
2,1,60635,0,0,0,0,0,0,0,0,0,0
0,1,60636,0,0,0,0,0,0,0,0,0,0
1,1,60636,0,0,0,0,8,0,0,0,0,0
1,1,60637,17,17,17,17,17,17,17,17,17,17
1,1,60638,0,0,0,0,0,0,0,0,0,0
0,1,60639,0,0,0,0,0,0,0,0,0,0
1,1,60639,0,0,0,0,0,0,0,0,0,0
1,1,60640,0,0,0,0,0,0,0,0,0,0
2,1,60640,0,0,13,0,0,14,0,0,0,0
0,1,60641,0,0,0,0,0,0,0,0,0,0
1,1,60641,0,0,0,0,0,0,0,0,0,0
1,1,60642,0,0,0,0,0,0,0,0,0,0
1,1,60643,27,27,27,27,27,27,27,27,27,27
0,1,60644,0,0,0,0,0,0,0,0,0,0
1,1,60644,14,10,3,18,16,24,19,0,30,11
0,1,60645,0,0,0,0,0,0,0,0,0,0
1,1,60645,0,0,0,0,0,0,0,0,0,0
0,1,60646,25,25,25,25,25,25,25,25,25,25
1,1,60646,0,18,0,0,0,0,0,0,0,0
1,1,60647,17,0,0,7,0,7,0,12,20,12
2,1,60647,0,0,9,0,0,0,0,8,0,0
1,1,60648,0,0,0,0,0,0,0,0,0,0
2,1,60648,0,0,0,0,0,0,0,0,0,0
0,1,60649,0,0,0,0,0,0,0,0,0,0
1,1,60649,0,0,0,0,0,0,0,0,0,0
2,1,60650,0,0,0,0,0,0,0,0,0,0
1,1,60651,24,24,24,24,24,24,24,24,24,24
2,1,60651,0,0,0,0,0,0,0,0,0,0
1,1,60652,15,15,15,15,15,15,15,15,15,15
1,1,60653,0,0,0,0,0,0,0,0,0,0
1,1,60654,0,0,0,0,0,0,0,0,0,0
2,1,60654,16,16,16,16,16,16,16,16,16,16
0,1,60655,24,24,24,24,24,24,24,24,24,24
1,1,60655,21,21,21,21,21,21,21,21,21,21
1,1,60656,26,26,26,26,26,26,26,26,26,26
1,1,60657,10,10,10,10,10,10,10,10,10,10
2,1,60657,0,0,0,0,0,0,0,0,0,0
0,1,60658,0,0,0,0,0,0,0,0,0,0
1,1,60658,0,0,0,0,0,0,0,0,0,0
1,1,60659,0,0,0,0,0,0,0,0,0,0
2,1,60659,0,0,0,0,0,0,0,0,0,0
1,1,60660,0,0,0,0,0,0,0,0,0,0
1,1,60661,30,30,30,30,30,30,30,30,30,30
0,1,60662,26,0,0,0,9,26,36,0,0,19
1,1,60662,0,0,0,0,0,0,0,0,0,0
0,1,60663,0,0,0,0,0,0,0,0,0,0
1,1,60663,7,0,0,7,0,0,0,0,0,0
1,1,60664,0,0,0,0,0,0,0,0,0,0
2,1,60664,0,0,0,0,0,0,0,0,0,0
1,1,60665,15,15,15,15,15,15,15,15,15,15
0,1,60666,0,0,0,0,0,0,0,0,0,0
1,1,60666,0,0,0,0,0,0,0,0,0,0
1,1,60667,0,0,0,0,0,0,0,0,0,0
2,1,60667,0,0,0,0,0,0,0,0,0,0
0,1,60668,0,0,0,0,0,0,0,0,0,0
1,1,60668,0,0,0,0,0,0,0,0,0,15
2,1,60668,0,0,0,0,0,0,0,0,0,0
1,1,60669,0,0,0,0,0,0,0,0,0,0
2,1,60669,0,0,0,0,0,9,0,0,0,0
1,1,60670,9,9,9,9,9,9,9,9,9,9
0,1,60671,26,26,26,26,26,26,26,26,26,26
1,1,60671,0,0,0,0,0,0,0,0,0,0
1,1,60672,15,15,15,15,15,15,15,15,15,15
1,1,60673,0,5,0,0,0,0,0,0,0,0
1,1,60674,6,6,6,6,6,6,6,6,6,6
0,1,60675,0,0,0,0,0,0,0,0,0,0
1,1,60675,0,0,0,0,0,0,0,0,0,0
1,1,60676,9,9,9,9,9,9,9,9,9,9
2,1,60676,0,0,0,0,0,0,0,0,0,0
3,1,60676,0,0,0,0,0,0,0,0,0,0
1,1,60677,0,0,0,0,0,0,0,0,0,0
2,1,60677,0,0,0,0,0,0,0,0,0,0
3,1,60677,0,0,0,0,0,0,0,0,0,0
1,1,60678,21,21,21,21,21,21,21,21,21,21
2,1,60678,11,11,11,11,11,11,11,11,11,11
3,1,60678,0,0,0,7,0,0,8,0,0,0
1,1,60679,0,0,0,0,0,0,0,0,0,0
2,1,60679,0,7,0,0,17,0,0,0,5,14
1,1,60680,28,28,28,28,28,28,28,28,28,28
2,1,60680,0,0,0,0,0,0,0,0,0,0
3,1,60680,0,0,0,0,0,0,0,0,0,0
4,1,60680,0,0,0,0,0,0,0,0,0,0
5,1,60680,0,0,0,0,0,0,0,0,0,0
1,1,60681,0,0,0,0,0,0,0,0,0,0
2,1,60681,0,0,0,0,0,0,0,0,0,0
3,1,60681,0,0,0,0,0,0,0,0,0,0
1,1,60682,0,0,0,0,0,0,0,0,0,0
2,1,60682,0,0,0,0,0,0,0,0,0,0
3,1,60682,0,0,9,0,10,0,0,0,0,0
1,1,60683,0,0,0,0,0,0,0,0,0,0
2,1,60683,0,0,0,0,0,0,0,0,0,0
1,1,60684,22,22,22,22,22,22,22,22,22,22
2,1,60684,0,0,0,22,0,0,0,0,0,0
3,1,60684,0,0,0,0,0,0,0,0,0,0
1,1,60685,9,9,9,9,9,9,9,9,9,9
0,1,60686,0,0,0,0,0,26,0,0,0,13
1,1,60686,0,0,0,0,0,0,0,0,0,0
2,1,60686,0,0,0,0,0,0,0,0,0,0
3,1,60686,0,0,0,0,0,0,0,0,0,0
1,1,60687,0,0,0,0,0,0,0,0,0,0
1,1,60688,0,0,0,0,0,0,0,0,0,0
2,1,60688,0,0,0,0,0,0,0,0,0,0
3,1,60688,0,0,0,0,0,0,0,0,0,0
1,1,60689,0,0,0,0,0,0,0,0,0,0
2,1,60689,0,0,0,0,0,0,0,0,0,0
3,1,60689,0,0,0,0,0,0,0,0,0,0
1,1,60690,0,0,0,0,0,0,0,0,0,0
1,1,60691,0,0,0,0,0,0,0,0,0,0
2,1,60691,0,0,0,0,0,0,0,0,0,0
1,1,60692,0,0,0,0,0,0,0,0,0,0
1,1,60693,0,0,0,0,0,0,5,0,0,0
1,1,60694,0,0,0,0,0,0,0,0,0,0
0,1,60695,0,0,0,0,0,0,0,0,0,0
1,1,60695,0,0,0,0,0,0,0,0,0,0
1,1,60696,0,0,7,0,0,0,0,0,0,0
2,1,60696,0,0,0,0,0,0,0,0,0,0
3,1,60696,0,0,0,0,0,0,0,0,0,0
1,1,60697,0,0,0,0,0,0,0,0,0,0
2,1,60697,0,0,0,0,0,0,0,0,0,0
1,1,60698,0,0,0,0,0,0,0,0,0,0
0,1,60699,17,17,17,17,17,17,17,17,17,17
1,1,60699,0,0,0,0,0,0,0,0,0,0
2,1,60699,0,0,0,0,0,0,0,0,0,0
1,1,60700,23,23,23,23,23,23,23,23,23,23
2,1,60700,0,0,0,0,0,0,0,0,0,0
1,1,60701,0,0,0,0,0,0,0,0,0,0
2,1,60701,0,0,0,0,0,0,0,0,0,0
3,1,60701,0,0,0,0,0,0,0,0,0,0
0,1,60702,26,26,26,26,26,26,26,26,26,26
0,2,60702,10,10,10,10,10,10,10,10,10,10
1,1,60702,0,0,0,0,0,0,0,0,0,0
0,1,60703,13,13,13,13,13,13,13,13,13,13
1,1,60703,0,0,0,0,0,0,0,0,0,0
1,1,60704,26,26,26,26,26,26,26,26,26,26
2,1,60704,0,0,0,0,0,0,0,0,0,0
1,1,60705,24,24,24,24,24,24,24,24,24,24
1,1,60706,20,20,20,20,20,20,20,20,20,20
1,1,60707,0,0,0,0,0,0,0,0,0,0
1,1,60708,0,0,0,0,0,0,0,0,0,0
1,1,60709,9,9,9,9,9,9,9,9,9,9
1,1,60710,0,0,0,0,0,0,0,0,0,0
1,1,60711,0,0,0,0,0,0,0,0,0,0
2,1,60711,0,0,0,0,0,0,0,0,0,0
1,1,60712,0,0,0,0,0,0,0,0,0,0
2,1,60712,0,0,0,0,0,0,20,0,0,0
1,1,60713,0,0,0,0,0,0,0,0,0,0
2,1,60713,0,0,0,0,0,0,0,0,0,22
1,1,60714,0,0,0,0,0,0,0,0,0,0
1,1,60715,0,0,0,0,0,0,0,0,0,0
1,1,60716,0,0,0,0,0,0,0,0,0,0
2,1,60716,0,0,0,0,0,0,0,0,0,0
3,1,60716,3,3,3,3,3,3,3,3,3,3
1,1,60717,13,13,13,13,13,13,13,13,13,13
2,1,60717,4,5,0,0,0,0,0,9,0,4
1,1,60718,0,0,0,0,0,0,0,0,0,0
2,1,60718,0,0,0,0,0,0,0,0,0,0
3,1,60718,0,0,0,0,0,0,0,0,0,0
0,1,60719,0,0,0,0,0,0,0,0,0,0
1,1,60719,0,0,0,0,0,0,0,0,0,0
1,1,60720,0,0,0,0,0,0,0,0,0,0
2,1,60720,0,0,0,0,0,0,0,0,0,0
1,1,60721,0,0,0,0,0,0,0,0,0,0
2,1,60721,0,0,15,0,0,0,8,0,0,0
1,1,60722,0,0,0,0,0,0,0,0,0,0
2,1,60722,0,0,0,0,0,6,0,0,0,0
1,1,60723,0,0,0,0,0,0,0,0,0,0
0,1,60724,16,16,16,16,16,16,16,16,16,16
1,1,60724,0,0,0,0,0,0,0,0,0,0
1,1,60725,31,0,0,21,9,14,0,0,13,15
1,1,60726,15,15,15,15,15,15,15,15,15,15
2,1,60726,0,0,0,0,0,0,0,0,0,0
1,1,60727,24,24,24,24,24,24,24,24,24,24
2,1,60727,0,0,0,0,0,0,0,0,0,0
1,1,60728,0,0,0,0,0,0,0,0,0,0
1,1,60729,0,0,0,0,0,0,0,0,0,0
2,1,60729,0,0,0,0,0,0,0,0,0,0
1,1,60730,0,0,0,0,0,0,0,0,0,0
2,1,60730,0,0,0,0,0,0,0,0,0,0
3,1,60730,0,0,0,0,0,0,0,0,0,0
1,1,60731,15,15,15,15,15,15,15,15,15,15
2,1,60731,0,0,0,0,0,0,0,0,0,0
0,1,60732,0,0,17,0,0,0,0,0,0,5
1,1,60732,0,0,0,0,0,0,0,0,0,0
1,1,60733,0,0,0,0,0,0,0,0,0,0
2,1,60733,0,0,0,0,0,0,0,0,0,0
1,1,60734,0,0,0,0,0,0,0,0,0,0
0,1,60735,0,0,0,0,0,0,0,0,0,0
1,1,60735,0,0,0,0,0,0,4,0,0,0
1,1,60736,21,21,21,21,21,21,21,21,21,21
1,1,60737,6,6,6,6,6,6,6,6,6,6
1,1,60738,0,0,0,0,0,0,0,0,0,0
1,1,60739,0,0,0,0,0,0,0,0,0,0
1,1,60740,0,0,0,0,0,0,0,0,0,0
2,1,60740,0,0,0,0,0,0,0,0,0,0
0,1,60741,0,0,0,0,0,0,0,0,0,0
1,1,60741,0,0,0,0,0,0,6,0,0,0
1,1,60742,0,0,0,0,0,0,0,0,0,0
0,1,60743,0,0,0,0,0,0,0,0,0,0
1,1,60743,0,0,0,0,0,0,0,0,0,0
1,1,60744,0,0,0,0,0,0,0,0,0,0
1,1,60745,0,0,0,0,0,0,0,0,0,0
2,1,60745,3,10,7,5,8,9,11,0,7,0
0,1,60746,0,0,0,0,0,0,0,0,0,0
1,1,60746,0,0,12,0,9,0,0,14,0,0
1,1,60747,17,17,17,17,17,17,17,17,17,17
0,1,60748,23,23,23,23,23,23,23,23,23,23
1,1,60748,10,11,11,26,13,19,16,22,27,18
1,1,60749,8,16,13,18,14,15,14,20,16,13
0,1,60750,21,21,21,21,21,21,21,21,21,21
1,1,60750,0,10,12,2,0,9,0,17,0,0
0,1,60751,0,0,0,0,0,0,0,0,0,0
0,2,60751,20,0,19,0,0,0,0,0,0,0
1,1,60751,0,0,0,0,0,0,0,0,0,0
2,1,60751,0,0,0,0,0,0,0,0,0,0
1,1,60752,0,0,0,0,0,0,0,0,0,0
2,1,60752,0,0,0,0,0,0,0,0,0,0
1,1,60753,24,24,24,24,24,24,24,24,24,24
2,1,60753,0,0,0,0,0,0,0,0,0,0
0,1,60754,0,0,0,0,0,0,0,0,0,0
1,1,60754,0,0,0,0,0,0,0,0,0,0
1,1,60755,0,0,0,0,0,0,2,0,0,0
2,1,60755,0,0,0,0,0,0,0,7,0,0
1,1,60756,0,0,0,0,0,0,0,0,0,0
2,1,60756,0,0,0,0,0,0,0,0,0,0
1,1,60757,17,17,17,17,17,17,17,17,17,17
2,1,60757,0,0,0,0,0,0,0,0,0,0
1,1,60758,0,0,0,0,0,0,0,0,0,0
1,1,60759,0,0,0,0,0,0,0,0,0,0
1,1,60760,13,5,15,15,17,13,0,6,21,7
1,1,60761,0,0,0,0,0,0,0,0,0,0
2,1,60761,0,0,0,0,0,0,0,0,0,0
1,1,60762,3,3,3,3,3,3,3,3,3,3
1,1,60763,3,3,3,3,3,3,3,3,3,3
1,1,60764,0,0,0,0,0,0,0,0,0,0
2,1,60764,0,0,0,0,0,0,0,0,0,7
0,1,60765,0,0,0,0,0,0,0,0,0,0
1,1,60765,0,0,0,0,0,0,0,0,0,0
0,1,60766,5,5,5,5,5,5,5,5,5,5
1,1,60766,0,12,2,0,12,7,13,0,24,6
1,1,60767,19,19,19,19,19,19,19,19,19,19
1,1,60768,0,0,0,0,0,0,0,0,0,0
2,1,60768,0,0,0,0,0,0,0,0,0,0
0,1,60769,0,0,0,0,0,0,0,0,0,0
1,1,60769,0,0,0,0,0,0,0,0,0,0
1,1,60770,0,0,0,0,0,0,0,0,0,0
2,1,60770,0,0,0,0,0,0,0,0,0,0
1,1,60771,0,0,0,0,0,0,0,0,0,0
2,1,60771,0,0,0,0,0,0,0,0,0,0
0,1,60772,4,4,4,4,4,4,4,4,4,4
1,1,60772,0,0,0,0,0,0,0,0,0,0
0,1,60773,15,0,24,0,18,25,0,3,8,12
1,1,60773,0,7,15,0,0,22,0,4,0,9
0,1,60774,0,0,0,0,0,0,0,0,0,0
1,1,60774,0,0,0,0,0,0,0,0,0,0
1,1,60775,0,0,0,0,0,0,0,0,0,0
1,1,60776,0,9,0,0,0,0,0,0,0,0
1,1,60777,17,17,17,17,17,17,17,17,17,17
1,1,60778,0,0,0,0,0,0,0,0,0,0
1,1,60779,30,30,30,30,30,30,30,30,30,30
1,1,60780,0,0,0,0,0,0,0,0,0,0
1,1,60781,15,15,15,15,15,15,15,15,15,15
2,1,60781,4,4,4,4,4,4,4,4,4,4
1,1,60782,13,13,13,13,13,13,13,13,13,13
1,1,60783,11,11,11,11,11,11,11,11,11,11
0,1,60784,0,0,0,0,0,0,0,0,0,0
1,1,60784,10,10,10,10,10,10,10,10,10,10
1,1,60785,7,7,7,7,7,7,7,7,7,7
2,1,60785,13,5,0,0,5,0,0,0,0,0
3,1,60785,0,0,0,0,0,0,0,0,0,0
4,1,60785,0,0,0,0,0,10,0,0,0,0
5,1,60785,0,0,0,0,0,19,14,0,0,0
1,1,60786,0,0,0,0,0,0,0,0,0,0
1,1,60787,0,0,0,0,0,0,0,0,0,0
1,1,60788,0,0,0,0,0,10,0,0,8,0
2,1,60788,1,1,1,1,1,1,1,1,1,1
0,1,60789,39,39,39,39,39,39,39,39,39,39
1,1,60789,0,0,0,0,0,0,0,0,0,0
2,1,60789,29,9,0,11,0,21,0,19,9,6
1,1,60790,0,0,0,0,0,0,0,0,0,0
2,1,60790,0,0,0,0,0,0,0,0,0,0
1,1,60791,0,0,0,0,0,0,0,0,0,0
2,1,60791,0,0,0,0,0,0,0,0,0,0
1,1,60792,0,0,0,0,0,0,0,0,0,0
2,1,60792,0,0,0,0,0,0,0,0,0,0
1,1,60793,19,19,19,19,19,19,19,19,19,19
0,1,60794,27,27,27,27,27,27,27,27,27,27
1,1,60794,27,4,15,9,4,21,0,0,0,7
1,1,60795,0,0,0,0,0,0,0,0,0,0
2,1,60795,0,0,0,0,0,0,0,0,0,0
1,1,60796,0,0,0,0,0,0,0,0,0,0
1,1,60797,0,0,0,0,0,0,0,0,0,0
2,1,60797,0,0,0,0,0,0,0,0,0,0
0,1,60798,0,0,0,0,0,0,0,0,0,0
1,1,60798,0,0,0,0,0,0,0,0,0,0
1,1,60799,0,0,0,0,0,0,0,0,0,0
1,1,60800,0,0,0,0,0,0,0,0,0,0
1,1,60801,26,26,26,26,26,26,26,26,26,26
0,1,60802,36,36,36,36,36,36,36,36,36,36
1,1,60802,0,0,0,0,0,0,0,0,0,0
1,1,60803,0,0,0,0,7,0,0,16,0,0
2,1,60803,22,22,22,22,22,22,22,22,22,22
3,1,60803,0,0,0,0,0,0,0,0,0,0
1,1,60804,0,0,0,0,0,0,0,0,0,0
2,1,60804,0,0,0,0,0,0,0,0,0,0
1,1,60805,0,0,0,0,0,0,0,0,0,0
1,1,60806,9,9,9,9,9,9,9,9,9,9
1,1,60807,0,0,0,0,0,0,0,0,0,0
1,1,60808,12,41,25,35,19,7,0,0,0,12
2,1,60808,0,0,0,0,0,0,0,0,0,0
1,1,60809,0,0,0,0,0,0,0,0,0,0
1,1,60810,0,0,0,0,0,0,0,0,0,0
2,1,60810,0,0,0,0,0,0,0,0,0,0
1,1,60811,0,0,0,0,0,0,0,0,0,0
1,1,60812,0,0,0,0,0,0,0,0,0,0
2,1,60812,2,2,2,2,2,2,2,2,2,2
1,1,60813,18,18,18,18,18,18,18,18,18,18
2,1,60813,0,0,0,0,0,0,0,0,0,0
3,1,60813,0,0,0,0,0,0,0,0,0,0
1,1,60814,19,19,19,19,19,19,19,19,19,19
2,1,60814,0,0,0,0,0,0,0,0,0,0
0,1,60815,0,0,0,0,0,0,0,0,0,0
1,1,60815,0,0,0,0,0,26,15,0,0,0
1,1,60816,9,9,9,9,9,9,9,9,9,9
2,1,60816,0,9,6,15,9,0,0,0,0,8
3,1,60816,0,0,0,0,0,0,0,0,0,0
4,1,60816,0,0,0,0,0,0,0,0,12,0
1,1,60817,30,30,30,30,30,30,30,30,30,30
0,1,60818,2,2,2,2,2,2,2,2,2,2
1,1,60818,0,0,0,0,10,0,0,0,0,0
1,1,60819,0,0,0,0,0,0,0,0,0,0
2,1,60819,0,0,0,0,0,0,0,0,0,0
3,1,60819,0,0,0,0,0,0,0,0,0,0
1,1,60820,0,0,0,0,0,0,0,0,0,0
1,1,60821,19,19,19,19,19,19,19,19,19,19
2,1,60821,0,0,0,0,0,0,0,0,0,0
3,1,60821,0,0,0,0,0,0,0,0,0,0
1,1,60822,13,0,0,0,0,0,16,0,14,9
1,1,60823,0,0,0,0,0,0,0,0,0,0
1,1,60824,0,0,0,0,0,0,0,0,0,0
2,1,60824,0,0,0,0,0,0,0,0,0,0
1,1,60825,0,0,0,0,0,0,0,0,0,0
2,1,60825,0,0,0,0,0,0,0,0,0,0
1,1,60826,0,9,0,0,24,11,6,20,0,0
1,1,60827,12,12,12,12,12,12,12,12,12,12
1,1,60828,0,0,0,0,0,0,0,0,0,0
2,1,60828,10,10,10,10,10,10,10,10,10,10
1,1,60829,0,0,0,0,0,0,0,0,0,0
2,1,60829,0,0,0,0,0,0,0,0,0,0
1,1,60830,46,46,46,46,46,46,46,46,46,46
2,1,60830,0,0,0,7,0,0,0,0,0,0
1,1,60831,8,8,8,8,8,8,8,8,8,8
2,1,60831,0,0,0,0,0,0,0,0,0,0
1,1,60832,19,19,19,19,19,19,19,19,19,19
2,1,60832,0,0,0,0,0,0,0,0,0,0
3,1,60832,0,0,0,0,0,0,0,0,0,0
4,1,60832,0,0,0,0,14,0,0,0,0,0
0,1,60833,18,18,18,18,18,18,18,18,18,18
1,1,60833,0,0,0,0,0,0,0,0,0,0
1,1,60834,0,0,0,0,0,0,0,0,0,0
1,1,60835,15,15,15,15,15,15,15,15,15,15
0,1,60836,0,0,0,0,0,0,0,0,0,0
1,1,60836,0,0,0,0,0,0,0,0,0,0
1,1,60837,14,14,14,14,14,14,14,14,14,14
1,1,60838,26,26,26,26,26,26,26,26,26,26
1,1,60839,0,0,0,0,0,0,0,0,0,0
1,1,60840,21,21,21,21,21,21,21,21,21,21
1,1,60841,0,0,0,0,0,0,0,0,0,0
1,1,60842,29,29,29,29,29,29,29,29,29,29
0,1,60843,23,23,23,23,23,23,23,23,23,23
1,1,60843,0,0,0,0,0,0,0,0,0,0
2,1,60843,0,0,0,0,0,0,0,0,0,0
0,1,60844,17,17,17,17,17,17,17,17,17,17
1,1,60844,0,0,0,0,0,0,0,0,0,0
1,1,60845,0,0,0,0,0,0,0,0,0,0
1,1,60846,12,12,12,12,12,12,12,12,12,12
1,1,60847,11,11,11,11,11,11,11,11,11,11
1,1,60848,18,5,0,0,0,0,0,0,0,23
2,1,60848,0,0,0,0,0,0,0,0,0,0
3,1,60848,0,0,0,0,0,0,0,0,0,0
4,1,60848,0,0,0,0,0,0,0,0,0,0
5,1,60848,0,0,0,0,0,0,0,0,0,0
6,1,60848,0,0,0,0,0,0,0,0,0,0
1,1,60849,0,0,0,0,0,0,0,0,0,0
1,1,60850,0,0,0,0,0,0,0,0,0,0
2,1,60850,0,0,0,0,0,0,0,0,0,0
0,1,60851,24,24,24,24,24,24,24,24,24,24
1,1,60851,0,0,0,0,0,0,15,0,0,0
1,1,60852,20,20,20,20,20,20,20,20,20,20
1,1,60853,0,0,0,0,0,0,0,0,0,0
1,1,60854,5,0,0,0,0,0,0,0,0,0
1,1,60855,0,0,0,0,0,0,0,0,0,0
1,1,60856,0,0,0,0,0,0,0,0,0,0
1,1,60857,0,0,0,0,0,0,0,0,0,0
1,1,60858,0,27,0,0,0,0,20,0,0,0
1,1,60859,0,0,0,0,0,0,0,0,0,0
1,1,60860,0,0,0,0,0,0,0,0,0,0
1,1,60861,0,0,0,0,0,0,0,0,0,0
2,1,60861,0,0,0,0,0,0,0,0,0,0
1,1,60862,0,0,4,0,0,13,0,0,0,0
2,1,60862,0,0,0,0,0,0,0,0,0,0
3,1,60862,0,0,0,0,0,0,0,11,0,0
1,1,60863,21,21,21,21,21,21,21,21,21,21
2,1,60863,0,0,0,0,0,0,0,0,0,0
1,1,60864,0,0,0,0,0,0,0,0,0,0
1,1,60865,0,0,0,0,0,0,0,0,0,0
2,1,60865,0,0,0,0,0,0,0,0,0,0
3,1,60865,0,0,0,0,0,0,0,0,0,0
4,1,60865,0,0,0,0,0,0,0,0,0,0
0,1,60866,11,11,11,11,11,11,11,11,11,11
1,1,60866,0,0,0,0,0,0,0,0,0,0
0,1,60867,0,0,0,0,0,0,0,0,0,0
1,1,60867,11,0,0,4,8,9,10,0,0,0
1,1,60868,0,0,0,0,0,0,0,0,0,0
1,1,60869,0,0,0,0,0,0,0,0,0,0
1,1,60870,0,0,0,0,0,0,0,0,0,0
1,1,60871,0,0,0,0,0,0,0,0,0,0
1,1,60872,0,0,0,0,0,0,0,0,0,0
2,1,60872,0,0,0,0,0,0,0,0,0,0
1,1,60873,0,0,0,0,0,0,0,0,0,0
2,1,60873,0,0,0,0,0,0,0,0,0,0
0,1,60874,5,5,5,5,5,5,5,5,5,5
1,1,60874,0,0,0,0,0,0,0,0,0,0
1,1,60875,0,0,0,0,0,0,0,0,0,0
2,1,60875,10,0,21,0,0,0,0,0,0,0
3,1,60875,0,0,0,0,0,0,0,0,0,0
1,1,60876,23,23,23,23,23,23,23,23,23,23
2,1,60876,0,0,0,0,0,0,0,0,0,0
1,1,60877,1,1,1,1,1,1,1,1,1,1
2,1,60877,0,0,0,0,0,0,0,0,0,0
1,1,60878,28,28,28,28,28,28,28,28,28,28
1,1,60879,0,0,0,0,0,0,0,0,0,0
2,1,60879,14,14,14,14,14,14,14,14,14,14
0,1,60880,16,16,16,16,16,16,16,16,16,16
1,1,60880,0,0,0,11,0,10,5,0,0,0
1,1,60881,11,11,11,11,11,11,11,11,11,11
1,1,60882,8,8,8,8,8,8,8,8,8,8
1,1,60883,0,0,0,0,0,0,0,0,0,0
2,1,60883,0,0,0,0,0,0,0,0,0,0
3,1,60883,0,0,0,0,0,0,0,0,0,0
0,1,60884,0,0,0,0,0,0,0,0,0,0
1,1,60884,0,0,0,0,0,0,0,0,0,0
1,1,60885,0,0,0,0,0,0,0,0,0,0
1,1,60886,23,23,23,23,23,23,23,23,23,23
1,1,60887,18,18,18,18,18,18,18,18,18,18
1,1,60888,0,0,0,0,0,0,0,0,0,0
1,1,60889,0,0,0,0,0,0,0,0,0,0
2,1,60889,0,0,0,0,0,0,0,0,0,0
1,1,60890,0,0,0,0,0,0,0,0,0,0
2,1,60890,0,0,0,0,0,0,0,0,0,0
1,1,60891,0,0,0,0,0,0,0,0,0,0
2,1,60891,0,0,0,0,0,0,0,0,0,0
1,1,60892,0,0,0,0,0,0,0,0,0,0
2,1,60892,0,0,0,0,0,0,0,0,0,0
1,1,60893,0,0,0,0,0,0,0,0,0,0
2,1,60893,0,0,0,0,0,0,0,0,0,0
3,1,60893,0,0,0,0,0,0,0,0,0,0
1,1,60894,0,0,0,0,0,0,0,0,0,0
2,1,60894,0,0,0,0,0,0,0,0,0,0
1,1,60895,7,7,7,7,7,7,7,7,7,7
2,1,60895,0,0,0,0,0,0,0,0,0,0
3,1,60895,0,0,0,0,0,0,0,0,0,0
0,1,60896,0,0,0,0,0,0,0,0,0,0
1,1,60896,14,0,0,0,0,0,0,0,0,0
1,1,60897,26,26,26,26,26,26,26,26,26,26
1,1,60898,26,26,26,26,26,26,26,26,26,26
1,1,60899,0,0,0,0,0,0,0,0,0,0
2,1,60899,5,0,0,0,0,0,0,0,0,0
3,1,60899,0,0,0,0,0,0,0,0,0,0
1,1,60900,12,12,12,12,12,12,12,12,12,12
2,1,60900,11,0,0,0,0,0,0,0,0,0
1,1,60901,0,0,0,0,0,0,0,0,0,0
2,1,60901,0,0,0,0,0,0,0,0,0,0
3,1,60901,0,0,0,0,0,0,0,0,0,0
1,1,60902,0,0,0,0,0,0,0,0,0,0
2,1,60902,0,0,0,0,0,0,0,0,0,0
0,1,60903,0,0,0,0,24,24,0,0,16,0
0,2,60903,0,0,0,0,0,45,0,0,12,0
1,1,60903,19,23,11,11,12,0,0,8,6,0
1,1,60904,0,0,0,0,0,0,0,0,0,0
2,1,60904,0,0,0,0,0,0,0,0,0,0
1,1,60905,12,12,12,12,12,12,12,12,12,12
1,1,60906,0,0,0,0,0,0,0,0,0,0
1,1,60907,0,0,0,0,0,0,0,0,0,0
0,1,60908,0,0,0,0,0,0,0,0,0,0
1,1,60908,0,0,0,0,0,0,6,0,0,0
0,1,60909,0,0,0,0,0,0,0,0,0,0
1,1,60909,0,0,0,0,0,0,0,9,9,3
1,1,60910,17,17,17,17,17,17,17,17,17,17
1,1,60911,12,12,12,12,12,12,12,12,12,12
1,1,60912,18,18,18,18,18,18,18,18,18,18
1,1,60913,23,23,23,23,23,23,23,23,23,23
1,1,60914,0,0,0,0,0,0,0,0,0,0
1,1,60915,0,0,0,0,0,0,0,0,0,0
1,1,60916,0,0,0,0,0,0,0,0,0,0
1,1,60917,0,0,0,0,0,0,0,0,0,0
1,1,60918,0,0,0,0,0,0,0,0,0,0
1,1,60919,0,0,0,0,0,0,0,0,0,0
2,1,60919,0,0,0,0,0,0,0,0,0,0
0,1,60920,16,16,16,16,16,16,16,16,16,16
1,1,60920,0,0,0,0,0,0,0,0,0,0
1,1,60921,28,28,28,28,28,28,28,28,28,28
1,1,60922,0,0,0,0,0,0,0,0,0,0
1,1,60923,23,23,23,23,23,23,23,23,23,23
1,1,60924,0,0,0,0,0,0,0,0,0,0
2,1,60924,0,0,0,0,0,0,0,0,0,0
0,1,60925,0,0,0,0,0,0,0,0,0,0
1,1,60925,0,0,0,0,0,0,0,0,0,0
0,1,60926,0,0,0,0,0,0,0,0,0,0
1,1,60926,0,0,0,0,22,0,0,0,0,0
1,1,60927,0,0,0,0,0,0,0,0,0,0
2,1,60927,13,13,13,13,13,13,13,13,13,13
1,1,60928,0,0,0,0,0,0,0,0,0,0
2,1,60928,0,11,0,0,18,0,0,0,0,0
3,1,60928,0,0,0,0,0,0,0,0,0,0
0,1,60929,0,0,0,0,0,0,0,0,0,0
1,1,60929,15,0,0,0,0,0,0,0,0,0
1,1,60930,0,0,0,0,0,0,0,0,0,0
2,1,60930,0,0,0,0,0,0,0,0,0,0