VEH_NO,PER_NO,ST_CASE,P1,P2,P3,P4,P5,P6,P7,P8,P9,P10
1,1,60931,11,11,11,11,11,11,11,11,11,11
1,1,60932,0,0,0,0,0,0,0,0,0,0
2,1,60932,0,0,0,0,0,0,0,0,0,0
3,1,60932,0,0,0,0,0,0,0,0,0,0
1,1,60933,0,0,0,0,0,0,0,0,0,0
1,1,60934,0,0,0,0,0,0,0,0,0,0
2,1,60934,0,0,0,0,0,0,0,0,0,0
0,1,60935,0,0,35,0,0,0,0,0,0,13
1,1,60935,0,0,0,0,0,0,0,0,0,0
1,1,60936,0,0,0,0,0,0,0,0,0,0
0,1,60937,0,0,0,0,0,0,0,0,0,0
1,1,60937,0,0,0,0,0,0,0,0,0,0
1,1,60938,0,0,0,0,0,0,0,0,0,0
1,1,60939,0,0,0,0,0,0,0,0,0,0
1,1,60940,0,0,0,0,0,0,0,0,0,0
1,1,60941,0,0,0,0,0,0,0,0,0,0
2,1,60941,0,0,0,0,0,0,0,0,0,0
1,1,60942,0,0,0,0,0,0,0,0,0,0
0,1,60943,24,24,24,24,24,24,24,24,24,24
1,1,60943,0,0,0,0,0,0,0,0,0,0
1,1,60944,10,10,10,10,10,10,10,10,10,10
1,1,60945,13,13,13,13,13,13,13,13,13,13
1,1,60946,0,0,0,0,0,0,0,0,0,0
1,1,60947,0,0,0,0,0,0,0,0,0,0
1,1,60948,40,20,5,15,14,11,11,18,13,15
1,1,60949,28,28,28,28,28,28,28,28,28,28
1,1,60950,0,0,0,0,0,0,0,0,0,0
1,1,60951,0,0,0,0,0,0,0,0,0,0
2,1,60951,0,0,0,0,0,0,0,0,0,0
1,1,60952,0,0,0,0,0,0,0,0,0,0
1,1,60953,0,0,0,0,0,0,0,0,0,0
1,1,60954,0,0,0,0,0,0,0,0,0,0
1,1,60955,17,0,28,0,0,0,0,16,0,0
1,1,60956,0,0,0,0,0,0,0,0,0,0
2,1,60956,0,0,0,0,0,0,0,0,0,0
3,1,60956,0,0,0,0,0,0,0,0,0,0
1,1,60957,27,27,27,27,27,27,27,27,27,27
1,1,60958,0,0,0,0,0,0,0,0,0,0
2,1,60958,0,0,0,0,0,0,0,0,0,0
1,1,60959,0,0,0,0,0,0,0,0,0,0
2,1,60959,0,0,0,0,0,0,0,0,0,0
1,1,60960,0,0,0,0,0,0,0,0,0,0
0,1,60961,0,0,0,0,0,0,0,0,0,0
1,1,60961,0,0,0,0,0,0,0,0,0,0
1,1,60962,0,0,0,0,0,0,0,0,0,0
1,1,60963,28,28,28,28,28,28,28,28,28,28
1,1,60964,0,0,0,0,0,0,0,0,0,0
1,1,60965,0,0,0,0,0,0,0,0,0,0
2,1,60965,0,0,0,0,0,0,0,0,0,0
1,1,60966,0,0,0,0,0,0,0,0,0,0
1,1,60967,0,0,0,0,0,0,0,0,0,0
0,1,60968,7,15,33,20,40,25,0,35,42,33
1,1,60968,0,0,0,0,0,0,0,0,0,0
0,1,60969,0,17,0,0,0,0,0,0,0,0
1,1,60969,0,0,0,0,0,0,0,0,0,0
1,1,60970,0,0,0,0,0,0,0,0,0,0
0,1,60971,30,27,32,19,7,32,17,34,48,17
1,1,60971,7,0,0,0,0,0,0,0,0,0
1,1,60972,0,0,0,0,0,0,0,0,0,0
2,1,60972,0,0,0,0,0,0,0,0,0,0
1,1,60973,0,0,0,0,0,0,6,0,0,0
2,1,60973,19,19,19,19,19,19,19,19,19,19
3,1,60973,0,0,0,0,0,0,0,0,0,0
1,1,60974,0,0,0,0,0,0,0,0,0,0
2,1,60974,0,0,0,0,0,0,0,0,0,0
0,1,60975,0,0,0,0,0,0,0,0,0,0
1,1,60975,0,0,0,0,0,0,0,0,0,0
1,1,60976,17,0,0,0,7,16,0,5,0,0
2,1,60976,0,0,0,0,0,0,0,0,0,0
0,1,60977,0,0,0,0,0,0,0,0,0,0
1,1,60977,12,12,12,12,12,12,12,12,12,12
0,1,60978,0,0,0,0,0,0,0,0,0,0
1,1,60978,0,0,0,0,0,0,0,0,0,0
1,1,60979,0,0,0,0,0,0,0,0,0,0
1,1,60980,19,19,19,19,19,19,19,19,19,19
1,1,60981,11,11,11,11,11,11,11,11,11,11
2,1,60981,0,0,0,0,0,0,0,0,0,0
0,1,60982,31,31,31,31,31,31,31,31,31,31
1,1,60982,4,4,4,4,4,4,4,4,4,4
1,1,60983,0,0,0,0,0,0,0,0,15,0
2,1,60983,0,0,0,0,0,0,0,0,0,0
3,1,60983,0,0,0,0,0,0,0,0,0,0
4,1,60983,0,0,0,0,0,0,0,0,0,0
1,1,60984,7,24,17,20,18,8,16,11,2,25
2,1,60984,0,0,0,0,0,0,0,0,0,0
1,1,60985,0,0,0,0,0,0,0,0,0,0
1,1,60986,0,0,0,0,0,0,0,0,0,0
2,1,60986,5,0,0,0,0,0,0,0,0,2
3,1,60986,0,0,0,0,0,0,0,0,0,0
4,1,60986,0,0,0,0,0,0,0,0,0,0
5,1,60986,0,0,0,0,0,0,0,0,0,0
1,1,60987,34,34,34,34,34,34,34,34,34,34
2,1,60987,0,0,0,0,0,0,0,0,7,0
3,1,60987,0,0,0,0,0,0,0,0,0,0
0,1,60988,0,0,0,0,0,0,0,0,0,0
1,1,60988,0,0,0,0,0,0,0,0,0,0
0,1,60989,0,0,0,0,0,0,0,0,0,0
1,1,60989,0,0,0,0,0,0,0,0,0,0
2,1,60989,10,10,10,10,10,10,10,10,10,10
1,1,60990,5,30,25,23,10,11,9,10,24,9
1,1,60991,0,0,0,0,0,0,0,0,0,0
2,1,60991,0,0,0,0,0,0,0,0,0,0
3,1,60991,0,0,0,0,0,0,0,0,0,0
1,1,60992,18,18,18,18,18,18,18,18,18,18
1,1,60993,0,0,0,0,0,0,0,0,0,0
2,1,60993,0,0,0,0,0,0,0,0,0,0
3,1,60993,0,0,0,0,0,0,0,0,0,0
4,1,60993,0,0,0,0,0,0,0,0,0,0
1,1,60994,0,0,0,0,0,0,0,0,0,0
2,1,60994,0,0,0,0,0,0,0,0,0,0
1,1,60995,4,0,2,8,12,0,11,0,23,21
1,1,60996,10,6,13,18,14,17,26,31,20,2
1,1,60997,0,4,0,0,0,0,10,0,0,8
2,1,60997,0,0,0,0,0,0,0,0,0,0
1,1,60998,0,0,0,0,0,0,0,0,0,0
2,1,60998,0,0,0,0,0,0,0,0,0,0
1,1,60999,0,0,0,0,0,0,0,0,0,0
1,1,61000,0,0,0,0,0,0,0,0,0,0
2,1,61000,5,5,5,5,5,5,5,5,5,5
1,1,61001,0,4,0,0,0,0,0,0,0,0
0,1,61002,0,0,0,0,0,0,0,0,0,4
1,1,61002,0,0,0,0,0,0,0,0,0,0
1,1,61003,20,20,20,20,20,20,20,20,20,20
0,1,61004,13,13,13,13,13,13,13,13,13,13
1,1,61004,1,1,1,1,1,1,1,1,1,1
1,1,61005,31,31,31,31,31,31,31,31,31,31
2,1,61005,0,0,0,0,0,0,0,0,0,0
1,1,61006,0,0,0,0,0,0,0,0,0,0
2,1,61006,0,0,0,0,0,0,0,0,0,0
1,1,61007,0,0,0,0,0,0,0,0,0,0
2,1,61007,0,0,0,0,0,0,3,0,0,0
1,1,61008,4,14,14,11,5,17,0,12,14,61
2,1,61008,0,0,0,0,0,0,0,0,0,0
1,1,61009,0,0,0,0,0,0,0,0,0,0
2,1,61009,0,0,0,0,0,0,0,0,0,0
1,1,61010,0,0,22,14,6,10,4,5,13,23
2,1,61010,0,0,0,0,0,0,0,0,0,0
3,1,61010,0,0,0,0,0,0,0,0,0,0
1,1,61011,32,14,6,26,11,16,14,31,19,17
2,1,61011,0,0,0,0,0,0,0,0,0,0
0,1,61012,0,0,0,0,0,0,0,0,0,0
1,1,61012,0,0,0,0,0,0,0,0,0,0
1,1,61013,29,29,29,29,29,29,29,29,29,29
1,1,61014,0,0,0,0,0,0,0,0,0,0
1,1,61015,8,8,8,8,8,8,8,8,8,8
1,1,61016,21,21,21,21,21,21,21,21,21,21
0,1,61017,0,0,0,0,0,0,0,0,0,0
1,1,61017,0,0,0,0,0,0,0,0,0,0
1,1,61018,0,0,0,0,0,0,0,0,0,0
2,1,61018,0,0,0,0,0,0,0,0,0,0
1,1,61019,0,0,0,0,0,0,0,0,0,0
0,1,61020,0,0,0,0,0,0,0,0,0,0
1,1,61020,0,0,0,0,11,0,0,0,0,9
1,1,61021,0,0,8,0,0,0,0,24,11,17
2,1,61021,0,0,0,0,0,0,0,0,0,0
1,1,61022,0,0,0,0,0,0,0,0,0,0
2,1,61022,0,0,0,0,0,0,0,0,0,0
3,1,61022,0,0,0,0,0,0,0,0,0,0
1,1,61023,0,0,0,0,0,0,0,0,0,0
2,1,61023,0,0,0,0,0,0,0,0,0,0
1,1,61024,0,0,0,0,0,0,0,0,0,0
1,1,61025,0,0,0,0,0,0,0,0,0,0
2,1,61025,4,4,4,4,4,4,4,4,4,4
0,1,61026,0,0,0,0,0,0,0,0,0,0
1,1,61026,0,0,16,0,0,0,9,11,13,0
0,1,61027,34,34,34,34,34,34,34,34,34,34
1,1,61027,0,0,0,0,0,0,0,0,0,0
0,1,61028,0,0,0,0,0,0,0,0,0,0
1,1,61028,0,0,0,0,0,0,0,0,0,0
1,1,61029,0,0,0,0,0,0,0,0,0,0
1,1,61030,0,0,0,0,0,0,0,0,0,0
1,1,61031,0,0,0,0,0,0,0,0,0,0
1,1,61032,9,9,9,9,9,9,9,9,9,9
1,1,61033,0,0,0,0,0,0,0,0,0,0
2,1,61033,0,0,0,0,0,0,0,0,0,0
3,1,61033,0,0,0,0,0,0,0,0,0,0
1,1,61034,13,26,16,34,17,22,0,24,5,21
2,1,61034,0,0,0,0,0,0,0,0,0,0
1,1,61035,0,0,0,0,0,0,0,0,0,0
1,1,61036,12,12,12,12,12,12,12,12,12,12
1,1,61037,21,8,15,19,30,17,6,9,22,9
2,1,61037,3,3,3,3,3,3,3,3,3,3
1,1,61038,10,0,0,0,0,0,10,4,17,0
1,1,61039,0,0,0,0,0,0,0,0,17,0
2,1,61039,0,0,0,0,0,0,0,0,0,0
1,1,61040,0,0,0,0,0,0,0,0,0,5
2,1,61040,3,3,3,3,3,3,3,3,3,3
3,1,61040,0,0,0,0,0,0,0,0,0,0
4,1,61040,0,0,0,0,0,0,0,0,0,0
5,1,61040,0,0,0,0,0,0,0,0,0,0
0,1,61041,22,22,22,22,22,22,22,22,22,22
1,1,61041,0,0,0,0,0,0,0,0,0,0
1,1,61042,2,2,2,2,2,2,2,2,2,2
1,1,61043,0,0,0,0,0,0,0,0,0,0
1,1,61044,0,0,0,0,0,0,0,0,0,0
2,1,61044,0,0,0,0,0,0,0,0,0,0
1,1,61045,22,22,22,22,22,22,22,22,22,22
1,1,61046,26,26,26,26,26,26,26,26,26,26
2,1,61046,0,0,0,0,0,0,0,0,0,0
1,1,61047,35,35,35,35,35,35,35,35,35,35
0,1,61048,0,0,0,0,0,12,0,20,0,0
1,1,61048,0,0,0,0,0,0,0,0,0,0
1,1,61049,0,0,0,0,0,0,0,0,0,0
1,1,61050,0,0,0,0,0,0,0,4,0,0
2,1,61050,0,0,0,0,0,0,0,0,0,0
3,1,61050,0,0,0,0,0,0,0,0,0,0
4,1,61050,0,0,0,0,0,0,0,0,0,6
5,1,61050,23,0,0,0,0,0,0,0,0,0
6,1,61050,0,0,0,0,0,0,0,0,0,0
7,1,61050,0,0,0,0,0,0,0,0,0,0
8,1,61050,10,2,5,0,0,3,7,17,0,0
9,1,61050,0,0,0,0,0,0,0,0,0,0
10,1,61050,0,0,0,0,0,0,0,0,0,0
0,1,61051,8,8,8,8,8,8,8,8,8,8
1,1,61051,0,0,0,0,12,6,0,0,0,0
2,1,61051,0,0,0,0,0,0,0,0,0,0
3,1,61051,12,0,0,0,0,0,0,0,0,0
1,1,61052,0,0,0,0,0,0,0,0,0,0
2,1,61052,0,0,0,0,0,0,0,0,0,0
1,1,61053,0,0,0,0,0,0,0,0,0,0
3,1,61053,0,0,0,0,0,0,0,0,0,0
4,1,61053,0,0,0,0,0,0,0,0,0,0
1,1,61054,31,31,31,31,31,31,31,31,31,31
1,1,61055,0,0,0,0,0,0,0,0,0,0
2,1,61055,0,0,0,0,0,2,0,0,0,0
0,1,61056,0,0,0,0,0,0,0,0,0,0
0,2,61056,0,0,0,0,0,0,6,0,0,0
1,1,61056,0,0,0,15,0,0,0,0,0,0
0,1,61057,6,6,6,6,6,6,6,6,6,6
1,1,61057,0,0,7,5,10,0,0,0,6,10
1,1,61058,0,0,0,0,0,0,0,0,0,0
2,1,61058,0,0,0,0,0,0,0,0,0,0
1,1,61059,0,0,0,0,0,0,0,0,0,0
1,1,61060,0,0,0,0,0,0,0,0,0,0
2,1,61060,19,19,19,19,19,19,19,19,19,19
1,1,61061,0,0,0,0,0,0,0,0,0,9
2,1,61061,0,0,0,0,0,0,0,0,0,0
3,1,61061,0,0,0,0,0,0,0,0,0,0
4,1,61061,0,0,0,0,0,0,0,0,0,0
5,1,61061,0,0,0,0,0,0,0,0,0,0
6,1,61061,0,0,0,0,0,0,0,0,0,0
7,1,61061,0,0,0,0,0,0,0,0,0,0
1,1,61062,0,0,0,0,0,0,0,0,0,0
0,1,61063,0,0,0,0,0,0,0,0,0,0
1,1,61063,0,0,0,6,0,0,0,0,0,0
1,1,61064,0,0,0,0,0,0,0,0,0,0
2,1,61064,0,0,0,0,0,0,0,0,0,0
0,1,61065,0,0,0,0,0,0,0,0,0,0
1,1,61065,0,0,0,0,0,0,4,0,0,0
1,1,61066,0,0,0,0,0,0,0,0,0,0
1,1,61067,0,0,0,0,0,0,0,0,0,0
2,1,61067,0,0,0,0,0,24,0,0,0,0
1,1,61068,15,15,15,15,15,15,15,15,15,15
1,1,61069,0,0,0,0,0,0,0,0,0,0
2,1,61069,0,0,0,0,0,0,0,0,0,0
1,1,61070,8,8,8,8,8,8,8,8,8,8
1,1,61071,0,0,0,0,0,0,0,0,0,0
2,1,61071,0,0,0,0,0,0,0,0,0,0
3,1,61071,0,0,0,0,0,0,0,0,0,0
1,1,61072,31,31,31,31,31,31,31,31,31,31
1,1,61073,0,0,0,0,0,0,0,0,0,0
1,1,61074,17,17,17,17,17,17,17,17,17,17
1,1,61075,10,10,10,10,10,10,10,10,10,10
1,1,61076,8,8,8,8,8,8,8,8,8,8
1,1,61077,0,0,0,0,0,0,0,0,0,0
2,1,61077,0,0,0,5,0,0,0,0,0,0
3,1,61077,0,0,0,0,0,0,0,0,0,0
0,1,61078,0,0,0,0,0,0,0,0,0,0
1,1,61078,0,0,0,0,0,0,0,0,0,0
1,1,61079,7,7,7,7,7,7,7,7,7,7
1,1,61080,0,0,0,0,0,0,0,0,0,0
1,1,61081,18,18,18,18,18,18,18,18,18,18
1,1,61082,11,11,11,11,11,11,11,11,11,11
1,1,61083,0,0,0,0,0,0,0,0,0,0
2,1,61083,0,0,0,0,0,0,0,0,0,0
0,1,61084,0,0,0,0,0,0,0,0,0,0
1,1,61084,0,0,0,0,0,0,0,0,0,0
1,1,61085,0,0,0,0,0,0,0,9,0,0
2,1,61085,0,0,0,0,0,0,0,0,0,0
3,1,61085,0,0,0,0,0,0,0,0,0,0
4,1,61085,0,0,0,0,0,0,0,0,0,0
1,1,61086,0,0,0,0,0,0,0,0,0,0
1,1,61087,0,0,0,0,0,0,0,0,0,0
1,1,61088,11,11,11,11,11,11,11,11,11,11
1,1,61089,0,0,0,0,0,0,0,0,0,0
2,1,61089,0,0,0,0,0,0,0,0,0,0
1,1,61090,0,0,0,0,0,0,0,0,0,0
2,1,61090,0,0,0,0,0,0,0,0,0,0
0,1,61091,0,0,0,0,0,0,0,0,0,0
1,1,61091,0,0,11,6,8,0,6,11,20,0
1,1,61092,0,19,0,15,25,0,17,0,18,0
2,1,61092,16,16,16,16,16,16,16,16,16,16
1,1,61093,24,24,24,24,24,24,24,24,24,24
1,1,61094,0,0,0,0,0,0,0,0,0,0
0,1,61095,0,0,0,0,0,0,0,0,0,0
1,1,61095,0,0,0,0,0,0,0,56,0,0
1,1,61096,20,20,20,20,20,20,20,20,20,20
1,1,61097,0,0,0,0,0,0,0,0,0,0
2,1,61097,0,0,0,0,0,0,0,0,0,0
1,1,61098,0,0,23,19,0,12,27,0,0,0
1,1,61099,0,0,0,0,16,0,0,5,0,8
1,1,61100,0,0,0,0,0,0,0,0,0,0
2,1,61100,0,0,0,0,0,0,40,0,0,0
1,1,61101,5,5,5,5,5,5,5,5,5,5
1,1,61102,0,0,0,0,0,0,0,0,0,0
2,1,61102,0,0,0,0,0,0,0,0,0,0
1,1,61103,21,5,31,25,9,17,13,32,23,22
2,1,61103,0,0,0,0,0,0,0,0,0,0
0,1,61104,5,5,5,5,5,5,5,5,5,5
1,1,61104,0,0,0,0,0,0,0,0,0,0
1,1,61105,11,11,11,11,11,11,11,11,11,11
1,1,61106,0,0,0,0,0,0,0,0,0,0
2,1,61106,0,0,0,0,0,0,0,0,0,0
1,1,61107,21,21,21,21,21,21,21,21,21,21
0,1,61108,0,0,18,0,0,15,0,13,0,0
1,1,61108,0,0,0,0,0,0,0,0,0,0
1,1,61109,12,12,12,12,12,12,12,12,12,12
2,1,61109,0,0,0,0,0,0,0,0,0,0
1,1,61110,0,0,0,0,0,0,0,0,0,0
2,1,61110,0,0,0,0,0,0,0,0,0,0
1,1,61111,19,19,19,19,19,19,19,19,19,19
1,1,61112,22,22,22,22,22,22,22,22,22,22
1,1,61113,0,0,0,0,0,0,0,0,0,0
0,1,61114,0,0,0,0,0,0,0,0,0,0
1,1,61114,0,0,0,0,0,0,0,0,0,0
1,1,61115,0,0,0,0,0,0,0,0,0,0
1,1,61116,10,10,10,10,10,10,10,10,10,10
2,1,61116,0,0,0,0,0,0,0,0,0,0
1,1,61117,0,0,0,0,0,0,0,0,0,0
2,1,61117,0,0,0,0,0,0,0,0,0,0
1,1,61118,4,4,4,4,4,4,4,4,4,4
0,1,61119,0,0,0,0,0,0,0,0,0,0
1,1,61119,0,0,0,0,0,0,0,0,0,0
1,1,61120,0,19,0,0,0,0,0,0,0,0
1,1,61121,0,0,0,0,0,0,0,0,0,0
2,1,61121,0,0,0,0,0,0,0,0,0,0
3,1,61121,0,0,0,0,0,0,0,0,0,0
1,1,61122,0,0,0,0,0,0,0,0,0,0
0,1,61123,0,0,0,0,0,0,21,0,25,0
1,1,61123,0,0,0,0,0,0,0,0,0,0
0,1,61124,35,35,35,35,35,35,35,35,35,35
1,1,61124,0,0,0,0,0,0,0,0,0,0
1,1,61125,19,26,21,15,21,24,8,0,8,26
2,1,61125,0,0,0,0,0,0,0,0,0,0
1,1,61126,0,10,17,0,17,16,21,8,9,12
2,1,61126,12,12,12,12,12,12,12,12,12,12
1,1,61127,0,0,0,0,0,0,0,0,0,0
2,1,61127,0,0,0,0,0,0,0,0,0,0
1,1,61128,0,0,0,0,0,0,0,0,0,0
1,1,61129,0,0,0,0,0,0,0,0,0,0
2,1,61129,0,0,0,0,0,0,0,0,0,0
0,1,61130,23,26,3,35,22,48,17,23,26,17
1,1,61130,0,0,0,0,0,0,0,0,0,0
1,1,61131,0,0,0,0,0,8,0,0,0,0
2,1,61131,0,0,0,0,0,0,0,0,0,0
3,1,61131,0,0,0,0,0,0,0,0,0,0
1,1,61132,0,0,0,0,0,0,0,0,0,0
1,1,61133,0,0,0,0,0,0,0,0,0,0
1,1,61134,27,24,19,23,9,2,27,16,5,12
1,1,61135,6,6,6,6,6,6,6,6,6,6
0,1,61136,0,0,0,0,0,0,0,0,0,0
1,1,61136,0,0,0,0,11,31,0,0,36,20
1,1,61137,19,19,19,19,19,19,19,19,19,19
2,1,61137,0,0,0,0,0,0,0,0,0,0
1,1,61138,22,22,22,22,22,22,22,22,22,22
2,1,61138,0,0,0,0,0,0,0,0,0,0
1,1,61139,21,21,21,21,21,21,21,21,21,21
1,1,61140,16,16,16,16,16,16,16,16,16,16
2,1,61140,0,0,0,0,0,0,0,0,0,0
0,1,61141,0,0,0,0,0,0,0,0,0,0
1,1,61141,0,0,0,0,0,0,0,0,0,0
1,1,61142,0,0,0,0,0,0,0,0,0,0
1,1,61143,0,0,0,0,0,0,0,0,0,0
1,1,61144,10,10,10,10,10,10,10,10,10,10
1,1,61145,4,4,4,4,4,4,4,4,4,4
1,1,61146,0,9,0,0,0,0,0,0,0,0
1,1,61147,0,0,0,0,0,0,0,0,0,0
1,1,61148,0,0,0,0,0,0,0,0,0,0
1,1,61149,0,0,0,0,0,0,0,0,0,0
1,1,61150,15,15,15,15,15,15,15,15,15,15
1,1,61151,9,9,9,9,9,9,9,9,9,9
1,1,61152,0,0,0,0,0,0,0,0,0,0
1,1,61153,19,6,31,27,17,18,14,13,21,17
1,1,61154,0,0,0,0,0,0,0,0,0,0
1,1,61155,0,0,0,0,0,0,0,0,0,0
1,1,61156,0,0,0,0,0,0,0,0,0,0
1,1,61157,19,19,19,19,19,19,19,19,19,19
1,1,61158,0,0,0,0,0,0,0,0,0,0
1,1,61159,25,25,25,25,25,25,25,25,25,25
1,1,61160,30,30,30,30,30,30,30,30,30,30
1,1,61161,0,0,0,0,0,0,0,0,0,0
1,1,61162,14,14,14,14,14,14,14,14,14,14
1,1,61163,0,0,0,0,0,0,0,0,0,0
1,1,61164,31,31,31,31,31,31,31,31,31,31
0,1,61165,0,0,0,0,0,0,0,0,0,0
1,1,61165,0,0,0,0,0,0,0,0,0,0
1,1,61166,0,0,0,0,0,0,0,0,0,0
2,1,61166,0,0,0,0,0,0,0,0,0,0
0,1,61167,0,0,0,0,0,0,0,0,0,0
1,1,61167,0,26,0,0,0,0,0,0,0,0
1,1,61168,0,7,0,0,0,0,0,0,0,13
2,1,61168,0,0,0,0,0,0,0,0,0,0
1,1,61169,27,27,27,27,27,27,27,27,27,27
1,1,61170,30,30,30,30,30,30,30,30,30,30
1,1,61171,12,6,8,5,7,19,15,11,12,11
1,1,61172,10,10,10,10,10,10,10,10,10,10
2,1,61172,0,0,0,0,0,0,17,12,0,0
0,1,61173,16,16,16,16,16,16,16,16,16,16
1,1,61173,10,5,6,0,11,0,0,0,10,0
1,1,61174,0,0,0,0,0,0,0,0,0,0
0,1,61175,0,0,0,0,0,0,0,0,0,0
1,1,61175,0,0,0,0,0,0,0,0,0,0
1,1,61176,0,0,0,0,0,0,0,0,0,0
2,1,61176,0,0,0,0,0,0,0,0,0,0
0,1,61177,0,0,0,0,0,0,0,0,0,0
1,1,61177,0,0,0,0,0,0,0,0,0,0
0,1,61178,26,26,26,26,26,26,26,26,26,26
1,1,61178,35,0,0,0,0,21,0,0,0,0
1,1,61179,0,0,0,0,0,0,0,0,0,0
1,1,61180,14,14,14,14,14,14,14,14,14,14
1,1,61181,0,0,0,0,0,0,0,0,0,0
1,1,61182,23,23,23,23,23,23,23,23,23,23
1,1,61183,13,13,13,13,13,13,13,13,13,13
0,1,61184,0,0,0,0,0,0,0,0,0,0
0,2,61184,0,0,0,0,0,0,0,0,0,0
0,3,61184,0,0,0,0,0,0,0,0,0,0
0,4,61184,0,0,0,0,0,0,0,0,0,0
0,5,61184,0,0,0,0,0,0,0,0,0,0
1,1,61184,0,0,0,0,0,0,0,0,0,0
1,1,61185,0,0,0,0,7,0,0,0,0,0
2,1,61185,5,5,5,5,5,5,5,5,5,5
1,1,61186,0,0,0,0,0,0,0,0,0,0
2,1,61186,0,0,0,0,0,0,0,0,0,0
1,1,61187,0,0,0,0,0,0,0,0,0,0
1,1,61188,3,3,3,3,3,3,3,3,3,3
1,1,61189,0,0,0,0,0,0,0,0,0,0
1,1,61190,21,21,21,21,21,21,21,21,21,21
1,1,61191,7,7,7,7,7,7,7,7,7,7
1,1,61192,0,0,0,0,0,0,0,0,0,0
1,1,61193,0,0,0,0,0,0,0,0,0,0
1,1,61194,8,8,8,8,8,8,8,8,8,8
1,1,61195,0,0,0,0,0,0,0,0,0,0
1,1,61196,15,15,15,15,15,15,15,15,15,15
1,1,61197,25,25,25,25,25,25,25,25,25,25
1,1,61198,13,13,13,13,13,13,13,13,13,13
1,1,61199,0,0,0,0,0,0,0,0,0,0
1,1,61200,19,19,19,19,19,19,19,19,19,19
1,1,61201,16,14,15,15,0,24,11,8,6,12
1,1,61202,6,6,6,6,6,6,6,6,6,6
1,1,61203,0,0,0,0,0,0,0,0,0,0
1,1,61204,0,0,0,0,0,0,0,0,0,0
1,1,61205,0,0,0,0,0,0,0,0,0,0
1,1,61206,0,9,0,0,0,0,0,0,0,16
1,1,61207,18,18,18,18,18,18,18,18,18,18
0,1,61208,0,0,0,0,0,0,0,0,0,0
1,1,61208,0,0,0,0,0,0,0,0,0,0
1,1,61209,0,0,0,0,0,0,0,0,0,0
2,1,61209,0,0,0,0,0,0,0,0,0,0
1,1,61210,13,13,13,13,13,13,13,13,13,13
2,1,61210,0,0,0,0,0,0,0,0,0,0
0,1,61211,0,0,0,0,0,0,0,0,0,0
1,1,61211,0,0,0,0,0,0,0,0,0,0
1,1,61212,11,15,20,14,12,28,9,15,19,15
1,1,61213,0,0,0,0,0,0,0,0,0,0
0,1,61214,30,30,30,30,30,30,30,30,30,30
1,1,61214,0,0,0,0,0,0,0,0,0,0
1,1,61215,0,11,0,7,0,23,19,5,0,0
1,1,61216,0,0,0,0,0,0,0,0,24,0
2,1,61216,0,0,0,0,0,0,0,0,0,0
1,1,61217,0,0,0,0,0,0,0,0,0,0
2,1,61217,0,0,0,0,0,0,0,0,0,0
0,1,61218,0,0,0,0,0,0,0,0,0,0
1,1,61218,0,0,0,0,0,0,0,0,0,0
0,1,61219,0,0,12,0,10,3,0,0,0,0
1,1,61219,0,19,9,0,0,3,11,18,11,0
1,1,61220,11,11,11,11,11,11,11,11,11,11
0,1,61221,0,0,0,0,0,0,0,0,0,0
1,1,61221,12,0,0,0,0,0,0,0,0,0
0,1,61222,0,0,0,0,0,0,0,0,0,0
1,1,61222,0,0,0,0,0,0,0,0,0,0
1,1,61223,0,0,0,0,0,0,0,0,0,0
1,1,61224,0,0,0,0,0,0,0,0,0,0
1,1,61225,0,0,0,0,0,0,0,0,0,0
1,1,61226,0,0,0,0,0,0,0,0,0,0
2,1,61226,0,0,0,0,0,0,0,0,0,0
0,1,61227,32,32,32,32,32,32,32,32,32,32
1,1,61227,3,3,3,3,3,3,3,3,3,3
1,1,61228,0,0,0,0,0,0,0,0,0,0
1,1,61229,0,0,0,0,0,0,0,0,0,0
2,1,61229,0,0,0,0,0,0,0,0,0,0
3,1,61229,0,0,0,0,0,0,0,0,0,0
4,1,61229,0,0,0,0,0,0,0,0,0,0
5,1,61229,0,0,0,0,0,0,0,0,0,0
6,1,61229,0,0,0,0,0,0,0,0,0,0
1,1,61230,0,0,0,0,0,0,0,0,0,0
2,1,61230,0,0,0,0,0,0,0,0,0,0
0,1,61231,24,0,0,0,21,31,0,0,22,0
1,1,61231,0,0,0,0,0,0,10,0,0,0
0,1,61232,0,0,0,0,0,0,0,0,0,0
1,1,61232,0,0,0,0,0,0,0,0,0,0
1,1,61233,0,0,0,0,0,0,0,0,0,0
1,1,61234,12,0,0,0,0,0,10,0,0,0
2,1,61234,0,0,0,0,0,0,0,0,0,0
1,1,61235,7,15,11,0,7,4,4,4,11,13
2,1,61235,0,0,0,0,0,0,0,0,0,0
3,1,61235,0,0,0,0,0,0,0,0,0,0
1,1,61236,0,0,0,0,0,0,0,0,0,0
2,1,61236,0,0,0,0,0,0,0,0,0,0
1,1,61237,0,0,10,0,0,0,0,0,0,0
2,1,61237,0,0,0,0,0,0,0,0,0,0
3,1,61237,0,0,0,0,0,0,0,0,0,0
0,1,61238,0,0,0,0,0,0,0,0,0,0
1,1,61238,0,0,0,0,0,0,0,0,0,0
1,1,61239,32,6,0,13,0,0,0,0,0,0
1,1,61240,0,0,0,0,0,0,0,0,0,0
1,1,61241,0,0,0,0,0,0,0,0,0,0
1,1,61242,0,0,0,0,0,0,0,0,0,0
2,1,61242,0,0,0,0,0,0,0,0,0,0
1,1,61243,15,0,0,6,0,7,0,0,0,0
1,1,61244,0,0,0,0,0,0,0,0,0,0
0,1,61245,20,20,20,20,20,20,20,20,20,20
1,1,61245,11,11,11,11,11,11,11,11,11,11
1,1,61246,17,17,17,17,17,17,17,17,17,17
0,1,61247,23,23,23,23,23,23,23,23,23,23
1,1,61247,0,10,6,9,0,0,0,7,0,0
1,1,61248,0,0,0,0,0,0,0,0,0,0
2,1,61248,0,0,0,0,0,0,0,0,0,0
3,1,61248,0,0,0,0,0,0,0,0,0,0
0,1,61249,0,0,0,0,0,0,0,0,0,0
1,1,61249,0,15,4,12,2,0,0,0,0,0