VEH_NO,PER_NO,ST_CASE,P1,P2,P3,P4,P5,P6,P7,P8,P9,P10
1,1,61250,0,0,0,0,0,0,0,0,0,0
2,1,61250,25,25,25,25,25,25,25,25,25,25
1,1,61251,0,0,0,0,0,0,0,0,0,0
2,1,61251,0,0,0,0,0,0,0,0,0,0
1,1,61252,0,0,0,0,0,0,0,0,0,0
2,1,61252,0,0,0,0,0,0,0,0,0,0
1,1,61253,0,0,0,0,0,0,0,0,0,0
2,1,61253,0,0,0,0,0,0,0,0,0,0
3,1,61253,0,0,22,0,0,0,0,0,0,0
1,1,61254,19,19,19,19,19,19,19,19,19,19
1,1,61255,2,2,2,2,2,2,2,2,2,2
1,1,61256,0,0,0,0,0,0,0,0,0,0
2,1,61256,0,0,0,0,0,0,0,0,0,0
1,1,61257,0,0,0,0,0,0,0,0,0,0
0,1,61258,15,15,15,15,15,15,15,15,15,15
1,1,61258,16,16,16,16,16,16,16,16,16,16
1,1,61259,0,0,0,0,0,0,0,0,0,0
0,1,61260,5,5,5,5,5,5,5,5,5,5
1,1,61260,15,23,0,16,24,28,18,19,10,0
1,1,61261,0,0,0,0,0,0,0,0,0,0
2,1,61261,0,0,0,0,0,0,0,0,0,0
1,1,61262,7,0,0,0,0,0,0,0,24,7
0,1,61263,0,0,0,0,0,0,0,0,0,0
1,1,61263,0,0,0,0,0,0,0,0,0,0
1,1,61264,0,0,0,0,0,0,0,0,0,0
1,1,61265,0,0,0,0,0,0,0,0,0,0
2,1,61265,0,0,0,0,0,0,0,0,0,0
3,1,61265,0,0,0,0,0,0,0,0,0,0
4,1,61265,0,0,0,0,0,0,0,0,0,0
5,1,61265,0,0,0,0,0,0,0,0,0,0
1,1,61266,20,0,6,0,0,12,5,0,0,0
2,1,61266,0,0,0,0,0,0,0,0,0,0
1,1,61267,0,0,0,0,0,0,0,0,0,0
2,1,61267,7,7,7,7,7,7,7,7,7,7
1,1,61268,0,0,0,0,0,32,2,0,0,0
2,1,61268,0,0,0,0,0,0,0,0,0,0
1,1,61269,0,0,0,0,0,0,0,0,0,0
2,1,61269,0,0,0,0,0,0,0,0,0,0
1,1,61270,0,0,0,0,0,0,0,0,4,0
2,1,61270,0,0,0,0,0,0,0,0,0,0
0,1,61271,15,15,15,15,15,15,15,15,15,15
1,1,61271,19,19,6,24,9,19,10,23,12,2
0,1,61272,0,0,0,0,0,0,0,0,0,0
1,1,61272,0,0,0,0,0,0,0,0,0,0
1,1,61273,16,16,16,16,16,16,16,16,16,16
2,1,61273,0,0,0,0,0,0,0,0,0,0
3,1,61273,0,0,0,0,0,0,0,0,0,0
1,1,61274,0,0,0,0,0,0,0,0,0,0
2,1,61274,0,0,0,0,0,0,0,0,0,0
1,1,61275,0,0,0,0,0,0,0,0,0,0
2,1,61275,0,0,0,0,0,0,0,0,0,0
3,1,61275,0,0,0,0,0,0,0,0,0,0
4,1,61275,0,0,0,0,0,0,0,0,0,0
0,1,61276,0,0,0,0,0,0,0,0,0,0
1,1,61276,0,0,0,0,0,0,0,0,0,0
1,1,61277,0,0,0,0,0,0,0,0,0,0
2,1,61277,0,0,0,0,0,0,0,0,0,0
0,1,61278,0,0,0,0,0,0,0,0,0,0
1,1,61278,0,0,0,0,0,0,0,0,0,0
0,1,61279,0,17,13,0,11,21,0,13,16,0
1,1,61279,0,0,0,0,0,0,0,0,0,0
1,1,61280,22,22,22,22,22,22,22,22,22,22
2,1,61280,0,0,0,0,0,5,0,0,0,0
1,1,61281,0,0,0,0,0,0,0,0,0,0
1,1,61282,0,0,0,0,0,0,0,0,0,0
2,1,61282,0,0,0,0,0,0,0,0,0,0
1,1,61283,0,0,0,0,0,0,0,0,0,0
2,1,61283,0,0,0,0,0,0,0,0,0,0
1,1,61284,0,0,0,0,0,0,0,0,0,0
2,1,61284,0,0,0,0,0,0,0,0,0,0
1,1,61285,0,0,0,0,0,0,0,0,0,0
2,1,61285,0,0,0,0,0,0,0,0,0,0
3,1,61285,0,0,0,0,0,0,0,0,0,0
1,1,61286,0,0,0,0,0,0,0,0,0,0
0,1,61287,0,0,0,0,0,0,0,0,0,0
1,1,61287,0,0,0,0,0,0,0,0,0,0
1,1,61288,20,20,20,20,20,20,20,20,20,20
2,1,61288,0,0,0,0,0,0,0,0,0,0
0,1,61289,0,0,0,0,0,0,0,0,0,0
1,1,61289,0,0,0,0,0,0,0,0,0,0
2,1,61289,0,0,0,0,0,0,0,0,0,0
1,1,61290,11,11,11,11,11,11,11,11,11,11
2,1,61290,0,0,0,0,0,0,0,0,0,0
1,1,61291,22,22,22,22,22,22,22,22,22,22
2,1,61291,0,0,0,0,0,0,0,0,0,0
0,1,61292,0,0,0,49,0,0,6,0,0,37
1,1,61292,0,0,0,0,0,0,0,0,0,0
0,1,61293,2,2,2,2,2,2,2,2,2,2
1,1,61293,22,0,0,0,0,0,0,0,0,0
1,1,61294,0,0,0,0,0,0,0,0,0,0
2,1,61294,0,0,0,0,0,0,0,0,0,0
1,1,61295,0,0,0,0,0,0,0,0,0,0
1,1,61296,12,12,12,12,12,12,12,12,12,12
1,1,61297,2,0,0,0,0,0,0,0,0,0
2,1,61297,0,0,0,0,0,0,0,0,0,0
1,1,61298,0,0,0,0,0,0,0,0,0,0
2,1,61298,0,0,0,0,0,0,0,0,0,0
1,1,61299,0,0,0,0,0,0,0,0,0,0
2,1,61299,0,0,0,0,0,0,11,0,0,0
1,1,61300,0,0,0,0,0,0,0,0,0,0
2,1,61300,0,0,19,0,0,0,0,0,0,0
3,1,61300,0,0,0,0,0,0,0,0,0,0
1,1,61301,17,28,30,18,10,0,18,22,13,23
2,1,61301,0,0,0,0,0,0,0,0,0,0
1,1,61302,0,10,0,11,0,5,0,0,0,0
1,1,61303,0,0,0,0,0,0,0,0,0,0
2,1,61303,0,0,0,0,0,0,0,0,0,0
1,1,61304,13,18,6,9,0,9,15,19,20,11
2,1,61304,0,0,0,0,0,0,0,0,0,0
3,1,61304,0,0,0,0,0,0,0,0,0,0
0,1,61305,0,0,0,0,0,0,0,0,0,0
1,1,61305,0,0,0,0,0,0,0,0,0,0
1,1,61306,0,0,0,0,0,0,0,0,0,0
2,1,61306,0,0,0,0,0,0,0,0,0,0
3,1,61306,0,0,0,0,0,0,0,0,0,0
5,1,61306,0,0,0,0,0,0,0,0,0,0
1,1,61307,0,0,0,0,0,0,0,0,0,0
0,1,61308,0,0,0,0,0,0,0,0,0,0
1,1,61308,8,0,0,12,2,2,3,18,0,11
1,1,61309,0,0,0,0,0,0,8,0,0,0
2,1,61309,0,0,0,0,0,0,0,0,0,0
1,1,61310,0,0,0,0,0,0,0,0,0,0
1,1,61311,0,0,0,0,0,0,0,0,0,0
2,1,61311,0,0,0,0,0,0,0,0,0,0
0,1,61312,0,0,0,0,0,0,0,0,0,0
0,2,61312,0,0,0,0,0,0,0,0,0,0
1,1,61312,0,0,0,0,0,0,19,0,0,0
1,1,61313,0,0,0,0,0,0,0,0,0,0
2,1,61313,0,6,0,0,0,0,0,0,0,0
1,1,61314,18,18,18,18,18,18,18,18,18,18
1,1,61315,0,0,0,0,0,0,0,0,0,0
1,1,61316,0,0,0,0,0,0,12,1,0,0
2,1,61316,0,0,0,0,0,0,0,0,0,0
1,1,61317,0,0,0,0,0,0,0,0,0,0
2,1,61317,0,0,5,0,0,0,0,0,0,0
1,1,61318,0,0,0,0,0,0,0,0,0,0
2,1,61318,19,19,19,19,19,19,19,19,19,19
1,1,61319,20,20,20,20,20,20,20,20,20,20
1,1,61320,0,0,0,0,0,0,0,0,0,0
2,1,61320,0,0,0,0,0,0,0,0,0,0
0,1,61321,0,0,0,0,0,0,0,0,0,0
1,1,61321,0,0,0,0,0,0,0,0,0,0
0,1,61322,0,0,0,0,0,0,15,0,0,0
0,2,61322,0,0,0,0,0,0,0,0,0,0
1,1,61322,0,0,0,0,0,0,0,0,0,0
1,1,61323,13,0,0,0,0,0,0,13,0,12
2,1,61323,0,0,0,0,0,0,0,0,0,0
0,1,61324,10,2,0,0,14,0,19,30,0,18
1,1,61324,13,0,16,0,0,0,0,0,0,0
1,1,61325,16,16,16,16,16,16,16,16,16,16
2,1,61325,0,0,0,0,0,0,0,0,0,0
0,1,61326,0,0,0,17,0,0,0,0,0,0
1,1,61326,0,0,0,0,0,0,0,0,0,0
0,1,61327,0,0,0,0,0,0,0,0,0,0
1,1,61327,0,0,0,0,0,0,0,0,0,0
1,1,61328,0,0,0,0,0,0,0,0,0,0
1,1,61329,5,5,5,5,5,5,5,5,5,5
0,1,61330,19,19,19,19,19,19,19,19,19,19
1,1,61330,0,0,0,0,4,0,0,0,0,0
2,1,61330,0,0,0,0,0,0,0,0,0,0
1,1,61331,0,0,0,0,0,0,0,0,0,0
2,1,61331,0,0,0,0,0,0,0,0,0,0
1,1,61332,0,0,0,0,0,0,0,0,0,0
2,1,61332,0,0,0,0,0,0,0,0,0,0
0,1,61333,0,0,0,0,0,0,0,0,0,0
1,1,61333,0,0,0,0,0,0,0,0,0,0
1,1,61334,0,0,0,0,0,0,0,0,0,0
2,1,61334,0,0,0,0,0,0,0,0,0,0
1,1,61335,0,0,0,0,0,0,0,0,0,0
2,1,61335,0,0,0,0,0,0,0,0,0,0
3,1,61335,0,0,0,0,0,0,0,0,0,0
1,1,61336,1,1,1,1,1,1,1,1,1,1
2,1,61336,23,0,0,0,0,0,0,0,0,0
1,1,61337,0,8,0,0,0,0,0,0,0,0
1,1,61338,28,28,28,28,28,28,28,28,28,28
2,1,61338,0,0,0,0,0,0,0,0,0,0
1,1,61339,0,0,0,0,0,0,10,0,0,0
2,1,61339,0,4,0,0,0,11,0,0,0,0
1,1,61340,0,0,0,0,0,0,0,0,0,0
2,1,61340,0,0,0,0,0,0,0,0,0,0
1,1,61341,9,9,9,9,9,9,9,9,9,9
2,1,61341,0,0,0,0,0,0,0,0,0,0
1,1,61342,8,8,8,8,8,8,8,8,8,8
2,1,61342,0,0,0,0,0,0,0,0,0,0
3,1,61342,0,0,0,0,0,0,0,0,0,0
1,1,61343,0,0,0,0,0,0,0,0,0,0
2,1,61343,0,0,0,0,0,0,0,0,0,0
3,1,61343,0,0,0,0,0,0,0,0,0,0
0,1,61344,16,16,16,16,16,16,16,16,16,16
1,1,61344,6,6,6,6,6,6,6,6,6,6
1,1,61345,21,21,21,21,21,21,21,21,21,21
2,1,61345,0,0,0,0,0,0,0,0,0,0
3,1,61345,0,0,0,0,0,0,0,0,0,0
4,1,61345,0,0,0,0,0,0,0,0,0,0
5,1,61345,0,0,0,0,0,0,0,0,0,0
1,1,61346,0,0,0,0,0,0,0,0,0,0
2,1,61346,0,0,0,0,0,0,0,0,0,0
1,1,61347,0,0,0,0,0,0,0,0,0,0
2,1,61347,0,0,0,0,0,0,0,0,0,0
3,1,61347,0,0,0,0,0,0,0,0,0,0
1,1,61348,23,23,23,23,23,23,23,23,23,23
1,1,61349,0,0,0,0,0,0,0,0,0,0
2,1,61349,11,0,0,0,0,0,0,0,0,0
1,1,61350,0,0,0,0,0,0,0,0,0,0
2,1,61350,0,0,0,0,0,0,0,0,0,0
3,1,61350,0,0,0,0,0,0,0,0,0,0
1,1,61351,0,0,0,0,0,0,0,0,0,0
2,1,61351,0,0,0,0,0,0,0,0,0,0
1,1,61352,26,26,26,26,26,26,26,26,26,26
2,1,61352,0,0,0,0,0,0,0,0,0,0
3,1,61352,0,0,0,0,0,0,0,0,0,0
4,1,61352,0,0,0,0,0,0,0,0,0,0
5,1,61352,0,0,0,0,0,0,0,0,0,0
1,1,61353,0,0,0,0,0,0,0,0,0,0
2,1,61353,21,21,21,21,21,21,21,21,21,21
0,1,61354,3,3,3,3,3,3,3,3,3,3
1,1,61354,0,0,0,0,0,0,0,0,0,0
1,1,61355,19,19,19,19,19,19,19,19,19,19
1,1,61356,5,5,5,5,5,5,5,5,5,5
1,1,61357,0,0,0,0,0,0,0,0,0,0
1,1,61358,0,0,0,0,0,0,0,0,0,0
2,1,61358,13,13,13,13,13,13,13,13,13,13
1,1,61359,0,0,0,0,0,0,0,0,0,0
2,1,61359,0,0,0,0,0,0,0,0,0,0
3,1,61359,0,0,0,0,0,0,0,0,0,0
1,1,61360,0,0,0,0,0,0,0,0,0,0
1,1,61361,24,24,24,24,24,24,24,24,24,24
1,1,61362,15,15,15,15,15,15,15,15,15,15
1,1,61363,0,0,0,0,0,0,0,0,0,0
2,1,61363,0,0,0,0,0,0,0,0,0,0
1,1,61364,0,0,0,0,0,0,0,0,0,0
1,1,61365,0,0,0,0,0,0,0,0,0,0
2,1,61365,0,0,0,0,0,0,0,0,0,0
1,1,61366,0,0,0,0,0,0,0,0,0,0
1,1,61367,0,0,0,0,0,0,0,0,0,0
0,1,61368,29,29,29,29,29,29,29,29,29,29
1,1,61368,0,0,0,0,0,0,0,0,0,0
0,1,61369,30,30,30,30,30,30,30,30,30,30
1,1,61369,0,0,0,0,13,0,0,0,0,0
1,1,61370,0,0,0,0,0,0,0,0,0,0
1,1,61371,25,25,25,25,25,25,25,25,25,25
2,1,61371,0,0,0,0,0,0,0,0,0,0
0,1,61372,26,26,26,26,26,26,26,26,26,26
1,1,61372,0,0,0,0,0,0,0,0,0,0
1,1,61373,32,32,32,32,32,32,32,32,32,32
1,1,61374,16,16,16,16,16,16,16,16,16,16
1,1,61375,18,18,18,18,18,18,18,18,18,18
2,1,61375,0,0,0,0,0,0,0,0,0,0
0,1,61376,21,21,21,21,21,21,21,21,21,21
1,1,61376,13,13,13,13,13,13,13,13,13,13
1,1,61377,0,0,0,0,0,10,0,0,0,0
2,1,61377,0,0,0,0,0,0,0,0,0,0
3,1,61377,0,6,0,0,0,0,0,0,9,10
4,1,61377,0,0,0,13,0,0,0,6,0,0
5,1,61377,0,0,0,0,4,0,0,0,0,0
1,1,61378,0,0,0,0,0,0,11,0,0,0
2,1,61378,0,0,0,0,0,0,0,0,0,0
1,1,61379,0,0,0,0,0,0,0,0,19,0
2,1,61379,0,0,0,0,0,0,0,0,0,0
1,1,61380,25,25,25,25,25,25,25,25,25,25
2,1,61380,0,0,0,0,0,0,0,0,0,0
1,1,61381,0,0,0,0,0,0,0,0,0,0
2,1,61381,0,0,0,0,0,0,0,0,0,0
1,1,61382,0,0,0,0,0,0,0,0,0,0
2,1,61382,0,0,0,0,0,0,0,0,0,0
1,1,61383,0,0,0,0,0,0,0,0,0,0
1,1,61384,0,0,0,0,0,0,0,0,0,0
1,1,61385,30,19,7,7,40,26,36,19,13,11
2,1,61385,0,0,0,0,0,0,0,0,0,0
0,1,61386,38,38,38,38,38,38,38,38,38,38
1,1,61386,0,0,0,0,0,0,0,0,0,0
1,1,61387,14,14,14,14,14,14,14,14,14,14
1,1,61388,0,0,0,0,0,0,0,0,0,0
1,1,61389,16,16,16,16,16,16,16,16,16,16
0,1,61390,1,1,1,1,1,1,1,1,1,1
1,1,61390,0,0,0,0,0,0,0,0,0,0
0,1,61391,5,5,5,5,5,5,5,5,5,5
1,1,61391,0,0,0,0,0,0,0,0,0,0
1,1,61392,0,0,0,0,0,0,0,0,0,0
1,1,61393,0,0,0,0,0,0,0,0,0,0
2,1,61393,0,0,0,5,0,0,0,0,0,0
1,1,61394,0,0,0,0,0,0,0,0,0,0
1,1,61395,0,0,0,0,0,0,0,0,0,0
2,1,61395,0,0,0,0,0,0,0,0,0,0
1,1,61396,0,0,0,0,0,0,0,0,0,0
2,1,61396,0,0,0,0,0,0,0,0,0,0
3,1,61396,0,0,0,0,0,0,0,0,0,12
4,1,61396,0,0,0,0,0,0,0,0,0,0
1,1,61397,0,0,0,0,0,0,0,0,0,0
1,1,61398,0,0,0,14,0,0,0,0,0,0
1,1,61399,0,10,0,0,0,0,0,0,0,0
2,1,61399,0,0,0,0,0,0,0,0,0,0
3,1,61399,0,0,0,0,0,0,0,0,0,0
4,1,61399,0,0,0,0,0,0,0,0,0,0
5,1,61399,0,0,0,0,0,0,0,0,0,0
0,1,61400,0,0,0,0,0,0,0,0,0,0
1,1,61400,0,0,0,0,0,0,0,0,0,0
1,1,61401,0,0,0,0,0,0,0,0,0,0
2,1,61401,7,7,7,7,7,7,7,7,7,7
1,1,61402,0,0,0,0,0,0,0,0,0,0
1,1,61403,0,0,0,13,0,0,0,0,0,0
1,1,61404,0,0,0,0,0,0,0,0,0,0
1,1,61405,26,26,26,26,26,26,26,26,26,26
1,1,61406,9,9,9,9,9,9,9,9,9,9
1,1,61407,19,19,19,19,19,19,19,19,19,19
0,1,61408,0,0,0,0,0,0,0,0,0,0
1,1,61408,3,3,3,3,3,3,3,3,3,3
1,1,61409,0,0,0,0,0,0,0,0,0,0
2,1,61409,0,0,0,0,0,0,0,0,0,0
0,1,61410,0,0,0,0,0,0,0,0,0,0
1,1,61410,0,0,0,0,0,0,0,0,0,0
1,1,61411,0,0,0,0,0,0,0,0,0,0
1,1,61412,19,19,19,19,19,19,19,19,19,19
1,1,61413,15,15,15,15,15,15,15,15,15,15
1,1,61414,11,11,11,11,11,11,11,11,11,11
1,1,61415,0,0,0,0,0,0,0,0,0,0
0,1,61416,0,0,0,0,0,0,0,0,0,0
0,2,61416,0,0,0,0,0,0,0,0,0,0
1,1,61416,0,0,0,0,0,0,0,0,0,0
2,1,61416,0,0,0,0,0,0,0,0,0,17
1,1,61417,0,0,0,0,0,0,0,0,0,0
0,1,61418,0,0,0,0,0,0,0,0,0,0
1,1,61418,0,0,0,0,0,0,0,0,0,0
1,1,61419,9,9,9,9,9,9,9,9,9,9
1,1,61420,22,22,22,22,22,22,22,22,22,22
0,1,61421,14,14,14,14,14,14,14,14,14,14
1,1,61421,0,3,12,0,10,0,0,0,6,0
1,1,61422,0,0,0,0,0,0,0,0,0,0
1,1,61423,5,5,5,5,5,5,5,5,5,5
2,1,61423,0,0,0,0,4,0,0,0,0,0
1,1,61424,10,10,10,10,10,10,10,10,10,10
0,1,61425,0,0,0,0,0,0,0,0,0,0
1,1,61425,0,0,0,0,0,0,0,0,0,0
1,1,61426,0,0,0,0,0,0,0,0,0,0
0,1,61427,13,13,13,13,13,13,13,13,13,13
1,1,61427,0,15,14,7,7,0,0,6,13,0
1,1,61428,0,0,0,0,0,0,0,0,0,0
0,1,61429,0,0,0,0,0,0,0,0,0,0
1,1,61429,0,0,23,0,0,0,0,9,0,0
0,1,61430,0,0,0,0,0,0,0,0,0,0
1,1,61430,0,0,0,0,0,0,0,0,0,0
1,1,61431,0,0,0,0,0,0,0,0,0,0
2,1,61431,0,0,0,0,0,0,0,0,0,0
1,1,61432,15,15,15,15,15,15,15,15,15,15
2,1,61432,0,0,0,0,0,0,0,0,0,0
1,1,61433,2,2,2,2,2,2,2,2,2,2
2,1,61433,0,0,0,0,0,0,0,0,0,0
1,1,61434,0,0,0,0,0,0,0,0,0,0
2,1,61434,0,0,0,0,0,0,0,0,0,0
3,1,61434,0,0,0,0,0,0,0,0,0,0
4,1,61434,0,0,0,0,0,0,0,0,0,0
5,1,61434,0,0,0,0,0,0,0,0,0,0
1,1,61435,0,0,0,0,0,0,0,0,0,0
2,1,61435,0,0,0,0,0,0,0,0,0,0
0,1,61436,0,0,0,0,0,0,0,0,0,0
0,2,61436,30,19,0,0,0,7,0,0,23,0
1,1,61436,0,0,0,0,0,0,0,0,0,0
0,1,61437,0,0,0,0,0,0,0,0,0,0
1,1,61437,0,0,0,0,0,0,0,0,0,0
1,1,61438,20,20,20,20,20,20,20,20,20,20
0,1,61439,0,0,0,0,0,0,0,0,0,0
1,1,61439,0,0,0,0,0,0,0,0,0,0
1,1,61440,0,0,0,0,0,0,0,0,0,0
2,1,61440,0,0,12,0,0,0,0,0,0,0
1,1,61441,13,13,13,13,13,13,13,13,13,13
1,1,61442,0,0,0,0,0,0,0,0,0,0
2,1,61442,0,0,0,0,0,0,0,0,0,0
1,1,61443,0,0,0,0,0,0,0,0,0,0
1,1,61444,25,25,25,25,25,25,25,25,25,25
1,1,61445,0,0,0,0,0,0,0,0,0,6
2,1,61445,0,0,0,0,0,0,0,0,0,0
1,1,61446,0,0,0,0,0,0,0,0,0,0
1,1,61447,11,11,11,11,11,11,11,11,11,11
2,1,61447,0,0,0,0,0,0,0,0,0,0
3,1,61447,0,0,0,0,0,0,0,0,0,0
1,1,61448,0,0,0,2,5,0,0,0,0,0
2,1,61448,0,0,0,0,0,0,0,0,0,0
1,1,61449,20,20,20,20,20,20,20,20,20,20
1,1,61450,0,0,0,0,0,0,0,0,0,0
2,1,61450,0,0,0,0,0,0,0,0,0,0
1,1,61451,0,0,0,0,0,0,0,0,0,0
2,1,61451,0,0,0,0,0,0,0,0,0,0
1,1,61452,0,0,0,0,0,0,0,0,0,0
2,1,61452,0,0,0,0,0,0,0,0,0,0
1,1,61453,13,0,0,0,13,0,28,0,15,18
1,1,61454,0,15,0,0,0,24,0,0,0,0
2,1,61454,0,0,0,5,5,0,0,0,22,3
1,1,61455,6,6,6,6,6,6,6,6,6,6
0,1,61456,14,14,14,14,14,14,14,14,14,14
1,1,61456,10,0,0,5,0,0,26,12,5,5
0,1,61457,25,25,25,25,25,25,25,25,25,25
1,1,61457,0,0,0,0,0,0,0,0,0,0
1,1,61458,27,27,27,27,27,27,27,27,27,27
1,1,61459,0,0,0,0,0,0,0,0,0,0
2,1,61459,0,0,0,0,0,0,0,0,0,0
1,1,61460,22,22,22,22,22,22,22,22,22,22
2,1,61460,0,0,0,0,0,0,0,0,0,0
0,1,61461,0,0,0,0,0,0,0,0,0,0
1,1,61461,0,0,0,20,0,0,0,0,0,0
1,1,61462,23,23,23,23,23,23,23,23,23,23
0,1,61463,0,0,0,0,0,0,0,0,0,0
1,1,61463,0,0,0,0,0,0,0,0,0,0
1,1,61464,0,0,0,0,0,0,0,0,0,0
2,1,61464,0,0,0,0,0,0,0,0,0,0
1,1,61465,34,34,34,34,34,34,34,34,34,34
2,1,61465,0,0,0,0,0,0,0,0,0,0
0,1,61466,0,0,0,0,0,0,0,0,0,0
1,1,61466,0,0,0,0,0,0,0,0,0,0
1,1,61467,13,13,13,13,13,13,13,13,13,13
0,1,61468,33,33,33,33,33,33,33,33,33,33
1,1,61468,0,0,0,0,0,0,0,0,0,0
0,1,61469,0,0,0,0,0,0,0,0,0,0
1,1,61469,0,0,0,0,0,0,0,0,0,0
0,1,61470,0,32,0,0,23,18,0,15,0,0
1,1,61470,12,12,12,12,12,12,12,12,12,12
1,1,61471,6,6,6,6,6,6,6,6,6,6
2,1,61471,0,0,10,0,0,0,0,3,0,0
1,1,61472,0,0,0,0,0,0,0,0,0,0
1,1,61473,0,0,0,0,0,0,0,0,0,0
2,1,61473,0,0,0,0,0,0,0,0,0,0
1,1,61474,15,15,15,15,15,15,15,15,15,15
1,1,61475,0,0,0,0,0,0,0,0,0,0
2,1,61475,0,0,0,0,0,0,0,0,0,0
1,1,61476,0,0,0,0,0,0,0,0,0,0
2,1,61476,0,0,0,0,0,0,0,0,0,0
1,1,61477,10,10,10,10,10,10,10,10,10,10
1,1,61478,0,0,0,0,0,0,0,0,0,0
1,1,61479,0,0,0,0,0,0,0,0,0,0
2,1,61479,11,11,11,11,11,11,11,11,11,11
1,1,61480,15,15,15,15,15,15,15,15,15,15
2,1,61480,0,7,0,0,0,0,0,0,0,0
0,1,61481,15,0,0,0,0,11,30,0,0,0
1,1,61481,9,0,27,7,11,0,14,15,0,19
1,1,61482,0,0,0,0,0,0,0,0,0,0
1,1,61483,0,0,0,0,0,0,0,0,0,0
1,1,61484,0,0,0,0,0,0,0,0,0,0
1,1,61485,0,0,0,0,0,0,8,0,0,0
1,1,61486,21,21,21,21,21,21,21,21,21,21
1,1,61487,0,0,0,0,0,0,0,0,0,0
1,1,61488,0,0,0,0,0,0,0,0,0,0
2,1,61488,0,0,0,0,0,0,0,0,0,0
1,1,61489,21,21,21,21,21,21,21,21,21,21
1,1,61490,0,0,0,0,0,0,0,0,0,0
2,1,61490,0,0,0,0,0,0,0,0,0,0
1,1,61491,0,0,0,0,0,0,0,0,0,0
2,1,61491,0,0,0,0,0,0,0,0,0,0
1,1,61492,0,0,0,0,0,0,0,0,0,4
2,1,61492,0,0,0,0,0,0,0,0,0,0
1,1,61493,0,0,0,0,0,0,0,0,0,0
1,1,61494,0,0,0,0,0,0,0,0,0,0
2,1,61494,0,0,0,0,0,0,0,0,0,0
1,1,61495,9,9,9,9,9,9,9,9,9,9
0,1,61496,29,29,29,29,29,29,29,29,29,29
1,1,61496,0,0,0,4,0,0,0,2,0,0
1,1,61497,0,0,0,0,0,0,0,0,0,0
0,1,61498,0,0,0,0,0,0,0,0,0,0
1,1,61498,11,7,14,0,3,10,18,15,19,0
1,1,61499,0,0,0,0,0,0,0,0,0,0
2,1,61499,0,0,0,0,0,0,0,0,0,0
1,1,61500,0,0,0,0,0,0,0,0,0,0
2,1,61500,0,0,0,0,0,0,0,0,0,0
1,1,61501,0,0,0,0,0,0,0,0,0,0
2,1,61501,0,0,0,0,0,0,0,0,0,0
1,1,61502,0,0,0,0,0,0,0,0,0,0
1,1,61503,26,26,26,26,26,26,26,26,26,26
1,1,61504,0,0,0,0,0,0,0,0,0,0
1,1,61505,15,15,15,15,15,15,15,15,15,15
1,1,61506,15,15,15,15,15,15,15,15,15,15
2,1,61506,0,0,0,0,0,0,0,0,0,0
1,1,61507,12,12,12,12,12,12,12,12,12,12
2,1,61507,0,0,0,0,0,0,0,0,0,0
1,1,61508,0,0,0,0,0,0,0,0,0,0
2,1,61508,0,0,0,0,0,0,0,0,0,0
3,1,61508,0,0,0,4,0,0,0,0,0,0
1,1,61509,0,0,0,0,0,0,3,0,0,0
1,1,61510,0,0,0,0,0,0,0,0,0,0
1,1,61511,18,18,18,18,18,18,18,18,18,18
2,1,61511,16,16,16,16,16,16,16,16,16,16
1,1,61512,0,0,0,0,0,0,0,0,0,0
2,1,61512,0,0,0,0,0,0,0,0,0,0
1,1,61513,0,11,0,2,0,0,0,0,6,0
1,1,61514,4,4,4,4,4,4,4,4,4,4
2,1,61514,0,0,0,0,0,0,0,0,0,0
1,1,61515,3,3,3,3,3,3,3,3,3,3
2,1,61515,0,0,0,0,0,0,0,0,0,0
1,1,61516,25,25,25,25,25,25,25,25,25,25
2,1,61516,0,0,0,0,0,0,0,0,0,0
3,1,61516,0,0,0,0,0,0,0,0,0,0
1,1,61517,0,0,0,0,0,0,0,0,0,0
1,1,61518,15,15,15,15,15,15,15,15,15,15
1,1,61519,22,22,22,22,22,22,22,22,22,22
2,1,61519,0,0,4,0,0,0,0,0,0,0
1,1,61520,14,5,17,8,18,14,9,19,19,13
2,1,61520,0,0,0,0,0,0,0,0,0,0
1,1,61521,0,0,0,0,0,0,0,0,0,0
1,1,61522,0,0,0,0,0,0,0,0,0,0
2,1,61522,0,0,0,0,0,0,0,0,0,0
1,1,61523,0,0,0,0,0,0,0,0,0,0
1,1,61524,0,0,0,0,0,0,0,0,0,0
2,1,61524,0,0,0,0,0,0,0,0,0,0
0,1,61525,0,0,0,0,0,0,0,0,0,0
1,1,61525,0,0,0,0,0,0,0,0,0,0
1,1,61526,0,0,0,0,0,0,0,0,0,0
2,1,61526,0,0,0,0,0,0,0,0,0,0
1,1,61527,0,0,0,0,0,0,0,0,0,0
2,1,61527,0,0,0,0,0,0,0,0,0,0
1,1,61528,9,9,9,9,9,9,9,9,9,9
1,1,61529,19,19,19,19,19,19,19,19,19,19
1,1,61530,20,20,20,20,20,20,20,20,20,20
1,1,61531,12,0,0,0,0,0,0,20,0,0
2,1,61531,0,0,0,0,0,0,0,6,0,0
3,1,61531,0,0,0,0,0,0,0,0,0,0
1,1,61532,0,0,0,0,0,0,0,0,0,0
1,1,61533,0,0,0,0,0,0,0,0,0,0
2,1,61533,0,0,0,0,0,0,0,0,0,0
3,1,61533,0,0,0,0,0,0,0,0,0,0
1,1,61534,0,0,0,0,0,0,0,0,0,0
2,1,61534,0,0,0,0,0,0,0,0,0,0
1,1,61535,0,0,0,0,0,0,0,0,0,0
2,1,61535,0,0,0,0,0,0,0,0,0,0
1,1,61536,14,0,0,0,0,0,0,0,0,0
1,1,61537,0,0,0,0,0,0,0,0,0,0
1,1,61538,9,9,9,9,9,9,9,9,9,9
1,1,61539,10,17,0,0,0,18,17,0,0,0
1,1,61540,26,26,26,26,26,26,26,26,26,26
1,1,61541,18,18,18,18,18,18,18,18,18,18
2,1,61541,0,0,0,0,0,0,0,0,0,0
3,1,61541,0,0,0,0,0,9,0,0,0,0
1,1,61542,18,17,14,5,20,16,17,26,15,28
2,1,61542,0,0,0,0,0,0,0,0,0,0
1,1,61543,0,0,0,0,0,0,0,0,0,0
2,1,61543,0,0,0,0,0,0,0,0,0,0