VEH_NO,PER_NO,ST_CASE,P1,P2,P3,P4,P5,P6,P7,P8,P9,P10
1,1,61544,0,0,0,0,0,0,0,0,0,0
2,1,61544,0,0,0,0,0,0,0,0,0,0
0,1,61545,0,0,0,0,0,0,0,0,0,0
1,1,61545,0,0,0,0,0,0,0,0,0,0
1,1,61546,0,0,0,0,0,0,0,0,0,0
2,1,61546,0,0,0,0,0,0,0,0,2,0
1,1,61547,0,0,0,0,0,0,0,0,0,0
2,1,61547,0,0,0,0,0,0,0,0,0,0
3,1,61547,0,0,0,0,0,0,0,0,0,0
1,1,61548,0,0,0,0,0,0,0,0,0,0
2,1,61548,0,0,0,0,0,0,0,0,0,0
3,1,61548,0,3,0,0,0,0,0,0,0,17
4,1,61548,0,0,0,10,0,0,0,0,0,0
1,1,61549,11,11,11,11,11,11,11,11,11,11
1,1,61550,16,16,16,16,16,16,16,16,16,16
1,1,61551,25,25,25,25,25,25,25,25,25,25
1,1,61552,5,4,0,0,0,7,9,0,36,9
1,1,61553,0,5,0,0,0,0,0,0,0,0
2,1,61553,37,37,37,37,37,37,37,37,37,37
1,1,61554,0,0,0,0,0,0,0,0,0,0
1,1,61555,0,0,0,0,0,0,0,0,0,0
2,1,61555,0,0,0,0,0,0,0,0,0,0
1,1,61556,15,15,15,15,15,15,15,15,15,15
2,1,61556,23,0,0,0,0,0,0,0,0,0
1,1,61557,16,16,16,16,16,16,16,16,16,16
0,1,61558,0,0,0,0,0,0,0,0,0,0
1,1,61558,3,3,3,3,3,3,3,3,3,3
1,1,61559,17,17,17,17,17,17,17,17,17,17
0,1,61560,0,0,0,0,0,0,0,0,0,0
1,1,61560,14,14,14,14,14,14,14,14,14,14
1,1,61561,0,0,0,0,0,0,0,0,0,0
1,1,61562,0,0,0,0,0,0,0,0,0,0
1,1,61563,1,1,1,1,1,1,1,1,1,1
2,1,61563,0,0,0,0,0,0,0,0,0,0
1,1,61564,7,7,7,7,7,7,7,7,7,7
2,1,61564,0,0,0,0,0,0,0,0,0,0
1,1,61565,21,21,21,21,21,21,21,21,21,21
1,1,61566,18,18,18,18,18,18,18,18,18,18
1,1,61567,0,0,0,0,0,0,0,0,0,0
2,1,61567,0,0,0,0,0,0,0,0,0,0
0,1,61568,34,34,34,34,34,34,34,34,34,34
0,2,61568,21,21,0,29,0,15,17,18,27,35
1,1,61568,4,9,9,14,3,0,27,7,27,0
2,1,61568,0,0,0,0,0,0,0,0,0,0
3,1,61568,0,0,0,0,0,0,0,0,0,0
4,1,61568,0,0,0,0,0,0,0,0,0,0
0,1,61569,25,25,25,25,25,25,25,25,25,25
1,1,61569,0,0,0,0,0,0,0,0,0,0
1,1,61570,18,18,18,18,18,18,18,18,18,18
1,1,61571,0,0,0,0,0,0,0,0,0,0
2,1,61571,0,0,0,0,0,0,0,0,4,0
1,1,61572,0,0,0,0,0,0,0,0,0,0
1,1,61573,0,0,0,0,0,11,0,0,0,0
2,1,61573,0,0,0,0,0,0,0,0,0,0
1,1,61574,0,12,0,12,0,0,0,7,0,0
2,1,61574,0,0,0,0,0,0,0,0,0,0
1,1,61575,0,0,0,0,0,0,0,0,0,0
2,1,61575,0,0,0,0,0,0,0,0,0,0
0,1,61576,0,0,0,0,0,0,0,0,0,0
1,1,61576,3,3,3,3,3,3,3,3,3,3
1,1,61577,10,10,10,10,10,10,10,10,10,10
2,1,61577,0,0,0,0,0,0,0,0,0,0
0,1,61578,0,0,0,0,0,0,0,0,0,0
1,1,61578,0,0,0,0,0,0,0,0,0,0
1,1,61579,0,0,0,0,0,0,0,0,0,0
2,1,61579,0,0,0,0,0,0,0,0,0,0
3,1,61579,0,0,0,0,0,0,0,0,0,0
4,1,61579,0,0,0,0,0,0,0,6,0,0
1,1,61580,0,0,0,0,0,0,0,0,0,0
2,1,61580,14,0,0,0,0,0,0,0,0,0
0,1,61581,0,0,0,0,0,0,0,0,0,0
1,1,61581,0,0,0,0,0,0,0,0,0,0
0,1,61582,0,0,0,0,0,0,0,0,0,0
1,1,61582,0,0,0,0,0,0,0,0,0,0
0,1,61583,0,0,0,0,0,0,0,0,0,0
1,1,61583,0,0,0,0,0,0,0,0,0,0
0,1,61584,0,0,0,0,0,0,0,0,0,0
1,1,61584,0,0,0,0,5,0,0,0,0,3
0,1,61585,0,0,0,0,0,0,0,0,0,0
1,1,61585,0,0,0,0,0,0,0,0,0,0
1,1,61586,0,0,0,0,0,0,0,0,0,0
2,1,61586,0,0,0,0,0,0,0,0,0,0
1,1,61587,16,0,0,0,0,8,0,0,0,0
2,1,61587,0,0,0,0,0,0,0,0,0,0
1,1,61588,21,21,21,21,21,21,21,21,21,21
1,1,61589,0,0,0,0,0,0,0,0,0,0
2,1,61589,0,0,0,0,0,0,0,0,0,0
0,1,61590,5,5,5,5,5,5,5,5,5,5
1,1,61590,6,23,24,18,18,18,13,22,14,15
1,1,61591,0,0,0,0,0,0,0,0,0,0
2,1,61591,0,0,0,0,0,0,0,0,0,0
3,1,61591,0,0,0,0,0,0,0,0,0,0
0,1,61592,20,20,20,20,20,20,20,20,20,20
1,1,61592,0,0,0,0,0,0,0,0,0,0
0,1,61593,0,0,0,0,0,0,0,0,0,0
1,1,61593,0,0,0,0,0,0,0,0,0,0
0,1,61594,0,0,0,0,0,0,0,0,0,0
1,1,61594,0,0,0,0,0,0,0,0,11,0
1,1,61595,0,0,0,0,0,0,0,0,0,0
2,1,61595,0,0,0,0,0,0,0,0,0,0
3,1,61595,0,0,0,0,0,0,0,0,0,0
1,1,61596,0,23,0,0,0,0,0,0,0,0
2,1,61596,0,0,0,0,0,0,0,0,0,0
3,1,61596,0,0,0,0,0,0,0,0,0,0
1,1,61597,12,0,0,0,0,0,0,0,0,0
1,1,61598,0,0,0,0,0,0,0,0,0,0
1,1,61599,17,17,17,17,17,17,17,17,17,17
2,1,61599,1,1,1,1,1,1,1,1,1,1
1,1,61600,16,16,16,16,16,16,16,16,16,16
0,1,61601,15,15,15,15,15,15,15,15,15,15
1,1,61601,0,0,0,0,0,0,0,0,0,0
1,1,61602,0,0,0,0,0,0,0,0,0,0
1,1,61603,0,0,0,0,0,0,0,0,0,0
1,1,61604,2,0,0,0,0,0,5,0,0,0
1,1,61605,0,0,0,0,0,0,0,0,0,0
0,1,61606,0,0,0,0,0,0,15,0,0,7
1,1,61606,0,0,0,0,0,0,0,0,0,0
1,1,61607,0,0,15,0,0,36,0,0,0,0
2,1,61607,0,0,0,0,0,0,0,0,0,0
1,1,61608,12,12,0,0,0,11,0,0,0,0
1,1,61609,0,0,0,0,0,0,0,0,0,0
2,1,61609,0,0,0,0,0,3,0,0,0,0
1,1,61610,0,0,0,0,0,0,0,0,0,0
2,1,61610,0,0,0,0,0,0,0,0,0,0
3,1,61610,0,0,0,0,0,0,0,0,0,0
4,1,61610,0,0,0,0,0,0,0,0,0,0
5,1,61610,0,0,0,0,0,0,0,0,0,0
0,1,61611,36,36,36,36,36,36,36,36,36,36
1,1,61611,0,0,0,0,0,0,0,0,0,0
1,1,61612,11,11,11,11,11,11,11,11,11,11
1,1,61613,15,15,15,15,15,15,15,15,15,15
0,1,61614,0,0,0,0,0,0,0,0,0,0
1,1,61614,0,0,0,0,0,0,0,0,0,0
1,1,61615,0,0,0,0,0,0,0,0,0,0
2,1,61615,0,0,0,0,0,0,0,0,0,0
1,1,61616,0,0,0,0,0,0,0,0,0,0
2,1,61616,0,0,0,0,0,0,0,0,0,0
3,1,61616,0,0,0,0,0,0,0,0,0,0
4,1,61616,0,0,0,0,0,0,0,0,0,0
5,1,61616,0,0,0,0,0,0,0,0,0,0
6,1,61616,0,0,0,18,0,0,0,0,0,0
7,1,61616,0,0,0,0,0,0,12,0,0,0
8,1,61616,0,0,0,0,0,0,0,0,0,0
9,1,61616,0,0,0,0,0,0,0,0,0,0
1,1,61617,0,0,0,0,0,0,0,0,0,0
1,1,61618,0,0,0,0,0,0,2,0,0,0
1,1,61619,15,15,15,15,15,15,15,15,15,15
2,1,61619,0,0,0,0,0,0,0,0,0,0
0,1,61620,0,0,0,0,0,0,0,0,0,0
1,1,61620,0,0,0,0,0,0,0,0,0,0
1,1,61621,0,0,14,0,0,0,0,0,0,0
2,1,61621,0,0,0,0,0,0,0,0,0,0
1,1,61622,0,23,0,0,0,0,29,0,41,25
1,1,61623,0,0,0,0,0,0,0,0,0,0
2,1,61623,0,0,0,0,0,0,0,0,0,0
1,1,61624,0,0,0,0,0,0,0,0,0,0
2,1,61624,0,0,0,0,0,0,0,0,0,0
1,1,61625,0,0,0,0,0,0,0,0,0,0
2,1,61625,5,5,5,5,5,5,5,5,5,5
1,1,61626,0,0,0,0,0,0,0,0,0,0
1,1,61627,4,4,4,4,4,4,4,4,4,4
2,1,61627,0,0,0,0,0,0,0,0,0,0
1,1,61628,0,0,0,0,0,0,0,0,0,0
2,1,61628,0,0,0,0,0,0,0,0,0,0
1,1,61629,0,0,0,0,0,0,0,0,0,0
2,1,61629,0,0,0,0,0,0,0,0,0,0
0,1,61630,0,0,0,0,0,0,0,0,0,0
1,1,61630,0,0,0,0,10,0,0,0,0,0
1,1,61631,0,0,0,0,0,0,0,0,0,0
0,1,61632,0,0,0,0,0,0,0,0,0,0
1,1,61632,0,0,0,6,0,0,0,0,0,0
1,1,61633,0,0,0,0,0,0,0,0,0,0
2,1,61633,16,4,0,0,0,0,0,0,0,0
0,1,61634,26,26,26,26,26,26,26,26,26,26
1,1,61634,0,0,0,0,0,0,0,0,0,0
1,1,61635,0,0,0,0,0,0,0,0,0,0
2,1,61635,8,0,0,0,0,0,0,0,0,0
1,1,61636,0,0,0,0,0,0,0,0,0,0
2,1,61636,0,0,0,0,0,0,0,0,0,0
1,1,61637,0,0,0,0,0,0,0,0,0,0
2,1,61637,0,0,0,0,0,0,0,0,0,0
1,1,61638,0,0,0,0,0,0,0,0,0,0
1,1,61639,0,0,0,0,0,0,0,0,0,0
2,1,61639,0,0,0,0,24,0,0,0,0,0
1,1,61640,12,12,12,12,12,12,12,12,12,12
2,1,61640,0,0,0,0,0,0,0,0,0,0
0,1,61641,25,25,25,25,25,25,25,25,25,25
1,1,61641,0,0,0,17,0,0,0,0,0,0
1,1,61642,22,22,22,22,22,22,22,22,22,22
2,1,61642,0,0,0,0,0,0,0,15,0,0
1,1,61643,15,15,15,15,15,15,15,15,15,15
1,1,61644,0,0,0,0,0,0,0,0,0,0
1,1,61645,0,0,0,0,0,0,0,0,0,0
2,1,61645,0,0,0,0,0,0,0,0,0,0
1,1,61646,0,0,0,0,0,0,0,0,0,0
1,1,61647,0,0,0,0,0,0,0,0,0,0
1,1,61648,14,14,14,14,14,14,14,14,14,14
1,1,61649,14,14,14,14,14,14,14,14,14,14
1,1,61650,7,7,7,7,7,7,7,7,7,7
2,1,61650,0,0,0,0,0,0,0,0,0,0
1,1,61651,0,0,0,0,0,0,0,0,0,0
2,1,61651,0,0,0,0,0,0,0,0,0,0
1,1,61652,0,0,0,0,0,0,0,0,0,0
2,1,61652,0,0,0,0,0,0,0,0,0,0
1,1,61653,28,28,28,28,28,28,28,28,28,28
1,1,61654,0,0,0,0,0,0,0,0,0,0
1,1,61655,0,0,0,0,0,0,0,0,0,0
2,1,61655,0,0,0,0,0,0,0,0,0,0
1,1,61656,0,0,0,0,19,0,18,0,0,0
2,1,61656,0,0,6,0,0,0,0,0,0,0
1,1,61657,0,0,0,0,0,0,0,0,0,0
1,1,61658,0,0,0,0,0,0,0,0,0,0
2,1,61658,0,0,0,0,0,0,0,0,0,0
0,1,61659,0,0,0,0,0,0,0,0,0,0
1,1,61659,0,0,24,0,11,2,0,6,0,10
0,1,61660,0,0,0,0,0,0,0,0,0,0
1,1,61660,0,0,0,2,0,0,0,0,0,0
0,1,61661,22,22,22,22,22,22,22,22,22,22
1,1,61661,0,0,0,0,0,26,0,18,0,0
1,1,61662,0,0,0,0,0,0,0,0,0,0
1,1,61663,0,0,0,0,0,0,0,0,0,0
0,1,61664,0,0,0,0,0,0,0,0,0,0
1,1,61664,0,18,0,15,12,12,8,0,0,0
0,1,61665,0,0,0,0,0,0,0,0,0,0
1,1,61665,0,8,0,0,0,0,0,0,0,0
1,1,61666,0,0,0,0,0,0,0,0,0,0
2,1,61666,0,0,0,0,0,0,0,0,0,0
0,1,61667,0,0,0,0,0,0,0,0,0,0
1,1,61667,35,0,0,0,7,10,0,9,0,0
1,1,61668,0,0,0,0,0,0,0,0,0,0
2,1,61668,0,0,0,0,0,0,0,0,0,0
1,1,61669,0,0,0,0,0,0,0,0,0,0
2,1,61669,0,0,0,0,0,0,0,0,0,0
1,1,61670,0,0,0,0,0,0,0,0,0,0
2,1,61670,0,0,0,0,0,0,0,0,0,0
1,1,61671,0,0,0,0,0,0,0,0,0,0
1,1,61672,0,0,0,0,0,0,0,0,0,0
2,1,61672,0,0,0,0,0,0,0,0,0,0
1,1,61673,0,0,0,0,0,0,0,0,0,0
2,1,61673,25,25,25,25,25,25,25,25,25,25
0,1,61674,0,0,0,0,0,0,0,0,0,0
1,1,61674,0,0,0,0,0,0,0,0,0,0
1,1,61675,14,14,14,14,14,14,14,14,14,14
2,1,61675,0,0,0,0,0,0,0,0,23,0
0,1,61676,0,0,0,0,0,0,0,0,0,0
1,1,61676,0,0,0,0,0,0,0,0,0,0
1,1,61677,4,4,4,4,4,4,4,4,4,4
1,1,61678,7,7,7,7,7,7,7,7,7,7
1,1,61679,18,18,18,18,18,18,18,18,18,18
1,1,61680,0,0,0,0,0,0,0,0,0,0
1,1,61681,11,11,11,11,11,11,11,11,11,11
1,1,61682,38,38,38,38,38,38,38,38,38,38
1,1,61683,14,14,14,14,14,14,14,14,14,14
1,1,61684,6,6,6,6,6,6,6,6,6,6
1,1,61685,21,21,21,21,21,21,21,21,21,21
1,1,61686,0,0,0,0,0,0,0,0,0,0
1,1,61687,27,27,27,27,27,27,27,27,27,27
1,1,61688,0,0,0,0,5,0,0,0,0,0
1,1,61689,0,0,0,0,0,0,0,0,0,0
1,1,61690,18,18,18,18,18,18,18,18,18,18
1,1,61691,0,0,0,0,0,0,0,0,0,0
1,1,61692,7,7,7,7,7,7,7,7,7,7
1,1,61693,10,10,10,10,10,10,10,10,10,10
1,1,61694,0,0,0,0,0,0,0,0,0,0
1,1,61695,0,0,0,0,0,0,0,0,0,0
1,1,61696,0,0,0,0,0,0,0,0,0,0
1,1,61697,8,11,0,0,26,0,4,0,18,0
1,1,61698,0,0,0,0,0,0,0,0,0,0
1,1,61699,26,26,26,26,26,26,26,26,26,26
1,1,61700,0,0,0,0,0,0,0,0,0,0
2,1,61700,0,0,0,0,0,0,0,0,0,0
1,1,61701,0,0,0,0,0,0,0,0,0,0
2,1,61701,0,0,0,0,0,0,0,0,0,0
1,1,61702,0,0,0,0,0,0,0,0,0,0
2,1,61702,0,0,0,0,0,0,0,0,0,0
3,1,61702,0,0,0,0,0,0,0,0,0,0
1,1,61703,0,0,0,0,0,0,0,0,0,0
1,1,61704,0,0,0,0,0,0,0,0,0,0
2,1,61704,0,0,0,0,0,0,0,0,0,0
1,1,61705,6,6,6,6,6,6,6,6,6,6
1,1,61706,25,25,25,25,25,25,25,25,25,25
2,1,61706,0,0,0,0,0,0,0,0,0,0
1,1,61707,0,0,0,0,0,0,0,0,0,0
2,1,61707,0,0,0,0,0,0,0,0,0,0
1,1,61708,0,0,0,0,0,0,0,0,0,0
2,1,61708,0,0,0,0,6,0,0,0,0,0
1,1,61709,0,0,0,0,0,0,0,0,0,0
2,1,61709,0,0,0,0,0,0,0,0,0,0
1,1,61710,0,0,0,0,0,0,0,0,0,0
2,1,61710,6,6,6,6,6,6,6,6,6,6
1,1,61711,0,0,0,0,0,0,0,0,0,0
2,1,61711,0,0,0,0,0,0,0,0,0,0
0,1,61712,0,0,0,0,0,0,0,0,0,0
1,1,61712,0,0,0,0,0,0,0,0,0,0
1,1,61713,0,0,0,0,0,0,0,0,0,0
2,1,61713,0,0,0,0,0,0,0,0,0,0
1,1,61714,0,0,0,0,0,0,0,0,0,0
2,1,61714,0,0,0,0,0,0,0,0,0,0
3,1,61714,0,0,0,0,0,0,0,0,0,0
1,1,61715,0,0,0,0,11,0,0,0,0,0
2,1,61715,0,0,0,0,0,0,0,0,0,0
1,1,61716,0,0,0,0,0,0,0,0,0,0
0,1,61717,12,12,12,12,12,12,12,12,12,12
1,1,61717,0,0,0,0,0,12,0,0,0,0
1,1,61718,10,10,10,10,10,10,10,10,10,10
0,1,61719,0,0,0,0,0,0,0,0,0,0
1,1,61719,0,0,0,0,0,0,0,0,0,0
1,1,61720,0,0,0,0,0,0,0,0,0,0
2,1,61720,0,0,0,0,0,0,0,0,0,0
1,1,61721,0,0,0,0,0,0,0,0,0,0
2,1,61721,0,0,0,0,0,0,0,0,0,0
3,1,61721,0,7,0,0,0,0,0,0,0,0
1,1,61722,6,16,18,12,14,20,16,11,9,13
1,1,61723,15,0,7,0,12,0,0,0,0,0
1,1,61724,0,0,0,0,0,0,0,0,0,0
2,1,61724,0,0,0,0,0,0,0,0,0,0
1,1,61725,0,0,0,0,0,0,0,0,0,0
1,1,61726,0,0,0,0,0,0,0,0,0,0
0,1,61727,38,38,38,38,38,38,38,38,38,38
1,1,61727,0,0,0,0,0,0,0,0,0,0
1,1,61728,15,0,19,9,16,21,8,22,16,17
2,1,61728,0,0,0,0,0,0,0,0,0,0
1,1,61729,52,52,52,52,52,52,52,52,52,52
1,1,61730,0,0,0,0,0,0,0,0,0,0
1,1,61731,22,22,22,22,22,22,22,22,22,22
1,1,61732,0,0,0,0,0,0,0,0,0,0
0,1,61733,0,0,0,0,0,0,0,0,0,0
1,1,61733,0,0,0,22,0,7,0,0,0,0
1,1,61734,0,0,0,0,0,0,0,0,0,0
1,1,61735,18,18,18,18,18,18,18,18,18,18
1,1,61736,5,0,0,0,0,0,0,0,0,0
1,1,61737,0,0,0,0,0,0,0,0,0,0
1,1,61738,0,0,0,0,0,0,0,0,0,0
2,1,61738,0,0,0,0,0,0,0,0,0,0
1,1,61739,0,0,0,0,0,0,0,0,0,0
2,1,61739,0,0,0,0,0,0,0,0,0,0
1,1,61740,0,0,0,0,0,0,0,0,0,0
2,1,61740,0,0,0,0,0,0,0,0,0,0
3,1,61740,0,0,0,0,0,0,0,0,0,0
1,1,61741,9,0,0,28,7,0,0,0,8,0
2,1,61741,0,0,0,0,0,0,0,0,0,0
1,1,61742,0,0,0,0,0,0,0,0,0,0
1,1,61743,6,6,6,6,6,6,6,6,6,6
1,1,61744,13,13,13,13,13,13,13,13,13,13
0,1,61745,9,0,0,21,21,3,19,0,0,22
1,1,61745,0,0,0,0,0,0,0,0,0,0
1,1,61746,0,0,0,0,0,0,0,0,0,0
0,1,61747,27,27,27,27,27,27,27,27,27,27
1,1,61747,0,0,0,0,0,0,0,0,0,0
1,1,61748,0,0,0,0,0,0,0,0,0,0
1,1,61749,0,0,0,0,0,0,0,0,0,0
0,1,61750,34,34,34,34,34,34,34,34,34,34
1,1,61750,0,0,0,0,0,0,0,0,0,0
1,1,61751,0,0,0,0,0,0,0,0,0,0
1,1,61752,0,0,0,0,0,0,0,0,0,0
2,1,61752,0,0,0,0,0,0,0,0,0,0
3,1,61752,0,0,0,0,0,0,0,0,0,0
1,1,61753,0,0,0,0,0,0,0,0,14,0
2,1,61753,0,0,0,0,0,0,0,0,0,0
1,1,61754,0,6,0,0,0,0,0,0,0,0
2,1,61754,35,0,0,0,0,0,0,0,0,0
0,1,61755,0,0,0,0,0,0,0,0,0,0
1,1,61755,0,28,0,0,26,0,0,0,0,0
1,1,61756,0,0,0,0,0,0,0,0,0,0
1,1,61757,0,0,0,0,0,0,0,0,0,0
0,1,61758,4,4,4,4,4,4,4,4,4,4
1,1,61758,7,22,19,10,0,11,0,8,5,9
0,1,61759,24,24,24,24,24,24,24,24,24,24
1,1,61759,10,8,0,0,2,0,10,9,12,2
0,1,61760,0,0,0,0,0,0,0,0,9,3
0,2,61760,0,18,0,0,9,5,0,0,26,0
1,1,61760,15,15,15,15,15,15,15,15,15,15
1,1,61761,6,6,6,6,6,6,6,6,6,6
2,1,61761,0,0,0,0,3,6,0,0,0,0
0,1,61762,19,19,19,19,19,19,19,19,19,19
1,1,61762,7,7,7,7,7,7,7,7,7,7
1,1,61763,0,0,0,0,0,0,0,0,0,0
0,1,61764,0,0,0,0,0,0,0,0,0,0
1,1,61764,7,0,29,13,0,18,30,18,5,16
1,1,61765,0,0,0,0,0,0,0,0,0,0
2,1,61765,0,0,0,0,0,0,0,0,0,0
1,1,61766,0,0,0,0,0,0,0,0,0,0
2,1,61766,0,0,0,0,0,0,0,0,0,0
1,1,61767,0,0,0,0,0,0,0,0,0,0
1,1,61768,0,0,0,0,0,0,0,0,0,0
2,1,61768,0,0,0,0,0,0,0,0,0,0
1,1,61769,16,16,16,16,16,16,16,16,16,16
1,1,61770,0,0,0,0,0,0,0,0,0,0
1,1,61771,0,0,0,0,0,0,0,0,0,0
1,1,61772,0,0,0,0,0,0,0,0,0,0
1,1,61773,4,0,0,8,0,0,0,4,0,0
1,1,61774,11,0,20,0,25,8,14,0,0,19
2,1,61774,0,0,0,0,0,0,0,0,11,0
1,1,61775,0,0,0,0,0,0,0,0,0,0
2,1,61775,0,0,0,0,0,0,0,0,0,0
1,1,61776,0,0,0,0,0,0,0,0,0,0
2,1,61776,0,0,0,0,0,0,0,0,0,0
1,1,61777,0,0,0,0,0,0,0,0,0,0
2,1,61777,0,0,0,0,0,24,0,0,0,0
1,1,61778,0,0,0,0,0,0,0,0,0,0
2,1,61778,0,0,0,0,0,0,0,0,0,0
0,1,61779,0,0,0,0,0,0,0,0,0,0
1,1,61779,0,0,0,0,0,0,0,0,0,0
1,1,61780,16,16,16,16,16,16,16,16,16,16
0,1,61781,0,0,0,0,0,0,0,0,0,0
1,1,61781,0,0,0,0,0,0,0,0,0,0
0,1,61782,4,0,0,0,0,0,0,0,0,0
1,1,61782,0,0,0,0,0,0,0,0,0,0
1,1,61783,0,0,0,0,0,0,0,0,0,0
1,1,61784,0,0,0,0,0,0,0,0,0,0
2,1,61784,0,0,0,0,0,0,0,0,0,0
3,1,61784,0,0,0,0,0,0,0,0,0,0
4,1,61784,0,0,0,0,0,0,0,0,0,0
0,1,61785,0,0,0,0,0,0,0,0,0,0
1,1,61785,0,0,0,0,0,0,0,0,0,0
1,1,61786,0,0,0,0,0,0,0,0,0,0
2,1,61786,0,0,0,0,0,0,0,0,0,0
1,1,61787,36,36,36,36,36,36,36,36,36,36
1,1,61788,22,22,22,22,22,22,22,22,22,22
0,1,61789,0,0,0,0,0,0,0,0,0,0
1,1,61789,0,0,0,0,0,0,0,0,0,0
1,1,61790,0,0,0,0,0,0,0,0,0,0
1,1,61791,0,0,0,0,0,0,0,0,9,0
2,1,61791,0,0,0,0,19,0,0,0,0,0
3,1,61791,0,0,0,0,0,0,0,0,0,0
1,1,61792,0,0,0,0,0,0,0,0,0,0
0,1,61793,0,0,0,0,0,0,0,0,0,0
1,1,61793,0,0,0,0,0,0,0,0,0,0
1,1,61794,0,0,0,0,0,0,0,0,0,0
2,1,61794,13,13,13,13,13,13,13,13,13,13
0,1,61795,0,0,0,0,0,0,0,0,0,0
1,1,61795,0,0,0,0,0,0,0,0,0,0
1,1,61796,0,0,0,0,0,0,0,0,0,0
1,1,61797,1,1,1,1,1,1,1,1,1,1
1,1,61798,0,0,0,0,0,0,0,0,0,0
2,1,61798,0,0,0,0,0,0,0,0,0,0
1,1,61799,0,0,0,0,0,0,0,0,0,0
0,1,61800,0,0,6,0,17,0,0,0,8,5
1,1,61800,0,0,0,0,0,0,0,0,0,0
1,1,61801,0,0,0,0,0,0,0,0,0,0
2,1,61801,0,0,0,0,0,0,0,0,0,0
1,1,61802,0,0,0,0,0,0,0,0,0,0
2,1,61802,0,0,0,0,0,0,0,0,0,0
3,1,61802,0,0,0,0,0,0,0,0,0,0
4,1,61802,0,0,0,0,0,0,0,0,0,0
5,1,61802,0,0,0,0,0,0,0,0,0,0
1,1,61803,0,0,0,0,0,0,0,0,0,0
2,1,61803,0,0,0,0,0,0,7,0,0,0
3,1,61803,0,0,0,0,0,0,0,0,0,0
1,1,61804,0,8,0,0,0,0,0,0,0,0
1,1,61805,0,0,0,0,0,0,0,0,0,0
1,1,61806,0,0,0,0,0,0,0,0,0,0
1,1,61807,0,0,0,0,0,0,0,0,0,0
2,1,61807,0,0,0,0,0,0,0,0,0,0
1,1,61808,0,0,0,0,0,0,0,0,0,0
1,1,61809,0,0,0,0,0,0,0,0,0,0
2,1,61809,0,0,0,0,0,0,0,0,0,0
1,1,61810,0,0,0,0,0,0,0,0,0,0
1,1,61811,0,0,0,0,0,0,0,0,0,0
2,1,61811,0,0,0,0,0,0,0,0,0,0
1,1,61812,9,25,12,11,16,27,5,12,16,8
2,1,61812,20,0,1,11,16,0,0,0,18,0
0,1,61813,23,28,0,24,8,20,0,0,30,24
1,1,61813,0,7,9,9,16,2,10,10,19,4
1,1,61814,0,0,0,0,0,0,0,0,0,0
2,1,61814,10,0,0,0,0,0,0,0,0,0
1,1,61815,0,0,0,0,0,0,0,0,0,0
2,1,61815,0,0,0,0,0,0,0,0,0,0
1,1,61816,0,0,0,0,0,0,0,0,0,0
2,1,61816,0,0,0,0,0,0,0,0,0,0
0,1,61817,0,0,0,0,0,0,0,0,0,0
1,1,61817,0,0,0,0,3,0,0,0,0,0
1,1,61818,0,0,0,0,0,0,0,0,0,0
1,1,61819,0,0,10,16,0,0,10,0,0,0
2,1,61819,0,0,0,0,0,0,0,0,0,0
1,1,61820,32,32,32,32,32,32,32,32,32,32
2,1,61820,0,0,0,0,0,0,0,0,0,0
3,1,61820,0,0,0,0,0,0,0,0,0,0
1,1,61821,0,0,0,0,0,0,0,0,0,0
2,1,61821,0,0,0,0,0,0,0,0,0,0
0,1,61822,0,0,0,0,0,0,0,0,0,0
1,1,61822,0,0,0,0,0,0,0,0,0,0
1,1,61823,20,20,20,20,20,20,20,20,20,20
2,1,61823,0,0,0,0,0,0,0,0,0,0
1,1,61824,0,0,0,0,18,0,0,5,0,0
2,1,61824,0,0,0,0,0,0,0,0,0,0
1,1,61825,4,4,4,4,4,4,4,4,4,4
1,1,61826,0,0,0,0,0,0,0,0,0,0
2,1,61826,0,0,0,0,0,0,0,0,0,0
0,1,61827,0,0,0,0,0,0,0,0,0,0
1,1,61827,0,0,0,0,0,0,0,0,0,0
1,1,61828,0,0,0,0,0,0,0,0,0,0
2,1,61828,0,0,0,0,0,0,0,0,0,0
1,1,61829,0,0,0,0,0,0,0,0,0,0
1,1,61830,0,0,4,0,0,0,0,0,0,0
1,1,61831,0,0,0,0,0,0,0,0,0,0
1,1,61832,0,0,0,0,0,0,0,0,0,0
2,1,61832,0,0,0,0,0,0,0,0,0,0
1,1,61833,0,0,0,0,0,0,0,0,0,0
1,1,61834,0,0,0,0,0,0,0,0,0,0
1,1,61835,0,0,0,0,0,0,0,0,0,0
2,1,61835,0,0,0,0,0,0,0,0,0,0
0,1,61836,0,0,0,0,0,0,0,0,0,0
1,1,61836,0,0,0,0,0,0,0,0,0,0
1,1,61837,0,0,0,0,0,0,0,0,0,0
1,1,61838,0,0,0,0,0,0,0,0,0,0
1,1,61839,25,25,25,25,25,25,25,25,25,25
1,1,61840,10,10,10,10,10,10,10,10,10,10
1,1,61841,14,14,14,14,14,14,14,14,14,14
2,1,61841,14,14,14,14,14,14,14,14,14,14
1,1,61842,14,22,25,12,8,20,13,13,9,14
0,1,61843,0,0,0,0,0,0,0,0,0,0
1,1,61843,8,8,8,8,8,8,8,8,8,8
0,1,61844,8,8,8,8,8,8,8,8,8,8
1,1,61844,9,9,9,9,9,9,9,9,9,9
1,1,61845,3,3,3,3,3,3,3,3,3,3
2,1,61845,0,8,17,0,0,0,4,0,7,0
1,1,61846,0,0,0,0,0,0,0,0,0,0
2,1,61846,0,0,0,0,0,0,0,0,0,0
0,1,61847,0,0,0,0,0,0,0,0,0,0
1,1,61847,0,0,0,0,0,0,0,0,0,0
0,1,61848,0,0,0,0,0,0,0,0,0,0
1,1,61848,0,0,0,0,0,0,0,0,0,0
0,1,61849,0,0,8,5,21,5,32,8,0,0
1,1,61849,0,0,0,0,0,0,0,0,0,0
1,1,61850,10,10,10,10,10,10,10,10,10,10
1,1,61851,0,0,0,0,0,0,0,0,0,0
2,1,61851,0,0,0,0,0,0,0,0,0,0
1,1,61852,0,0,9,0,0,0,0,0,0,0
2,1,61852,0,0,0,0,0,0,0,0,0,0
3,1,61852,0,0,0,0,0,0,0,0,0,0
1,1,61853,0,0,0,0,0,0,0,0,0,0
0,1,61854,6,6,6,6,6,6,6,6,6,6
1,1,61854,0,0,0,0,0,0,13,0,0,0
1,1,61855,0,0,0,0,0,0,0,0,0,0
1,1,61856,13,22,31,28,54,23,12,8,0,34
1,1,61857,0,0,0,0,0,0,0,0,0,0