VEH_NO,PER_NO,ST_CASE,P1,P2,P3,P4,P5,P6,P7,P8,P9,P10
2,1,61857,0,0,0,0,0,0,0,0,0,0
1,1,61858,0,0,0,0,0,0,0,0,0,0
2,1,61858,0,0,0,0,0,0,0,0,0,0
1,1,61859,25,25,25,25,25,25,25,25,25,25
1,1,61860,0,0,0,0,0,0,0,0,0,0
4,1,61860,0,0,0,0,0,0,0,0,0,0
1,1,61861,0,0,0,0,0,0,0,0,0,0
0,1,61862,0,0,0,0,0,0,0,0,0,0
1,1,61862,0,0,0,0,0,0,0,0,0,0
0,1,61863,10,20,17,26,0,15,16,17,37,9
0,2,61863,0,0,0,0,0,0,0,0,0,0
1,1,61863,0,0,0,0,0,0,0,0,0,0
1,1,61864,0,0,0,0,0,0,0,0,0,0
2,1,61864,0,0,0,0,0,0,0,0,0,0
0,1,61865,9,0,0,5,19,17,21,17,17,25
1,1,61865,0,0,0,0,0,0,0,0,0,0
1,1,61866,0,0,0,0,0,0,0,0,0,0
1,1,61867,7,11,25,6,7,20,4,15,10,15
0,1,61868,0,0,0,0,0,0,0,0,0,0
1,1,61868,0,0,0,0,0,28,0,0,0,0
2,1,61868,0,0,0,0,0,0,0,0,0,0
1,1,61869,0,0,0,0,0,0,0,0,0,0
1,1,61870,0,0,0,0,0,0,0,0,0,0
2,1,61870,0,0,0,0,0,0,0,0,0,0
1,1,61871,0,0,0,0,0,0,0,0,0,0
1,1,61872,0,0,0,0,0,0,0,0,0,0
2,1,61872,18,18,18,18,18,18,18,18,18,18
3,1,61872,0,0,0,0,0,0,0,0,0,0
1,1,61873,0,0,0,0,0,0,0,0,0,0
2,1,61873,0,0,0,0,0,0,0,0,0,0
1,1,61874,13,13,13,13,13,13,13,13,13,13
1,1,61875,31,31,31,31,31,31,31,31,31,31
2,1,61875,0,0,12,0,0,0,0,0,0,0
1,1,61876,12,12,12,12,12,12,12,12,12,12
1,1,61877,0,0,0,0,0,0,0,0,0,0
2,1,61877,0,0,18,0,0,0,0,0,0,0
3,1,61877,11,0,0,0,0,0,0,0,0,0
1,1,61878,0,0,0,0,0,0,0,0,0,0
2,1,61878,0,0,0,0,0,0,0,0,0,0
1,1,61879,27,27,27,27,27,27,27,27,27,27
1,1,61880,23,14,12,5,2,0,8,3,4,10
2,1,61880,12,12,12,12,12,12,12,12,12,12
1,1,61881,0,0,0,0,0,0,0,0,0,0
1,1,61882,0,0,0,0,0,0,0,0,0,0
2,1,61882,0,0,0,0,0,0,0,0,0,0
3,1,61882,0,0,0,0,0,0,0,0,0,0
1,1,61883,0,0,0,0,0,0,0,0,0,0
0,1,61884,0,0,0,0,0,0,0,0,0,0
0,2,61884,0,27,0,0,0,0,0,21,0,0
1,1,61884,0,0,0,0,0,0,0,0,0,0
1,1,61885,0,0,0,0,0,0,0,0,0,0
2,1,61885,0,0,0,0,0,0,0,0,0,0
1,1,61886,13,13,13,13,13,13,13,13,13,13
1,1,61887,16,16,16,16,16,16,16,16,16,16
1,1,61888,0,13,0,0,0,0,0,9,0,0
1,1,61889,11,11,11,11,11,11,11,11,11,11
2,1,61889,0,0,0,0,0,0,0,0,0,0
1,1,61890,29,29,29,29,29,29,29,29,29,29
1,1,61891,0,0,0,0,0,0,0,0,0,0
1,1,61892,0,0,0,0,0,0,0,0,0,0
2,1,61892,0,0,0,0,0,0,0,0,0,0
1,1,61893,0,0,0,0,0,0,0,0,0,0
1,1,61894,0,0,0,0,5,0,0,0,0,0
1,1,61895,0,0,0,0,0,0,0,0,0,0
2,1,61895,0,0,0,0,0,0,15,0,0,0
3,1,61895,0,0,0,0,0,0,0,0,0,0
0,1,61896,0,0,0,0,0,0,0,0,0,0
1,1,61896,0,0,0,0,0,0,0,0,0,0
1,1,61897,0,0,0,0,0,0,0,0,0,0
2,1,61897,0,0,0,0,0,0,0,0,0,0
0,1,61898,4,4,4,4,4,4,4,4,4,4
1,1,61898,0,0,0,7,0,0,0,0,0,0
0,1,61899,26,26,26,26,26,26,26,26,26,26
1,1,61899,0,0,0,0,0,0,0,0,0,0
2,1,61899,0,0,10,12,0,0,0,0,0,0
0,1,61900,0,0,0,0,0,0,0,0,0,0
0,2,61900,0,10,0,21,0,0,0,0,0,0
1,1,61900,0,0,0,0,0,0,0,0,0,9
1,1,61901,0,0,0,0,0,0,0,0,0,0
1,1,61902,2,0,0,0,0,0,0,0,0,0
2,1,61902,0,0,0,0,0,0,0,0,0,0
1,1,61903,22,22,22,22,22,22,22,22,22,22
1,1,61904,0,0,0,0,0,0,0,0,0,0
2,1,61904,0,0,0,0,0,0,0,0,0,0
1,1,61905,0,0,0,13,0,13,0,0,0,11
0,1,61906,4,4,4,4,4,4,4,4,4,4
1,1,61906,17,23,0,5,16,0,6,0,0,19
0,1,61907,0,0,0,0,0,0,0,0,0,0
1,1,61907,0,0,0,0,0,0,0,0,0,0
0,1,61908,0,0,0,0,0,0,0,0,0,0
1,1,61908,0,19,39,2,14,18,13,3,13,0
2,1,61908,17,4,5,0,4,0,0,9,23,0
0,1,61909,0,0,0,0,0,0,0,0,0,0
1,1,61909,0,0,0,0,0,0,0,0,0,0
1,1,61910,0,0,0,0,0,0,0,0,0,0
2,1,61910,0,0,0,0,0,0,0,0,0,0
1,1,61911,0,0,0,0,0,0,0,0,0,0
1,1,61912,0,0,0,0,0,0,0,0,0,0
2,1,61912,0,0,0,0,0,0,0,0,0,0
3,1,61912,0,0,0,0,0,0,0,0,0,0
0,1,61913,0,0,0,0,0,0,0,0,0,0
1,1,61913,0,0,0,0,0,0,0,0,0,0
1,1,61914,0,0,0,0,0,0,0,0,0,0
2,1,61914,2,2,2,2,2,2,2,2,2,2
3,1,61914,0,0,0,0,0,0,0,0,0,0
1,1,61915,0,0,0,0,0,0,0,0,0,0
1,1,61916,18,18,18,18,18,18,18,18,18,18
1,1,61917,0,0,0,0,0,0,0,0,0,0
2,1,61917,0,0,0,0,0,0,0,0,0,0
0,1,61918,18,0,10,16,0,18,0,20,0,23
0,2,61918,26,0,0,0,0,8,0,0,0,0
0,3,61918,13,0,0,0,0,0,11,9,0,0
0,4,61918,0,0,0,0,0,15,0,0,0,0
1,1,61918,0,0,0,0,0,0,0,0,0,0
2,1,61918,0,0,0,0,0,0,0,0,0,0
3,1,61918,7,7,7,7,7,7,7,7,7,7
1,1,61919,0,0,0,0,0,0,0,0,0,0
2,1,61919,2,2,2,2,2,2,2,2,2,2
1,1,61920,21,21,21,21,21,21,21,21,21,21
1,1,61921,5,5,5,5,5,5,5,5,5,5
2,1,61921,0,0,0,0,0,0,0,0,0,0
3,1,61921,0,0,0,0,0,0,0,0,0,0
0,1,61922,0,0,0,0,0,0,0,0,0,0
1,1,61922,0,0,0,0,0,0,0,0,0,0
1,1,61923,0,0,0,0,0,0,0,0,0,0
1,1,61924,0,0,0,0,0,0,0,0,0,0
0,1,61925,0,0,0,0,0,0,0,0,0,0
1,1,61925,0,0,0,0,0,0,0,0,0,0
1,1,61926,0,0,0,0,0,0,0,0,0,0
2,1,61926,0,0,0,0,0,0,0,0,0,0
1,1,61927,0,0,0,0,0,0,0,0,0,0
2,1,61927,0,0,0,0,0,0,0,0,0,0
1,1,61928,31,31,31,31,31,31,31,31,31,31
1,1,61929,0,0,0,0,0,0,0,0,0,0
1,1,61930,0,0,0,0,0,0,0,0,0,0
1,1,61931,21,21,21,21,21,21,21,21,21,21
1,1,61932,0,0,0,0,0,0,11,0,0,0
2,1,61932,0,0,0,0,0,0,0,0,0,0
3,1,61932,0,0,0,0,0,0,0,0,0,0
4,1,61932,0,0,0,0,0,0,0,0,0,0
1,1,61933,18,18,18,18,18,18,18,18,18,18
1,1,61934,0,0,0,0,0,0,0,0,0,0
1,1,61935,0,0,0,0,0,0,0,0,0,0
2,1,61935,0,0,0,0,0,0,0,0,0,0
0,1,61936,0,0,0,0,0,0,0,0,0,0
1,1,61936,0,0,0,0,0,0,0,0,0,0
0,1,61937,0,0,0,0,0,0,0,0,0,0
1,1,61937,0,0,0,15,4,0,0,0,0,0
0,1,61938,12,12,12,12,12,12,12,12,12,12
1,1,61938,0,0,0,0,0,0,0,0,0,0
1,1,61939,0,0,0,0,0,0,0,0,0,0
1,1,61940,0,0,0,0,0,0,0,0,0,0
2,1,61940,0,0,0,0,2,0,0,0,13,0
0,1,61941,0,0,0,0,0,0,0,0,0,0
1,1,61941,0,0,0,0,0,0,0,0,0,0
1,1,61942,8,8,8,8,8,8,8,8,8,8
1,1,61943,14,14,14,14,14,14,14,14,14,14
2,1,61943,0,0,0,0,0,0,0,0,0,0
0,1,61944,0,0,0,0,0,0,0,0,0,0
1,1,61944,0,0,0,1,2,15,0,0,0,3
0,1,61945,0,0,0,0,0,0,0,0,0,0
1,1,61945,11,17,17,13,15,0,30,13,12,16
0,1,61946,14,4,13,15,5,12,19,22,16,13
1,1,61946,0,0,0,0,0,0,0,0,0,0
1,1,61947,21,21,21,21,21,21,21,21,21,21
1,1,61948,0,0,0,0,0,0,0,19,0,0
2,1,61948,0,0,0,0,0,0,0,0,0,0
1,1,61949,0,0,0,0,0,0,0,0,0,0
2,1,61949,0,0,0,0,0,0,4,0,0,0
1,1,61950,20,20,20,20,20,20,20,20,20,20
0,1,61951,0,0,0,0,0,0,0,0,0,0
1,1,61951,0,0,0,0,0,0,0,0,0,0
1,1,61952,8,8,8,8,8,8,8,8,8,8
2,1,61952,0,0,0,9,0,0,0,0,0,0
1,1,61953,12,12,12,12,12,12,12,12,12,12
2,1,61953,0,0,0,0,0,0,0,0,0,0
3,1,61953,0,0,11,0,0,13,0,0,0,0
1,1,61954,12,12,12,12,12,12,12,12,12,12
1,1,61955,0,0,0,0,0,0,0,0,0,0
2,1,61955,0,0,0,0,0,10,0,0,0,0
1,1,61956,15,15,15,15,15,15,15,15,15,15
1,1,61957,18,18,18,18,18,18,18,18,18,18
2,1,61957,0,0,0,0,0,0,0,0,0,0
1,1,61958,12,12,12,12,12,12,12,12,12,12
1,1,61959,11,11,11,11,11,11,11,11,11,11
1,1,61960,0,0,0,0,0,0,0,0,0,0
2,1,61960,0,0,0,0,0,0,0,0,0,0
1,1,61961,0,0,0,0,0,0,0,0,0,0
1,1,61962,0,12,20,7,0,0,0,0,0,0
2,1,61962,0,0,0,0,0,0,0,0,0,0
1,1,61963,0,0,0,0,0,0,0,0,0,0
2,1,61963,0,0,0,0,0,0,0,0,0,0
3,1,61963,0,0,0,0,0,0,0,0,0,0
1,1,61964,12,12,12,12,12,12,12,12,12,12
2,1,61964,0,0,0,0,0,0,6,0,0,0
0,1,61965,0,0,0,0,0,0,0,0,0,0
1,1,61965,15,15,15,15,15,15,15,15,15,15
1,1,61966,0,0,0,0,0,0,0,0,0,0
2,1,61966,15,15,15,15,15,15,15,15,15,15
1,1,61967,0,0,0,12,0,0,0,0,0,0
2,1,61967,0,0,0,0,0,0,0,0,0,0
1,1,61968,4,4,4,4,4,4,4,4,4,4
1,1,61969,0,0,0,0,0,0,0,0,0,0
2,1,61969,0,0,0,0,0,0,0,0,0,0
0,1,61970,21,0,0,27,0,0,0,0,0,0
0,2,61970,0,0,0,0,0,0,0,0,19,0
0,3,61970,15,0,22,0,0,22,0,0,10,0
1,1,61970,0,0,0,0,0,0,0,0,0,0
2,1,61970,0,0,0,0,0,0,0,0,0,0
1,1,61971,0,0,0,0,0,0,0,0,0,0
2,1,61971,0,0,0,8,0,0,0,0,0,0
1,1,61972,19,19,19,19,19,19,19,19,19,19
1,1,61973,0,0,0,0,0,5,0,0,0,0
1,1,61974,0,0,0,0,0,0,0,0,0,0
1,1,61975,0,0,0,0,0,0,0,0,0,0
2,1,61975,0,0,0,0,0,0,0,0,0,0
0,1,61976,0,0,0,0,0,0,0,0,0,0
1,1,61976,0,18,0,0,0,0,0,0,0,0
0,1,61977,23,23,23,23,23,23,23,23,23,23
1,1,61977,0,0,0,0,0,0,0,10,12,6
1,1,61978,0,0,0,0,0,0,0,0,0,0
2,1,61978,0,0,0,0,0,0,0,0,0,0
0,1,61979,0,0,0,0,0,0,0,0,0,0
1,1,61979,0,0,17,0,0,0,0,0,0,0
2,1,61979,0,0,0,0,0,0,0,0,0,0
1,1,61980,0,0,0,0,0,0,0,0,0,0
1,1,61981,0,0,0,0,0,0,0,0,0,0
2,1,61981,7,7,7,7,7,7,7,7,7,7
1,1,61982,0,0,0,0,0,0,0,0,0,0
0,1,61983,20,20,20,20,20,20,20,20,20,20
1,1,61983,0,22,0,4,10,13,6,0,0,0
1,1,61984,9,9,9,9,9,9,9,9,9,9
2,1,61984,0,0,0,0,0,0,0,0,0,0
1,1,61985,11,11,11,11,11,11,11,11,11,11
2,1,61985,25,25,25,25,25,25,25,25,25,25
1,1,61986,0,0,0,0,0,0,0,0,0,0
1,1,61987,0,0,0,0,0,0,0,0,0,0
2,1,61987,16,0,0,0,0,0,0,0,0,0
1,1,61988,0,0,9,0,0,0,0,5,0,0
0,1,61989,14,14,14,14,14,14,14,14,14,14
1,1,61989,0,0,0,0,0,0,0,0,0,0
1,1,61990,22,22,22,22,22,22,22,22,22,22
0,1,61991,25,25,25,25,25,25,25,25,25,25
1,1,61991,0,0,0,0,0,0,0,0,0,0
2,1,61991,0,0,0,0,16,0,0,0,0,0
1,1,61992,0,0,0,0,0,0,0,0,0,0
2,1,61992,10,10,10,10,10,10,10,10,10,10
1,1,61993,0,0,0,0,0,0,0,0,0,0
2,1,61993,0,0,0,0,0,0,0,0,0,0
1,1,61994,0,0,0,0,0,0,0,0,0,0
1,1,61995,0,0,0,0,0,0,0,0,0,0
2,1,61995,0,0,0,0,0,0,0,0,0,0
1,1,61996,3,3,3,3,3,3,3,3,3,3
2,1,61996,0,0,0,0,0,0,0,0,0,0
1,1,61997,25,25,25,25,25,25,25,25,25,25
1,1,61998,21,21,21,21,21,21,21,21,21,21
1,1,61999,0,0,0,0,0,15,0,0,0,0
1,1,62000,0,0,0,0,0,0,0,0,0,0
2,1,62000,0,0,0,0,0,0,0,0,0,0
1,1,62001,0,0,0,0,0,0,0,0,0,0
1,1,62002,0,0,0,0,0,0,0,0,0,0
2,1,62002,0,0,0,0,0,0,0,0,0,0
3,1,62002,0,0,0,0,0,0,0,0,0,0
1,1,62003,24,24,24,24,24,24,24,24,24,24
2,1,62003,5,5,5,5,5,5,5,5,5,5
1,1,62004,0,0,0,0,0,0,0,0,0,0
2,1,62004,0,0,0,0,0,0,0,0,0,0
1,1,62005,0,0,0,0,0,0,0,0,0,0
2,1,62005,0,0,0,0,0,0,0,0,0,0
1,1,62006,0,0,0,0,0,0,0,0,0,0
2,1,62006,0,0,0,0,0,0,0,0,0,0
1,1,62007,0,0,0,0,0,0,0,0,0,0
1,1,62008,0,0,10,0,0,0,0,0,0,0
2,1,62008,0,0,0,0,0,0,0,0,0,0
1,1,62009,6,6,6,6,6,6,6,6,6,6
2,1,62009,0,0,0,0,0,0,0,0,0,0
0,1,62010,0,13,11,0,35,0,0,0,0,42
1,1,62010,0,0,0,0,0,0,0,0,0,0
1,1,62011,0,0,0,0,0,0,0,0,0,0
1,1,62012,0,0,0,0,0,0,0,0,0,0
2,1,62012,0,0,0,0,0,0,0,0,0,0
1,1,62013,0,0,0,0,0,0,0,0,0,0
2,1,62013,15,0,0,0,0,0,0,0,9,0
1,1,62014,15,15,15,15,15,15,15,15,15,15
1,1,62015,18,18,18,18,18,18,18,18,18,18
0,1,62016,18,48,18,14,0,20,21,0,0,27
1,1,62016,0,0,0,0,0,0,0,0,0,0
1,1,62017,21,21,21,21,21,21,21,21,21,21
1,1,62018,21,21,21,21,21,21,21,21,21,21
0,1,62019,0,0,0,0,0,0,0,0,0,0
1,1,62019,0,10,0,0,8,0,0,28,0,0
1,1,62020,0,0,0,0,0,0,0,0,0,0
1,1,62021,16,16,16,16,16,16,16,16,16,16
1,1,62022,10,10,10,10,10,10,10,10,10,10
2,1,62022,0,0,0,0,0,0,0,0,0,0
1,1,62023,0,0,0,0,0,11,0,0,4,0
2,1,62023,0,0,0,0,0,0,0,0,0,0
3,1,62023,0,15,0,0,0,0,0,0,0,0
0,1,62024,0,0,0,0,0,0,0,0,0,0
1,1,62024,0,0,0,0,0,0,0,0,0,0
1,1,62025,0,0,0,0,0,0,0,0,0,0
2,1,62025,6,6,6,6,6,6,6,6,6,6
1,1,62026,0,0,0,0,0,0,0,0,0,0
1,1,62027,23,23,23,23,23,23,23,23,23,23
1,1,62028,20,0,0,0,0,0,0,0,0,0
1,1,62029,19,19,19,19,19,19,19,19,19,19
1,1,62030,0,0,0,0,0,0,0,0,0,0
1,1,62031,17,17,17,17,17,17,17,17,17,17
1,1,62032,28,28,28,28,28,28,28,28,28,28
1,1,62033,0,0,0,0,0,0,0,0,0,0
1,1,62034,0,0,0,0,0,0,0,0,0,0
1,1,62035,0,0,0,23,18,0,0,0,0,0
1,1,62036,3,3,3,3,3,3,3,3,3,3
1,1,62037,0,0,0,0,16,0,0,0,0,0
1,1,62038,0,0,0,0,0,0,0,0,0,0
1,1,62039,0,0,0,0,0,0,0,0,0,0
1,1,62040,24,24,24,24,24,24,24,24,24,24
1,1,62041,10,10,10,10,10,10,10,10,10,10
1,1,62042,0,0,0,0,0,0,0,0,0,0
1,1,62043,0,0,0,0,0,0,0,0,0,0
1,1,62044,0,0,0,0,0,0,0,0,0,0
1,1,62045,0,0,0,0,0,0,0,0,0,0
1,1,62046,26,26,26,26,26,26,26,26,26,26
1,1,62047,21,21,21,21,21,21,21,21,21,21
1,1,62048,16,16,16,16,16,16,16,16,16,16
1,1,62049,0,0,0,0,0,0,0,0,0,0
1,1,62050,0,0,0,14,0,0,0,0,0,0
1,1,62051,30,30,30,30,30,30,30,30,30,30
1,1,62052,13,13,13,13,13,13,13,13,13,13
1,1,62053,0,0,0,0,0,0,0,0,0,0
1,1,62054,22,22,22,22,22,22,22,22,22,22
1,1,62055,16,16,16,16,16,16,16,16,16,16
1,1,62056,4,4,4,4,4,4,4,4,4,4
1,1,62057,0,0,0,0,0,0,0,0,0,0
0,1,62058,0,0,0,0,0,0,0,0,0,0
1,1,62058,0,0,0,0,7,0,0,0,0,0
1,1,62059,0,0,0,0,0,0,0,0,0,0
1,1,62060,12,12,12,12,12,12,12,12,12,12
2,1,62060,0,0,0,0,0,0,0,0,0,0
1,1,62061,0,0,0,0,0,0,0,0,0,0
2,1,62061,0,10,0,0,0,0,0,0,0,0
3,1,62061,0,0,0,0,0,0,0,0,0,0
0,1,62062,0,0,0,0,0,0,0,0,0,0
1,1,62062,9,0,0,0,4,21,15,0,14,0
1,1,62063,4,4,4,4,4,4,4,4,4,4
1,1,62064,0,0,0,0,0,0,0,0,0,0
1,1,62065,17,17,17,17,17,17,17,17,17,17
0,1,62066,31,15,22,16,17,7,4,0,11,0
1,1,62066,0,15,0,3,8,16,15,18,12,16
1,1,62067,23,23,23,23,23,23,23,23,23,23
1,1,62068,22,28,17,0,17,7,25,14,14,0
2,1,62068,0,0,0,0,0,0,0,0,0,0
1,1,62069,0,0,0,0,0,0,0,0,0,0
1,1,62070,21,21,21,21,21,21,21,21,21,21
1,1,62071,12,12,12,12,12,12,12,12,12,12
0,1,62072,0,0,0,0,0,0,0,0,0,0
1,1,62072,0,0,0,0,0,0,0,0,0,0
1,1,62073,0,0,0,0,0,0,0,0,0,0
1,1,62074,0,0,0,0,0,0,0,0,0,0
2,1,62074,0,0,0,0,0,0,0,0,0,0
3,1,62074,0,0,0,0,0,0,0,0,0,0
1,1,62075,21,21,21,21,21,21,21,21,21,21
1,1,62076,0,0,0,0,0,0,0,0,0,0
2,1,62076,0,0,0,0,0,0,0,0,0,0
3,1,62076,0,0,0,0,0,17,0,0,0,0
4,1,62076,0,0,0,0,0,0,0,0,0,0
5,1,62076,0,0,0,0,0,0,0,0,0,0
6,1,62076,0,0,0,0,0,0,0,0,0,0
1,1,62077,26,26,26,26,26,26,26,26,26,26
1,1,62078,0,0,0,0,0,0,0,0,0,0
1,1,62079,5,5,5,5,5,5,5,5,5,5
2,1,62079,0,0,0,0,0,0,0,0,0,0
1,1,62080,0,20,0,0,0,0,8,11,6,11
2,1,62080,34,34,34,34,34,34,34,34,34,34
1,1,62081,22,22,22,22,22,22,22,22,22,22
2,1,62081,0,23,0,0,13,9,0,0,0,0
3,1,62081,0,0,0,0,0,0,0,0,0,0
1,1,62082,10,10,10,10,10,10,10,10,10,10
1,1,62083,16,16,16,16,16,16,16,16,16,16
1,1,62084,0,0,0,0,0,0,0,0,0,0
2,1,62084,0,0,0,0,0,0,0,0,0,0
0,1,62085,0,0,0,0,0,0,0,0,0,0
1,1,62085,27,27,27,27,27,27,27,27,27,27
0,1,62086,38,38,38,38,38,38,38,38,38,38
1,1,62086,0,0,0,0,0,0,0,0,0,0
1,1,62087,19,19,19,19,19,19,19,19,19,19
0,1,62088,0,0,0,0,0,0,0,0,0,0
0,2,62088,8,8,8,8,8,8,8,8,8,8
0,3,62088,0,0,0,0,25,0,8,0,0,21
0,4,62088,13,0,0,17,0,37,0,20,20,0
0,5,62088,9,24,15,9,0,0,0,14,11,10
1,1,62088,11,16,0,13,12,14,8,6,10,23
2,1,62088,0,0,0,0,0,0,0,0,0,0
1,1,62089,0,0,0,0,0,0,0,0,0,0
2,1,62089,0,0,0,0,0,0,0,0,0,0
1,1,62090,0,0,0,0,0,0,0,0,0,0
1,1,62091,0,0,0,0,0,0,0,0,0,0
1,1,62092,0,0,0,0,0,0,0,0,0,0
2,1,62092,0,0,0,0,0,0,0,0,0,0
1,1,62093,0,0,0,0,0,0,0,0,0,0
2,1,62093,0,0,0,0,0,0,0,0,0,0
3,1,62093,0,3,0,0,0,0,0,0,0,0
1,1,62094,0,0,0,0,0,0,0,0,0,0
2,1,62094,0,0,0,0,0,0,0,0,0,0
1,1,62095,0,0,0,0,0,0,0,24,0,0
1,1,62096,0,0,0,0,0,0,0,0,0,0
1,1,62097,5,0,11,30,0,0,0,0,0,0
2,1,62097,0,0,15,0,0,0,0,0,0,0
1,1,62098,0,0,0,0,0,0,0,0,0,0
2,1,62098,11,11,11,11,11,11,11,11,11,11
1,1,62099,0,0,0,0,0,0,0,0,0,0
2,1,62099,0,0,0,0,0,0,0,0,0,0
3,1,62099,0,0,18,0,0,20,0,0,0,0
1,1,62100,10,10,10,10,10,10,10,10,10,10
2,1,62100,0,0,0,0,0,0,0,0,0,0
0,1,62101,29,29,29,29,29,29,29,29,29,29
1,1,62101,0,0,9,7,6,11,0,0,0,0
1,1,62102,0,0,0,0,0,0,0,0,0,0
0,1,62103,16,16,16,16,16,16,16,16,16,16
1,1,62103,0,0,0,0,0,0,0,0,0,0
0,1,62104,0,0,0,0,0,0,0,0,0,0
1,1,62104,0,18,9,0,0,0,0,14,29,0
1,1,62105,23,23,23,23,23,23,23,23,23,23
1,1,62106,19,19,19,19,19,19,19,19,19,19
1,1,62107,0,0,0,0,0,0,0,0,0,0
1,1,62108,0,0,0,0,0,0,0,0,0,0
1,1,62109,14,14,14,14,14,14,14,14,14,14
1,1,62110,0,0,0,0,0,0,0,0,0,0
1,1,62111,21,21,21,21,21,21,21,21,21,21
1,1,62112,0,0,0,0,0,0,0,0,0,0
1,1,62113,0,0,0,0,0,0,0,0,0,0
1,1,62114,19,19,19,19,19,19,19,19,19,19
1,1,62115,13,0,17,0,0,0,6,0,14,15
1,1,62116,33,33,33,33,33,33,33,33,33,33
1,1,62117,17,17,17,17,17,17,17,17,17,17
0,1,62118,0,0,0,0,0,0,0,0,0,0
1,1,62118,0,0,0,0,0,0,0,0,0,0
0,1,62119,0,0,0,0,0,0,0,0,0,0
1,1,62119,20,20,20,20,20,20,20,20,20,20
1,1,62120,0,0,0,0,0,0,0,0,0,0
1,1,62121,19,19,19,19,19,19,19,19,19,19
0,1,62122,0,0,0,0,0,0,0,0,0,0
1,1,62122,0,0,0,0,0,0,19,0,0,0
0,1,62123,0,0,0,0,0,7,0,0,0,15
1,1,62123,0,0,0,0,0,0,0,0,0,0
1,1,62124,0,0,0,0,0,0,0,0,0,0
1,1,62125,15,15,15,15,15,15,15,15,15,15
1,1,62126,7,7,7,7,7,7,7,7,7,7
0,1,62127,0,0,0,0,0,0,0,0,0,0
1,1,62127,0,0,0,0,0,0,0,0,0,0
1,1,62128,25,25,25,25,25,25,25,25,25,25
1,1,62129,10,10,10,10,10,10,10,10,10,10
1,1,62130,0,0,0,0,0,0,0,0,0,0
1,1,62131,0,0,0,0,0,0,0,0,0,0
1,1,62132,0,0,0,0,0,0,0,0,0,0
1,1,62133,23,23,23,23,23,23,23,23,23,23
1,1,62134,0,0,0,0,0,0,0,0,0,0
1,1,62135,0,0,0,0,0,0,0,0,0,0
1,1,62136,0,0,0,0,0,0,0,0,0,0
1,1,62137,22,22,22,22,22,22,22,22,22,22
1,1,62138,29,29,29,29,29,29,29,29,29,29
1,1,62139,0,0,0,0,0,0,0,0,0,0
1,1,62140,21,21,21,21,21,21,21,21,21,21
1,1,62141,23,23,23,23,23,23,23,23,23,23
1,1,62142,0,0,0,0,0,0,0,0,0,0
0,1,62143,0,0,0,0,0,0,0,0,0,0
1,1,62143,0,0,0,0,0,0,0,5,0,0
1,1,62144,19,19,19,19,19,19,19,19,19,19
1,1,62145,16,16,16,16,16,16,16,16,16,16
0,1,62146,21,21,21,21,21,21,21,21,21,21
1,1,62146,0,0,0,0,0,0,0,0,0,0
1,1,62147,11,11,11,11,11,11,11,11,11,11
1,1,62148,0,0,0,0,0,0,0,13,0,0
1,1,62149,0,0,0,0,0,0,0,0,0,0
1,1,62150,14,14,14,14,14,14,14,14,14,14
1,1,62151,0,0,0,0,0,0,0,0,0,0
1,1,62152,0,0,0,0,0,0,0,0,0,0
1,1,62153,0,0,0,0,0,0,0,0,0,0
1,1,62154,0,0,0,0,0,0,0,0,0,0
0,1,62155,0,0,0,0,0,0,0,0,0,0
1,1,62155,0,0,0,0,0,0,0,0,0,0
1,1,62156,17,17,17,17,17,17,17,17,17,17
0,1,62157,28,28,28,28,28,28,28,28,28,28
1,1,62157,11,16,11,6,0,27,7,11,9,0
1,1,62158,0,0,0,0,0,0,0,0,0,0
0,1,62159,29,29,29,29,29,29,29,29,29,29
1,1,62159,0,0,15,1,0,0,12,9,15,11
1,1,62160,23,12,5,7,13,5,15,24,15,4
1,1,62161,18,20,11,27,5,21,21,27,14,8
0,1,62162,0,0,0,0,0,0,0,0,0,0
1,1,62162,0,0,0,0,13,11,0,0,0,0
0,1,62163,0,0,0,0,0,0,0,0,0,0
1,1,62163,0,0,0,0,0,0,0,0,0,0
1,1,62164,17,17,17,17,17,17,17,17,17,17
1,1,62165,2,2,2,2,2,2,2,2,2,2
1,1,62166,5,5,5,5,5,5,5,5,5,5
1,1,62167,26,26,26,26,26,26,26,26,26,26
1,1,62168,0,0,0,0,0,0,0,0,0,0
1,1,62169,0,0,0,0,9,0,0,0,0,0
1,1,62170,0,0,0,0,0,0,0,0,0,0
0,1,62171,24,24,24,24,24,24,24,24,24,24
1,1,62171,0,0,0,0,0,0,0,0,0,0
1,1,62172,26,26,26,26,26,26,26,26,26,26
1,1,62173,8,8,8,8,8,8,8,8,8,8
1,1,62174,0,0,0,0,0,0,0,0,0,0
2,1,62174,0,0,0,0,0,0,0,0,0,0
3,1,62174,0,0,0,0,0,0,0,0,0,0
4,1,62174,0,0,0,0,0,0,0,0,0,0
5,1,62174,0,0,0,0,0,0,0,0,0,0
6,1,62174,0,0,0,0,0,0,0,0,0,0
1,1,62175,27,30,0,12,20,25,37,18,11,0
2,1,62175,0,0,4,0,0,0,0,0,0,0
1,1,62176,0,0,0,0,0,0,0,0,0,0
1,1,62177,12,0,0,0,0,23,0,0,0,0
2,1,62177,0,0,0,0,0,0,0,0,0,0
1,1,62178,0,0,0,0,0,0,0,0,0,0
2,1,62178,0,0,0,0,0,0,18,0,0,0
1,1,62179,0,0,0,0,0,0,0,0,0,0
2,1,62179,0,0,0,0,0,0,0,0,0,0
1,1,62180,0,0,0,0,0,0,0,0,0,0
2,1,62180,0,0,0,0,0,0,0,0,0,0