VEH_NO,PER_NO,ST_CASE,P1,P2,P3,P4,P5,P6,P7,P8,P9,P10
1,1,62181,16,16,16,16,16,16,16,16,16,16
2,1,62181,0,0,0,0,0,0,0,0,0,0
3,1,62181,0,0,0,0,0,0,0,0,0,0
1,1,62182,30,30,30,30,30,30,30,30,30,30
2,1,62182,0,0,0,0,0,0,0,0,9,0
1,1,62183,0,0,0,0,0,0,0,0,0,0
2,1,62183,0,0,0,0,0,0,0,0,0,0
1,1,62184,0,0,0,0,0,0,0,0,0,0
2,1,62184,0,0,0,0,0,0,0,0,0,0
0,1,62185,9,9,9,9,9,9,9,9,9,9
1,1,62185,0,0,0,0,0,0,0,0,0,0
0,1,62186,23,0,0,0,0,29,0,0,0,0
1,1,62186,0,0,0,0,0,0,0,0,0,0
2,1,62186,0,0,0,0,0,0,0,0,0,0
3,1,62186,0,0,0,0,0,0,0,0,0,0
4,1,62186,0,0,0,0,0,0,0,0,0,0
5,1,62186,0,0,0,0,0,0,0,0,0,0
1,1,62187,0,0,0,0,0,0,0,0,0,0
0,1,62188,19,19,19,19,19,19,19,19,19,19
1,1,62188,0,0,0,0,0,0,0,0,0,0
0,1,62189,15,15,15,15,15,15,15,15,15,15
1,1,62189,0,0,0,0,0,0,0,0,0,0
1,1,62190,0,0,0,0,0,0,0,0,0,0
0,1,62191,1,1,1,1,1,1,1,1,1,1
1,1,62191,0,0,8,0,0,0,10,18,8,0
1,1,62192,0,0,0,0,0,0,7,0,7,0
1,1,62193,21,21,21,21,21,21,21,21,21,21
1,1,62194,22,22,22,22,22,22,22,22,22,22
2,1,62194,0,0,0,0,0,0,0,0,0,0
1,1,62195,0,0,0,0,0,0,0,0,0,0
1,1,62196,0,6,0,0,0,12,0,0,0,0
2,1,62196,0,0,0,0,0,0,0,0,0,0
3,1,62196,0,0,0,0,0,0,0,0,0,0
1,1,62197,3,3,3,3,3,3,3,3,3,3
2,1,62197,0,0,0,0,0,0,0,0,0,0
1,1,62198,0,0,0,0,0,0,0,0,0,0
2,1,62198,0,0,0,0,0,0,0,0,0,0
1,1,62199,0,0,0,0,0,0,0,0,0,0
2,1,62199,0,7,0,0,0,0,0,0,0,0
3,1,62199,0,0,0,0,0,0,0,0,0,0
1,1,62200,0,0,0,0,0,0,0,0,0,0
2,1,62200,0,0,0,0,0,0,0,0,0,0
3,1,62200,0,0,0,0,0,14,0,0,0,0
0,1,62201,14,14,14,14,14,14,14,14,14,14
1,1,62201,0,9,0,0,0,0,0,0,0,0
0,1,62202,54,54,54,54,54,54,54,54,54,54
1,1,62202,0,0,0,0,0,0,0,0,0,0
1,1,62203,0,0,0,0,0,0,0,0,0,0
2,1,62203,0,0,0,0,0,0,0,0,0,0
0,1,62204,4,4,4,4,4,4,4,4,4,4
1,1,62204,18,13,6,0,3,16,14,4,0,8
1,1,62205,18,9,0,7,11,11,0,0,14,16
0,1,62206,0,0,0,0,0,0,0,0,0,0
1,1,62206,12,0,0,0,0,0,0,0,0,15
0,1,62207,0,6,0,0,0,0,0,0,0,0
1,1,62207,0,11,0,0,0,0,0,0,0,0
1,1,62208,0,0,0,0,0,0,0,0,0,0
2,1,62208,0,0,0,0,0,0,0,0,0,0
1,1,62209,0,0,0,0,0,0,0,0,0,0
2,1,62209,0,0,0,0,0,0,0,0,0,0
1,1,62210,13,18,8,13,10,20,0,12,12,25
2,1,62210,0,0,0,0,0,0,0,0,0,0
1,1,62211,17,17,17,17,17,17,17,17,17,17
0,1,62212,0,0,0,0,0,0,0,0,0,0
1,1,62212,3,0,0,0,0,7,0,0,0,0
1,1,62213,0,0,15,0,0,0,0,0,0,0
1,1,62214,0,0,0,0,0,0,0,0,0,0
2,1,62214,0,0,0,0,0,0,0,0,0,0
1,1,62215,0,6,0,0,0,0,0,0,0,0
2,1,62215,0,0,0,0,0,0,0,0,0,0
3,1,62215,0,0,0,0,0,0,0,0,0,0
4,1,62215,0,0,0,0,0,0,0,0,0,0
1,1,62216,0,0,0,0,0,0,0,0,0,0
1,1,62217,0,0,0,0,0,0,0,0,0,0
2,1,62217,0,0,0,0,0,0,0,0,0,0
1,1,62218,0,0,0,0,0,0,0,0,0,0
1,1,62219,0,0,4,0,0,0,0,0,0,0
1,1,62220,0,0,5,0,0,0,0,0,0,0
2,1,62220,0,0,0,0,0,0,0,0,0,0
1,1,62221,23,23,23,23,23,23,23,23,23,23
0,1,62222,22,22,22,22,22,22,22,22,22,22
1,1,62222,0,0,0,0,0,0,0,0,0,0
1,1,62223,0,0,0,0,0,0,0,0,0,0
1,1,62224,0,0,0,0,0,0,0,0,0,0
1,1,62225,14,14,14,14,14,14,14,14,14,14
1,1,62226,16,16,16,16,16,16,16,16,16,16
1,1,62227,0,0,0,0,0,0,0,0,0,0
1,1,62228,25,25,25,25,25,25,25,25,25,25
2,1,62228,0,0,0,0,0,0,0,0,0,0
1,1,62229,0,0,0,0,0,0,0,0,0,0
2,1,62229,0,0,0,0,0,0,0,0,0,0
1,1,62230,29,29,29,29,29,29,29,29,29,29
2,1,62230,0,0,0,0,0,0,0,0,0,0
1,1,62231,21,21,21,21,21,21,21,21,21,21
0,1,62232,21,21,21,21,21,21,21,21,21,21
1,1,62232,0,0,0,0,0,0,0,0,0,0
1,1,62233,0,0,0,0,0,0,0,0,0,0
2,1,62233,0,0,0,0,0,0,0,0,0,0
3,1,62233,12,14,12,0,0,0,0,0,0,8
1,1,62234,16,16,16,16,16,16,16,16,16,16
2,1,62234,0,0,0,0,0,0,0,0,0,0
1,1,62235,9,9,9,9,9,9,9,9,9,9
1,1,62236,24,24,24,24,24,24,24,24,24,24
2,1,62236,0,0,0,0,0,0,0,0,0,0
3,1,62236,0,0,0,0,0,0,0,0,0,0
1,1,62237,0,0,0,0,0,11,0,3,0,0
1,1,62238,0,0,0,0,0,0,0,0,0,0
2,1,62238,0,0,0,0,0,0,0,0,0,0
1,1,62239,3,3,3,3,3,3,3,3,3,3
2,1,62239,0,0,0,0,0,0,0,0,0,0
1,1,62240,16,16,16,16,16,16,16,16,16,16
1,1,62241,17,17,17,17,17,17,17,17,17,17
1,1,62242,6,5,5,7,34,13,9,13,3,7
2,1,62242,0,0,0,0,0,0,0,0,0,0
1,1,62243,24,24,24,24,24,24,24,24,24,24
1,1,62244,22,22,22,22,22,22,22,22,22,22
1,1,62245,0,0,0,0,0,0,0,0,0,0
2,1,62245,0,0,0,0,0,0,0,0,0,0
1,1,62246,0,0,0,0,0,0,0,5,0,0
2,1,62246,0,0,0,0,0,0,0,0,0,0
1,1,62247,0,0,0,0,0,0,0,0,0,0
1,1,62248,0,0,0,0,0,0,0,0,0,0
2,1,62248,33,0,0,0,0,0,0,0,0,0
1,1,62249,0,0,0,0,0,0,0,0,0,0
2,1,62249,0,0,0,0,0,0,0,0,0,0
1,1,62250,1,1,1,1,1,1,1,1,1,1
2,1,62250,15,0,17,0,0,0,0,0,0,0
1,1,62251,7,0,0,0,0,0,0,0,0,0
2,1,62251,0,6,0,0,0,0,0,0,0,0
3,1,62251,0,0,0,0,0,6,0,0,0,0
1,1,62252,0,0,0,0,0,0,0,0,0,0
1,1,62253,20,20,20,20,20,20,20,20,20,20
1,1,62254,0,0,0,0,0,0,0,0,0,0
1,1,62255,9,9,9,9,9,9,9,9,9,9
1,1,62256,27,27,27,27,27,27,27,27,27,27
1,1,62257,23,23,23,23,23,23,23,23,23,23
0,1,62258,22,22,22,22,22,22,22,22,22,22
1,1,62258,0,0,0,0,0,0,0,0,0,14
1,1,62259,0,5,0,0,0,0,0,0,0,0
1,1,62260,0,0,0,0,0,0,0,0,0,0
1,1,62261,0,0,0,0,0,0,0,0,0,0
1,1,62262,0,0,0,0,0,0,0,0,0,0
2,1,62262,0,0,0,0,0,0,0,0,0,0
1,1,62263,0,0,0,0,0,0,0,0,0,0
2,1,62263,0,0,0,0,0,0,0,0,0,0
1,1,62264,0,0,0,0,0,0,0,0,0,0
2,1,62264,24,24,24,24,24,24,24,24,24,24
1,1,62265,0,0,0,0,0,0,0,0,0,0
1,1,62266,0,0,0,0,0,0,0,0,0,0
2,1,62266,0,0,0,0,0,0,0,0,0,0
1,1,62267,0,0,0,0,0,0,0,0,0,6
2,1,62267,0,0,0,0,0,0,0,0,0,0
1,1,62268,0,0,0,0,0,0,0,0,0,0
2,1,62268,0,0,0,0,0,0,0,0,0,0
1,1,62269,0,0,0,0,0,0,0,0,0,0
1,1,62270,6,6,6,6,6,6,6,6,6,6
2,1,62270,0,0,0,0,0,0,0,0,0,0
1,1,62271,24,24,24,24,24,24,24,24,24,24
1,1,62272,0,0,0,0,0,0,0,0,0,0
0,1,62273,0,0,0,0,0,0,0,0,0,0
1,1,62273,0,0,0,0,0,0,0,0,0,0
1,1,62274,0,0,0,0,0,0,0,0,0,0
1,1,62275,0,0,0,0,0,0,0,0,0,0
1,1,62276,16,16,16,16,16,16,16,16,16,16
1,1,62277,0,0,0,0,0,0,0,0,0,0
1,1,62278,17,17,17,17,17,17,17,17,17,17
1,1,62279,0,0,0,0,0,0,0,0,0,0
2,1,62279,0,0,0,0,0,0,0,0,0,0
1,1,62280,0,0,0,0,0,0,0,0,0,0
1,1,62281,0,0,0,0,0,0,0,0,0,0
2,1,62281,0,0,0,0,0,0,0,0,0,0
1,1,62282,0,0,0,0,0,0,0,0,0,0
1,1,62283,0,0,0,0,0,0,0,0,0,0
2,1,62283,0,0,0,0,0,0,0,0,0,0
0,1,62284,0,0,0,0,0,0,0,19,0,0
1,1,62284,0,0,0,0,0,0,0,0,0,0
1,1,62285,15,15,15,15,15,15,15,15,15,15
1,1,62286,0,0,0,0,0,0,0,0,0,0
2,1,62286,0,0,0,0,0,0,0,0,0,0
1,1,62287,0,0,0,0,0,0,0,0,0,0
2,1,62287,0,0,0,0,0,0,0,0,0,0
0,1,62288,0,0,0,0,0,0,0,0,0,0
1,1,62288,0,0,0,0,0,0,0,0,0,0
1,1,62289,9,9,9,9,9,9,9,9,9,9
2,1,62289,0,0,0,0,0,0,0,0,0,0
1,1,62290,3,0,0,0,0,0,0,0,0,0
2,1,62290,0,0,0,0,0,0,0,0,0,0
1,1,62291,0,0,0,0,0,0,0,0,5,0
2,1,62291,0,0,0,0,0,0,0,0,0,0
0,1,62292,38,38,38,38,38,38,38,38,38,38
1,1,62292,0,0,0,0,0,0,0,11,0,0
1,1,62293,15,15,15,15,15,15,15,15,15,15
0,1,62294,24,24,24,24,24,24,24,24,24,24
1,1,62294,0,0,0,23,0,0,0,0,0,0
1,1,62295,0,0,0,0,0,0,0,0,0,0
1,1,62296,0,0,0,0,0,0,0,0,0,0
1,1,62297,0,0,0,0,0,0,0,0,0,0
2,1,62297,0,0,0,0,0,0,0,0,0,0
1,1,62298,0,0,0,0,0,0,0,0,0,0
2,1,62298,0,0,0,0,7,0,0,0,0,0
1,1,62299,0,0,0,0,0,0,0,0,0,0
1,1,62300,0,0,0,0,0,0,0,0,0,0
2,1,62300,0,0,0,0,0,0,0,0,0,6
3,1,62300,0,0,0,0,0,0,0,0,0,0
0,1,62301,0,0,0,0,0,0,0,0,0,0
1,1,62301,0,0,0,0,0,0,0,0,0,0
1,1,62302,0,0,0,0,0,0,0,0,0,0
2,1,62302,0,0,0,0,0,0,0,0,0,0
1,1,62303,0,0,0,0,0,0,0,0,0,0
2,1,62303,0,0,0,0,0,0,0,0,0,0
1,1,62304,0,0,0,0,0,0,0,0,0,0
2,1,62304,0,0,0,0,0,0,0,0,0,0
3,1,62304,0,0,0,0,0,0,0,0,0,0
1,1,62305,6,0,0,0,0,0,0,0,0,0
2,1,62305,0,0,0,0,0,0,0,0,0,0
1,1,62306,12,12,12,12,12,12,12,12,12,12
0,1,62307,0,0,0,0,0,0,0,0,0,0
1,1,62307,0,0,0,0,0,0,0,0,0,0
1,1,62308,0,0,0,0,0,0,0,0,0,0
2,1,62308,0,0,0,0,0,0,0,0,0,0
1,1,62309,0,0,0,0,0,0,0,0,0,0
0,1,62310,0,0,0,0,0,0,0,0,0,0
1,1,62310,0,0,0,0,0,0,0,0,0,0
1,1,62311,9,9,9,9,9,9,9,9,9,9
2,1,62311,16,16,16,16,16,16,16,16,16,16
1,1,62312,20,20,20,20,20,20,20,20,20,20
2,1,62312,0,0,0,0,0,0,0,0,0,0
1,1,62313,15,15,15,15,15,15,15,15,15,15
2,1,62313,0,0,0,0,19,0,0,0,22,7
1,1,62314,0,0,0,0,0,0,0,0,0,0
2,1,62314,12,12,12,12,12,12,12,12,12,12
1,1,62315,10,10,10,10,10,10,10,10,10,10
1,1,62316,12,12,12,12,12,12,12,12,12,12
2,1,62316,0,0,0,0,0,0,0,0,0,0
3,1,62316,0,0,0,12,0,0,0,0,0,0
1,1,62317,12,12,12,12,12,12,12,12,12,12
1,1,62318,0,0,0,0,0,0,0,0,0,0
1,1,62319,10,10,10,10,10,10,10,10,10,10
1,1,62320,5,5,5,5,5,5,5,5,5,5
1,1,62321,13,13,13,13,13,13,13,13,13,13
0,1,62322,0,0,0,0,0,0,0,0,0,0
1,1,62322,26,26,26,26,26,26,26,26,26,26
0,1,62323,20,20,20,20,20,20,20,20,20,20
1,1,62323,0,0,0,0,0,0,0,0,4,0
1,1,62324,0,0,0,0,0,0,0,0,0,0
1,1,62325,0,0,0,0,0,0,0,0,0,0
1,1,62326,0,0,0,0,0,0,0,0,0,0
2,1,62326,0,0,0,0,0,0,0,0,0,0
1,1,62327,19,19,19,19,19,19,19,19,19,19
1,1,62328,2,2,2,2,2,2,2,2,2,2
1,1,62329,0,0,0,0,0,0,0,0,0,0
2,1,62329,0,0,0,0,0,0,0,0,0,0
3,1,62329,0,0,0,0,0,0,0,0,0,0
0,1,62330,10,10,10,10,10,10,10,10,10,10
1,1,62330,19,9,9,17,0,15,22,12,10,12
1,1,62331,0,0,0,0,0,11,0,0,0,0
1,1,62332,0,0,0,0,0,0,0,0,0,0
1,1,62333,0,0,0,0,0,0,0,0,0,0
1,1,62334,23,23,23,23,23,23,23,23,23,23
1,1,62335,0,0,0,0,0,0,0,0,0,0
1,1,62336,0,0,0,0,0,0,0,0,0,0
1,1,62337,0,0,0,0,0,0,0,0,0,0
2,1,62337,0,0,0,0,0,0,0,0,0,0
1,1,62338,33,33,33,33,33,33,33,33,33,33
1,1,62339,0,0,0,0,0,0,0,0,0,0
2,1,62339,3,0,0,0,0,0,0,0,0,15
1,1,62340,0,0,0,0,0,0,13,0,0,0
2,1,62340,0,0,0,0,0,0,0,0,0,0
3,1,62340,0,0,0,0,0,0,0,0,0,0
4,1,62340,0,0,0,0,0,0,0,0,0,0
1,1,62341,0,0,0,0,0,0,0,0,0,0
1,1,62342,0,0,0,0,0,0,0,0,0,0
2,1,62342,0,0,0,0,0,0,0,0,0,0
0,1,62343,0,0,0,0,0,0,0,0,0,0
1,1,62343,0,0,0,0,0,0,0,0,0,0
1,1,62344,24,24,24,24,24,24,24,24,24,24
1,1,62345,18,18,18,18,18,18,18,18,18,18
2,1,62345,0,0,0,0,0,0,0,0,0,0
0,1,62346,25,25,25,25,25,25,25,25,25,25
1,1,62346,20,8,17,21,13,14,13,11,12,13
0,1,62347,0,0,0,0,0,0,0,0,0,0
1,1,62347,0,0,0,0,0,0,0,0,0,0
1,1,62348,21,21,21,21,21,21,21,21,21,21
1,1,62349,6,0,0,0,3,0,0,0,0,17
0,1,62350,21,21,21,21,21,21,21,21,21,21
1,1,62350,0,0,0,0,0,0,0,0,0,0
1,1,62351,16,16,16,16,16,16,16,16,16,16
1,1,62352,0,0,0,0,0,0,0,0,0,0
2,1,62352,0,0,0,0,0,0,0,0,0,0
1,1,62353,0,0,0,0,0,13,0,0,0,0
2,1,62353,0,0,0,0,0,0,0,0,0,0
1,1,62354,21,21,21,21,21,21,21,21,21,21
0,1,62355,0,0,0,0,0,0,0,0,0,0
1,1,62355,0,0,0,0,0,0,0,0,0,0
1,1,62356,0,0,0,0,0,0,0,0,0,0
2,1,62356,23,23,23,23,23,23,23,23,23,23
0,1,62357,0,0,0,0,0,0,0,0,0,0
1,1,62357,0,0,0,0,0,0,0,0,0,0
0,1,62358,3,3,3,3,3,3,3,3,3,3
1,1,62358,0,0,0,0,0,0,0,0,0,0
1,1,62359,10,10,10,10,10,10,10,10,10,10
1,1,62360,0,0,0,0,0,0,0,0,0,0
1,1,62361,0,0,0,0,0,0,0,0,0,0
0,1,62362,4,4,4,4,4,4,4,4,4,4
1,1,62362,0,0,0,0,0,0,0,0,0,0
1,1,62363,0,0,0,0,0,0,0,0,0,0
1,1,62364,0,0,0,0,0,0,0,0,0,0
1,1,62365,25,25,25,25,25,25,25,25,25,25
1,1,62366,0,0,0,0,0,0,0,0,0,0
2,1,62366,0,0,0,0,0,0,0,0,0,0
3,1,62366,0,0,12,0,0,4,0,0,14,9
1,1,62367,0,0,0,0,0,0,0,0,0,0
0,1,62368,0,0,0,0,0,0,0,0,0,0
1,1,62368,0,0,0,0,0,0,0,0,0,0
1,1,62369,0,0,0,0,0,0,0,0,0,0
1,1,62370,0,0,0,0,0,0,0,0,0,0
2,1,62370,0,0,0,0,0,0,0,0,0,0
1,1,62371,0,0,0,0,0,0,0,0,0,0
1,1,62372,0,0,0,0,0,0,0,0,0,0
1,1,62373,0,0,0,0,0,0,0,0,0,0
2,1,62373,0,0,0,0,0,0,0,0,0,0
1,1,62374,0,0,0,0,0,0,0,0,0,0
1,1,62375,0,0,0,0,0,0,0,0,0,0
2,1,62375,0,0,0,0,0,0,0,0,0,0
1,1,62376,0,0,0,0,0,0,0,0,0,0
2,1,62376,0,0,0,0,0,0,0,0,0,0
1,1,62377,6,0,6,4,0,3,2,6,2,10
2,1,62377,0,0,0,0,0,0,0,0,0,0
1,1,62378,0,0,0,0,0,0,0,0,0,0
2,1,62378,0,0,0,0,0,0,0,0,0,0
3,1,62378,0,0,0,0,0,0,0,0,0,0
1,1,62379,12,12,12,12,12,12,12,12,12,12
1,1,62380,20,20,20,20,20,20,20,20,20,20
1,1,62381,18,0,9,8,17,7,9,0,4,19
1,1,62382,0,0,0,0,0,0,0,0,0,0
2,1,62382,27,27,27,27,27,27,27,27,27,27
0,1,62383,42,42,42,42,42,42,42,42,42,42
1,1,62383,0,0,0,0,0,0,0,0,0,0
1,1,62384,18,18,18,18,18,18,18,18,18,18
2,1,62384,0,0,0,0,0,0,0,0,0,0
3,1,62384,0,0,0,0,0,0,0,22,0,0
1,1,62385,0,0,0,0,0,0,0,0,0,0
2,1,62385,0,0,0,0,0,0,0,0,0,0
1,1,62386,0,0,0,0,0,0,0,0,0,0
2,1,62386,0,0,0,0,0,0,0,0,0,0
1,1,62387,0,0,0,0,0,0,9,0,0,0
2,1,62387,0,0,0,0,0,0,0,0,0,0
1,1,62388,0,0,0,0,0,0,0,0,0,0
1,1,62389,0,0,0,0,18,8,0,10,0,0
1,1,62390,0,0,0,0,0,0,0,0,0,0
2,1,62390,0,0,0,0,0,0,0,0,0,0
0,1,62391,0,0,0,0,0,0,0,0,0,0
0,2,62391,0,0,0,0,0,0,0,0,0,0
1,1,62391,0,0,0,0,0,0,15,0,0,0
0,1,62392,0,0,0,0,0,0,0,0,0,0
1,1,62392,0,0,0,0,0,0,0,0,0,0
0,1,62393,21,21,21,21,21,21,21,21,21,21
1,1,62393,0,0,0,0,0,0,0,0,0,0
0,1,62394,0,0,0,0,0,0,0,0,0,0
1,1,62394,0,0,0,0,0,0,0,0,0,0
1,1,62395,22,15,6,22,16,7,25,30,11,16
2,1,62395,11,11,0,0,0,0,0,0,0,0
1,1,62396,8,8,8,8,8,8,8,8,8,8
1,1,62397,23,23,23,23,23,23,23,23,23,23
0,1,62398,0,0,0,0,0,0,0,0,0,0
1,1,62398,0,0,0,0,0,0,0,12,0,0
1,1,62399,11,11,11,11,11,11,11,11,11,11
1,1,62400,5,5,5,5,5,5,5,5,5,5
1,1,62401,0,0,0,0,0,0,0,0,0,0
1,1,62402,0,0,0,0,0,0,0,0,0,0
2,1,62402,0,0,0,0,0,0,0,0,0,0
0,1,62403,0,0,0,0,0,0,0,0,0,0
1,1,62403,0,0,0,0,0,0,0,0,0,0
2,1,62403,0,0,0,0,0,9,0,0,0,0
3,1,62403,0,0,0,0,0,0,0,0,0,0
0,1,62404,0,0,0,0,0,0,0,0,0,0
1,1,62404,0,0,0,0,0,0,0,0,0,0
1,1,62405,0,0,0,0,0,0,0,0,5,0
2,1,62405,0,0,0,0,0,0,0,0,0,0
1,1,62406,0,0,0,0,0,0,0,0,0,0
1,1,62407,0,0,0,0,0,0,0,0,0,0
2,1,62407,0,0,0,0,0,0,0,0,0,0
1,1,62408,6,6,6,6,6,6,6,6,6,6
1,1,62409,0,0,0,0,0,0,0,6,0,0
2,1,62409,0,0,0,0,0,0,0,0,0,10
2,1,62410,0,0,0,0,0,0,0,0,0,0
1,1,62411,10,10,10,10,10,10,10,10,10,10
1,1,62412,0,0,0,0,0,0,0,0,0,0
2,1,62412,0,0,0,0,0,0,0,0,0,0
1,1,62413,12,12,12,12,12,12,12,12,12,12
1,1,62414,0,0,0,0,0,0,0,0,0,0
2,1,62414,0,0,0,0,0,0,0,0,0,0
1,1,62415,0,0,0,0,0,0,0,0,0,0
0,1,62416,0,0,0,0,0,0,0,0,0,0
1,1,62416,0,0,0,0,0,0,0,0,0,0
1,1,62417,0,0,0,0,0,0,0,0,0,0
1,1,62418,0,0,0,0,0,0,0,0,0,0
2,1,62418,0,0,0,0,0,13,0,0,0,0
1,1,62419,0,13,0,11,0,0,0,0,0,0
2,1,62419,0,0,0,0,0,0,0,0,0,0
3,1,62419,0,0,0,0,0,0,0,0,0,0
4,1,62419,0,0,0,0,0,0,0,0,0,0
1,1,62420,0,0,0,0,0,0,0,0,0,0
2,1,62420,0,0,0,0,18,0,9,0,0,0
1,1,62421,0,0,0,0,0,0,0,0,0,0
0,1,62422,0,0,0,0,0,0,0,0,0,0
1,1,62422,0,0,0,0,0,0,0,0,0,0
0,1,62423,0,0,0,0,0,0,0,0,0,0
1,1,62423,0,0,0,0,0,0,0,0,0,0
1,1,62424,0,0,0,0,0,0,0,0,0,0
1,1,62425,0,0,0,2,0,0,0,0,0,0
2,1,62425,6,6,6,6,6,6,6,6,6,6
1,1,62426,15,15,15,15,15,15,15,15,15,15
2,1,62426,18,18,18,18,18,18,18,18,18,18
1,1,62427,0,0,0,0,0,0,0,0,0,0
1,1,62428,0,0,0,0,0,0,0,0,0,0
1,1,62429,27,27,27,27,27,27,27,27,27,27
1,1,62430,22,22,22,22,22,22,22,22,22,22
2,1,62430,0,0,0,0,0,0,0,0,0,0
1,1,62431,0,0,0,0,0,0,0,0,0,0
1,1,62432,8,8,8,8,8,8,8,8,8,8
1,1,62433,26,26,26,26,26,26,26,26,26,26
1,1,62434,5,5,5,5,5,5,5,5,5,5
0,1,62435,21,21,21,21,21,21,21,21,21,21
1,1,62435,20,13,11,3,7,18,8,27,20,2
1,1,62436,0,0,0,0,0,0,0,0,0,0
1,1,62437,0,0,0,0,0,0,0,0,0,0
2,1,62437,0,0,0,0,0,0,0,0,0,0
0,1,62438,15,13,1,29,7,25,6,20,30,0
1,1,62438,0,0,0,0,0,0,0,0,0,0
1,1,62439,0,0,0,0,0,0,0,0,0,0
0,1,62440,0,0,0,0,0,0,0,0,0,0
1,1,62440,0,0,0,0,0,0,0,0,0,0
1,1,62441,0,0,0,0,0,0,0,0,0,0
2,1,62441,0,0,0,0,0,0,0,0,0,0
1,1,62442,22,22,22,22,22,22,22,22,22,22
1,1,62443,7,7,7,7,7,7,7,7,7,7
1,1,62444,0,0,0,0,0,0,0,0,0,0
1,1,62445,18,18,18,18,18,18,18,18,18,18
0,1,62446,0,0,0,0,0,0,0,0,0,0
1,1,62446,0,0,0,0,0,0,0,0,0,0
1,1,62447,0,0,0,0,0,0,0,0,0,0
0,1,62448,0,30,0,0,0,18,0,0,0,0
1,1,62448,7,7,7,7,7,7,7,7,7,7
0,1,62449,17,17,17,17,17,17,17,17,17,17
1,1,62449,8,15,24,13,14,9,14,13,6,12
0,1,62450,0,0,0,0,0,0,0,0,0,0
1,1,62450,10,0,0,0,0,0,0,0,0,0
0,1,62451,27,27,27,27,27,27,27,27,27,27
1,1,62451,0,0,0,0,0,0,5,0,0,0
0,1,62452,0,0,0,0,0,0,0,0,0,0
1,1,62452,0,17,0,0,0,23,12,16,13,5
0,1,62453,22,22,22,22,22,22,22,22,22,22
1,1,62453,13,0,17,3,15,14,32,8,27,23
0,1,62454,25,25,25,25,25,25,25,25,25,25
1,1,62454,0,0,0,0,0,0,0,16,0,0
0,1,62455,0,0,0,0,31,14,35,19,0,0
1,1,62455,17,20,6,15,6,11,10,9,17,12
0,1,62456,29,29,29,29,29,29,29,29,29,29
1,1,62456,0,0,0,0,0,0,0,0,0,0
0,1,62457,0,0,0,0,0,0,0,0,0,0
1,1,62457,0,0,0,0,0,0,0,0,0,0
0,1,62458,0,0,0,0,0,0,0,0,0,0
1,1,62458,0,0,6,0,0,0,0,0,0,0
1,1,62459,0,0,0,11,0,0,0,0,0,0
1,1,62460,19,19,19,19,19,19,19,19,19,19
1,1,62461,0,0,0,0,0,0,0,0,0,0
0,1,62462,4,4,4,4,4,4,4,4,4,4
0,2,62462,0,0,0,0,0,0,0,0,0,0
1,1,62462,0,0,0,0,0,0,0,9,0,0
1,1,62463,30,0,16,10,13,11,11,30,16,24
1,1,62464,0,0,0,0,0,0,0,0,0,0
0,1,62465,0,0,0,0,0,0,0,0,0,0
1,1,62465,0,0,0,0,0,0,0,0,0,0
1,1,62466,0,0,0,0,0,0,0,0,0,0
0,1,62467,0,0,16,14,24,31,26,19,0,0
1,1,62467,0,0,0,0,0,15,0,0,10,0
0,1,62468,0,0,0,0,0,0,0,0,0,0
1,1,62468,0,0,0,0,0,0,0,0,0,0
1,1,62469,0,0,0,0,0,0,0,0,0,0
1,1,62470,0,0,0,0,0,0,0,0,0,0
0,1,62471,25,25,25,25,25,25,25,25,25,25
1,1,62471,0,0,0,0,0,0,0,0,0,0
0,1,62472,0,0,0,0,0,0,0,0,0,0
1,1,62472,0,0,0,0,0,0,0,0,0,0
0,1,62473,0,0,0,0,0,0,0,0,0,0
1,1,62473,0,0,0,0,0,0,0,0,0,0
1,1,62474,0,0,0,0,0,0,0,0,0,0
1,1,62475,14,14,14,14,14,14,14,14,14,14
1,1,62476,14,14,14,14,14,14,14,14,14,14
0,1,62477,0,0,0,0,0,0,0,0,0,14
1,1,62477,0,0,0,0,0,0,0,0,0,0
0,1,62478,0,0,0,0,0,0,0,0,0,0
1,1,62478,0,0,0,0,0,0,0,0,0,0
1,1,62479,21,21,21,21,21,21,21,21,21,21
1,1,62480,4,4,4,4,4,4,4,4,4,4
0,1,62481,0,0,0,0,0,0,0,0,0,0
1,1,62481,8,0,15,16,8,0,6,24,21,26
0,1,62482,0,0,0,0,0,0,0,0,0,0
1,1,62482,0,0,0,0,0,0,0,0,0,18
1,1,62483,17,17,17,17,17,17,17,17,17,17
2,1,62483,0,7,0,0,0,0,0,0,13,0
1,1,62484,0,0,0,0,0,0,0,0,0,0
2,1,62484,0,0,0,0,0,0,0,0,0,0
3,1,62484,0,0,0,0,0,0,0,0,0,0
4,1,62484,0,0,0,0,0,0,0,0,0,0
1,1,62485,0,0,0,0,0,0,0,0,0,0
2,1,62485,0,0,0,0,0,0,0,0,0,0
1,1,62486,0,0,0,0,0,0,0,0,0,0
2,1,62486,0,0,0,0,0,0,0,0,0,0
3,1,62486,0,0,0,0,0,0,0,0,0,0
1,1,62487,0,0,0,0,0,0,0,0,0,0
1,1,62488,0,0,0,0,0,0,0,0,0,0
2,1,62488,0,0,0,0,0,0,0,0,0,0
1,1,62489,20,20,20,20,20,20,20,20,20,20
2,1,62489,0,0,0,0,0,0,0,0,0,0
1,1,62490,1,1,1,1,1,1,1,1,1,1
2,1,62490,0,0,0,0,0,0,0,0,0,0
0,1,62491,0,0,0,0,0,0,0,0,0,0
1,1,62491,0,0,0,0,0,0,0,0,0,0
1,1,62492,7,7,7,7,7,7,7,7,7,7
0,1,62493,10,10,10,10,10,10,10,10,10,10
1,1,62493,0,0,0,0,0,0,0,0,0,0
0,1,62494,0,0,0,0,0,0,0,0,0,0
1,1,62494,0,0,0,0,0,0,0,0,0,0
1,1,62495,0,0,0,0,0,0,0,0,0,0
1,1,62496,16,16,16,16,16,16,16,16,16,16
1,1,62497,0,0,0,0,0,0,0,0,0,0
1,1,62498,0,0,0,0,0,0,0,0,0,0