VEH_NO,PER_NO,ST_CASE,P1,P2,P3,P4,P5,P6,P7,P8,P9,P10
1,1,62499,0,0,0,0,0,0,0,0,0,0
0,1,62500,0,0,0,0,0,0,0,0,0,0
1,1,62500,0,0,0,0,0,0,0,0,0,0
0,1,62501,0,0,0,0,0,0,0,0,0,0
1,1,62501,0,0,0,0,0,0,0,0,0,0
1,1,62502,0,0,0,0,0,0,0,0,0,0
0,1,62503,0,0,0,0,0,0,0,0,0,0
1,1,62503,0,0,0,0,0,0,0,0,0,0
1,1,62504,0,0,0,13,0,0,0,0,0,26
0,1,62505,0,0,0,0,0,0,0,0,0,0
1,1,62505,0,0,0,0,0,0,0,0,0,0
1,1,62506,4,4,4,4,4,4,4,4,4,4
0,1,62507,0,0,0,0,0,0,0,0,0,0
1,1,62507,3,3,3,3,3,3,3,3,3,3
1,1,62508,0,0,0,0,0,0,0,0,0,0
1,1,62509,0,0,0,0,0,0,0,0,0,0
1,1,62510,28,28,28,28,28,28,28,28,28,28
1,1,62511,28,28,28,28,28,28,28,28,28,28
1,1,62512,0,0,0,0,0,0,0,0,0,0
0,1,62513,0,0,0,0,0,0,0,0,0,0
0,2,62513,33,0,0,0,0,0,18,12,0,0
1,1,62513,0,0,0,0,0,0,0,0,0,0
1,1,62514,18,18,18,18,18,18,18,18,18,18
1,1,62515,4,4,4,4,4,4,4,4,4,4
1,1,62516,0,0,0,0,0,0,0,0,0,0
1,1,62517,21,21,21,21,21,21,21,21,21,21
1,1,62518,34,34,34,34,34,34,34,34,34,34
1,1,62519,0,0,0,0,0,0,0,0,0,0
0,1,62520,0,0,0,0,0,0,0,0,0,0
1,1,62520,0,0,0,0,0,0,0,0,0,0
0,1,62521,0,0,0,0,0,0,0,0,0,0
1,1,62521,0,0,12,0,0,0,7,12,0,8
0,1,62522,0,0,0,0,0,0,0,0,0,0
1,1,62522,0,0,0,0,0,0,0,0,0,0
1,1,62523,0,0,0,0,0,0,0,0,0,0
0,1,62524,26,26,26,26,26,26,26,26,26,26
1,1,62524,11,5,14,0,0,0,0,0,0,0
1,1,62525,24,24,24,24,24,24,24,24,24,24
1,1,62526,36,36,36,36,36,36,36,36,36,36
1,1,62527,22,22,22,22,22,22,22,22,22,22
1,1,62528,0,0,0,0,0,0,0,0,0,0
1,1,62529,22,22,22,22,22,22,22,22,22,22
1,1,62530,0,0,0,0,0,0,0,0,0,0
1,1,62531,0,0,0,0,0,0,0,0,0,0
1,1,62532,0,0,0,0,0,0,0,0,0,0
0,1,62533,0,0,0,0,0,0,0,0,0,0
1,1,62533,0,10,0,0,0,0,0,0,0,0
0,1,62534,0,0,0,0,0,0,0,0,0,0
1,1,62534,0,0,0,0,0,0,0,0,0,0
1,1,62535,0,0,0,0,0,0,0,0,0,0
1,1,62536,15,15,15,15,15,15,15,15,15,15
1,1,62537,0,0,0,0,0,0,0,0,0,0
0,1,62538,0,0,0,0,0,0,0,0,0,0
1,1,62538,0,5,0,0,0,0,0,0,3,0
1,1,62539,14,14,14,14,14,14,14,14,14,14
1,1,62540,0,0,0,0,0,0,0,0,0,0
1,1,62541,22,22,22,22,22,22,22,22,22,22
1,1,62542,18,18,18,18,18,18,18,18,18,18
1,1,62543,0,0,0,0,0,0,0,0,0,0
0,1,62544,31,31,31,31,31,31,31,31,31,31
1,1,62544,0,0,0,0,0,0,0,0,0,0
1,1,62545,12,12,12,12,12,12,12,12,12,12
1,1,62546,0,0,0,0,0,17,0,0,21,13
1,1,62547,19,19,19,19,19,19,19,19,19,19
1,1,62548,0,0,0,0,0,0,0,0,0,0
1,1,62549,15,15,15,15,15,15,15,15,15,15
1,1,62550,0,0,0,0,0,0,10,0,0,0
2,1,62550,7,0,0,0,0,0,0,0,0,0
1,1,62551,0,0,0,0,0,0,0,0,0,0
2,1,62551,29,33,15,19,14,4,19,8,17,14
1,1,62552,0,0,0,0,0,0,0,0,0,0
2,1,62552,0,0,0,0,0,0,0,0,0,0
1,1,62553,9,9,9,9,9,9,9,9,9,9
2,1,62553,0,0,0,0,0,0,0,0,0,0
1,1,62554,18,18,18,18,18,18,18,18,18,18
1,1,62555,0,0,0,0,0,0,0,0,0,0
2,1,62555,0,0,0,0,0,0,0,0,0,0
1,1,62556,0,0,0,0,0,0,0,0,0,0
1,1,62557,0,0,0,0,0,0,0,0,0,0
2,1,62557,0,0,0,0,0,0,0,0,0,20
1,1,62558,0,8,0,0,0,0,0,8,0,0
0,1,62559,0,0,0,0,0,0,0,10,0,0
1,1,62559,0,0,0,0,0,0,0,0,0,0
1,1,62560,17,17,17,17,17,17,17,17,17,17
2,1,62560,0,0,0,0,0,0,0,22,0,0
1,1,62561,0,0,0,0,0,0,0,0,0,0
2,1,62561,0,0,0,0,0,0,0,0,0,0
1,1,62562,0,0,0,0,0,0,0,0,0,0
1,1,62563,28,28,28,28,28,28,28,28,28,28
1,1,62564,0,0,0,0,0,0,0,0,0,0
2,1,62564,0,0,0,0,0,0,0,0,0,0
3,1,62564,0,0,0,0,0,0,0,0,0,0
1,1,62565,12,12,12,12,12,12,12,12,12,12
1,1,62566,15,15,15,15,15,15,15,15,15,15
2,1,62566,0,0,0,0,0,0,0,4,0,8
3,1,62566,0,0,0,0,0,6,0,0,0,0
4,1,62566,0,0,0,12,0,0,0,0,0,0
1,1,62567,12,12,12,12,12,12,12,12,12,12
1,1,62568,0,0,0,0,0,0,0,0,0,0
2,1,62568,0,0,0,0,0,0,0,0,0,0
1,1,62569,0,0,0,0,0,0,0,0,0,0
2,1,62569,0,0,0,0,0,0,0,0,0,0
1,1,62570,7,7,7,7,7,7,7,7,7,7
2,1,62570,0,0,0,0,0,0,0,0,0,0
1,1,62571,0,0,0,0,0,0,0,0,0,0
2,1,62571,0,0,0,0,0,0,0,3,13,0
1,1,62572,6,7,0,21,10,12,12,26,14,0
2,1,62572,19,19,19,19,19,19,19,19,19,19
3,1,62572,0,0,0,0,0,0,0,0,0,0
4,1,62572,0,0,0,0,0,0,0,0,0,0
5,1,62572,0,0,0,0,0,0,0,0,0,0
6,1,62572,0,0,0,0,0,0,0,0,0,0
7,1,62572,0,0,0,21,0,13,0,0,0,0
1,1,62573,0,0,0,0,0,0,0,0,0,0
2,1,62573,0,0,0,0,0,0,0,0,0,0
1,1,62574,0,0,0,0,0,0,0,0,0,0
2,1,62574,0,0,0,0,0,0,0,0,0,0
1,1,62575,0,0,0,0,0,0,0,0,0,0
2,1,62575,0,0,0,0,0,0,0,0,0,0
1,1,62576,22,22,22,22,22,22,22,22,22,22
2,1,62576,0,0,0,0,0,0,0,0,0,0
3,1,62576,0,0,0,0,0,0,0,0,0,0
4,1,62576,0,0,0,0,0,0,0,0,0,0
0,1,62577,0,33,30,0,28,34,10,0,15,0
0,2,62577,0,0,0,0,0,0,0,0,0,0
1,1,62577,0,0,0,0,0,0,0,0,0,0
2,1,62577,0,0,0,0,0,0,0,0,0,0
1,1,62578,0,0,0,0,0,0,0,0,0,0
2,1,62578,0,7,0,0,0,0,0,0,0,0
3,1,62578,0,0,0,18,0,9,0,0,0,0
4,1,62578,0,0,0,0,0,0,0,0,0,0
1,1,62579,0,0,0,0,0,0,0,0,0,0
2,1,62579,0,0,0,0,0,0,0,0,0,0
1,1,62580,0,0,0,0,0,0,0,0,0,0
2,1,62580,0,0,0,11,0,0,0,0,0,0
3,1,62580,0,0,0,0,0,0,0,0,0,0
1,1,62581,0,0,0,0,0,0,0,0,0,0
1,1,62582,10,10,10,10,10,10,10,10,10,10
1,1,62583,0,0,0,0,0,0,0,0,0,0
1,1,62584,0,0,4,0,0,0,0,0,0,0
2,1,62584,0,0,0,16,0,0,18,14,7,0
1,1,62585,0,0,0,0,0,0,0,0,0,0
2,1,62585,0,0,0,0,0,0,0,0,0,0
3,1,62585,0,0,0,0,0,0,0,0,0,0
1,1,62586,0,0,0,0,0,0,0,0,0,0
2,1,62586,0,0,0,0,0,7,12,6,0,0
3,1,62586,0,0,0,0,0,0,0,0,0,0
1,1,62587,0,0,0,0,0,0,0,0,0,0
2,1,62587,0,0,0,0,0,0,0,0,0,0
3,1,62587,0,0,0,0,0,0,0,0,0,0
1,1,62588,15,15,15,15,15,15,15,15,15,15
2,1,62588,0,19,0,0,0,0,11,0,0,0
1,1,62589,16,16,16,16,16,16,16,16,16,16
2,1,62589,0,0,0,0,0,0,0,0,0,13
3,1,62589,0,0,0,0,12,0,0,0,0,0
1,1,62590,15,15,15,15,15,15,15,15,15,15
2,1,62590,0,0,0,0,0,0,0,0,0,0
1,1,62591,0,0,0,0,0,0,0,0,0,0
2,1,62591,9,9,9,9,9,9,9,9,9,9
0,1,62592,0,0,0,0,0,0,0,0,0,0
1,1,62592,0,0,0,0,0,0,0,0,0,0
2,1,62592,0,0,0,0,0,0,0,0,0,0
1,1,62593,0,0,0,0,0,0,0,0,0,0
2,1,62593,0,0,0,0,0,0,0,0,0,0
1,1,62594,0,0,0,0,0,0,0,0,0,0
2,1,62594,0,0,0,0,0,0,0,0,0,0
1,1,62595,0,0,0,0,0,0,0,0,0,0
2,1,62595,0,0,0,0,0,0,0,0,0,0
1,1,62596,0,0,0,0,0,0,0,0,0,0
2,1,62596,0,0,0,0,0,0,0,0,0,0
3,1,62596,0,0,0,0,0,0,0,0,0,0
1,1,62597,0,0,0,0,0,0,0,0,0,0
2,1,62597,0,0,0,0,0,0,0,0,0,0
1,1,62598,0,0,0,0,0,0,0,0,0,0
2,1,62598,0,0,0,0,0,0,0,0,0,0
3,1,62598,0,0,0,0,0,0,0,0,0,0
4,1,62598,0,0,0,0,0,0,0,0,0,0
1,1,62599,0,0,0,0,0,0,0,0,0,0
2,1,62599,0,0,0,0,0,0,0,0,0,0
1,1,62600,11,11,11,11,11,11,11,11,11,11
1,1,62601,16,16,16,16,16,16,16,16,16,16
1,1,62602,0,0,0,0,0,0,0,0,0,0
2,1,62602,0,0,0,0,0,0,0,0,0,0
1,1,62603,31,31,31,31,31,31,31,31,31,31
2,1,62603,0,0,0,0,0,0,0,0,7,0
3,1,62603,0,0,0,0,0,0,0,0,0,0
1,1,62604,0,0,0,0,0,0,0,0,0,0
2,1,62604,0,0,0,0,0,0,0,0,0,0
1,1,62605,0,0,0,0,0,0,0,0,0,0
2,1,62605,0,0,0,0,0,0,0,0,0,0
1,1,62606,0,0,0,0,0,0,0,0,0,0
2,1,62606,0,0,0,0,0,0,0,0,0,0
1,1,62607,20,20,20,20,20,20,20,20,20,20
2,1,62607,0,0,0,0,0,0,0,0,0,0
1,1,62608,21,21,21,21,21,21,21,21,21,21
1,1,62609,28,28,28,28,28,28,28,28,28,28
2,1,62609,0,0,0,0,0,0,0,0,0,0
0,1,62610,10,0,0,12,0,0,6,0,0,0
1,1,62610,0,0,0,5,0,0,0,0,7,0
1,1,62611,0,6,0,0,0,0,0,0,0,0
2,1,62611,16,16,16,16,16,16,16,16,16,16
1,1,62612,21,21,21,21,21,21,21,21,21,21
1,1,62613,0,0,0,0,0,0,0,0,0,0
1,1,62614,0,0,0,0,0,0,0,0,0,0
2,1,62614,0,0,0,0,0,0,0,0,0,0
0,1,62615,0,0,0,0,0,0,0,0,0,0
1,1,62615,0,0,0,0,0,0,0,0,0,0
1,1,62616,19,19,19,19,19,19,19,19,19,19
1,1,62617,5,5,5,5,5,5,5,5,5,5
1,1,62618,0,0,0,0,0,0,0,0,0,0
0,1,62619,0,0,0,0,0,0,0,0,0,0
1,1,62619,0,0,0,0,0,0,0,0,0,0
1,1,62620,0,0,0,0,0,0,0,0,0,0
2,1,62620,0,0,0,0,0,0,0,0,0,0
1,1,62621,0,0,0,0,0,0,0,0,0,0
2,1,62621,0,0,0,0,0,0,0,0,0,0
0,1,62622,0,0,0,0,0,0,0,0,0,0
1,1,62622,0,0,0,0,0,0,0,0,0,0
0,1,62623,0,0,0,0,0,0,0,0,0,0
1,1,62623,0,0,0,0,0,0,0,0,0,0
1,1,62624,20,20,20,20,20,20,20,20,20,20
1,1,62625,0,0,0,0,0,0,0,0,0,0
0,1,62626,0,0,0,0,0,0,0,0,0,0
1,1,62626,0,0,0,0,0,0,0,0,0,0
1,1,62627,10,10,10,10,10,10,10,10,10,10
2,1,62627,0,0,0,0,0,0,0,0,0,0
0,1,62628,0,0,0,0,0,0,0,0,0,0
0,2,62628,0,0,9,0,0,0,0,0,0,0
0,3,62628,0,0,0,0,0,0,0,0,0,0
1,1,62628,0,0,0,0,0,0,0,0,0,0
2,1,62628,0,0,8,0,0,0,0,12,0,0
1,1,62629,6,6,6,6,6,6,6,6,6,6
1,1,62630,0,0,0,0,0,0,0,0,0,0
2,1,62630,0,0,0,0,0,0,0,0,0,0
3,1,62630,0,0,0,0,0,0,0,0,0,0
1,1,62631,0,0,0,0,0,0,0,0,0,0
2,1,62631,0,0,0,0,0,0,0,0,0,0
1,1,62632,0,0,0,0,0,0,0,0,0,0
2,1,62632,0,0,0,0,0,0,0,0,0,0
3,1,62632,0,0,0,0,9,0,0,0,0,0
1,1,62633,0,0,0,0,0,0,0,0,0,0
1,1,62634,0,0,0,0,0,0,0,0,0,0
2,1,62634,0,0,0,0,0,0,0,0,0,0
1,1,62635,27,27,27,27,27,27,27,27,27,27
2,1,62635,0,0,0,0,0,0,0,0,0,0
1,1,62636,23,23,23,23,23,23,23,23,23,23
1,1,62637,11,11,11,11,11,11,11,11,11,11
1,1,62638,0,0,0,0,0,0,0,0,0,0
2,1,62638,0,0,0,0,0,0,0,0,0,0
1,1,62639,0,0,0,0,0,0,0,0,0,0
1,1,62640,0,0,0,0,0,0,0,0,0,0
2,1,62640,0,0,0,0,0,0,0,0,0,0
1,1,62641,0,0,0,0,0,0,0,0,0,0
1,1,62642,0,0,0,0,0,0,0,0,0,0
0,1,62643,0,0,0,0,0,0,0,0,0,0
1,1,62643,0,0,5,9,0,0,0,0,0,0
1,1,62644,0,0,0,0,0,0,0,0,0,0
1,1,62645,0,0,0,0,0,0,0,0,0,0
1,1,62646,0,0,0,0,0,0,0,0,0,0
2,1,62646,0,0,0,0,0,0,0,0,0,0
1,1,62647,0,0,0,0,0,0,0,0,0,0
1,1,62648,11,11,11,11,11,11,11,11,11,11
1,1,62649,0,0,0,0,0,0,0,0,0,0
1,1,62650,0,0,0,0,0,0,0,12,0,0
0,1,62651,0,0,0,0,0,0,0,0,0,0
1,1,62651,0,0,0,0,0,0,0,0,0,0
1,1,62652,0,0,0,0,0,0,0,0,0,0
2,1,62652,5,0,0,0,0,0,0,0,0,0
3,1,62652,0,0,0,0,0,0,0,0,0,0
1,1,62653,18,18,18,18,18,18,18,18,18,18
0,1,62654,0,0,0,0,0,0,0,0,0,0
1,1,62654,0,0,6,0,0,4,0,0,0,1
3,1,62654,0,0,0,0,0,0,0,0,0,0
4,1,62654,0,0,0,0,0,0,0,0,0,0
1,1,62655,0,0,0,0,0,0,0,0,0,0
1,1,62656,17,17,17,17,17,17,17,17,17,17
1,1,62657,0,0,0,0,0,0,0,0,0,0
1,1,62658,24,24,24,24,24,24,24,24,24,24
2,1,62658,18,0,15,17,10,0,0,0,9,9
1,1,62659,0,0,13,7,0,4,0,0,0,0
1,1,62660,0,0,0,0,0,0,0,0,0,0
1,1,62661,19,19,19,19,19,19,19,19,19,19
1,1,62662,0,0,14,0,0,0,15,0,9,0
1,1,62663,20,20,20,20,20,20,20,20,20,20
1,1,62664,20,20,20,20,20,20,20,20,20,20
1,1,62665,17,17,17,17,17,17,17,17,17,17
1,1,62666,0,0,0,0,0,0,0,0,0,0
1,1,62667,0,0,0,0,0,0,0,0,0,0
2,1,62667,0,0,0,0,0,0,0,0,0,0
1,1,62668,14,14,14,14,14,14,14,14,14,14
0,1,62669,0,0,0,0,0,0,0,0,0,0
0,2,62669,0,0,0,0,0,0,0,0,0,0
1,1,62669,0,0,0,0,0,6,0,0,0,15
1,1,62670,0,0,0,0,0,0,0,0,0,0
2,1,62670,13,0,0,0,0,0,0,0,0,0
0,1,62671,0,0,0,0,0,0,0,0,0,0
1,1,62671,0,9,14,0,0,8,14,0,13,0
1,1,62672,0,19,0,12,0,8,0,13,0,0
2,1,62672,0,0,18,0,0,0,0,0,0,0
1,1,62673,25,25,25,25,25,25,25,25,25,25
0,1,62674,11,11,11,11,11,11,11,11,11,11
1,1,62674,0,0,0,0,0,0,0,0,0,0
1,1,62675,0,0,0,12,0,0,0,0,0,0
2,1,62675,0,0,0,0,0,0,0,0,0,17
3,1,62675,0,0,0,0,0,0,0,0,0,0
4,1,62675,0,0,0,0,0,0,0,0,0,0
7,1,62675,0,0,0,0,0,0,0,0,0,0
0,1,62676,0,0,0,0,0,0,0,0,0,0
1,1,62676,0,0,0,0,0,0,0,0,0,0
0,1,62677,34,34,34,34,34,34,34,34,34,34
1,1,62677,0,0,0,0,0,0,0,0,0,0
1,1,62678,0,10,0,0,0,0,0,0,0,0
0,1,62679,9,9,9,9,9,9,9,9,9,9
1,1,62679,0,0,0,0,0,0,0,0,0,0
1,1,62680,24,24,24,24,24,24,24,24,24,24
0,1,62681,0,0,0,0,0,0,0,0,0,0
1,1,62681,0,0,0,0,0,0,0,0,0,0
1,1,62682,0,0,0,0,0,0,0,0,0,0
1,1,62683,0,0,0,0,0,0,0,0,0,0
2,1,62683,0,0,0,0,0,0,0,0,0,0
0,1,62684,0,0,0,0,0,0,0,0,0,0
1,1,62684,0,0,0,0,0,0,0,0,0,0
0,1,62685,26,26,26,26,26,26,26,26,26,26
1,1,62685,5,0,0,4,0,0,0,19,0,0
1,1,62686,0,0,0,0,0,0,0,0,0,0
2,1,62686,0,0,0,0,0,0,0,0,0,0
1,1,62687,0,0,0,0,0,0,0,0,0,0
2,1,62687,0,0,0,0,0,0,0,0,0,0
1,1,62688,0,0,0,0,0,0,0,0,0,0
1,1,62689,0,0,0,0,0,0,0,0,0,0
2,1,62689,9,7,7,18,6,0,15,39,0,17
1,1,62690,0,0,0,0,0,0,0,0,0,0
2,1,62690,0,0,0,0,0,0,0,0,0,0
1,1,62691,0,0,0,0,0,0,0,0,0,0
2,1,62691,0,0,0,0,0,0,0,0,3,0
1,1,62692,0,0,0,0,0,0,0,0,0,0
2,1,62692,0,0,0,0,0,0,0,0,0,0
1,1,62693,0,0,0,0,0,0,0,0,0,0
0,1,62694,0,0,0,0,0,0,0,0,0,0
1,1,62694,0,0,0,0,0,0,0,0,0,0
0,1,62695,0,0,0,0,0,0,0,0,0,0
1,1,62695,0,0,0,0,0,0,0,0,0,0
1,1,62696,0,0,0,0,0,15,0,0,0,0
2,1,62696,0,0,0,0,0,0,0,0,0,0
1,1,62697,0,0,0,0,0,0,0,0,0,0
1,1,62698,0,0,0,0,0,0,0,0,0,0
2,1,62698,0,0,0,0,0,0,0,0,0,0
1,1,62699,0,0,0,0,0,0,0,0,0,0
2,1,62699,0,0,0,0,0,0,0,0,0,0
1,1,62700,18,18,18,18,18,18,18,18,18,18
1,1,62701,0,0,4,0,0,0,0,0,0,0
2,1,62701,0,0,0,0,0,15,0,0,11,0
1,1,62702,0,0,0,0,0,0,0,0,0,0
2,1,62702,0,0,0,0,0,0,0,0,0,0
1,1,62703,0,0,0,0,0,0,0,0,0,0
1,1,62704,26,6,21,20,15,21,10,7,12,10
0,1,62705,12,12,12,12,12,12,12,12,12,12
1,1,62705,0,0,0,0,0,0,0,0,0,0
1,1,62706,20,20,20,20,20,20,20,20,20,20
1,1,62707,11,11,11,11,11,11,11,11,11,11
1,1,62708,12,12,12,12,12,12,12,12,12,12
2,1,62708,0,13,0,0,12,0,12,0,0,0
1,1,62709,14,14,14,14,14,14,14,14,14,14
1,1,62710,0,0,0,0,0,0,0,0,0,0
2,1,62710,10,0,0,0,0,0,0,0,0,0
1,1,62711,0,0,0,0,0,0,0,0,0,0
2,1,62711,0,0,0,0,0,0,0,0,0,0
1,1,62712,0,0,0,0,0,0,0,0,0,0
1,1,62713,0,0,0,0,0,0,0,10,0,0
1,1,62714,0,0,0,0,0,0,0,0,0,0
2,1,62714,0,0,0,0,0,0,0,0,0,0
1,1,62715,0,0,0,0,0,0,0,0,0,0
1,1,62716,0,0,0,0,0,0,0,0,0,0
2,1,62716,0,0,0,0,0,0,0,0,0,0
0,1,62717,0,0,35,0,0,0,0,0,0,0
1,1,62717,15,8,0,0,8,0,11,0,0,11
2,1,62717,0,0,0,0,0,0,0,0,0,0
1,1,62718,0,0,0,0,0,0,0,0,0,0
2,1,62718,0,0,0,0,0,0,0,0,0,0
1,1,62719,0,0,0,0,0,0,0,0,0,0
2,1,62719,0,0,0,0,0,0,0,0,0,0
3,1,62719,0,0,0,0,0,0,0,0,0,0
0,1,62720,0,0,0,0,0,0,0,0,0,0
0,2,62720,0,0,0,0,0,0,0,0,8,0
1,1,62720,0,0,0,0,0,0,0,0,0,0
1,1,62721,0,0,0,0,0,0,0,0,0,0
2,1,62721,0,0,0,0,0,0,0,0,0,0
3,1,62721,0,0,0,0,0,0,0,0,0,0
4,1,62721,0,0,0,0,0,0,0,0,0,0
5,1,62721,0,0,0,0,0,0,0,0,0,0
1,1,62722,21,21,21,21,21,21,21,21,21,21
2,1,62722,0,0,0,0,0,0,0,0,0,0
0,1,62723,0,0,0,0,0,0,0,0,0,10
1,1,62723,27,0,0,7,18,0,8,15,0,7
1,1,62724,0,0,0,0,0,0,0,0,0,0
2,1,62724,0,0,0,0,0,0,0,0,0,0
1,1,62725,0,0,0,0,0,13,0,0,0,0
2,1,62725,0,0,0,0,0,0,0,10,0,0
3,1,62725,0,0,0,0,0,0,0,0,0,0
1,1,62726,11,11,11,11,11,11,11,11,11,11
2,1,62726,0,0,0,0,0,0,0,0,0,0
1,1,62727,0,0,0,0,0,0,0,0,0,0
2,1,62727,0,0,0,0,0,0,0,0,0,0
1,1,62728,0,0,0,0,0,8,0,0,0,0
1,1,62729,0,0,0,0,0,0,0,0,0,0
2,1,62729,0,0,0,0,0,0,0,0,0,0
1,1,62730,0,0,0,0,0,0,0,0,0,0
2,1,62730,0,0,0,0,0,0,0,0,0,0
1,1,62731,0,0,0,0,0,0,0,0,0,0
2,1,62731,0,0,0,0,0,0,0,0,0,0
0,1,62732,25,25,25,25,25,25,25,25,25,25
1,1,62732,3,3,7,9,5,11,7,20,9,3
2,1,62732,0,0,0,0,0,0,6,0,0,0
1,1,62733,0,0,0,0,0,0,0,0,0,0
2,1,62733,0,0,0,0,0,0,0,0,0,0
1,1,62734,32,32,32,32,32,32,32,32,32,32
2,1,62734,0,0,0,0,0,0,0,0,0,0
1,1,62735,17,17,17,17,17,17,17,17,17,17
2,1,62735,10,10,10,10,10,10,10,10,10,10
1,1,62736,16,16,16,16,16,16,16,16,16,16
1,1,62737,0,0,0,0,0,0,0,0,18,0
2,1,62737,2,2,2,2,2,2,2,2,2,2
1,1,62738,0,0,0,0,0,0,0,0,0,0
2,1,62738,0,0,0,0,0,0,0,0,0,0
1,1,62739,15,0,21,0,17,18,28,0,10,0
0,1,62740,7,7,7,7,7,7,7,7,7,7
1,1,62740,0,0,0,0,0,0,0,9,0,0
2,1,62740,0,0,0,0,0,0,0,0,0,0
1,1,62741,0,0,0,0,0,0,0,0,0,0
2,1,62741,0,0,0,0,0,0,0,0,0,0
1,1,62742,0,0,0,0,0,0,0,0,0,0
2,1,62742,0,0,0,0,0,0,0,0,0,0
1,1,62743,0,0,0,0,0,0,0,0,0,0
2,1,62743,0,0,0,0,0,0,0,0,0,0
3,1,62743,0,0,0,0,0,0,0,0,0,0
4,1,62743,0,0,0,0,0,0,0,0,0,0
1,1,62744,0,0,0,14,0,10,0,0,0,0
2,1,62744,0,0,0,0,0,0,0,0,0,0
1,1,62745,0,0,0,0,0,0,0,0,0,0
2,1,62745,0,0,0,0,0,0,0,0,0,0
1,1,62746,0,19,0,0,0,0,0,0,0,0
2,1,62746,0,0,0,0,0,0,0,0,0,0
1,1,62747,0,0,0,0,0,0,0,0,0,0
1,1,62748,0,0,0,0,0,0,0,0,0,0
2,1,62748,0,0,0,0,0,0,0,0,0,0
3,1,62748,0,0,0,0,0,0,0,0,0,0
1,1,62749,0,0,0,0,0,0,0,0,0,0
2,1,62749,15,0,0,0,0,0,0,0,0,0
3,1,62749,0,0,0,0,0,0,0,0,0,0
1,1,62750,0,0,0,0,0,0,0,0,0,0
2,1,62750,0,0,0,0,0,0,0,0,0,0
1,1,62751,0,0,0,0,0,0,0,0,0,0
2,1,62751,0,0,0,0,0,0,0,0,0,0
1,1,62752,0,0,0,0,0,0,0,0,0,0
2,1,62752,0,16,7,21,0,10,0,8,15,12
1,1,62753,14,0,14,0,0,0,0,0,0,0
1,1,62754,0,0,0,0,0,0,0,0,0,0
2,1,62754,0,0,0,0,0,0,0,0,0,0
1,1,62755,0,0,0,0,0,0,0,0,0,0
2,1,62755,0,0,0,0,0,0,0,0,0,0
1,1,62756,0,0,0,0,0,0,0,0,0,0
2,1,62756,0,0,0,0,0,0,0,0,0,0
1,1,62757,21,21,21,21,21,21,21,21,21,21
2,1,62757,0,0,0,0,0,0,0,0,0,0
0,1,62758,0,12,8,8,0,0,0,0,0,0
1,1,62758,21,21,21,21,21,21,21,21,21,21
0,1,62759,0,0,0,0,0,0,0,0,0,0
1,1,62759,0,0,0,0,0,0,0,0,0,0
1,1,62760,0,0,0,0,0,0,0,0,0,0
2,1,62760,0,0,0,0,0,0,0,0,0,0
3,1,62760,0,0,5,0,0,0,0,0,0,0
4,1,62760,0,0,0,0,0,0,0,0,0,0
1,1,62761,0,0,0,0,0,0,0,0,0,0
2,1,62761,0,0,0,0,0,0,0,0,0,0
3,1,62761,0,0,0,0,0,0,0,0,0,0
4,1,62761,0,0,0,0,0,0,0,0,0,10
1,1,62762,0,0,0,0,0,0,0,0,0,0
2,1,62762,0,0,0,0,0,0,0,0,0,0
3,1,62762,0,0,0,0,0,0,0,0,0,0
1,1,62763,0,0,0,0,0,0,0,0,0,0
2,1,62763,0,0,0,0,0,0,0,0,0,0
1,1,62764,0,0,0,0,0,0,0,0,0,0
2,1,62764,0,0,0,0,8,0,0,0,0,0
3,1,62764,0,0,0,0,0,0,0,0,0,0
1,1,62765,0,0,0,0,2,0,0,0,0,0
2,1,62765,0,0,0,0,0,0,0,0,0,0
1,1,62766,0,0,0,0,0,0,0,0,0,0
0,1,62767,0,0,0,0,0,0,0,0,0,0
1,1,62767,0,0,0,0,0,0,0,0,0,0
1,1,62768,0,0,0,0,0,0,0,0,0,0
2,1,62768,17,17,17,17,17,17,17,17,17,17
0,1,62769,0,0,0,0,0,0,0,0,0,0
1,1,62769,0,0,0,0,0,0,0,0,0,0
2,1,62769,0,0,0,0,0,0,0,0,0,0
1,1,62770,0,0,0,0,0,0,0,0,0,0
2,1,62770,0,0,0,0,0,0,0,0,0,0
1,1,62771,0,0,0,0,0,0,0,0,0,0
2,1,62771,0,0,0,0,0,0,0,0,0,0
3,1,62771,0,0,0,0,0,0,0,0,0,0
4,1,62771,0,0,0,0,0,0,6,0,0,0
5,1,62771,0,0,0,0,0,0,0,0,0,0
6,1,62771,0,0,0,0,0,0,0,0,0,0
7,1,62771,0,0,0,0,0,0,0,0,0,0
8,1,62771,0,0,0,0,0,0,0,0,0,0
9,1,62771,0,0,0,0,0,0,0,0,0,0
0,1,62772,18,18,18,18,18,18,18,18,18,18
1,1,62772,0,0,0,0,0,6,0,0,0,9
0,1,62773,0,0,0,0,0,0,0,0,0,0
1,1,62773,0,0,0,0,0,0,0,0,0,0
1,1,62774,0,16,0,0,0,0,0,0,0,0
1,1,62775,12,12,12,12,12,12,12,12,12,12
0,1,62776,0,0,0,0,0,0,0,0,0,0
1,1,62776,10,27,0,3,9,0,9,17,10,8
1,1,62777,0,0,0,0,0,14,0,0,0,0
0,1,62778,0,0,0,0,10,0,0,0,0,0
1,1,62778,18,0,0,0,0,0,0,0,0,0
0,1,62779,20,20,20,20,20,20,20,20,20,20
1,1,62779,0,0,0,0,0,0,0,0,0,0
1,1,62780,0,0,0,0,0,0,0,0,0,0
1,1,62781,25,25,25,25,25,25,25,25,25,25
1,1,62782,0,0,0,0,0,0,0,0,0,0
0,1,62783,31,31,31,31,31,31,31,31,31,31
1,1,62783,0,0,0,0,0,0,0,0,0,0
0,1,62784,16,16,16,16,16,16,16,16,16,16
1,1,62784,3,4,0,3,5,13,0,10,0,4
1,1,62785,0,0,0,0,0,0,0,0,0,0
0,1,62786,0,0,0,0,0,0,0,0,0,0
1,1,62786,0,4,2,9,0,5,0,0,0,10
1,1,62787,13,13,13,13,13,13,13,13,13,13
1,1,62788,0,0,0,0,0,0,0,0,0,0
1,1,62789,8,8,8,8,8,8,8,8,8,8
1,1,62790,0,0,0,0,0,0,0,0,0,0
0,1,62791,47,47,47,47,47,47,47,47,47,47