VEH_NO,PER_NO,ST_CASE,P1,P2,P3,P4,P5,P6,P7,P8,P9,P10
1,1,62791,0,0,0,0,0,0,0,0,0,0
1,1,62792,9,9,9,9,9,9,9,9,9,9
1,1,62793,11,11,11,11,11,11,11,11,11,11
2,1,62793,0,0,0,6,0,0,0,0,0,0
1,1,62794,12,12,12,12,12,12,12,12,12,12
2,1,62794,0,0,0,0,0,0,0,0,0,8
1,1,62795,5,5,5,5,5,5,5,5,5,5
1,1,62796,0,0,0,0,0,0,0,0,0,0
2,1,62796,5,5,5,5,5,5,5,5,5,5
1,1,62797,9,9,9,9,9,9,9,9,9,9
2,1,62797,15,15,15,15,15,15,15,15,15,15
1,1,62798,36,36,36,36,36,36,36,36,36,36
2,1,62798,0,0,0,0,0,0,0,0,0,0
1,1,62799,14,14,14,14,14,14,14,14,14,14
1,1,62800,16,16,16,16,16,16,16,16,16,16
1,1,62801,6,6,6,6,6,6,6,6,6,6
1,1,62802,22,22,22,22,22,22,22,22,22,22
0,1,62803,0,0,0,0,0,0,0,0,0,0
1,1,62803,0,13,0,13,10,8,0,11,0,17
1,1,62804,0,0,0,0,0,0,0,0,0,0
2,1,62804,0,0,0,9,0,0,0,0,0,0
1,1,62805,9,13,20,0,15,0,18,0,0,0
1,1,62806,0,0,0,0,0,0,0,0,0,0
2,1,62806,0,0,0,0,0,0,0,0,0,0
1,1,62807,0,0,0,0,0,0,0,0,0,0
2,1,62807,0,0,0,0,0,0,0,0,0,0
0,1,62812,0,0,0,0,0,0,0,0,0,0
1,1,62812,0,0,0,0,0,0,0,0,0,0
1,1,62814,0,0,0,0,0,0,0,0,0,0
2,1,62814,0,0,0,0,0,0,0,0,0,0
1,1,62815,22,22,22,22,22,22,22,22,22,22
0,1,62816,0,8,0,0,0,0,0,0,0,0
1,1,62816,0,0,0,0,0,0,0,0,0,0
0,1,62817,0,0,0,0,0,0,0,0,0,0
1,1,62817,16,11,0,7,5,2,8,4,4,7
0,1,62818,27,27,27,27,27,27,27,27,27,27
1,1,62818,0,0,0,0,0,0,0,0,0,0
0,1,62819,0,0,0,0,0,0,0,0,0,0
1,1,62819,0,0,0,0,0,0,0,0,0,0
0,1,62820,0,0,0,0,0,0,0,0,0,0
1,1,62820,0,0,0,0,0,0,0,9,0,0
1,1,62821,0,0,0,0,0,0,0,0,0,0
2,1,62821,0,0,0,0,0,0,0,0,0,0
1,1,62822,26,26,26,26,26,26,26,26,26,26
2,1,62822,0,0,0,0,0,0,0,0,0,0
0,1,62823,5,5,5,5,5,5,5,5,5,5
1,1,62823,0,0,0,0,0,0,0,0,0,0
0,1,62824,23,23,23,23,23,23,23,23,23,23
1,1,62824,0,0,0,0,0,0,0,0,0,0
0,1,62825,0,0,0,0,0,0,0,0,0,0
1,1,62825,0,0,0,0,0,0,0,0,0,0
0,1,62826,0,0,0,0,0,0,0,0,0,0
1,1,62826,0,0,0,0,0,0,0,0,0,0
0,1,62827,37,0,0,19,0,15,0,0,25,22
1,1,62827,8,6,13,0,6,2,4,0,0,11
0,1,62828,0,0,0,0,0,0,0,0,0,0
1,1,62828,0,20,0,6,0,0,0,0,0,0
1,1,62829,0,0,0,0,0,0,0,0,0,0
1,1,62830,17,17,17,17,17,17,17,17,17,17
0,1,62831,0,0,0,0,0,0,0,0,0,0
1,1,62831,0,0,0,0,0,0,0,0,0,0
0,1,62832,3,3,3,3,3,3,3,3,3,3
1,1,62832,0,0,0,0,0,0,0,0,0,0
0,1,62833,0,0,0,0,0,0,0,0,0,0
1,1,62833,0,0,0,0,0,0,0,0,0,0
0,1,62834,22,22,22,22,22,22,22,22,22,22
1,1,62834,0,0,0,0,0,0,0,0,0,0
0,1,62835,0,0,0,0,0,0,0,0,0,0
1,1,62835,0,0,0,0,4,0,0,0,0,0
0,1,62836,42,42,42,42,42,42,42,42,42,42
1,1,62836,0,0,0,6,0,0,0,0,0,0
0,1,62837,10,10,10,10,10,10,10,10,10,10
1,1,62837,0,0,0,0,0,0,0,0,0,0
1,1,62838,0,0,0,0,0,0,0,0,0,0
2,1,62838,0,0,0,0,0,0,0,0,0,0
1,1,62839,0,0,0,0,0,0,0,0,0,0
1,1,62840,0,0,0,0,0,0,0,0,0,0
1,1,62841,0,0,0,0,0,0,0,0,0,0
1,1,62842,0,0,0,0,0,0,0,5,0,0
1,1,62843,11,11,11,11,11,11,11,11,11,11
1,1,62844,0,0,0,0,0,0,0,0,0,0
1,1,62845,0,0,0,0,0,0,0,0,0,0
1,1,62846,24,24,24,24,24,24,24,24,24,24
0,1,62847,0,0,0,0,0,0,0,0,27,0
1,1,62847,0,0,0,0,0,0,0,0,0,0
1,1,62848,0,0,0,0,0,0,0,0,0,0
0,1,62849,27,27,27,27,27,27,27,27,27,27
1,1,62849,0,13,0,0,0,0,0,8,0,0
1,1,62850,0,0,0,0,0,0,0,0,0,0
1,1,62851,0,0,0,0,0,0,0,0,0,0
1,1,62852,0,0,0,0,0,0,0,0,0,0
0,1,62853,0,0,0,0,0,0,0,0,0,0
1,1,62854,0,0,0,0,0,0,0,0,0,0
0,1,62855,0,0,0,0,0,0,0,0,0,0
1,1,62855,0,0,0,0,0,0,0,0,0,0
0,1,62856,0,0,19,19,0,0,0,0,0,0
1,1,62856,0,0,15,0,0,0,18,0,0,0
0,1,62857,0,0,0,0,0,0,0,0,0,0
1,1,62857,0,0,4,0,0,0,0,0,0,0
1,1,62858,0,0,0,0,0,0,0,0,0,0
1,1,62859,0,0,0,0,0,0,0,0,0,0
1,1,62860,0,0,0,0,31,0,0,13,0,0
2,1,62860,0,0,0,0,0,0,0,0,0,0
3,1,62860,0,0,0,0,0,0,0,0,0,0
1,1,62861,16,16,16,16,16,16,16,16,16,16
1,1,62862,19,19,19,19,19,19,19,19,19,19
2,1,62862,0,0,0,0,0,0,0,0,0,0
3,1,62862,0,0,0,0,0,0,0,0,0,0
4,1,62862,0,0,0,0,0,0,0,0,0,0
0,1,62863,0,0,0,0,0,0,0,0,0,0
1,1,62863,0,0,0,0,0,0,0,0,0,0
1,1,62864,0,0,0,0,0,0,0,0,0,0
2,1,62864,0,0,0,0,0,0,0,0,0,0
1,1,62865,0,0,0,0,0,0,0,0,0,0
2,1,62865,0,0,0,0,0,0,0,0,0,0
1,1,62866,0,0,0,0,0,0,0,0,0,0
1,1,62867,25,25,25,25,25,25,25,25,25,25
1,1,62868,1,1,1,1,1,1,1,1,1,1
2,1,62868,0,0,0,0,0,0,0,0,0,0
1,1,62869,0,0,0,0,0,0,0,0,0,0
2,1,62869,0,0,0,0,0,0,0,0,0,0
1,1,62870,0,0,0,0,0,0,0,0,0,0
2,1,62870,0,0,0,0,0,0,0,0,0,0
1,1,62871,0,0,0,0,0,0,0,0,0,0
2,1,62871,0,0,0,0,0,0,0,0,0,0
1,1,62872,0,0,0,0,0,0,0,0,0,0
2,1,62872,0,0,0,0,0,0,0,0,0,0
1,1,62873,16,16,16,16,16,16,16,16,16,16
2,1,62873,0,0,0,0,0,0,0,0,0,0
1,1,62874,0,0,0,0,0,0,0,0,0,0
2,1,62874,0,0,0,0,0,0,0,0,0,0
0,1,62875,32,32,32,32,32,32,32,32,32,32
1,1,62875,20,25,10,8,25,20,20,8,10,15
2,1,62875,0,0,0,0,0,0,0,0,0,0
1,1,62876,11,11,11,11,11,11,11,11,11,11
2,1,62876,0,0,0,0,0,0,0,0,0,0
1,1,62877,0,0,0,0,0,0,0,0,0,0
2,1,62877,0,0,0,0,0,0,0,0,0,0
1,1,62878,8,8,8,8,8,8,8,8,8,8
2,1,62878,0,0,0,0,0,0,0,3,0,13
1,1,62879,21,21,21,21,21,21,21,21,21,21
1,1,62880,0,0,0,0,0,0,0,0,0,0
2,1,62880,12,0,0,0,0,0,0,0,0,0
1,1,62881,0,0,0,0,0,0,0,0,0,0
2,1,62881,0,0,0,0,0,0,0,0,0,0
3,1,62881,0,0,0,0,0,0,0,0,0,0
4,1,62881,0,0,0,0,0,0,0,0,0,0
1,1,62882,1,1,1,1,1,1,1,1,1,1
2,1,62882,0,0,0,0,0,0,0,0,0,0
0,1,62883,0,0,0,0,0,0,0,0,0,0
1,1,62883,0,0,0,0,0,0,9,0,0,0
1,1,62884,0,0,0,0,0,0,0,0,0,0
2,1,62884,0,0,0,0,0,0,0,0,0,0
0,1,62885,10,10,10,10,10,10,10,10,10,10
1,1,62885,0,0,0,0,0,0,16,0,0,0
1,1,62886,0,0,0,0,0,0,0,0,0,0
1,1,62887,24,24,24,24,24,24,24,24,24,24
0,1,62888,0,0,0,0,0,0,0,0,0,0
1,1,62888,0,0,0,0,0,0,11,0,5,0
1,1,62889,0,0,0,0,0,0,0,0,0,0
2,1,62889,0,0,0,0,0,0,0,0,0,0
0,1,62890,0,0,0,0,0,0,0,0,0,0
1,1,62891,0,0,0,0,0,0,0,0,0,0
2,1,62891,0,0,0,0,0,0,0,0,0,0
1,1,62892,0,0,0,0,0,0,0,0,0,0
0,1,62893,29,29,29,29,29,29,29,29,29,29
1,1,62893,0,0,0,0,0,0,0,0,0,0
1,1,62894,0,0,0,0,0,0,0,0,0,0
1,1,62895,0,0,0,0,0,0,0,0,0,0
1,1,62896,0,0,0,0,0,0,0,0,0,0
0,1,62897,0,0,0,0,0,0,0,0,0,0
1,1,62897,0,0,0,0,0,0,0,0,0,0
1,1,62898,0,0,0,0,0,0,0,0,0,0
0,1,62899,0,0,0,0,0,0,0,0,0,0
1,1,62899,0,0,0,0,0,0,0,0,0,0
1,1,62900,0,0,0,0,0,0,0,0,0,0
2,1,62900,0,0,0,0,0,0,0,0,0,0
1,1,62901,16,16,16,16,16,16,16,16,16,16
2,1,62901,0,0,0,0,0,7,0,0,0,0
1,1,62902,3,3,3,3,3,3,3,3,3,3
2,1,62902,21,21,21,21,21,21,21,21,21,21
1,1,62903,21,21,21,21,21,21,21,21,21,21
1,1,62904,14,14,14,14,14,14,14,14,14,14
2,1,62904,25,25,25,25,25,25,25,25,25,25
1,1,62905,11,11,11,11,11,11,11,11,11,11
1,1,62906,5,5,5,5,5,5,5,5,5,5
1,1,62907,0,0,0,0,0,0,0,0,0,0
2,1,62907,0,0,0,0,0,0,0,0,0,0
1,1,62908,0,0,0,0,0,0,0,0,0,0
2,1,62908,2,0,0,0,0,0,0,0,0,0
1,1,62909,20,20,20,20,20,20,20,20,20,20
1,1,62910,0,0,0,0,0,0,0,0,0,0
1,1,62911,17,17,17,17,17,17,17,17,17,17
1,1,62912,22,22,22,22,22,22,22,22,22,22
2,1,62912,0,0,0,9,0,0,0,0,0,0
3,1,62912,0,20,5,13,4,0,12,0,5,0
4,1,62912,0,0,0,0,0,19,0,0,14,6
0,1,62913,0,0,6,0,25,9,7,0,0,0
0,2,62913,29,22,34,14,16,38,18,22,0,11
1,1,62913,10,10,10,10,10,10,10,10,10,10
1,1,62914,14,14,14,14,14,14,14,14,14,14
1,1,62915,5,5,5,5,5,5,5,5,5,5
1,1,62916,3,15,17,11,10,15,12,16,10,11
2,1,62916,0,0,13,0,0,0,0,0,0,0
1,1,62917,0,0,0,0,0,0,0,0,0,0
2,1,62917,0,0,0,0,0,0,8,0,0,0
3,1,62917,0,0,0,0,23,0,0,0,0,0
1,1,62918,0,0,0,0,0,0,0,0,0,0
0,1,62919,0,0,0,0,0,0,0,0,0,0
0,2,62919,0,26,27,0,0,0,0,18,8,0
0,3,62919,0,0,0,0,0,0,0,0,0,0
1,1,62919,0,0,0,0,0,0,0,0,0,0
6,1,62919,0,0,0,0,4,0,0,0,0,0
7,1,62919,5,0,0,5,0,3,4,21,14,10
8,1,62919,0,0,0,0,0,0,0,0,0,0
9,1,62919,0,0,0,0,13,0,0,17,0,0
1,1,62920,13,13,13,13,13,13,13,13,13,13
1,1,62921,18,18,18,18,18,18,18,18,18,18
1,1,62922,0,0,0,0,0,0,0,0,0,0
0,1,62923,27,27,27,27,27,27,27,27,27,27
1,1,62923,0,0,0,0,0,0,0,0,0,0
1,1,62924,0,0,0,0,0,0,0,0,0,0
1,1,62925,0,0,0,0,0,0,0,0,0,0
2,1,62925,0,0,0,0,0,0,0,0,0,0
3,1,62925,0,0,0,0,0,0,0,0,0,0
4,1,62925,0,0,0,0,0,0,0,0,0,0
5,1,62925,0,0,0,0,0,0,0,0,0,0
1,1,62926,0,0,0,0,0,0,0,0,0,0
2,1,62926,0,0,0,0,0,0,0,0,0,0
1,1,62927,0,0,0,0,0,0,0,0,0,0
1,1,62928,0,0,0,0,0,0,0,0,0,0
1,1,62929,26,26,26,26,26,26,26,26,26,26
2,1,62929,0,0,0,0,0,0,0,0,0,0
1,1,62930,0,0,0,0,0,0,0,0,0,0
2,1,62930,0,0,0,0,0,0,0,0,0,0
3,1,62930,0,0,0,0,0,0,0,0,0,0
0,1,62931,0,0,0,0,5,0,0,0,0,0
1,1,62931,0,0,0,0,0,0,0,0,0,0
1,1,62932,0,0,0,0,0,0,0,0,0,0
2,1,62932,0,0,0,0,0,0,0,0,0,0
1,1,62933,0,0,0,0,0,0,0,0,0,0
2,1,62933,0,0,0,0,0,0,0,0,0,0
1,1,62934,0,0,0,0,0,0,0,0,0,0
2,1,62934,0,0,0,0,0,0,0,0,0,0
3,1,62934,0,0,0,0,0,0,0,0,0,0
4,1,62934,10,0,0,0,0,0,0,0,0,0
5,1,62934,0,0,0,0,0,0,0,0,0,0
1,1,62935,0,0,0,0,0,0,0,0,0,0
2,1,62935,0,0,0,0,0,0,0,0,0,0
1,1,62936,23,23,23,23,23,23,23,23,23,23
2,1,62936,24,0,13,0,7,23,0,0,0,0
1,1,62937,0,0,0,0,0,0,0,0,0,0
2,1,62937,0,0,0,0,0,0,0,0,0,0
0,1,62938,0,0,0,0,0,0,0,0,0,0
1,1,62938,0,0,0,0,0,0,0,0,0,0
1,1,62939,0,0,0,0,0,0,0,0,0,0
2,1,62939,0,0,0,0,0,0,0,0,0,0
0,1,62940,0,0,0,0,0,0,0,0,0,0
1,1,62940,0,0,0,0,0,0,0,0,0,0
1,1,62941,0,0,16,0,0,8,0,0,0,0
2,1,62941,0,0,0,0,0,0,0,0,0,0
1,1,62942,0,0,0,0,0,0,0,0,0,0
2,1,62942,0,0,0,0,0,0,0,0,0,0
3,1,62942,0,0,0,0,0,0,0,0,0,0
4,1,62942,0,0,0,0,0,0,0,0,0,0
0,1,62943,0,0,0,0,0,0,0,0,0,0
1,1,62943,0,0,0,0,0,0,0,0,0,0
0,1,62944,0,0,13,0,4,0,0,0,0,0
1,1,62944,0,0,0,0,0,0,0,0,0,0
1,1,62945,0,0,0,0,0,0,0,0,0,0
2,1,62945,0,0,0,0,0,0,0,0,0,0
0,1,62946,0,0,0,0,0,0,0,0,0,0
1,1,62946,0,0,0,0,0,0,0,0,0,0
1,1,62947,21,21,21,21,21,21,21,21,21,21
1,1,62948,5,5,5,5,5,5,5,5,5,5
1,1,62949,0,0,0,0,0,0,0,0,0,0
1,1,62950,0,0,0,0,0,0,0,0,0,0
2,1,62950,0,0,0,0,0,0,0,0,0,0
1,1,62951,0,0,0,0,0,0,0,0,0,0
2,1,62951,0,0,0,0,0,0,0,0,0,0
1,1,62952,0,0,0,0,0,0,0,0,0,0
2,1,62952,0,0,9,8,0,0,9,0,0,0
1,1,62953,0,0,0,0,0,0,0,0,0,0
1,1,62954,9,12,0,15,25,9,18,9,30,11
0,1,62955,0,0,0,0,0,0,0,0,0,0
1,1,62955,7,11,0,0,0,10,0,0,0,22
1,1,62956,0,0,0,19,6,0,0,0,0,0
2,1,62956,0,0,0,0,0,0,0,0,0,0
3,1,62956,0,0,0,0,0,0,0,0,0,0
1,1,62957,0,0,10,0,0,0,0,0,0,0
2,1,62957,0,0,0,0,0,0,0,0,0,0
1,1,62958,0,0,0,0,0,0,0,0,0,0
1,1,62959,0,0,0,0,0,0,0,0,0,0
1,1,62960,0,0,0,0,0,0,0,0,0,0
1,1,62961,20,0,0,0,0,0,0,0,0,4
0,1,62962,38,11,34,22,41,22,23,12,10,15
1,1,62962,0,0,0,0,0,0,0,0,0,0
0,1,62963,22,22,22,22,22,22,22,22,22,22
1,1,62963,0,0,0,0,0,0,0,0,0,0
2,1,62963,0,0,0,0,0,0,11,0,0,0
1,1,62964,0,0,0,0,0,0,0,0,0,0
1,1,62965,30,30,30,30,30,30,30,30,30,30
0,1,62966,9,0,0,0,0,23,0,0,0,0
0,2,62966,0,0,0,0,0,0,0,0,0,0
1,1,62966,13,13,13,13,13,13,13,13,13,13
1,1,62967,0,0,0,0,0,0,0,0,0,0
2,1,62967,0,0,0,0,0,0,0,0,0,0
1,1,62968,0,0,0,0,0,0,0,0,0,0
1,1,62969,0,0,0,0,0,0,0,0,0,0
1,1,62970,4,4,4,4,4,4,4,4,4,4
2,1,62970,0,0,0,0,0,0,0,0,0,0
1,1,62971,8,8,8,8,8,8,8,8,8,8
2,1,62971,0,0,0,0,0,0,0,0,0,0
1,1,62972,18,18,18,18,18,18,18,18,18,18
1,1,62973,0,0,0,0,0,21,0,0,0,0
2,1,62973,0,0,0,0,0,0,0,0,0,0
1,1,62974,29,29,29,29,29,29,29,29,29,29
1,1,62975,0,0,0,0,0,0,0,0,0,0
1,1,62976,0,0,0,0,0,0,0,0,0,0
2,1,62976,17,0,0,0,0,0,0,0,0,0
1,1,62977,3,0,16,0,0,0,0,0,0,0
2,1,62977,25,0,0,0,0,0,0,0,0,0
0,1,62978,0,0,0,0,0,0,0,0,0,0
1,1,62978,0,16,0,10,0,0,0,0,0,0
1,1,62979,32,32,32,32,32,32,32,32,32,32
1,1,62980,23,23,23,23,23,23,23,23,23,23
2,1,62980,0,0,0,0,0,0,0,0,0,0
0,1,62981,0,0,0,0,0,0,0,0,0,0
1,1,62981,0,0,0,0,0,0,0,0,0,0
1,1,62982,0,0,0,0,0,0,0,0,0,0
1,1,62983,0,0,0,0,0,0,0,0,0,0
2,1,62983,0,8,0,0,0,0,0,0,0,0
3,1,62983,0,0,0,0,0,0,0,0,0,0
1,1,62984,6,6,6,6,6,6,6,6,6,6
1,1,62985,0,0,0,0,0,0,0,0,0,0
2,1,62985,0,0,0,0,0,0,0,0,0,0
1,1,62986,4,4,4,4,4,4,4,4,4,4
1,1,62987,16,16,16,16,16,16,16,16,16,16
2,1,62987,0,0,0,0,0,0,0,0,0,0
1,1,62988,0,0,0,0,0,0,0,0,0,0
2,1,62988,25,25,25,25,25,25,25,25,25,25
1,1,62989,0,0,0,0,0,0,0,0,0,0
2,1,62989,0,0,0,0,0,0,0,0,0,0
1,1,62990,0,0,0,0,0,0,3,0,0,0
2,1,62990,0,0,0,0,0,0,0,0,0,0
3,1,62990,0,0,0,0,0,0,0,0,0,0
1,1,62991,14,14,14,14,14,14,14,14,14,14
0,1,62992,0,0,0,0,0,0,0,0,0,0
0,2,62992,0,0,0,0,0,0,0,0,0,0
1,1,62992,0,0,0,0,0,0,0,0,0,0
1,1,62993,21,21,21,21,21,21,21,21,21,21
0,1,62994,0,0,0,0,0,0,0,0,0,0
1,1,62994,0,0,0,0,0,0,0,0,0,0
2,1,62994,0,0,0,0,0,0,0,0,0,14
1,1,62995,0,0,0,0,0,0,0,0,0,0
2,1,62995,0,0,0,0,0,0,0,0,0,0
1,1,62996,0,0,0,0,0,0,0,0,0,0
2,1,62996,0,0,0,0,0,0,0,0,0,0
1,1,62997,26,26,26,26,26,26,26,26,26,26
2,1,62997,0,0,0,0,0,0,0,0,0,0
1,1,62998,8,8,8,8,8,8,8,8,8,8
2,1,62998,0,0,0,0,0,0,0,0,0,0
1,1,62999,0,0,0,0,0,0,0,0,0,0
1,1,63000,0,0,0,0,0,0,0,0,0,0
2,3,63000,0,0,0,0,0,12,0,0,0,0
0,1,63001,0,0,0,0,0,0,43,0,0,0
1,1,63001,0,0,0,0,0,0,0,0,0,0
1,1,63002,11,11,11,11,11,11,11,11,11,11
2,1,63002,0,0,0,0,0,0,0,0,0,0
3,1,63002,0,0,0,0,0,0,0,0,0,0
4,1,63002,0,0,0,0,0,0,0,0,0,0
1,1,63003,0,0,0,0,0,0,0,0,0,0
2,1,63003,0,0,0,0,0,0,0,0,0,0
3,1,63003,0,0,0,0,0,0,25,10,0,15
4,1,63003,0,0,0,0,0,0,0,0,0,0
5,1,63003,0,0,0,0,0,11,0,0,0,0
6,1,63003,0,0,0,0,0,0,0,0,0,0
7,1,63003,0,0,0,0,0,0,0,0,0,0
8,1,63003,0,0,2,6,10,0,0,4,10,12
9,1,63003,0,0,0,0,0,15,8,0,0,0
1,1,63004,0,0,0,0,0,0,0,0,0,0
2,1,63004,0,0,0,0,0,0,0,0,0,0
3,1,63004,0,0,0,0,0,16,0,0,0,0
1,1,63005,0,0,0,0,0,0,0,0,0,0
2,1,63005,0,0,0,0,0,0,0,0,0,0
1,1,63006,0,0,0,0,0,0,0,0,0,0
2,1,63006,0,0,0,0,0,0,0,0,0,0
1,1,63007,0,0,0,0,0,0,0,0,0,0
2,1,63007,0,0,0,0,0,0,0,0,0,0
1,1,63008,0,0,0,0,0,0,0,0,0,22
1,1,63009,0,0,0,0,0,7,0,0,0,0
2,1,63009,0,0,0,0,0,0,0,0,0,0
1,1,63010,0,0,0,0,0,0,0,0,0,0
2,1,63010,0,0,0,0,0,0,0,0,0,0
1,1,63011,0,0,0,0,0,0,0,0,0,0
2,1,63011,0,0,0,0,0,0,0,0,0,0
1,1,63012,0,0,17,0,0,0,0,0,0,0
2,1,63012,0,0,0,0,0,0,0,0,0,0
1,1,63013,0,2,0,0,0,0,0,0,0,2
2,1,63013,0,0,0,0,0,12,4,0,0,0
1,1,63014,0,0,0,16,0,0,0,0,0,0
3,1,63014,0,0,0,0,0,0,0,0,0,0
1,1,63015,25,25,25,25,25,25,25,25,25,25
2,1,63015,0,0,0,7,0,0,0,0,12,0
1,1,63016,15,13,6,10,8,8,5,3,4,0
2,1,63016,0,0,0,0,0,0,0,0,0,0
1,1,63017,0,0,0,6,0,0,0,0,0,0
2,1,63017,0,15,0,0,0,0,0,0,0,0
1,1,63018,23,23,23,23,23,23,23,23,23,23
2,1,63018,0,0,0,0,0,0,0,0,0,0
1,1,63019,0,0,0,0,0,0,0,0,0,0
2,1,63019,0,0,0,0,0,0,0,0,0,15
1,1,63020,0,0,0,0,0,0,0,0,0,0
2,1,63020,0,0,0,0,0,0,3,0,0,0
1,1,63021,0,0,0,0,0,0,0,0,0,0
2,1,63021,0,0,0,0,0,0,0,0,0,0
1,1,63022,0,0,0,0,0,0,0,0,0,0
2,1,63022,0,0,0,0,0,0,0,0,0,0
1,1,63023,0,0,0,0,0,0,0,0,0,0
2,1,63023,0,0,0,0,0,0,0,0,0,0
1,1,63024,0,0,0,0,0,0,0,0,0,0
2,1,63024,0,0,0,0,0,0,0,0,0,0
1,1,63025,0,0,0,0,0,0,0,0,0,0
1,1,63026,0,0,0,0,0,0,0,0,0,0
1,1,63027,0,0,0,0,0,0,0,0,0,0
2,1,63027,0,0,0,0,0,0,0,0,0,0
0,1,63028,0,0,0,0,0,0,0,0,0,0
1,1,63028,0,0,0,0,0,0,0,0,0,0
0,1,63029,0,0,0,0,0,0,0,0,0,0
1,1,63029,0,0,0,0,0,0,0,0,0,0
0,1,63030,25,15,8,15,19,4,18,10,42,19
0,2,63030,34,39,33,6,29,18,30,14,50,27
1,1,63030,0,0,12,0,0,0,0,11,0,0
1,1,63031,0,0,0,0,0,0,0,0,0,0
2,1,63031,0,0,0,0,0,0,0,0,0,0
1,1,63032,0,0,0,0,0,0,0,0,0,0
2,1,63032,0,0,0,0,0,0,0,0,0,0
0,1,63033,0,0,0,0,7,0,0,0,0,0
1,1,63033,0,0,0,0,0,0,0,0,0,0
1,1,63034,0,0,0,0,0,0,0,0,0,0
0,1,63035,0,0,0,0,0,0,0,0,0,0
1,1,63035,0,0,0,0,0,0,0,0,0,0
0,1,63036,0,0,0,0,0,0,0,0,0,0
1,1,63036,2,2,2,2,2,2,2,2,2,2
1,1,63037,0,0,0,0,0,0,0,0,0,0
2,1,63037,0,0,0,0,0,0,0,0,0,0
1,1,63038,45,45,45,45,45,45,45,45,45,45
2,1,63038,0,0,0,0,0,0,0,0,0,0
1,1,63039,0,0,0,0,0,0,0,0,0,0
2,1,63039,0,0,0,0,0,0,0,0,0,0
0,1,63040,0,0,0,0,0,0,0,0,0,0
1,1,63040,0,0,0,0,0,0,0,0,0,0
1,1,63041,0,0,0,0,0,17,0,0,0,0
1,1,63042,0,0,0,0,0,0,0,0,0,0
2,1,63042,0,0,0,0,0,0,0,0,0,0
1,1,63043,0,0,0,0,0,0,0,0,0,0
0,1,63044,33,28,28,33,19,36,33,20,17,49
1,1,63044,0,0,0,0,0,0,0,0,0,0
1,1,63045,0,0,0,0,0,0,0,0,0,0
2,1,63045,0,0,0,0,0,0,0,0,0,0
3,1,63045,0,0,0,0,0,0,0,0,0,0
1,1,63046,0,0,0,0,0,0,0,0,0,0
2,1,63046,0,0,0,0,0,0,0,0,0,0
1,1,63047,0,0,0,0,0,0,0,0,0,0
1,1,63048,0,0,0,0,0,0,0,0,0,0
2,1,63048,0,0,0,0,0,0,0,0,0,0
3,1,63048,0,0,0,0,0,0,0,0,0,0
0,1,63049,0,0,0,0,0,0,0,0,0,0
1,1,63049,0,0,0,0,0,0,0,0,0,0
0,1,63050,17,17,17,17,17,17,17,17,17,17
1,1,63050,0,0,0,0,0,0,0,0,0,0
1,1,63051,10,10,10,10,10,10,10,10,10,10
2,1,63051,0,0,0,0,0,0,0,0,0,0
1,1,63052,0,0,0,0,0,0,0,0,0,0
2,1,63052,0,0,0,0,0,0,0,0,0,0
1,1,63053,0,0,0,0,0,0,0,0,0,0
1,1,63054,0,0,0,0,0,0,0,0,0,0
1,1,63055,0,0,9,0,0,0,0,0,0,0
1,1,63056,22,6,18,12,0,37,18,20,0,13
1,1,63057,0,0,0,0,0,0,0,0,0,0
1,1,63058,0,20,0,0,0,0,0,10,0,0
2,1,63058,0,0,0,0,0,0,0,0,0,0
3,1,63058,0,0,0,0,0,0,0,0,0,4
1,1,63059,0,0,0,0,0,0,0,0,0,0
1,1,63060,0,0,0,0,0,0,0,0,0,0
2,1,63060,10,10,10,10,10,10,10,10,10,10
1,1,63061,18,18,18,18,18,18,18,18,18,18
1,1,63062,17,17,17,17,17,17,17,17,17,17
0,1,63063,0,0,0,0,0,0,0,0,0,0
1,1,63063,0,8,0,19,0,0,11,13,0,14
1,1,63064,10,0,7,0,0,11,4,0,0,9
2,1,63064,0,0,0,0,0,0,0,0,0,0
0,1,63065,0,0,0,0,0,0,12,0,0,0
1,1,63065,0,0,0,0,0,0,0,0,0,0
1,1,63066,0,0,0,0,0,0,0,0,0,0
2,1,63066,0,0,0,0,0,0,0,0,0,0
1,1,63067,0,0,0,0,0,0,0,0,0,0
2,1,63067,0,0,0,0,0,0,0,0,0,0
1,1,63068,0,0,0,17,2,0,17,7,0,0
2,1,63068,0,0,0,0,0,0,0,0,0,0
3,1,63068,0,0,0,0,0,0,0,0,0,0
1,1,63069,0,0,0,0,0,0,0,0,0,0
2,1,63069,0,0,0,0,0,0,0,0,0,0
3,1,63069,0,0,0,0,0,0,0,0,0,0
1,1,63070,10,10,10,10,10,10,10,10,10,10
2,1,63070,0,0,0,0,0,0,0,0,0,0
1,1,63071,14,14,14,14,14,14,14,14,14,14
2,1,63072,0,0,0,0,0,0,0,0,0,0
3,1,63072,0,0,0,0,0,0,0,0,0,0
1,1,63073,19,19,19,19,19,19,19,19,19,19
2,1,63073,0,0,0,0,0,0,0,0,0,0
1,1,63074,25,25,25,25,25,25,25,25,25,25
1,1,63075,0,0,0,0,0,0,0,0,0,0
2,1,63075,0,0,0,0,0,0,0,0,0,0
1,1,63076,0,0,0,0,0,0,0,0,0,0
2,1,63076,0,0,0,0,0,0,0,0,0,0
1,1,63077,0,13,0,0,0,0,0,0,11,0
1,1,63078,0,0,0,0,0,0,0,0,0,0
0,1,63079,0,33,0,0,17,0,0,0,0,0
1,1,63079,0,0,0,15,0,0,0,0,0,0
1,1,63080,0,0,0,0,0,0,0,0,0,0
2,1,63080,0,0,0,0,0,0,0,0,0,0
1,1,63081,0,0,0,0,0,0,0,0,0,0
2,1,63081,0,0,0,0,0,0,0,0,0,0
1,1,63082,0,0,0,0,0,0,0,0,0,0
0,1,63083,0,0,0,0,0,0,0,0,0,0
1,1,63083,0,0,0,0,0,0,0,0,0,0
1,1,63084,0,0,0,0,0,0,0,0,0,0
1,1,63085,0,0,0,0,0,0,0,0,0,0
2,1,63085,0,0,0,0,0,0,0,0,0,0
1,1,63086,8,8,8,8,8,8,8,8,8,8
2,1,63086,0,0,0,0,0,0,0,0,0,0
1,1,63087,25,25,25,25,25,25,25,25,25,25
2,1,63087,0,0,0,0,0,0,0,0,0,0
0,1,63088,23,23,23,23,23,23,23,23,23,23