VEH_NO,PER_NO,ST_CASE,P1,P2,P3,P4,P5,P6,P7,P8,P9,P10
1,1,63088,0,0,0,0,0,0,0,0,0,0
0,1,63089,0,0,0,0,0,0,0,0,0,0
1,1,63089,0,0,0,0,0,0,0,0,0,0
1,1,63090,0,0,0,0,0,0,0,0,0,0
2,1,63090,0,0,0,0,0,0,0,0,0,0
1,1,63091,0,0,0,0,0,0,0,0,0,0
2,1,63091,0,0,0,0,0,0,0,0,0,0
1,1,63092,0,0,0,0,0,0,0,0,0,0
2,1,63092,0,0,0,0,0,0,0,0,0,0
0,1,63093,0,0,0,0,0,0,0,0,0,0
1,1,63093,0,0,0,0,0,0,0,0,0,0
2,1,63093,0,0,0,0,0,0,0,0,0,0
1,1,63094,0,18,0,0,11,0,0,0,0,0
2,1,63094,0,0,0,0,0,0,0,0,0,0
1,1,63095,34,34,34,34,34,34,34,34,34,34
1,1,63096,0,0,0,0,0,0,0,0,0,0
2,1,63096,0,0,0,0,0,0,0,0,0,0
1,1,63097,0,0,0,0,0,0,0,0,0,0
2,1,63097,0,0,0,0,0,0,0,0,0,0
1,1,63098,0,0,0,0,0,0,0,0,0,0
2,1,63098,0,0,0,0,0,0,0,0,0,0
1,1,63099,9,9,9,9,9,9,9,9,9,9
2,1,63099,0,0,0,0,12,0,0,0,0,0
0,1,63100,22,48,17,24,27,29,34,18,39,0
1,1,63100,0,0,0,0,0,0,0,0,0,0
1,1,63101,13,12,6,10,10,6,39,27,5,21
0,1,63102,17,17,17,17,17,17,17,17,17,17
1,1,63102,14,5,11,5,0,0,7,13,28,10
1,1,63103,19,19,19,19,19,19,19,19,19,19
2,1,63103,0,0,0,0,0,0,0,0,0,0
1,1,63104,23,23,23,23,23,23,23,23,23,23
2,1,63104,0,0,0,0,0,0,0,8,0,0
1,1,63105,2,2,2,2,2,2,2,2,2,2
2,1,63105,6,6,6,6,6,6,6,6,6,6
0,1,63106,0,0,0,0,0,0,0,0,0,0
1,1,63106,8,8,8,8,8,8,8,8,8,8
1,1,63107,18,18,18,18,18,18,18,18,18,18
2,1,63107,0,0,0,0,0,0,0,0,0,0
0,1,63108,13,13,13,13,13,13,13,13,13,13
1,1,63108,17,17,17,17,17,17,17,17,17,17
1,1,63109,6,6,6,6,6,6,6,6,6,6
2,1,63109,9,14,10,9,12,19,9,17,8,11
1,1,63110,0,0,0,0,0,0,0,0,0,0
2,1,63110,0,0,0,0,0,0,0,0,0,0
3,1,63110,0,0,0,0,0,0,0,0,0,0
4,1,63110,0,0,0,0,0,0,0,0,0,0
5,1,63110,0,0,0,0,0,0,0,0,0,0
1,1,63111,0,0,0,0,0,0,0,0,0,0
2,1,63111,0,0,0,0,0,0,0,0,0,0
1,1,63112,0,0,0,0,0,0,0,0,0,0
2,1,63112,0,0,0,0,0,0,0,0,0,0
0,1,63113,0,0,0,0,0,0,0,0,0,0
1,1,63113,14,14,14,14,14,14,14,14,14,14
1,1,63114,0,0,0,0,29,0,0,16,0,0
1,1,63115,0,0,0,0,0,0,0,0,0,0
2,1,63115,0,0,0,0,0,0,0,14,0,3
0,1,63116,25,25,25,25,25,25,25,25,25,25
1,1,63116,0,0,0,0,0,0,0,0,0,0
0,1,63117,0,0,0,0,0,0,0,0,0,0
1,1,63117,0,0,0,0,0,0,0,0,0,0
1,1,63118,0,0,0,0,0,0,0,0,0,0
0,1,63119,0,0,0,0,0,0,0,0,0,0
1,1,63119,0,0,0,0,0,0,0,0,0,0
1,1,63120,10,10,10,10,10,10,10,10,10,10
1,1,63121,0,0,0,0,0,0,0,0,0,0
1,1,63122,10,10,10,10,10,10,10,10,10,10
1,1,63123,15,15,15,15,15,15,15,15,15,15
0,1,63124,0,0,0,0,0,0,0,0,0,0
1,1,63124,12,0,0,0,0,13,0,0,0,0
0,1,63125,24,24,24,24,24,24,24,24,24,24
1,1,63125,0,0,16,0,0,0,0,0,0,0
1,1,63126,23,23,23,23,23,23,23,23,23,23
2,1,63126,0,0,0,0,0,0,0,0,0,0
1,1,63127,0,9,13,12,16,16,42,9,17,15
1,1,63128,6,14,13,14,8,7,8,16,7,10
1,1,63129,0,0,0,0,0,0,0,0,0,0
2,1,63129,0,0,0,0,0,0,0,0,0,0
1,1,63130,0,0,0,0,0,0,0,0,0,0
2,1,63130,0,0,0,0,0,0,0,0,0,0
0,1,63131,0,0,0,0,0,0,0,0,0,0
1,1,63131,0,0,0,0,0,0,0,0,0,0
1,1,63132,29,29,29,29,29,29,29,29,29,29
1,1,63133,0,0,0,0,0,0,0,0,0,0
2,1,63133,0,0,0,0,0,0,0,0,0,0
0,1,63134,9,9,9,9,9,9,9,9,9,9
1,1,63134,11,22,10,18,21,39,17,17,13,0
1,1,63135,17,17,17,17,17,17,17,17,17,17
1,1,63136,0,0,22,27,39,27,0,0,19,18
1,1,63137,0,0,0,0,0,0,0,0,0,0
0,1,63138,0,0,0,0,0,0,0,0,0,0
1,1,63138,0,0,0,0,0,0,0,0,0,0
1,1,63139,0,0,20,0,0,0,0,0,0,0
2,1,63139,0,0,0,0,0,0,0,0,0,0
1,1,63140,0,0,0,0,0,0,0,0,0,0
2,1,63140,0,0,0,0,0,0,18,0,0,0
1,1,63141,0,0,0,0,0,0,0,0,0,0
2,1,63141,0,0,0,0,0,0,0,0,0,0
1,1,63142,12,20,14,27,14,7,9,14,11,9
2,1,63142,0,0,0,0,0,0,0,0,0,0
0,1,63143,0,0,0,0,0,0,0,0,0,0
1,1,63143,6,6,6,6,6,6,6,6,6,6
0,1,63144,0,0,0,0,0,0,0,0,0,0
1,1,63144,0,0,0,0,0,0,0,0,0,0
1,1,63145,0,0,0,0,0,0,0,0,0,0
0,1,63146,0,0,0,0,0,0,0,0,0,0
1,1,63146,0,0,0,5,0,0,0,0,0,0
0,1,63147,0,0,0,0,0,0,0,0,0,0
1,1,63147,0,0,0,0,0,0,0,0,0,0
0,1,63148,0,0,0,0,0,0,0,0,0,0
1,1,63148,0,8,0,0,0,0,0,0,0,0
0,1,63149,0,0,0,0,0,0,0,0,0,0
1,1,63149,0,0,0,0,0,0,0,0,0,0
0,1,63150,32,32,32,32,32,32,32,32,32,32
1,1,63150,0,0,0,0,0,0,0,0,0,0
1,1,63151,20,20,20,20,20,20,20,20,20,20
1,1,63152,6,6,6,6,6,6,6,6,6,6
0,1,63153,22,22,22,22,22,22,22,22,22,22
1,1,63153,0,0,0,0,20,0,0,0,0,0
1,1,63154,18,18,18,18,18,18,18,18,18,18
0,1,63155,0,0,0,0,0,0,0,0,0,0
1,1,63155,0,0,21,6,0,0,11,23,22,0
1,1,63156,0,0,0,0,0,0,0,0,0,0
1,1,63157,0,0,0,0,0,0,0,0,0,0
0,1,63158,0,0,0,0,0,0,0,0,0,0
1,1,63158,0,0,0,0,0,0,0,0,0,0
1,1,63159,0,0,0,0,0,0,0,0,0,0
1,1,63160,20,20,20,20,20,20,20,20,20,20
0,1,63161,0,0,0,0,0,0,0,0,0,0
1,1,63161,2,2,2,2,2,2,2,2,2,2
1,1,63162,21,21,21,21,21,21,21,21,21,21
0,1,63163,0,0,0,0,0,0,0,0,0,0
1,1,63163,0,0,0,0,0,18,0,0,0,0
1,1,63164,13,13,13,13,13,13,13,13,13,13
1,1,63165,20,20,20,20,20,20,20,20,20,20
0,1,63166,0,0,0,0,0,0,0,0,0,0
1,1,63166,0,0,0,0,0,0,0,0,0,9
1,1,63167,14,14,14,14,14,14,14,14,14,14
1,1,63168,14,14,14,14,14,14,14,14,14,14
1,1,63169,0,17,0,0,0,0,23,39,0,5
2,1,63169,0,0,0,0,0,0,0,0,0,0
3,1,63169,0,0,0,0,0,0,0,0,0,0
4,1,63169,0,0,0,0,0,0,0,0,0,0
1,1,63170,0,0,0,0,0,0,0,0,0,0
2,1,63170,0,0,0,0,0,0,0,0,0,0
1,1,63171,0,0,0,0,0,0,0,0,0,0
2,1,63171,0,0,0,0,0,0,0,0,0,0
1,1,63172,0,0,0,0,0,0,0,0,0,0
2,1,63172,0,0,0,0,0,0,0,0,0,0
1,1,63173,7,7,7,7,7,7,7,7,7,7
2,1,63173,0,0,0,0,0,0,0,0,0,0
1,1,63174,21,21,21,21,21,21,21,21,21,21
2,1,63174,0,0,0,0,0,0,0,0,0,0
3,1,63174,2,2,2,2,2,2,2,2,2,2
1,1,63175,14,14,14,14,14,14,14,14,14,14
1,1,63176,5,0,5,0,0,17,0,0,0,9
2,1,63176,0,0,0,0,0,0,0,0,0,0
1,1,63177,0,0,0,0,0,0,0,0,0,0
2,1,63177,0,0,0,0,0,0,0,0,6,0
1,1,63178,13,13,13,13,13,13,13,13,13,13
2,1,63178,0,0,0,0,0,0,0,0,0,0
1,1,63179,0,0,0,0,0,0,0,0,0,0
2,1,63179,0,0,14,0,0,0,0,0,7,0
3,1,63179,0,0,0,0,0,0,0,0,0,0
4,1,63179,0,0,0,0,0,0,0,0,0,0
5,1,63179,0,0,0,0,0,0,0,0,0,0
1,1,63180,0,0,0,0,0,0,0,0,0,0
2,1,63180,0,0,0,0,0,0,0,0,0,0
3,1,63180,0,0,0,0,0,0,0,0,13,0
1,1,63181,0,7,0,0,0,0,0,0,0,0
2,1,63181,0,0,0,0,0,0,0,7,0,0
1,1,63182,0,14,0,0,27,0,0,0,0,0
2,1,63182,0,0,0,0,0,0,0,0,0,0
1,1,63183,0,0,0,0,0,0,0,0,0,0
2,1,63183,0,0,0,0,0,0,0,0,0,0
3,1,63183,0,0,0,0,0,18,0,0,0,0
1,1,63184,0,0,0,0,0,0,0,0,0,0
2,1,63184,0,0,0,0,0,0,0,0,0,0
1,1,63185,0,0,0,0,0,0,0,0,0,0
2,1,63185,0,0,0,0,0,0,0,0,0,0
1,1,63186,15,15,15,15,15,15,15,15,15,15
1,1,63187,0,0,0,0,0,0,0,0,0,0
2,1,63187,0,0,0,0,0,0,0,0,0,0
0,1,63188,0,0,0,0,0,0,0,0,0,0
1,1,63188,0,0,0,0,0,0,0,0,0,0
1,1,63189,8,5,22,0,0,10,20,12,20,15
3,1,63189,0,0,0,0,0,0,0,0,0,0
1,1,63190,2,2,2,2,2,2,2,2,2,2
2,1,63190,0,0,0,0,0,0,0,0,0,0
1,1,63191,0,0,0,0,0,0,0,0,0,0
2,1,63191,7,0,0,0,0,0,0,0,0,0
1,1,63192,0,0,0,0,0,0,0,0,0,0
2,1,63192,0,0,0,0,0,0,0,0,0,0
1,1,63193,27,27,27,27,27,27,27,27,27,27
2,1,63193,0,0,0,0,0,0,0,14,0,6
1,1,63194,0,0,0,0,0,0,0,0,0,0
1,1,63195,0,19,0,0,0,0,0,0,0,0
2,1,63195,0,0,0,0,0,0,0,0,0,0
1,1,63196,0,0,0,0,0,0,0,0,0,0
2,1,63196,0,0,0,0,0,0,0,0,0,0
1,1,63197,0,0,0,0,0,0,0,0,0,0
2,1,63197,0,0,0,0,0,0,0,0,0,0
0,1,63198,24,24,24,24,24,24,24,24,24,24
1,1,63198,0,0,0,0,7,0,0,0,0,0
2,1,63198,0,0,0,0,0,0,0,6,0,0
1,1,63199,0,0,0,0,0,0,0,0,0,0
2,1,63199,0,0,0,0,0,0,0,0,0,0
1,1,63200,19,19,19,19,19,19,19,19,19,19
2,1,63200,0,0,0,0,0,0,0,0,0,0
1,1,63201,0,0,0,0,0,0,0,0,0,0
1,1,63202,0,0,0,0,0,0,0,0,0,0
2,1,63202,0,0,0,0,0,0,0,0,0,0
3,1,63202,0,0,0,0,0,0,0,0,0,12
4,1,63202,0,0,0,0,0,0,0,0,0,0
5,1,63202,15,0,0,0,0,0,0,0,0,0
1,1,63203,20,20,20,20,20,20,20,20,20,20
1,1,63204,0,0,0,0,0,0,0,0,0,0
2,1,63204,0,0,0,0,0,0,0,0,0,0
1,1,63205,0,0,0,0,0,0,0,0,0,0
2,1,63205,0,0,0,0,0,0,0,0,0,0
1,1,63206,0,0,0,0,0,0,0,0,0,0
2,1,63206,0,0,0,0,0,0,0,0,0,0
3,1,63206,0,0,0,0,0,0,0,0,0,0
1,1,63207,0,0,0,0,0,0,0,0,0,0
2,1,63207,0,0,0,0,0,0,0,0,0,0
1,1,63208,0,0,0,0,0,0,0,0,0,0
2,1,63208,0,0,0,0,0,0,0,0,0,0
1,1,63209,0,0,0,0,0,0,0,0,0,0
2,1,63209,0,0,0,0,0,0,0,0,0,0
1,1,63210,0,0,0,0,0,0,0,0,0,0
2,1,63210,0,0,0,0,0,0,3,0,0,0
1,1,63211,0,0,0,0,0,0,0,0,0,0
2,1,63211,0,0,0,0,0,0,0,0,0,0
3,1,63211,0,0,0,0,0,0,0,0,0,0
1,1,63212,0,0,0,0,0,0,0,0,0,0
2,1,63212,0,0,0,0,0,0,0,0,0,0
1,1,63213,0,0,0,0,0,0,0,0,0,0
2,1,63213,0,0,0,0,4,0,0,0,0,0
1,1,63214,20,20,20,20,20,20,20,20,20,20
2,1,63214,0,0,0,0,0,0,0,0,0,0
1,1,63215,0,0,0,0,0,0,0,0,0,0
2,1,63215,0,0,0,0,0,0,0,0,0,0
0,1,63216,0,0,0,0,0,0,0,0,0,0
1,1,63216,0,0,0,0,0,0,0,0,0,0
1,1,63217,25,25,25,25,25,25,25,25,25,25
2,1,63217,0,0,0,0,0,0,0,0,0,0
1,1,63218,13,13,13,13,13,13,13,13,13,13
2,1,63218,0,0,0,0,0,0,0,0,0,7
1,1,63219,23,23,23,23,23,23,23,23,23,23
1,1,63220,0,0,0,0,0,0,0,0,0,0
2,1,63220,0,0,0,0,0,0,0,0,0,0
1,1,63221,0,0,0,0,0,0,0,0,0,0
2,1,63221,0,0,0,0,0,0,0,0,0,0
1,1,63222,0,0,0,0,0,0,0,0,0,0
2,1,63222,0,0,0,0,0,0,0,0,0,0
1,1,63223,0,0,0,0,0,0,0,0,0,0
1,1,63224,0,0,0,0,0,0,0,0,0,0
1,1,63225,33,33,33,33,33,33,33,33,33,33
1,1,63226,9,9,9,9,9,9,9,9,9,9
2,1,63226,0,0,0,0,0,0,0,0,0,0
1,1,63227,0,0,0,0,0,0,0,0,0,0
2,1,63227,0,0,0,0,0,0,0,16,0,0
0,1,63228,27,27,27,27,27,27,27,27,27,27
0,2,63228,20,0,0,0,33,0,0,0,0,16
1,1,63228,10,14,0,13,10,6,12,14,14,0
1,1,63229,0,0,0,0,0,0,0,0,0,0
1,1,63230,0,0,0,0,0,0,0,0,0,0
2,1,63230,0,0,0,0,0,0,0,0,0,0
1,1,63231,0,0,0,0,0,0,0,0,0,0
2,1,63231,0,0,0,0,0,0,0,0,0,0
1,1,63232,18,18,18,18,18,18,18,18,18,18
2,1,63233,0,0,0,0,0,0,0,0,0,0
1,1,63234,0,0,0,0,0,0,0,0,0,0
0,1,63235,0,0,0,0,0,0,0,0,0,0
1,1,63235,0,0,0,18,0,7,0,0,0,0
1,1,63236,18,20,10,0,4,0,10,4,6,6
2,1,63236,0,0,0,0,0,0,0,0,0,0
1,1,63237,24,24,24,24,24,24,24,24,24,24
2,1,63237,0,0,5,0,0,0,0,0,0,0
1,1,63238,0,0,0,0,0,0,0,0,0,0
2,1,63238,0,0,0,0,0,0,0,0,0,0
3,1,63238,0,0,0,0,0,0,0,0,0,0
4,1,63238,0,0,0,0,0,0,0,0,0,0
5,1,63238,0,0,2,0,0,23,0,0,0,0
1,1,63239,0,0,0,0,0,0,0,0,0,0
2,1,63239,0,0,0,0,0,0,0,0,0,0
1,1,63240,0,0,0,0,0,0,0,0,0,0
2,1,63240,0,0,0,0,0,0,0,0,0,0
1,1,63241,20,20,20,20,20,20,20,20,20,20
1,1,63242,0,0,0,0,0,0,0,0,0,0
2,1,63242,0,0,0,0,0,0,0,0,0,0
3,1,63242,0,0,0,0,0,0,0,0,0,0
1,1,63243,0,0,0,0,0,0,0,0,0,0
2,1,63243,0,0,0,0,0,0,0,0,0,0
1,1,63244,0,0,0,0,0,0,0,0,0,0
2,1,63244,0,0,0,0,0,0,0,0,0,0
1,1,63245,24,24,24,24,24,24,24,24,24,24
2,1,63245,0,0,0,0,0,0,0,0,0,0
0,1,63246,24,24,24,24,24,24,24,24,24,24
0,2,63246,17,35,24,28,13,14,37,18,41,22
1,1,63246,0,0,0,0,0,0,0,0,0,0
0,1,63247,0,0,0,0,0,0,0,0,0,0
0,2,63247,0,0,0,0,5,0,0,0,0,0
0,3,63247,0,0,0,0,0,0,0,0,0,0
0,4,63247,0,0,0,0,0,0,0,0,0,0
0,5,63247,0,0,0,0,0,0,0,0,0,0
1,1,63247,0,0,0,0,0,0,0,0,0,0
1,1,63248,0,0,0,0,0,0,0,0,0,0
1,1,63249,0,0,0,0,0,0,0,0,0,0
2,1,63249,0,0,0,0,0,0,0,0,0,0
1,1,63250,0,0,0,0,0,0,0,0,0,0
2,1,63250,0,0,0,0,0,0,0,0,0,0
1,1,63251,0,0,0,0,0,0,0,0,0,0
0,1,63252,0,0,0,0,0,0,0,0,0,0
1,1,63252,0,0,0,0,0,0,0,0,0,0
1,1,63253,8,8,8,8,8,8,8,8,8,8
2,1,63253,0,0,0,0,0,0,0,0,14,0
0,1,63254,0,0,0,0,0,0,0,0,0,0
1,1,63254,0,0,0,0,0,0,0,0,0,0
1,1,63255,0,0,0,0,0,0,0,0,0,0
2,1,63255,0,0,0,0,0,0,0,0,0,0
1,1,63256,8,8,8,8,8,8,8,8,8,8
1,1,63257,0,0,0,0,0,0,0,0,0,0
2,1,63257,0,0,0,0,0,0,0,0,0,0
1,1,63258,0,0,0,0,0,0,0,0,0,0
2,1,63258,0,0,0,0,0,0,0,0,0,0
1,1,63259,0,0,0,0,0,0,0,0,0,0
2,1,63259,0,0,2,0,0,0,0,0,0,0
1,1,63260,13,13,13,13,13,13,13,13,13,13
0,1,63261,14,14,14,14,14,14,14,14,14,14
2,1,63261,0,0,0,0,0,0,0,0,15,0
1,1,63262,24,24,24,24,24,24,24,24,24,24
1,1,63263,0,0,0,0,0,2,0,0,0,0
2,1,63263,0,0,0,0,0,0,0,0,0,0
0,1,63264,0,0,0,0,0,0,0,0,0,0
1,1,63264,4,0,24,4,0,21,2,2,0,11
1,1,63265,0,0,0,0,17,0,0,7,0,0
2,1,63265,0,0,0,0,0,0,48,0,0,0
0,1,63266,6,0,0,0,2,0,0,18,0,0
1,1,63266,0,0,0,0,0,0,0,0,0,0
1,1,63267,0,0,0,9,0,0,0,0,0,0
2,1,63267,4,4,4,4,4,4,4,4,4,4
1,1,63268,0,0,0,0,0,0,0,0,0,0
2,1,63268,0,0,0,0,0,0,0,0,0,0
1,1,63269,0,0,0,0,0,0,0,0,0,0
2,1,63269,0,0,0,0,0,0,0,0,0,0
0,1,63270,7,7,7,7,7,7,7,7,7,7
1,1,63270,0,0,0,0,0,0,6,0,0,0
0,1,63271,13,13,13,13,13,13,13,13,13,13
1,1,63271,0,0,0,0,0,0,0,0,0,0
1,1,63272,0,0,0,0,0,0,0,0,0,0
2,1,63272,0,0,0,0,0,0,0,0,0,0
0,1,63273,19,19,19,19,19,19,19,19,19,19
1,1,63273,0,0,0,0,0,0,0,0,0,0
1,1,63274,17,17,17,17,17,17,17,17,17,17
1,1,63275,0,0,0,0,0,0,0,0,0,0
2,1,63275,0,0,0,0,0,0,0,0,0,0
1,1,63276,3,3,3,3,3,3,3,3,3,3
2,1,63276,0,0,0,0,0,0,0,0,0,0
1,1,63277,0,0,0,0,0,0,0,0,0,0
1,1,63278,0,0,0,0,0,0,0,0,0,0
0,1,63279,37,37,37,37,37,37,37,37,37,37
0,2,63279,0,0,0,0,0,0,0,0,0,0
1,1,63279,0,0,0,0,0,0,0,0,0,5
1,1,63280,0,0,0,0,0,21,0,0,0,0
0,1,63281,0,0,0,0,17,0,0,0,5,0
1,1,63281,20,20,20,20,20,20,20,20,20,20
1,1,63282,0,0,0,0,0,0,0,0,0,10
1,1,63283,0,0,0,0,0,9,0,0,0,0
0,1,63284,0,0,0,0,0,0,0,0,0,0
1,1,63284,0,0,0,0,0,0,0,0,0,0
1,1,63285,0,0,0,0,0,0,0,0,0,0
1,1,63286,14,14,14,14,14,14,14,14,14,14
0,1,63287,0,0,0,0,0,0,0,0,0,0
1,1,63287,0,0,0,0,0,0,0,0,0,0
0,1,63288,0,0,0,0,0,0,0,0,0,0
1,1,63288,0,0,0,0,0,0,0,0,0,0
1,1,63289,17,17,17,17,17,17,17,17,17,17
1,1,63290,0,0,0,0,0,0,0,0,0,0
0,1,63291,33,33,33,33,33,33,33,33,33,33
1,1,63291,0,0,0,0,9,0,0,0,0,0
0,1,63292,34,34,34,34,34,34,34,34,34,34
1,1,63292,0,0,0,0,0,0,0,0,0,0
1,1,63293,0,0,0,0,0,0,0,0,0,0
0,1,63294,0,0,0,15,0,0,0,0,0,0
1,1,63294,0,0,0,0,0,0,21,0,0,0
1,1,63295,0,0,0,0,0,0,0,0,0,0
1,1,63296,23,23,23,23,23,23,23,23,23,23
0,1,63297,0,0,0,0,0,0,0,0,0,0
1,1,63297,0,0,0,0,0,0,0,0,0,0
0,1,63298,27,27,27,27,27,27,27,27,27,27
1,1,63298,0,0,0,0,0,0,0,0,0,0
0,1,63299,23,23,23,23,23,23,23,23,23,23
1,1,63299,0,0,0,0,0,0,0,0,0,0
0,1,63300,0,0,24,11,0,0,0,0,0,0
1,1,63300,0,0,0,0,0,0,9,0,0,0
1,1,63301,24,24,24,24,24,24,24,24,24,24
1,1,63302,18,18,18,18,18,18,18,18,18,18
1,1,63303,0,0,0,0,0,0,0,0,0,0
1,1,63304,0,0,0,0,0,0,0,0,0,0
1,1,63305,0,0,0,0,0,0,0,0,0,0
1,1,63306,0,0,0,0,0,0,0,0,0,0
1,1,63307,0,0,0,0,0,0,0,0,0,0
1,1,63308,0,0,0,0,0,0,0,0,0,0
1,1,63309,2,2,2,2,2,2,2,2,2,2
1,1,63310,21,21,21,21,21,21,21,21,21,21
1,1,63311,31,31,31,31,31,31,31,31,31,31
1,1,63312,0,0,9,0,0,0,0,0,0,0
1,1,63313,0,0,0,0,0,0,0,0,0,0
1,1,63314,0,0,0,0,0,0,0,0,0,0
1,1,63315,0,0,28,0,0,0,11,0,0,0
1,1,63316,0,0,0,0,0,0,0,0,0,0
0,1,63317,0,0,0,0,0,0,0,0,0,0
0,2,63317,0,34,0,0,0,0,0,0,0,0
1,1,63317,0,0,0,0,0,0,0,0,0,0
2,1,63317,0,0,0,0,0,0,0,0,0,0
3,1,63317,0,0,0,0,0,0,0,0,0,0
0,1,63318,0,0,0,0,0,0,0,0,0,0
1,1,63318,0,0,0,0,0,0,0,0,0,0
2,1,63318,0,0,0,16,0,0,0,0,0,0
3,1,63318,0,0,0,17,9,0,20,0,0,0
4,1,63318,0,0,0,0,0,0,0,0,0,0
1,1,63319,0,0,0,0,0,0,0,0,0,0
2,1,63319,0,0,0,0,0,0,0,0,0,0
1,1,63320,17,17,17,17,17,17,17,17,17,17
1,1,63321,0,0,0,0,0,0,0,0,0,0
2,1,63321,0,0,0,0,0,0,0,0,0,0
1,1,63322,0,0,0,0,0,0,0,0,0,0
1,1,63323,0,0,0,0,0,0,0,0,0,0
1,1,63324,2,2,2,2,2,2,2,2,2,2
1,1,63325,0,0,0,0,0,0,0,0,0,0
2,1,63325,0,0,0,0,0,0,0,0,0,0
1,1,63326,0,0,0,0,0,0,0,0,0,0
2,1,63326,0,0,0,0,0,0,7,0,0,0
1,1,63327,0,0,0,0,0,0,0,0,0,0
2,1,63327,0,0,0,0,0,0,0,0,0,0
3,1,63327,0,0,0,0,0,0,5,0,0,0
4,1,63327,0,0,0,0,0,0,0,0,0,0
1,1,63328,0,0,0,0,0,0,0,10,0,0
2,1,63328,0,10,0,0,0,0,0,0,0,0
1,1,63329,0,0,0,0,0,0,0,0,0,0
2,1,63329,0,0,0,0,0,0,0,0,0,0
1,1,63330,4,4,4,4,4,4,4,4,4,4
0,1,63331,21,21,21,21,21,21,21,21,21,21
1,1,63331,0,0,0,0,0,0,0,0,0,0
0,1,63332,0,0,0,0,0,0,0,0,0,0
1,1,63332,0,0,0,0,0,0,0,0,0,0
0,1,63333,31,31,31,31,31,31,31,31,31,31
1,1,63333,28,15,14,4,0,9,19,15,6,7
1,1,63334,0,0,0,0,0,0,0,0,0,0
1,1,63335,9,17,0,0,0,0,9,0,0,0
0,1,63336,25,25,25,25,25,25,25,25,25,25
1,1,63336,0,0,0,0,0,0,0,0,0,0
0,1,63337,21,21,21,21,21,21,21,21,21,21
1,1,63337,0,0,3,0,0,0,0,0,0,0
1,1,63338,0,0,0,0,0,0,12,0,13,0
2,1,63338,0,0,0,0,0,0,0,0,0,0
0,1,63339,0,0,0,0,0,0,0,0,0,0
1,1,63339,0,0,0,0,0,0,0,0,0,0
1,1,63340,5,0,0,7,15,0,0,0,0,0
2,1,63340,0,0,0,0,0,0,0,0,0,0
0,1,63341,0,0,0,0,0,0,0,0,0,0
1,1,63341,0,0,0,0,0,0,0,0,0,8
1,1,63342,0,0,0,0,0,0,0,0,0,0
1,1,63343,11,11,11,11,11,11,11,11,11,11
2,1,63343,0,0,0,0,0,0,12,0,0,0
1,1,63344,2,2,2,2,2,2,2,2,2,2
2,1,63344,0,0,0,0,0,0,0,0,0,0
1,1,63345,23,23,23,23,23,23,23,23,23,23
1,1,63346,0,0,0,0,0,0,0,0,0,0
2,1,63346,0,0,0,0,0,0,0,0,0,0
0,1,63347,0,0,0,0,0,0,0,0,0,0
1,1,63347,0,0,0,0,0,0,0,0,0,0
0,1,63348,0,0,0,0,0,0,0,0,0,0
1,1,63348,0,0,0,0,0,0,0,0,0,0
1,1,63349,0,0,0,0,0,0,0,0,0,0
2,1,63349,0,0,0,0,0,0,0,0,0,0
3,1,63349,0,0,0,0,0,0,0,9,0,0
1,1,63350,32,32,32,32,32,32,32,32,32,32
2,1,63350,0,0,0,0,0,0,0,0,0,0
3,1,63350,0,0,0,0,0,0,0,0,0,0
4,1,63350,0,0,0,0,0,0,0,0,0,0
5,1,63350,0,0,0,8,0,0,0,0,0,0
1,1,63351,0,0,0,0,0,0,0,0,0,0
1,1,63352,23,23,23,23,23,23,23,23,23,23
0,1,63353,39,39,39,39,39,39,39,39,39,39
1,1,63353,0,0,0,0,0,0,0,0,0,0
0,1,63354,0,0,0,0,0,0,0,0,0,0
1,1,63354,0,0,0,0,0,0,0,0,0,0
1,1,63355,18,18,18,18,18,18,18,18,18,18
2,1,63355,0,0,0,0,0,0,0,0,0,0
3,1,63355,0,0,0,0,0,0,0,0,0,0
4,1,63355,0,0,0,0,0,0,0,0,0,0
0,1,63356,19,19,19,19,19,19,19,19,19,19
1,1,63356,0,0,0,0,0,0,0,0,0,0
0,1,63357,19,19,19,19,19,19,19,19,19,19
1,1,63357,0,0,0,0,0,0,0,0,0,0
1,1,63358,18,18,18,18,18,18,18,18,18,18
2,1,63358,0,0,0,0,0,0,0,0,0,0
1,1,63359,20,20,20,20,20,20,20,20,20,20
1,1,63360,0,0,0,0,0,0,0,0,0,0
1,1,63361,2,2,2,2,2,2,2,2,2,2
1,1,63362,0,0,0,0,0,0,0,0,0,0
1,1,63363,12,12,12,12,12,12,12,12,12,12
2,1,63363,0,0,0,0,0,0,0,0,0,0
1,1,63364,0,0,0,0,0,0,0,0,0,0
2,1,63364,11,11,11,11,11,11,11,11,11,11
1,1,63365,0,0,0,0,0,0,0,6,0,0
2,1,63365,9,9,9,9,9,9,9,9,9,9
0,1,63366,28,28,28,28,28,28,28,28,28,28
1,1,63366,0,0,5,0,0,0,0,0,0,0
1,1,63367,22,22,22,22,22,22,22,22,22,22
1,1,63368,11,0,0,0,8,11,7,0,0,0
0,1,63369,15,15,15,15,15,15,15,15,15,15
1,1,63369,0,0,0,19,0,0,0,0,0,0
0,1,63370,12,0,17,21,0,16,19,21,0,0
1,1,63370,0,5,0,0,0,0,0,0,0,0
1,1,63371,28,28,28,28,28,28,28,28,28,28
1,1,63372,18,18,18,18,18,18,18,18,18,18
1,1,63373,0,0,0,0,0,0,0,0,0,0
1,1,63374,0,0,0,0,0,0,0,0,0,0
2,1,63374,0,0,0,0,0,0,0,0,0,0
0,1,63375,0,20,0,0,0,31,0,0,14,0
1,1,63375,0,0,0,0,0,0,0,0,0,0
1,1,63376,23,23,23,23,23,23,23,23,23,23
2,1,63376,0,0,0,0,0,0,0,0,0,0
1,1,63377,3,3,3,3,3,3,3,3,3,3
2,1,63377,0,0,0,0,0,0,0,0,0,0
1,1,63378,0,0,0,0,0,0,0,9,0,0
2,1,63378,0,0,0,0,0,0,0,0,0,0
1,1,63379,27,27,27,27,27,27,27,27,27,27