VEH_NO,PER_NO,ST_CASE,P1,P2,P3,P4,P5,P6,P7,P8,P9,P10
2,1,63379,0,0,0,0,0,0,0,0,0,0
1,1,63380,0,0,0,0,0,0,0,0,0,0
2,1,63380,0,0,0,0,0,0,0,0,0,0
1,1,63381,0,0,0,0,0,0,0,0,0,0
2,1,63381,0,0,0,0,0,0,0,0,0,0
0,1,63382,0,0,0,0,0,0,0,0,0,0
1,1,63382,0,0,0,0,0,0,0,0,0,0
1,1,63383,0,0,0,0,0,0,0,0,0,0
2,1,63383,0,0,0,0,0,0,0,0,0,0
1,1,63384,0,0,0,0,0,0,0,0,0,0
2,1,63384,0,0,0,0,0,0,0,0,0,0
3,1,63384,0,0,0,3,0,0,0,0,0,0
1,1,63385,0,0,0,0,0,0,0,0,0,0
2,1,63385,0,0,0,0,0,0,0,0,0,0
3,1,63385,0,0,0,0,0,0,0,0,0,0
1,1,63386,0,0,0,0,0,0,0,0,0,0
2,1,63386,0,0,0,0,0,0,0,21,0,18
1,1,63387,0,0,0,0,0,0,0,0,0,0
2,1,63387,0,0,0,0,0,0,0,0,0,0
0,1,63388,0,0,0,0,0,0,0,0,0,0
1,1,63388,0,0,0,0,0,0,0,0,0,0
1,1,63389,0,0,0,0,0,0,0,0,0,0
2,1,63389,0,0,0,0,0,0,0,0,0,0
3,1,63389,0,0,0,0,0,0,0,0,0,0
0,1,63390,0,0,0,0,0,0,0,0,0,0
1,1,63390,0,0,0,0,0,0,0,0,0,0
2,1,63390,0,0,0,0,0,0,0,0,0,0
1,1,63391,1,1,1,1,1,1,1,1,1,1
2,1,63391,0,0,0,0,0,0,0,0,0,0
3,1,63391,0,0,0,0,0,0,0,0,0,0
1,1,63392,0,0,0,0,0,0,0,0,0,0
2,1,63392,0,0,15,0,0,0,0,0,0,0
1,1,63393,0,0,0,0,0,0,0,0,0,0
2,1,63393,10,0,0,0,0,0,13,0,0,0
1,1,63394,0,0,0,0,6,0,17,0,0,10
2,1,63394,30,30,30,30,30,30,30,30,30,30
3,1,63394,0,0,0,0,0,0,0,0,0,0
1,1,63395,0,0,0,0,0,0,0,0,0,0
1,1,63396,0,0,0,0,0,0,0,0,0,0
0,1,63397,16,20,20,0,0,0,10,0,31,22
1,1,63397,10,0,0,0,0,9,19,0,0,0
1,1,63398,7,7,10,15,13,0,0,14,0,30
2,1,63398,0,0,0,0,0,0,0,0,0,0
0,1,63399,0,0,0,0,0,28,0,0,32,0
0,2,63399,0,0,0,0,18,0,25,0,0,0
0,3,63399,0,0,0,0,0,0,0,0,0,0
1,1,63399,0,0,0,0,0,0,0,0,0,0
2,1,63399,0,0,0,0,0,0,0,0,0,0
1,1,63400,15,15,15,15,15,15,15,15,15,15
1,1,63401,20,20,20,20,20,20,20,20,20,20
0,1,63402,0,0,0,0,0,0,0,0,15,12
1,1,63402,0,0,0,0,0,0,0,0,0,0
2,1,63402,0,0,0,0,0,0,0,0,0,0
1,1,63403,13,13,13,13,13,13,13,13,13,13
0,1,63404,0,0,0,0,0,0,0,0,0,0
1,1,63404,0,0,0,0,13,0,0,0,0,0
0,1,63405,0,0,0,0,0,0,0,0,0,0
1,1,63405,21,21,21,21,21,21,21,21,21,21
1,1,63406,0,0,0,0,0,0,0,0,0,0
1,1,63407,38,38,38,38,38,38,38,38,38,38
1,1,63408,0,0,0,0,0,0,0,0,0,0
1,1,63409,0,0,0,0,0,0,0,0,0,0
1,1,63410,0,0,0,0,0,0,0,0,0,0
0,1,63411,0,0,0,0,0,0,0,0,0,0
1,1,63411,0,0,0,0,0,0,0,0,0,0
1,1,63412,0,0,0,0,0,0,0,0,0,0
0,1,63413,0,0,0,0,0,0,0,0,0,0
1,1,63413,8,8,0,0,18,8,13,6,12,27
1,1,63414,0,0,0,0,0,0,0,0,0,0
2,1,63414,0,0,0,0,0,0,0,0,0,0
1,1,63415,5,8,7,16,11,7,21,11,11,15
1,1,63416,0,0,0,0,0,0,0,0,0,0
2,1,63416,0,0,0,0,0,0,0,0,0,0
3,1,63416,0,0,0,0,0,0,0,0,0,0
1,1,63417,0,0,0,0,0,0,0,0,0,0
2,1,63417,0,0,0,0,0,0,0,0,0,0
1,1,63418,0,0,0,0,0,0,6,0,0,0
2,1,63418,0,0,0,0,0,0,0,0,0,0
3,1,63418,0,0,0,0,0,0,0,0,0,0
4,1,63418,0,0,0,0,0,4,0,0,0,0
0,1,63419,0,0,0,0,0,0,0,0,0,0
0,2,63419,0,0,0,0,0,0,0,0,0,0
0,3,63419,0,0,0,0,0,0,0,0,0,0
1,1,63419,14,12,17,12,21,22,10,15,25,11
1,1,63420,0,0,0,0,0,0,0,0,0,0
2,1,63420,0,0,0,0,0,0,0,0,0,0
3,1,63420,0,0,0,0,0,0,0,0,0,0
0,1,63421,0,0,0,0,0,0,0,0,0,0
0,2,63421,0,0,0,0,0,0,0,0,0,0
0,3,63421,4,4,4,4,4,4,4,4,4,4
1,1,63421,0,15,10,0,0,10,0,11,18,0
1,1,63422,0,0,0,0,0,0,0,0,0,0
2,1,63422,0,0,0,1,0,0,0,0,0,0
0,1,63423,0,0,0,0,0,0,0,0,0,0
0,2,63423,0,0,0,0,0,0,0,0,0,0
1,1,63423,0,0,0,0,0,0,0,0,0,0
1,1,63424,0,0,0,0,0,0,0,0,0,0
2,1,63424,0,0,0,0,0,0,0,0,0,0
1,1,63425,0,0,2,4,9,0,0,0,0,0
1,1,63426,0,0,0,0,0,0,0,0,0,0
2,1,63426,0,0,0,0,0,0,0,0,0,0
3,1,63426,0,0,0,0,16,0,0,0,0,0
4,1,63426,0,0,0,0,0,0,0,0,0,0
5,1,63426,0,0,0,0,0,0,0,0,0,0
1,1,63427,0,0,0,0,0,0,0,0,0,0
2,1,63427,0,0,0,0,0,0,0,0,0,0
1,1,63428,0,0,0,0,0,0,0,0,0,0
2,1,63428,2,2,2,2,2,2,2,2,2,2
1,1,63429,0,0,24,0,0,7,0,27,0,0
2,1,63429,0,0,0,0,0,0,0,0,0,0
0,1,63430,0,0,0,0,0,0,0,0,0,0
0,2,63430,0,0,0,0,0,0,0,0,0,0
1,1,63430,0,0,0,0,0,0,0,0,0,0
1,1,63431,0,0,0,0,0,0,0,0,0,0
2,1,63431,0,0,0,16,0,0,0,0,0,0
0,1,63432,0,0,0,0,0,0,0,0,0,0
1,1,63432,0,0,0,0,0,0,0,0,0,0
0,1,63433,0,0,0,0,0,0,0,0,0,0
1,1,63433,0,0,0,0,0,0,0,0,0,0
1,1,63434,0,0,0,0,0,0,0,0,0,0
2,1,63434,0,0,0,0,0,0,0,0,0,0
1,1,63435,0,0,0,0,0,0,0,0,0,0
2,1,63435,0,0,0,0,0,0,0,0,0,0
3,1,63435,0,0,0,0,0,0,0,0,0,0
1,1,63436,0,0,0,0,0,0,0,0,0,0
2,1,63436,0,0,0,0,0,0,0,0,0,0
1,1,63437,0,0,0,0,0,0,0,0,0,0
2,1,63437,0,0,0,0,0,0,0,0,0,0
1,1,63438,0,0,0,0,0,0,0,0,0,0
1,1,63439,23,23,23,23,23,23,23,23,23,23
1,1,63440,21,21,21,21,21,21,21,21,21,21
0,1,63441,12,0,0,0,7,0,0,0,0,6
1,1,63441,0,0,0,0,0,0,0,0,0,0
1,1,63442,0,0,0,0,0,0,0,0,0,0
2,1,63442,0,0,0,0,0,0,0,0,0,0
0,1,63443,0,0,0,0,0,0,0,0,0,0
1,1,63443,0,0,0,0,0,0,0,0,0,0
1,1,63444,0,0,0,0,0,0,0,0,0,0
2,1,63444,0,0,0,0,0,0,0,0,0,0
3,1,63444,0,0,0,0,0,0,0,0,0,0
0,1,63445,40,40,40,40,40,40,40,40,40,40
1,1,63445,9,0,0,0,0,0,0,0,0,0
2,1,63445,4,3,0,11,2,0,3,5,25,4
0,1,63446,0,0,0,0,0,0,0,0,0,0
0,2,63446,0,0,0,0,0,0,0,0,0,0
1,1,63446,0,0,0,0,0,0,0,0,0,0
0,1,63447,0,0,0,0,0,0,0,0,0,0
1,1,63447,0,0,5,0,0,0,0,0,0,0
2,1,63447,0,0,0,0,0,0,0,0,0,0
3,1,63447,0,0,0,0,0,0,0,0,0,0
1,1,63448,24,24,24,24,24,24,24,24,24,24
1,1,63449,24,24,24,24,24,24,24,24,24,24
2,1,63449,0,0,0,0,0,0,11,4,0,0
1,1,63450,13,13,13,13,13,13,13,13,13,13
0,1,63451,0,0,0,0,0,0,0,0,0,0
1,1,63451,0,0,0,0,0,0,0,0,0,9
1,1,63452,0,0,0,0,0,0,0,0,0,0
2,1,63452,0,0,0,0,0,0,0,0,0,0
0,1,63453,0,0,0,0,0,0,0,0,0,0
1,1,63453,0,0,0,0,0,0,0,0,0,0
0,1,63454,0,0,0,0,0,0,0,0,0,0
1,1,63454,4,4,4,4,4,4,4,4,4,4
1,1,63455,17,17,17,17,17,17,17,17,17,17
0,1,63456,21,21,21,21,21,21,21,21,21,21
1,1,63456,0,14,12,18,4,0,0,17,0,6
2,1,63456,0,8,0,0,3,11,0,9,4,0
0,1,63457,28,28,28,28,28,28,28,28,28,28
1,1,63457,0,0,0,7,0,0,0,0,13,0
0,1,63458,18,18,18,18,18,18,18,18,18,18
1,1,63458,0,0,0,0,3,0,0,0,14,0
1,1,63459,19,19,19,19,19,19,19,19,19,19
1,1,63460,0,0,10,0,0,0,0,0,0,0
1,1,63461,0,0,0,0,0,0,0,0,0,0
1,1,63462,0,0,0,0,0,0,0,0,0,0
2,1,63462,0,5,0,0,0,0,0,0,0,0
1,1,63463,0,0,0,0,0,0,0,0,0,0
1,1,63464,0,0,0,0,0,0,0,0,0,0
1,1,63465,0,0,0,0,0,0,0,0,0,0
0,1,63466,0,0,0,0,0,0,0,0,0,0
1,1,63466,0,0,0,0,0,0,0,0,0,0
1,1,63467,0,0,0,0,0,0,0,0,0,0
1,1,63468,24,24,24,24,24,24,24,24,24,24
2,1,63468,0,0,0,0,0,0,0,0,0,0
3,1,63468,0,0,0,0,0,0,0,0,0,11
4,1,63468,0,0,0,0,0,0,0,0,0,0
5,1,63468,0,0,4,0,0,0,0,0,0,0
6,1,63468,0,0,0,0,0,0,0,0,0,0
7,1,63468,0,0,0,0,0,0,0,0,0,0
8,1,63468,0,0,0,0,0,0,0,0,0,0
9,1,63468,0,0,0,0,0,0,0,0,0,0
10,1,63468,0,0,0,0,0,0,0,0,0,0
11,1,63468,0,0,0,0,0,0,0,0,0,0
12,1,63468,0,0,0,0,0,0,0,0,0,0
13,1,63468,0,0,0,0,0,0,0,0,0,0
14,1,63468,0,0,0,0,0,0,0,0,0,0
15,1,63468,0,0,0,0,0,0,0,0,0,0
16,1,63468,0,0,0,0,0,0,0,0,0,0
17,1,63468,0,0,0,0,0,0,0,0,0,0
18,1,63468,0,0,0,0,0,0,0,0,0,0
19,1,63468,0,0,0,0,0,0,22,0,0,0
20,1,63468,0,0,0,0,0,0,0,0,0,0
21,1,63468,0,0,0,0,0,0,0,0,0,0
22,1,63468,0,0,0,0,0,0,0,0,0,0
23,1,63468,0,0,0,0,0,0,0,0,0,0
24,1,63468,0,0,0,0,0,0,0,0,0,0
25,1,63468,0,0,0,0,0,0,0,0,0,0
26,1,63468,0,0,0,0,0,0,0,0,0,0
27,1,63468,0,0,0,0,0,0,0,0,0,0
28,1,63468,0,0,0,0,4,0,0,0,0,0
29,1,63468,0,0,0,0,0,0,0,0,0,0
30,1,63468,0,0,0,0,0,0,0,0,0,0
31,1,63468,0,21,0,0,0,0,0,0,5,0
32,1,63468,0,0,0,0,0,0,0,0,0,0
33,1,63468,0,0,0,0,0,0,0,0,0,0
34,1,63468,0,0,0,0,0,0,0,0,0,0
35,1,63468,0,0,15,0,0,0,12,0,0,0
36,1,63468,0,0,0,0,0,0,0,0,0,0
37,1,63468,0,0,0,0,0,0,0,0,0,0
38,1,63468,0,0,0,0,0,0,0,0,0,0
39,1,63468,0,0,0,0,0,0,0,0,0,0
40,1,63468,0,0,0,0,0,0,0,0,0,0
41,1,63468,0,0,0,0,0,0,0,4,0,0
42,1,63468,0,0,0,0,0,0,0,0,0,0
43,1,63468,0,0,0,0,0,0,0,0,0,0
44,1,63468,0,0,0,0,0,0,0,0,0,0
45,1,63468,0,0,8,0,0,0,0,0,0,0
46,1,63468,0,0,0,0,0,0,0,0,0,0
47,1,63468,0,0,0,0,0,0,0,0,0,0
48,1,63468,0,0,0,0,0,0,0,0,0,0
49,1,63468,0,0,0,0,0,0,0,0,0,0
50,1,63468,0,11,0,0,0,0,0,0,0,0
51,1,63468,0,0,0,0,0,0,0,0,0,0
52,1,63468,0,0,0,0,0,0,0,0,0,0
53,1,63468,0,0,0,0,0,0,0,0,0,0
54,1,63468,0,0,0,0,0,0,0,0,0,0
55,1,63468,0,0,0,0,0,0,0,0,0,0
56,1,63468,0,0,0,0,0,0,0,0,0,0
57,1,63468,0,0,0,0,0,0,0,0,0,0
58,1,63468,0,0,0,0,0,0,0,0,0,0
59,1,63468,0,0,0,0,0,0,0,0,0,0
60,1,63468,0,0,0,0,0,0,0,0,0,0
61,1,63468,0,0,0,0,0,0,0,0,0,0
62,1,63468,0,0,0,0,0,0,0,0,0,0
63,1,63468,0,0,0,0,0,0,0,0,0,0
64,1,63468,0,0,0,0,0,0,0,0,0,0
65,1,63468,0,0,0,0,0,0,0,0,0,0
66,1,63468,0,0,0,0,0,0,0,0,0,0
67,1,63468,0,0,0,0,0,0,0,0,0,0
68,1,63468,0,0,0,0,0,0,0,0,0,0
69,1,63468,0,0,0,0,0,0,0,0,0,0
70,1,63468,0,0,0,0,0,0,0,0,0,0
71,1,63468,0,0,0,0,0,0,0,0,0,0
72,1,63468,0,0,0,0,0,0,0,0,0,0
73,1,63468,0,0,0,0,0,0,0,0,0,0
74,1,63468,0,0,0,0,0,0,0,0,0,0
75,1,63468,0,12,0,0,0,0,0,0,0,0
76,1,63468,0,0,0,0,0,0,0,0,0,0
77,1,63468,0,0,0,0,0,0,0,0,0,0
78,1,63468,0,0,0,0,0,0,0,0,0,0
79,1,63468,0,0,0,0,0,0,0,0,0,0
80,1,63468,0,0,0,0,0,0,0,0,0,0
81,1,63468,0,0,0,0,0,0,0,0,0,0
82,1,63468,0,0,0,0,0,0,0,0,0,0
83,1,63468,0,0,0,0,0,0,0,0,0,0
84,1,63468,0,0,0,0,0,0,0,0,0,0
85,1,63468,0,0,0,0,0,0,0,0,0,0
86,1,63468,0,0,0,0,0,0,0,0,0,0
87,1,63468,0,0,0,0,0,0,0,0,0,0
88,1,63468,0,0,0,0,0,0,0,0,0,0
89,1,63468,0,0,0,0,0,0,0,0,0,0
90,1,63468,0,0,0,0,0,0,0,0,0,0
91,1,63468,0,0,0,0,0,0,0,0,0,16
92,1,63468,0,0,0,0,0,0,0,0,0,0
1,1,63469,0,0,12,0,0,0,0,18,0,0
2,1,63469,0,0,0,0,0,0,0,0,0,0
3,1,63469,0,0,0,0,0,0,0,0,0,0
4,1,63469,0,0,0,0,0,0,0,0,0,0
1,1,63470,0,0,0,0,0,4,0,0,0,0
2,1,63470,0,0,0,0,0,0,0,0,0,0
3,1,63470,0,0,0,0,0,0,0,0,0,0
4,1,63470,0,0,0,0,0,0,0,13,0,0
1,1,63471,25,25,25,25,25,25,25,25,25,25
1,1,63472,0,0,0,0,0,0,0,0,0,0
2,1,63472,0,0,0,0,0,0,0,0,0,0
1,1,63473,5,5,5,5,5,5,5,5,5,5
0,1,63474,10,10,10,10,10,10,10,10,10,10
1,1,63474,0,0,0,0,0,0,0,0,0,0
1,1,63475,2,2,2,2,2,2,2,2,2,2
2,1,63475,0,0,0,0,0,0,0,0,0,0
1,1,63476,17,17,17,17,17,17,17,17,17,17
1,1,63477,0,0,0,0,0,9,0,0,0,0
2,1,63477,0,0,0,0,0,0,0,0,0,0
1,1,63478,0,0,0,0,0,0,0,0,0,0
1,1,63479,0,0,0,0,0,0,0,0,0,0
2,1,63479,0,0,0,0,0,0,0,0,0,0
1,1,63480,0,0,0,0,0,0,0,0,18,0
0,1,63481,0,0,0,0,0,0,0,0,0,0
1,1,63481,0,0,0,0,0,0,0,0,0,0
1,1,63482,0,0,0,0,0,0,0,0,0,0
1,1,63483,6,6,6,6,6,6,6,6,6,6
1,1,63484,0,0,0,0,0,0,0,0,0,0
2,1,63484,0,0,0,0,0,0,0,0,0,0
0,1,63485,0,0,0,0,0,0,0,0,0,0
1,1,63485,0,0,0,0,0,0,0,0,0,0
1,1,63486,0,0,0,13,0,0,8,0,3,21
1,1,63487,0,0,0,0,0,0,0,0,0,0
1,1,63488,0,0,0,0,0,0,0,0,0,0
0,1,63489,0,0,0,0,0,0,0,0,0,0
1,1,63489,0,0,0,0,0,0,0,0,0,0
0,1,63490,0,0,0,0,0,0,0,0,0,0
1,1,63490,0,0,0,0,0,0,0,16,0,0
0,1,63491,0,0,0,0,0,0,0,0,0,0
1,1,63491,0,0,0,0,0,0,0,0,0,0
1,1,63492,2,2,2,2,2,2,2,2,2,2
0,1,63493,28,28,28,28,28,28,28,28,28,28
1,1,63493,0,0,15,0,12,0,0,0,0,0
1,1,63494,0,0,0,0,0,0,0,0,0,0
0,1,63495,0,0,0,0,0,0,0,0,0,0
1,1,63495,0,0,0,0,0,0,0,0,0,0
1,1,63496,14,14,14,14,14,14,14,14,14,14
2,1,63496,13,13,13,13,13,13,13,13,13,13
1,1,63497,26,26,26,26,26,26,26,26,26,26
2,1,63497,6,6,6,6,6,6,6,6,6,6
3,1,63497,0,0,0,0,0,0,0,0,0,0
1,1,63498,0,0,0,0,0,0,0,0,0,0
2,1,63498,0,0,0,0,0,0,0,0,0,0
1,1,63499,19,19,19,19,19,19,19,19,19,19
2,1,63499,0,0,0,0,0,0,0,0,0,0
1,1,63500,18,18,18,18,18,18,18,18,18,18
2,1,63500,0,0,0,0,0,0,0,0,0,0
1,1,63501,24,24,24,24,24,24,24,24,24,24
2,1,63501,10,10,10,10,10,10,10,10,10,10
3,1,63501,0,0,0,0,0,0,0,0,0,0
0,1,63502,0,0,0,0,0,0,0,0,0,0
0,2,63502,0,0,0,0,0,0,0,0,0,0
1,1,63502,0,0,0,0,0,0,0,0,0,0
1,1,63503,8,8,8,8,8,8,8,8,8,8
2,1,63503,0,0,0,0,0,0,0,0,0,0
1,1,63504,11,11,11,11,11,11,11,11,11,11
1,1,63505,19,19,19,19,19,19,19,19,19,19
1,1,63506,0,0,0,0,0,0,0,0,0,0
1,1,63507,16,16,16,16,16,16,16,16,16,16
1,1,63508,19,19,19,19,19,19,19,19,19,19
1,1,63509,0,0,0,0,0,0,0,0,0,0
1,1,63510,0,0,0,0,0,0,0,0,0,0
1,1,63511,11,11,11,11,11,11,11,11,11,11
0,1,63512,0,0,0,0,0,0,0,0,0,0
1,1,63512,10,0,14,0,0,0,0,0,8,0
0,1,63513,13,13,13,13,13,13,13,13,13,13
1,1,63513,0,0,0,0,0,0,0,0,0,0
2,1,63513,0,0,0,0,0,0,0,0,0,0
1,1,63514,0,18,14,0,6,0,18,0,0,0
2,1,63514,0,0,0,0,0,0,0,0,0,0
1,1,63515,0,0,0,0,0,0,0,0,0,0
1,1,63516,0,0,0,0,0,0,0,0,0,0
2,1,63516,0,0,0,0,0,0,0,0,0,0
1,1,63517,0,0,0,0,0,0,0,0,0,0
2,1,63517,0,26,0,0,0,0,0,0,0,0
1,1,63518,0,0,0,0,0,0,0,0,0,0
2,1,63518,0,0,0,0,0,3,0,0,0,0
1,1,63519,0,0,0,0,0,0,0,0,0,0
2,1,63519,0,0,0,0,0,12,0,0,0,0
3,1,63519,0,0,0,0,0,0,0,0,0,0
1,1,63520,16,16,16,16,16,16,16,16,16,16
2,1,63520,0,0,0,0,0,0,0,0,0,0
1,1,63521,0,0,0,0,0,0,0,0,0,0
0,1,63522,0,0,0,0,0,0,0,0,0,0
1,1,63522,0,0,0,0,0,0,51,0,0,0
0,1,63523,0,0,0,0,0,0,0,0,0,0
1,1,63523,0,0,0,0,0,0,0,0,0,0
1,1,63524,0,0,0,0,0,0,0,0,0,0
1,1,63525,0,0,0,0,0,0,0,0,0,0
1,1,63526,0,0,0,0,0,0,0,0,0,0
2,1,63526,0,0,0,0,0,0,0,0,0,0
1,1,63527,0,0,0,0,0,0,0,0,0,0
2,1,63527,0,0,0,0,0,0,0,0,0,0
1,1,63528,19,19,19,19,19,19,19,19,19,19
1,1,63529,10,10,10,10,10,10,10,10,10,10
1,1,63530,21,17,25,8,6,3,0,21,0,0
1,1,63531,0,0,0,0,0,0,0,0,0,0
1,1,63532,0,0,0,0,0,0,0,0,0,0
1,1,63533,0,0,0,0,0,0,0,0,0,0
2,1,63533,0,0,0,0,0,0,0,0,0,0
1,1,63534,0,0,0,0,0,0,0,0,0,0
2,1,63534,0,0,0,0,0,0,0,0,0,0
1,1,63535,0,0,0,0,0,0,0,0,11,0
2,1,63535,0,0,0,0,0,0,0,0,0,0
1,1,63536,0,0,0,18,0,0,0,0,0,0
1,1,63537,0,0,0,0,0,0,0,0,0,0
1,1,63538,0,0,17,8,0,2,24,0,0,6
2,1,63538,0,0,12,0,0,0,0,0,14,0
1,1,63539,0,0,0,0,0,0,0,0,0,0
1,1,63540,0,0,0,0,0,0,0,0,0,0
1,1,63541,0,0,0,0,0,0,0,0,0,0
2,1,63541,0,0,0,0,0,0,0,0,0,0
3,1,63541,0,10,0,0,0,0,0,0,0,0
1,1,63542,17,17,17,17,17,17,17,17,17,17
0,1,63543,0,0,0,0,0,0,0,0,0,0
1,1,63543,0,12,0,0,0,0,3,20,15,15
0,1,63544,0,0,0,0,0,0,0,0,0,0
1,1,63544,0,0,0,0,0,0,0,0,0,0
1,1,63545,0,0,0,0,0,0,0,0,0,0
1,1,63546,0,0,0,0,0,0,0,0,0,0
2,1,63546,0,0,0,0,0,0,0,0,0,0
1,1,63547,0,0,0,0,0,0,0,0,0,0
2,1,63547,0,0,0,0,0,0,0,0,0,0
0,1,63548,26,26,26,26,26,26,26,26,26,26
1,1,63548,0,0,0,0,0,0,0,0,0,0
0,1,63549,0,0,0,0,0,0,0,0,0,0
1,1,63549,0,0,0,0,0,0,0,0,0,0
1,1,63550,0,0,0,0,0,0,0,0,0,0
0,1,63551,14,14,14,14,14,14,14,14,14,14
1,1,63551,0,0,0,0,0,0,0,0,0,0
1,1,63552,0,0,0,0,0,0,0,0,0,0
1,1,63553,0,31,19,13,20,20,7,10,17,13
2,1,63553,0,0,0,0,0,0,0,0,0,0
0,1,63554,89,89,89,89,89,89,89,89,89,89
1,1,63554,0,0,0,0,0,0,0,0,0,0
1,1,63555,8,8,8,8,8,8,8,8,8,8
2,1,63555,0,0,0,0,0,0,0,0,0,0
1,1,63556,0,0,0,0,0,0,0,0,0,0
2,1,63556,0,0,0,0,0,0,0,0,0,0
0,1,63557,25,36,0,0,16,24,0,0,20,25
1,1,63557,0,0,0,0,0,0,0,0,0,0
1,1,63558,0,0,0,0,0,0,0,0,0,0
2,1,63558,0,0,0,0,0,0,0,0,0,0
1,1,63559,0,0,0,0,0,0,0,0,0,0
0,1,63560,0,0,0,0,0,0,0,0,0,0
1,1,63560,0,0,0,0,0,0,0,0,0,0
1,1,63561,35,35,35,35,35,35,35,35,35,35
2,1,63561,2,0,12,14,2,6,17,11,12,0
1,1,63562,8,8,8,8,8,8,8,8,8,8
2,1,63562,0,0,0,0,0,0,0,0,0,0
1,1,63563,5,5,5,5,5,5,5,5,5,5
2,1,63563,0,0,0,0,0,0,0,0,0,0
1,1,63564,0,0,0,0,0,0,0,0,0,0
1,1,63565,15,15,15,15,15,15,15,15,15,15
2,1,63565,0,0,0,0,0,0,0,0,0,0
1,1,63566,8,8,8,8,8,8,8,8,8,8
2,1,63566,0,0,0,15,0,27,17,11,22,0
1,1,63567,13,13,13,13,13,13,13,13,13,13
2,1,63567,18,18,18,18,18,18,18,18,18,18
3,1,63567,0,0,0,0,0,0,11,0,0,0
1,1,63568,16,24,10,19,0,6,0,23,12,22
2,1,63568,0,0,0,0,0,0,0,0,0,0
0,1,63569,0,0,0,0,0,0,0,0,0,0
1,1,63569,14,8,0,13,14,9,25,0,9,18
0,1,63570,0,0,0,0,0,0,0,0,0,0
1,1,63570,24,11,7,25,7,8,13,9,31,23
1,1,63571,2,2,2,2,2,2,2,2,2,2
1,1,63572,23,23,23,23,23,23,23,23,23,23
2,1,63572,0,0,0,0,0,0,0,0,0,0
1,1,63573,0,0,0,0,0,0,0,0,0,0
2,1,63573,0,0,0,0,0,0,0,0,0,0
0,1,63574,18,18,18,18,18,18,18,18,18,18
1,1,63574,0,0,0,0,0,0,0,0,0,0
1,1,63575,0,0,26,0,0,0,0,0,0,0
1,1,63576,0,0,0,0,0,0,0,0,0,0
2,1,63576,0,0,0,0,0,0,0,0,0,0
0,1,63577,23,23,23,23,23,23,23,23,23,23
1,1,63577,0,0,0,0,0,0,0,0,0,0
0,1,63578,0,0,0,0,0,0,0,0,0,0
1,1,63578,0,0,0,0,0,0,0,0,0,0
1,1,63579,0,0,0,0,0,0,0,0,0,0
2,1,63579,0,0,0,0,0,0,0,0,0,0
1,1,63580,30,30,30,30,30,30,30,30,30,30
2,1,63580,11,0,0,0,0,34,0,0,0,0
1,1,63581,0,0,0,0,0,0,0,0,0,0
0,1,63582,0,0,0,0,0,0,0,0,0,0
1,1,63582,0,0,0,32,0,0,0,0,0,0
3,1,63582,0,0,0,0,0,0,0,0,24,0
1,1,63583,2,2,2,2,2,2,2,2,2,2
2,1,63583,0,14,0,0,0,0,0,0,0,0
3,1,63583,0,0,0,0,0,0,0,0,0,0
1,1,63584,0,0,0,0,0,0,0,0,0,0
0,1,63585,0,0,0,0,0,0,0,0,0,0
0,2,63585,0,11,0,25,0,3,10,0,17,13
1,1,63585,10,10,10,10,10,10,10,10,10,10
0,1,63586,21,21,21,21,21,21,21,21,21,21
1,1,63586,0,0,0,0,0,0,0,0,0,0
1,1,63587,0,0,0,0,0,0,0,0,0,0
2,1,63587,0,0,0,0,0,0,0,0,0,0
3,1,63587,0,0,0,18,0,0,0,0,0,0
4,1,63587,0,9,0,0,0,0,0,0,0,0
5,1,63587,0,0,0,0,0,0,0,0,0,0
6,1,63587,0,0,0,10,0,0,0,0,0,0
7,1,63587,0,0,0,0,0,0,0,0,0,0
8,1,63587,0,0,0,0,0,0,0,0,0,0
9,1,63587,0,0,0,0,0,0,0,0,0,0
10,1,63587,14,0,10,0,9,0,28,14,0,0
11,1,63587,0,0,0,0,0,0,0,0,0,0
12,1,63587,0,0,0,0,0,0,0,0,0,0
13,1,63587,0,0,0,0,0,0,0,0,0,0
14,1,63587,0,0,0,0,0,0,0,0,0,0
15,1,63587,0,0,0,0,0,0,0,0,0,9
16,1,63587,0,0,0,0,13,0,0,0,0,0
17,1,63587,0,0,0,0,0,0,0,0,0,0
18,1,63587,0,0,0,0,0,0,0,0,0,0
19,1,63587,0,0,0,0,0,0,0,0,0,0
20,1,63587,0,0,0,0,0,0,0,0,0,0
21,1,63587,0,0,0,0,0,0,0,0,0,0
22,1,63587,0,0,0,0,0,0,0,0,0,0
23,1,63587,0,0,0,0,0,0,0,0,0,0
24,1,63587,0,0,0,0,0,0,0,0,0,0
25,1,63587,0,0,0,0,0,0,0,0,0,0
26,1,63587,0,0,0,0,0,0,0,19,0,0
27,1,63587,0,0,0,0,0,0,0,0,0,0
28,1,63587,0,0,0,0,0,0,0,0,0,0
29,1,63587,0,0,0,0,0,0,0,0,0,0
30,1,63587,0,0,0,0,0,0,0,0,0,0
31,1,63587,0,0,0,0,0,0,0,0,0,0
32,1,63587,0,0,0,0,0,0,0,0,0,0
33,1,63587,0,0,0,0,0,0,0,0,0,0
34,1,63587,0,0,0,0,0,0,0,0,0,0
0,1,63588,32,0,18,0,34,25,25,0,0,11
1,1,63588,0,0,0,0,0,0,0,0,10,0
2,1,63588,0,0,0,0,0,0,0,0,0,0
0,1,63589,0,0,0,0,0,0,0,0,0,18
1,1,63589,0,0,0,0,0,0,0,0,0,0
0,1,63590,0,0,0,0,0,0,0,0,0,0
1,1,63590,0,0,0,0,0,0,0,0,0,0
0,1,63591,0,0,0,0,0,0,0,0,0,7
1,1,63591,6,9,0,5,7,7,0,15,14,20
1,1,63592,0,0,0,0,0,0,0,0,0,0
0,1,63593,22,22,22,22,22,22,22,22,22,22
0,2,63593,22,27,43,39,22,6,19,21,17,17
1,1,63593,0,6,20,11,6,0,8,24,0,0
0,1,63594,0,0,0,0,0,0,0,0,0,0
1,1,63594,0,0,0,4,0,0,0,0,0,0
0,1,63595,0,0,0,0,0,0,0,0,0,0
1,1,63595,0,0,0,0,0,0,0,0,0,0
1,1,63596,10,10,10,10,10,10,10,10,10,10
1,1,63597,0,0,0,0,0,0,0,0,0,0
0,1,63598,0,0,0,0,0,0,0,0,0,0
0,2,63598,0,0,0,0,0,0,0,0,0,0
1,1,63598,18,18,18,18,18,18,18,18,18,18